Year,PMID,Title,Species,Genome_Build,Chromosome,Start,End,TF,Target_Gene,Type(Enhancer_or_SE),Regulatory_State(Active/Silenced),Condition(Disease/Normal),Disease_Name,MONDO,DOID,Tissue,Tissue Ontology_ID,Cell_Source,CVCL_ID,Cell_Type,Cell Ontology_ID,Experiment_Type,High_Throughput_Method,Low_Throughput_Method
2019,31431624,PAX8 activates metabolic genes via enhancer elements in Renal Cell Carcinoma,Homo sapiens,hg19,chr3,148898000,148901500,PAX8,CP,Enhancer,Active,Disease,Clear cell renal cell carcinoma,MONDO:0005368,DOID:4465,Kidney,UBERON:0002113,769p,CVCL_1050,Renal clear cell carcinoma cell,CL:0002677,Enhancer activity assay, TF binding assay, Chromatin interaction assay, Functional perturbation assay,ChIP-seq, RNA-seq, ATAC-seq, 3C-seq,ChIP-qPCR, CRISPR Knockout, CRISPRi, Luciferase Reporter Assay, qRT-PCR, Western blot
2019,31431624,PAX8 activates metabolic genes via enhancer elements in Renal Cell Carcinoma,Homo sapiens,hg19,chr3,148898000,148901500,PAX8,CP,Enhancer,Active,Disease,Clear cell renal cell carcinoma,MONDO:0005368,DOID:4465,Kidney,UBERON:0002113,786o,CVCL_1051,Renal clear cell carcinoma cell,CL:0002677,Enhancer activity assay, TF binding assay, Chromatin interaction assay, Functional perturbation assay,ChIP-seq, RNA-seq, ATAC-seq, 3C-seq,ChIP-qPCR, CRISPR Knockout, CRISPRi, Luciferase Reporter Assay, qRT-PCR, Western blot
2019,31431624,PAX8 activates metabolic genes via enhancer elements in Renal Cell Carcinoma,Homo sapiens,hg19,chr3,148898000,148901500,PAX8,CP,Enhancer,Active,Disease,Clear cell renal cell carcinoma,MONDO:0005368,DOID:4465,Kidney,UBERON:0002113,VMRC-RCW,CVCL_1790,Renal clear cell carcinoma cell,CL:0002677,Enhancer activity assay, TF binding assay, Chromatin interaction assay, Functional perturbation assay,ChIP-seq, RNA-seq, ATAC-seq, 3C-seq,ChIP-qPCR, CRISPR Knockout, CRISPRi, Luciferase Reporter Assay, qRT-PCR, Western blot
2019,31431624,PAX8 activates metabolic genes via enhancer elements in Renal Cell Carcinoma,Homo sapiens,hg19,chr3,148898000,148901500,PAX8,CP,Enhancer,Active,Disease,Clear cell renal cell carcinoma,MONDO:0005368,DOID:4465,Kidney,UBERON:0002113,CAKI-1,CVCL_0234,Renal clear cell carcinoma cell,CL:0002677,Enhancer activity assay, TF binding assay, Chromatin interaction assay, Functional perturbation assay,ChIP-seq, RNA-seq, ATAC-seq, 3C-seq,ChIP-qPCR, CRISPR Knockout, CRISPRi, Luciferase Reporter Assay, qRT-PCR, Western blot
2026,42024500,Transcription factor cooperativity at a GATA3 tandem DNA sequence determines oncogenic enhancer-mediated activation,Homo sapiens,hg19,chr1,47680000,47681000,GATA3,TAL1,Enhancer,Active,Disease,T-cell acute lymphoblastic leukemia,MONDO:0004947,DOID:0050890,Blood,UBERON:0000178,Jurkat T-ALL Cells,CVCL_0065,T lymphoblast,CL:0002419,Enhancer activity assay, TF binding assay, Chromatin interaction assay, Functional perturbation assay,ATAC-seq, ChIP-seq, RNA-seq,Luciferase Reporter Assay, CRISPR Knockout, ChIP-RT-qPCR, RT-RT-qPCR, 3C-seq
2026,42024500,Transcription factor cooperativity at a GATA3 tandem DNA sequence determines oncogenic enhancer-mediated activation,Homo sapiens,hg19,chr1,47680000,47681000,GATA3,TAL1,Enhancer,Active,Disease,T-cell acute lymphoblastic leukemia,MONDO:0004947,DOID:0050890,Blood,UBERON:0000178,MOLT4 Cells,CVCL_0013,T lymphoblast,CL:0002419,Enhancer activity assay, TF binding assay, Chromatin interaction assay, Functional perturbation assay,ATAC-seq, ChIP-seq, RNA-seq,Luciferase Reporter Assay, CRISPR Knockout, ChIP-RT-qPCR, RT-RT-qPCR, 3C-seq
2026,42024500,Transcription factor cooperativity at a GATA3 tandem DNA sequence determines oncogenic enhancer-mediated activation,Homo sapiens,hg19,chr1,47680000,47681000,GATA3,TAL1,Enhancer,Active,Disease,T-cell acute lymphoblastic leukemia,MONDO:0004947,DOID:0050890,Blood,UBERON:0000178,Jurkat T-ALL,CVCL_0065,Jurkat T-ALL,CL:0002419,Enhancer activity assay, TF binding assay, Chromatin interaction assay, Functional perturbation assay,ATAC-seq, ChIP-seq, RNA-seq,Luciferase Reporter Assay, CRISPR Knockout, ChIP-RT-qPCR, RT-RT-qPCR, 3C-seq
2026,42030388,MYC-bound enhancer RNAs in cis regulate gene transcription and tumorigenesis,Homo sapiens,hg19,chr2,116230440,116232740,MYC,GREB1,Enhancer,Active,Disease,Breast invasive carcinoma,MONDO:0006143,DOID:1612,Mammary gland,UBERON:0001911,MCF-7,CVCL_0031,Estrogen receptor positive breast cancer cell,CL:0000646,Luciferase reporter assay, loss-of-function ASO/shRNA knockdown, ChIP-qPCR, Pol II ChIA-PET chromatin interaction,eCLIP-seq, ChIP-seq, ATAC-seq, RNA-seq, GRO-seq, ChIA-PET, TCGA/CCLE multi-omics,qRT-PCR, dual-luciferase reporter, , RNA FISH super-resolution imaging, subcellular fractionation, xenograft in vivo tumor assay
2026,42030388,MYC-bound enhancer RNAs in cis regulate gene transcription and tumorigenesis,Homo sapiens,hg19,chr2,116230440,116232740,MYC,GREB1,Enhancer,Active,Disease,Breast invasive carcinoma,MONDO:0006143,DOID:1612,Mammary gland,UBERON:0001911,BT474,CVCL_0179,Estrogen receptor positive breast cancer cell,CL:0000646,Luciferase reporter assay, loss-of-function ASO/shRNA knockdown, ChIP-qPCR, Pol II ChIA-PET chromatin interaction,eCLIP-seq, ChIP-seq, ATAC-seq, RNA-seq, GRO-seq, ChIA-PET, TCGA/CCLE multi-omics,qRT-PCR, dual-luciferase reporter, , RNA FISH super-resolution imaging, subcellular fractionation, xenograft in vivo tumor assay
2026,42030388,MYC-bound enhancer RNAs in cis regulate gene transcription and tumorigenesis,Homo sapiens,hg19,chr2,116230440,116232740,P300,GREB1,Enhancer,Active,Disease,Breast invasive carcinoma,MONDO:0006143,DOID:1612,Mammary gland,UBERON:0001911,MCF-7,CVCL_0031,Estrogen receptor positive breast cancer cell,CL:0000646,Luciferase reporter assay, loss-of-function ASO/shRNA knockdown, ChIP-qPCR, Pol II ChIA-PET chromatin interaction,eCLIP-seq, ChIP-seq, ATAC-seq, RNA-seq, GRO-seq, ChIA-PET, TCGA/CCLE multi-omics,qRT-PCR, dual-luciferase reporter, , RNA FISH super-resolution imaging, subcellular fractionation, xenograft in vivo tumor assay
2026,42030388,MYC-bound enhancer RNAs in cis regulate gene transcription and tumorigenesis,Homo sapiens,hg19,chr2,116230440,116232740,P300,GREB1,Enhancer,Active,Disease,Breast invasive carcinoma,MONDO:0006143,DOID:1612,Mammary gland,UBERON:0001911,BT474,CVCL_0179,Estrogen receptor positive breast cancer cell,CL:0000646,Luciferase reporter assay, loss-of-function ASO/shRNA knockdown, ChIP-qPCR, Pol II ChIA-PET chromatin interaction,eCLIP-seq, ChIP-seq, ATAC-seq, RNA-seq, GRO-seq, ChIA-PET, TCGA/CCLE multi-omics,qRT-PCR, dual-luciferase reporter, , RNA FISH super-resolution imaging, subcellular fractionation, xenograft in vivo tumor assay
2026,42030388,MYC-bound enhancer RNAs in cis regulate gene transcription and tumorigenesis,Homo sapiens,hg19,chr2,116230440,116232740,BRD4,GREB1,Enhancer,Active,Disease,Breast invasive carcinoma,MONDO:0006143,DOID:1612,Mammary gland,UBERON:0001911,MCF-7,CVCL_0031,Estrogen receptor positive breast cancer cell,CL:0000646,Luciferase reporter assay, loss-of-function ASO/shRNA knockdown, ChIP-qPCR, Pol II ChIA-PET chromatin interaction,eCLIP-seq, ChIP-seq, ATAC-seq, RNA-seq, GRO-seq, ChIA-PET, TCGA/CCLE multi-omics,qRT-PCR, dual-luciferase reporter, , RNA FISH super-resolution imaging, subcellular fractionation, xenograft in vivo tumor assay
2026,42030388,MYC-bound enhancer RNAs in cis regulate gene transcription and tumorigenesis,Homo sapiens,hg19,chr2,116230440,116232740,BRD4,GREB1,Enhancer,Active,Disease,Breast invasive carcinoma,MONDO:0006143,DOID:1612,Mammary gland,UBERON:0001911,BT474,CVCL_0179,Estrogen receptor positive breast cancer cell,CL:0000646,Luciferase reporter assay, loss-of-function ASO/shRNA knockdown, ChIP-qPCR, Pol II ChIA-PET chromatin interaction,eCLIP-seq, ChIP-seq, ATAC-seq, RNA-seq, GRO-seq, ChIA-PET, TCGA/CCLE multi-omics,qRT-PCR, dual-luciferase reporter, , RNA FISH super-resolution imaging, subcellular fractionation, xenograft in vivo tumor assay
2019,31727856,Brain cell type-specific enhancer-promoter interactome maps and disease risk association,Homo sapiens,hg19,chr2,127082600,127082962,PU.1,BIN1,Enhancer,Active,Disease,Alzheimer's disease,MONDO:0004992,DOID:10652,Brain microglia,CL:0000129,hPSC-derived microglia,,Human pluripotent stem cell derived microglia,CL:0000129,CRISPR-Cas9 loss-of-function deletion, PLAC-seq chromatin interaction, ChIP-qPCR,ATAC-seq, H3K27ac ChIP-seq, H3K4me3 ChIP-seq, PLAC-seq, RNA-seq, LDSC GWAS heritability analysis,qRT-PCR, dual-luciferase reporter, , RNA FISH super-resolution imaging, subcellular fractionation, xenograft in vivo tumor assay
2019,31727856,Brain cell type-specific enhancer-promoter interactome maps and disease risk association,Homo sapiens,hg19,chr2,127082600,127082962,PU.1,BIN1,Enhancer,Active,Disease,Alzheimer's disease,MONDO:0004992,DOID:10652,Brain microglia,CL:0000129,hPSC-derived neuron,,Human pluripotent stem cell derived neuron,CL:0000540,CRISPR-Cas9 loss-of-function deletion, PLAC-seq chromatin interaction, ChIP-qPCR,ATAC-seq, H3K27ac ChIP-seq, H3K4me3 ChIP-seq, PLAC-seq, RNA-seq, LDSC GWAS heritability analysis,qRT-PCR, dual-luciferase reporter, , RNA FISH super-resolution imaging, subcellular fractionation, xenograft in vivo tumor assay
2019,31727856,Brain cell type-specific enhancer-promoter interactome maps and disease risk association,Homo sapiens,hg19,chr2,127082600,127082962,PU.1,BIN1,Enhancer,Active,Disease,Alzheimer's disease,MONDO:0004992,DOID:10652,Brain microglia,CL:0000129,hPSC-derived astrocyte,,Human pluripotent stem cell derived astrocyte,CL:0000127,CRISPR-Cas9 loss-of-function deletion, PLAC-seq chromatin interaction, ChIP-qPCR,ATAC-seq, H3K27ac ChIP-seq, H3K4me3 ChIP-seq, PLAC-seq, RNA-seq, LDSC GWAS heritability analysis,qRT-PCR, dual-luciferase reporter, , RNA FISH super-resolution imaging, subcellular fractionation, xenograft in vivo tumor assay
2025,39704037,RUNX2 Phase Separation Mediates Long-Range Regulation Between Osteoporosis-Susceptibility Variant and XCR1 to Promote Osteoblast Differentiation,Homo sapiens,hg38,chr3,46186503,46187707,RUNX2,XCR1,Enhancer,Active,Disease,Osteoporosis,MONDO:0005818,DOID:11488,Bone,UBERON:0001474,MG-63,CVCL_0426,Human osteosarcoma cell line,CL:0000082,Dual-luciferase reporter assay, CRISPR-Cas9 deletion loss-of-function, 3C chromatin capture, ChIP-qPCR,GWAS summary statistics, GTEx eQTL, MEME motif prediction,Dual-luciferase reporter, CRISPR knockout, 3C-qPCR, ChIP-qPCR, Sanger sequencing, RT-qPCR, Western blot, immunofluorescence DNA-FISH
2025,39704037,RUNX2 Phase Separation Mediates Long-Range Regulation Between Osteoporosis-Susceptibility Variant and XCR1 to Promote Osteoblast Differentiation,Homo sapiens,hg38,chr3,46186503,46187707,RUNX2,XCR1,Enhancer,Active,Disease,Osteoporosis,MONDO:0005818,DOID:11488,Bone,UBERON:0001474,MG-63,CVCL_0426,Human osteosarcoma cell line,CL:0000082,Dual-luciferase reporter assay, ChIP-qPCR,GWAS summary statistics, GTEx eQTL, MEME motif prediction,Dual-luciferase reporter, ChIP-qPCR, Sanger sequencing, RT-qPCR
2025,40729681,Enhancer heterogeneity in acute lymphoblastic leukemia drives differential gene expression,Homo sapiens,hg38,chr9,130812462,130813421,KMT2A::AFF1,GNAQ,Enhancer,Active,Disease,B-cell acute lymphoblastic leukemia,MONDO:0004945,DOID:0060412,Bone marrow,UBERON:0002371,SEM,CVCL_0095,B-ALL blast cell,CL:0000692,CRISPR-Cas9 deletion loss-of-function, Capture-C chromatin interaction, ChIP-qPCR,ATAC-seq, H3K27ac CUT&Tag, ChIP-seq, RNA-seq, Micro-Capture-C,WGS, RT-qPCR, CRISPR editing, cell transfection
2025,40729681,Enhancer heterogeneity in acute lymphoblastic leukemia drives differential gene expression,Homo sapiens,hg38,chr9,130812462,130813421,AFF1,GNAQ,Enhancer,Active,Disease,B-cell acute lymphoblastic leukemia,MONDO:0004945,DOID:0060412,Bone marrow,UBERON:0002371,SEM,CVCL_0095,B-ALL blast cell,CL:0000692,CRISPR-Cas9 deletion loss-of-function, Capture-C chromatin interaction, ChIP-qPCR,ATAC-seq, H3K27ac CUT&Tag, ChIP-seq, RNA-seq, Micro-Capture-C,WGS, RT-qPCR, CRISPR editing, cell transfection
2025,40729681,Enhancer heterogeneity in acute lymphoblastic leukemia drives differential gene expression,Homo sapiens,hg38,chr12,4900187,4901013,KMT2A::AFF1,ARID1B,Enhancer,Active,Disease,B-cell acute lymphoblastic leukemia,MONDO:0004945,DOID:0060412,Bone marrow,UBERON:0002371,RS4;11,CVCL_0093,B-ALL blast cell,CL:0000692,CRISPR-Cas9 deletion loss-of-function, Capture-C chromatin interaction, ChIP-qPCR,ATAC-seq, H3K27ac CUT&Tag, ChIP-seq, RNA-seq, Micro-Capture-C,WGS, RT-qPCR, CRISPR editing, cell transfection
2025,40729681,Enhancer heterogeneity in acute lymphoblastic leukemia drives differential gene expression,Homo sapiens,hg38,chr12,4900187,4901013,AFF1,ARID1B,Enhancer,Active,Disease,B-cell acute lymphoblastic leukemia,MONDO:0004945,DOID:0060412,Bone marrow,UBERON:0002371,RS4;11,CVCL_0093,B-ALL blast cell,CL:0000692,CRISPR-Cas9 deletion loss-of-function, Capture-C chromatin interaction, ChIP-qPCR,ATAC-seq, H3K27ac CUT&Tag, ChIP-seq, RNA-seq, Micro-Capture-C,WGS, RT-qPCR, CRISPR editing, cell transfection
2025,40729681,Enhancer heterogeneity in acute lymphoblastic leukemia drives differential gene expression,Homo sapiens,hg38,chr6,101482232,101483107,KMT2A::AFF1,MEIS1,Enhancer,Active,Disease,B-cell acute lymphoblastic leukemia,MONDO:0004945,DOID:0060412,Bone marrow,UBERON:0002371,Primary human KMT2A::AFF1 ALL blasts,,Primary leukemic blast cell,CL:0000692,Micro-Capture-C chromatin interaction + patient gene expression validation, ChIP-qPCR,scMultiome ATAC+RNA-seq, TOPmentation H3K27ac profiling, Micro-Capture-C, WGS,RT-qPCR, FACS cell sorting, patient primary cell culture
2025,40729681,Enhancer heterogeneity in acute lymphoblastic leukemia drives differential gene expression,Homo sapiens,hg38,chr6,101482232,101483107,AFF1,MEIS1,Enhancer,Active,Disease,B-cell acute lymphoblastic leukemia,MONDO:0004945,DOID:0060412,Bone marrow,UBERON:0002371,Primary human KMT2A::AFF1 ALL blasts,,Primary leukemic blast cell,CL:0000692,Micro-Capture-C chromatin interaction + patient gene expression validation, ChIP-qPCR,scMultiome ATAC+RNA-seq, TOPmentation H3K27ac profiling, Micro-Capture-C, WGS,RT-qPCR, FACS cell sorting, patient primary cell culture
2025,40729681,Enhancer heterogeneity in acute lymphoblastic leukemia drives differential gene expression,Homo sapiens,hg38,chr6,9087104,9087962,KMT2A::AFF1,RUNX2,Enhancer,Active,Disease,B-cell acute lymphoblastic leukemia,MONDO:0004945,DOID:0060412,Bone marrow,UBERON:0002371,Primary human KMT2A::AFF1 ALL blasts,,Primary leukemic blast cell,CL:0000692,Micro-Capture-C chromatin interaction + patient gene expression validation, ChIP-qPCR,scMultiome ATAC+RNA-seq, TOPmentation H3K27ac profiling, Micro-Capture-C, WGS,RT-qPCR, FACS cell sorting, patient primary cell culture
2025,40729681,Enhancer heterogeneity in acute lymphoblastic leukemia drives differential gene expression,Homo sapiens,hg38,chr6,9087104,9087962,AFF1,RUNX2,Enhancer,Active,Disease,B-cell acute lymphoblastic leukemia,MONDO:0004945,DOID:0060412,Bone marrow,UBERON:0002371,Primary human KMT2A::AFF1 ALL blasts,,Primary leukemic blast cell,CL:0000692,Micro-Capture-C chromatin interaction + patient gene expression validation, ChIP-qPCR,scMultiome ATAC+RNA-seq, TOPmentation H3K27ac profiling, Micro-Capture-C, WGS,RT-qPCR, FACS cell sorting, patient primary cell culture
2023,37832549,Genome-wide CRISPR activation screening in senescent cells reveals SOX5 as a driver and therapeutic target of rejuvenation,Homo sapiens,hg19,chr6,174249537,174250490,SOX5,HMGB2,Enhancer,Active,Disease,Cellular senescence,MONDO:0024530,DOID:0080000,Bone marrow,UBERON:0002371,WS hMPC,,Human mesenchymal precursor cell,CL:0000128,Luciferase reporter assay, ChIP-qPCR, Hi-C chromatin interaction validation,ATAC-seq, H3K27ac ChIP-seq, H3K4me1 ChIP-seq, SOX5 ChIP-seq, RNA-seq, Hi-C, single-cell multiome,dual-luciferase reporter detection, ChIP-qPCR, lentiviral overexpression, siRNA knockdown, CRISPRa perturbation, RT-qPCR, western blot
2023,37832549,Genome-wide CRISPR activation screening in senescent cells reveals SOX5 as a driver and therapeutic target of rejuvenation,Homo sapiens,hg19,chr6,174249537,174250490,SOX5,HMGB2,Enhancer,Active,Disease,Cellular senescence,MONDO:0024530,DOID:0080000,Bone marrow,UBERON:0002371,WT hMPC,,Human mesenchymal precursor cell,CL:0000128,Luciferase reporter assay, ChIP-qPCR, Hi-C chromatin interaction validation,ATAC-seq, H3K27ac ChIP-seq, H3K4me1 ChIP-seq, SOX5 ChIP-seq, RNA-seq, Hi-C, single-cell multiome,dual-luciferase reporter detection, ChIP-qPCR, lentiviral overexpression, siRNA knockdown, CRISPRa perturbation, RT-qPCR, western blot
2023,37832549,Genome-wide CRISPR activation screening in senescent cells reveals SOX5 as a driver and therapeutic target of rejuvenation,Homo sapiens,hg19,chr6,174249537,174250490,SOX5,HMGB2,Enhancer,Active,Disease,Osteoarthritis,MONDO:0001623,DOID:8398,Bone marrow,UBERON:0002371,WS hMPC,,Human mesenchymal precursor cell,CL:0000128,Luciferase reporter assay, ChIP-qPCR, Hi-C chromatin interaction validation,ATAC-seq, H3K27ac ChIP-seq, H3K4me1 ChIP-seq, SOX5 ChIP-seq, RNA-seq, Hi-C, single-cell multiome,dual-luciferase reporter detection, ChIP-qPCR, lentiviral overexpression, siRNA knockdown, CRISPRa perturbation, RT-qPCR, western blot
2023,37832549,Genome-wide CRISPR activation screening in senescent cells reveals SOX5 as a driver and therapeutic target of rejuvenation,Homo sapiens,hg19,chr6,174249537,174250490,SOX5,HMGB2,Enhancer,Active,Disease,Osteoarthritis,MONDO:0001623,DOID:8398,Bone marrow,UBERON:0002371,WT hMPC,,Human mesenchymal precursor cell,CL:0000128,Luciferase reporter assay, ChIP-qPCR, Hi-C chromatin interaction validation,ATAC-seq, H3K27ac ChIP-seq, H3K4me1 ChIP-seq, SOX5 ChIP-seq, RNA-seq, Hi-C, single-cell multiome,dual-luciferase reporter detection, ChIP-qPCR, lentiviral overexpression, siRNA knockdown, CRISPRa perturbation, RT-qPCR, western blot
2016,27708057,Systematic mapping of functional enhancer-promoter connections with CRISPR interference,Homo sapiens,hg19,chr8,209981000,209990000,,MYC,Enhancer,Active,Disease,Acute myeloid leukemia,MONDO:0018874,DOID:9119,Bone marrow,UBERON:0002371,K562,CVCL_0004,Human erythroleukemia cell line,CL:0009084,CRISPRi interference, clonal genomic deletion, Hi-C chromatin contact validation,DNase-seq, H3K27ac ChIP-seq, RNA-seq, Pol II ChIA-PET, Hi-C,RT-qPCR, clonal cell line generation, sgRNA lentiviral transduction, cell viability assay
2016,27708057,Systematic mapping of functional enhancer-promoter connections with CRISPR interference,Homo sapiens,hg19,chr8,209981000,209990000,,MYC,Enhancer,Active,Disease,Erythroleukemia,MONDO:0017898,DOID:0080146,Bone marrow,UBERON:0002371,K562,CVCL_0004,Human erythroleukemia cell line,CL:0009084,CRISPRi interference, clonal genomic deletion, Hi-C chromatin contact validation,DNase-seq, H3K27ac ChIP-seq, RNA-seq, Pol II ChIA-PET, Hi-C,RT-qPCR, clonal cell line generation, sgRNA lentiviral transduction, cell viability assay
2016,27708057,Systematic mapping of functional enhancer-promoter connections with CRISPR interference,Homo sapiens,hg19,chr8,210003000,210012000,,MYC,Enhancer,Active,Disease,Acute myeloid leukemia,MONDO:0018874,DOID:9119,Bone marrow,UBERON:0002371,K562,CVCL_0004,Human erythroleukemia cell line,CL:0009084,CRISPRi interference, clonal genomic deletion, Hi-C chromatin contact validation,DNase-seq, H3K27ac ChIP-seq, RNA-seq, Pol II ChIA-PET, Hi-C,RT-qPCR, clonal cell line generation, sgRNA lentiviral transduction, cell viability assay
2016,27708057,Systematic mapping of functional enhancer-promoter connections with CRISPR interference,Homo sapiens,hg19,chr8,210003000,210012000,,MYC,Enhancer,Active,Disease,Erythroleukemia,MONDO:0017898,DOID:0080146,Bone marrow,UBERON:0002371,K562,CVCL_0004,Human erythroleukemia cell line,CL:0009084,CRISPRi interference, clonal genomic deletion, Hi-C chromatin contact validation,DNase-seq, H3K27ac ChIP-seq, RNA-seq, Pol II ChIA-PET, Hi-C,RT-qPCR, clonal cell line generation, sgRNA lentiviral transduction, cell viability assay
2016,27708057,Systematic mapping of functional enhancer-promoter connections with CRISPR interference,Homo sapiens,hg19,chr8,210011000,210018000,,MYC,Enhancer,Active,Disease,Acute myeloid leukemia,MONDO:0018874,DOID:9119,Bone marrow,UBERON:0002371,K562,CVCL_0004,Human erythroleukemia cell line,CL:0009084,CRISPRi interference, Hi-C chromatin contact validation,DNase-seq, H3K27ac ChIP-seq, RNA-seq, Pol II ChIA-PET, Hi-C,RT-qPCR, sgRNA lentiviral transduction, cell viability assay
2016,27708057,Systematic mapping of functional enhancer-promoter connections with CRISPR interference,Homo sapiens,hg19,chr8,210011000,210018000,,MYC,Enhancer,Active,Disease,Erythroleukemia,MONDO:0017898,DOID:0080146,Bone marrow,UBERON:0002371,K562,CVCL_0004,Human erythroleukemia cell line,CL:0009084,CRISPRi interference, Hi-C chromatin contact validation,DNase-seq, H3K27ac ChIP-seq, RNA-seq, Pol II ChIA-PET, Hi-C,RT-qPCR, sgRNA lentiviral transduction, cell viability assay
2016,27708057,Systematic mapping of functional enhancer-promoter connections with CRISPR interference,Homo sapiens,hg19,chr8,210024000,210032000,,MYC,Enhancer,Active,Disease,Acute myeloid leukemia,MONDO:0018874,DOID:9119,Bone marrow,UBERON:0002371,K562,CVCL_0004,Human erythroleukemia cell line,CL:0009084,CRISPRi interference, Hi-C chromatin contact validation,DNase-seq, H3K27ac ChIP-seq, RNA-seq, Pol II ChIA-PET, Hi-C,RT-qPCR, sgRNA lentiviral transduction, cell viability assay
2016,27708057,Systematic mapping of functional enhancer-promoter connections with CRISPR interference,Homo sapiens,hg19,chr8,210024000,210032000,,MYC,Enhancer,Active,Disease,Erythroleukemia,MONDO:0017898,DOID:0080146,Bone marrow,UBERON:0002371,K562,CVCL_0004,Human erythroleukemia cell line,CL:0009084,CRISPRi interference, Hi-C chromatin contact validation,DNase-seq, H3K27ac ChIP-seq, RNA-seq, Pol II ChIA-PET, Hi-C,RT-qPCR, sgRNA lentiviral transduction, cell viability assay
2016,27708057,Systematic mapping of functional enhancer-promoter connections with CRISPR interference,Homo sapiens,hg19,chr8,210041000,210048000,,MYC,Enhancer,Active,Disease,Acute myeloid leukemia,MONDO:0018874,DOID:9119,Bone marrow,UBERON:0002371,K562,CVCL_0004,Human erythroleukemia cell line,CL:0009084,CRISPRi interference, Hi-C chromatin contact validation,DNase-seq, H3K27ac ChIP-seq, RNA-seq, Pol II ChIA-PET, Hi-C,RT-qPCR, sgRNA lentiviral transduction, cell viability assay
2016,27708057,Systematic mapping of functional enhancer-promoter connections with CRISPR interference,Homo sapiens,hg19,chr8,210041000,210048000,,MYC,Enhancer,Active,Disease,Erythroleukemia,MONDO:0017898,DOID:0080146,Bone marrow,UBERON:0002371,K562,CVCL_0004,Human erythroleukemia cell line,CL:0009084,CRISPRi interference, Hi-C chromatin contact validation,DNase-seq, H3K27ac ChIP-seq, RNA-seq, Pol II ChIA-PET, Hi-C,RT-qPCR, sgRNA lentiviral transduction, cell viability assay
2016,27708057,Systematic mapping of functional enhancer-promoter connections with CRISPR interference,Homo sapiens,hg19,chr8,210055000,210063000,,MYC,Enhancer,Active,Disease,Acute myeloid leukemia,MONDO:0018874,DOID:9119,Bone marrow,UBERON:0002371,K562,CVCL_0004,Human erythroleukemia cell line,CL:0009084,CRISPRi interference, Hi-C chromatin contact validation,DNase-seq, H3K27ac ChIP-seq, RNA-seq, Pol II ChIA-PET, Hi-C,RT-qPCR, sgRNA lentiviral transduction, cell viability assay
2016,27708057,Systematic mapping of functional enhancer-promoter connections with CRISPR interference,Homo sapiens,hg19,chr8,210055000,210063000,,MYC,Enhancer,Active,Disease,Erythroleukemia,MONDO:0017898,DOID:0080146,Bone marrow,UBERON:0002371,K562,CVCL_0004,Human erythroleukemia cell line,CL:0009084,CRISPRi interference, Hi-C chromatin contact validation,DNase-seq, H3K27ac ChIP-seq, RNA-seq, Pol II ChIA-PET, Hi-C,RT-qPCR, sgRNA lentiviral transduction, cell viability assay
2016,27708057,Systematic mapping of functional enhancer-promoter connections with CRISPR interference,Homo sapiens,hg19,chr8,210071000,210079000,,MYC,Enhancer,Active,Disease,Acute myeloid leukemia,MONDO:0018874,DOID:9119,Bone marrow,UBERON:0002371,K562,CVCL_0004,Human erythroleukemia cell line,CL:0009084,CRISPRi interference, clonal genomic deletion, Hi-C chromatin contact validation,DNase-seq, H3K27ac ChIP-seq, RNA-seq, Pol II ChIA-PET, Hi-C,RT-qPCR, clonal cell line generation, sgRNA lentiviral transduction, cell viability assay
2016,27708057,Systematic mapping of functional enhancer-promoter connections with CRISPR interference,Homo sapiens,hg19,chr8,210071000,210079000,,MYC,Enhancer,Active,Disease,Erythroleukemia,MONDO:0017898,DOID:0080146,Bone marrow,UBERON:0002371,K562,CVCL_0004,Human erythroleukemia cell line,CL:0009084,CRISPRi interference, clonal genomic deletion, Hi-C chromatin contact validation,DNase-seq, H3K27ac ChIP-seq, RNA-seq, Pol II ChIA-PET, Hi-C,RT-qPCR, clonal cell line generation, sgRNA lentiviral transduction, cell viability assay
2018,30545847,CRISPR-mediated activation of a promoter or enhancer rescues obesity caused by haploinsufficiency,Mus musculus,mm10,chr10,90723100,90723900,Sim1,,Enhancer,Active,Disease,Obesity due to Sim1 haploinsufficiency,MONDO:0012649,DOID:0060282,Hypothalamus,UBERON:0001898,Neuro-2a,CVCL_0470,Neuroblastoma cell,CL:0000031,CRISPRa gain-of-function, ChIP-qPCR, in vivo transgenic reporter validation,RNA-seq, ChIP-seq,dual-luciferase reporter assay, stereotaxic AAV injection, qRT-PCR, transgenic mouse line generation, body weight phenotyping
2018,30545847,CRISPR-mediated activation of a promoter or enhancer rescues obesity caused by haploinsufficiency,Mus musculus,mm10,chr10,90723100,90723900,Sim1,,Enhancer,Active,Disease,Obesity due to Sim1 haploinsufficiency,MONDO:0012649,DOID:0060282,Hypothalamus,UBERON:0001898,mouse primary hypothalamic neuron,,hypothalamic neuron,CL:0000641,CRISPRa gain-of-function, ChIP-qPCR, in vivo transgenic reporter validation,RNA-seq, ChIP-seq,dual-luciferase reporter assay, stereotaxic AAV injection, qRT-PCR, transgenic mouse line generation, body weight phenotyping
2024,39186674,CRISPR Screening of Transcribed Super-Enhancers Identifies Drivers of Triple-Negative Breast Cancer Progression,Homo sapiens,hg19,chr7,131323622,131334609,,PODXL,SE,Active,Disease,Triple-negative breast cancer,MONDO:0005228,DOID:0060081,Mammary gland,UBERON:0001911,MDA-MB-436,CVCL_0623,Triple-negative breast cancer cell line,CL:0009071,CRISPR-Cas9 knockout loss-of-function, dCas9-KRAB CRISPRi repression, Hi-C chromatin looping validation, CasRx eRNA knockdown,ChIP-seq(H3K27ac), GRO-seq, ATAC-seq, RNA-seq, Hi-C, scATAC-seq, scRNA-seq, TCGA bulk omics,qRT-PCR, transwell migration assay, crystal violet proliferation assay, mouse mammary fat pad xenograft, tail vein metastasis model, IHC staining
2024,39186674,CRISPR Screening of Transcribed Super-Enhancers Identifies Drivers of Triple-Negative Breast Cancer Progression,Homo sapiens,hg19,chr7,131323622,131334609,,PODXL,SE,Active,Disease,Triple-negative breast cancer,MONDO:0005228,DOID:0060081,Mammary gland,UBERON:0001911,MDA-MB-231,CVCL_0062,Triple-negative breast cancer cell line,CL:0009071,CRISPR-Cas9 knockout loss-of-function, dCas9-KRAB CRISPRi repression, Hi-C chromatin looping validation, CasRx eRNA knockdown,ChIP-seq(H3K27ac), GRO-seq, ATAC-seq, RNA-seq, Hi-C, scATAC-seq, scRNA-seq, TCGA bulk omics,qRT-PCR, transwell migration assay, crystal violet proliferation assay, mouse mammary fat pad xenograft, tail vein metastasis model, IHC staining
2024,39186674,CRISPR Screening of Transcribed Super-Enhancers Identifies Drivers of Triple-Negative Breast Cancer Progression,Homo sapiens,hg19,chr7,131323622,131334609,,PODXL,SE,Active,Disease,Triple-negative breast cancer,MONDO:0005228,DOID:0060081,Mammary gland,UBERON:0001911,MDA-MB-468,CVCL_0419,Triple-negative breast cancer cell line,CL:0009071,CRISPR-Cas9 knockout loss-of-function, dCas9-KRAB CRISPRi repression, Hi-C chromatin looping validation, CasRx eRNA knockdown,ChIP-seq(H3K27ac), GRO-seq, ATAC-seq, RNA-seq, Hi-C, scATAC-seq, scRNA-seq, TCGA bulk omics,qRT-PCR, transwell migration assay, crystal violet proliferation assay, mouse mammary fat pad xenograft, tail vein metastasis model, IHC staining
2024,39186674,CRISPR Screening of Transcribed Super-Enhancers Identifies Drivers of Triple-Negative Breast Cancer Progression,Homo sapiens,hg19,chr2,106412871,106423516,,RSAD2,SE,Active,Disease,Triple-negative breast cancer,MONDO:0005228,DOID:0060081,Mammary gland,UBERON:0001911,MDA-MB-436,CVCL_0623,Triple-negative breast cancer cell line,CL:0009071,CRISPR-Cas9 knockout loss-of-function, dCas9-KRAB CRISPRi repression, Hi-C chromatin looping validation, CasRx eRNA knockdown,ChIP-seq(H3K27ac), GRO-seq, ATAC-seq, RNA-seq, Hi-C,qRT-PCR, colony formation assay, cell proliferation assay
2024,39186674,CRISPR Screening of Transcribed Super-Enhancers Identifies Drivers of Triple-Negative Breast Cancer Progression,Homo sapiens,hg19,chr2,106412871,106423516,,CMPK2,SE,Active,Disease,Triple-negative breast cancer,MONDO:0005228,DOID:0060081,Mammary gland,UBERON:0001911,MDA-MB-436,CVCL_0623,Triple-negative breast cancer cell line,CL:0009071,CRISPR-Cas9 knockout loss-of-function, dCas9-KRAB CRISPRi repression, Hi-C chromatin looping validation, CasRx eRNA knockdown,ChIP-seq(H3K27ac), GRO-seq, ATAC-seq, RNA-seq, Hi-C,qRT-PCR, colony formation assay, cell proliferation assay
2025,40830415,Systematic decoding of functional enhancer connectomes and risk variants in human glioma,Homo sapiens,hg38,chr20,63680793,63682109,MEIS1,SOX18,Enhancer,Active,Disease,Glioblastoma multiforme,MONDO:0001628,DOID:3088,Brain,UBERON:0000955,U251,CVCL_0021,glioma cell line,CL:0000917,CRISPR-Cas9 full locus knockout, dCas9-KRAB CRISPRi, dual-luciferase reporter assay, 3C-qPCR, ChIP-qPCR, SNP base editing,HiChIP, H3K27ac ChIP-seq, RNA-seq, scATAC-seq, GWAS variant mapping,qRT-PCR, colony formation assay, glioma stem sphere assay, mouse intracranial xenograft, site-directed mutagenesis
2025,40830415,Systematic decoding of functional enhancer connectomes and risk variants in human glioma,Homo sapiens,hg38,chr20,63680793,63682109,MEIS1,SOX18,Enhancer,Active,Disease,Glioblastoma multiforme,MONDO:0001628,DOID:3088,Brain,UBERON:0000955,LN229,CVCL_0393,glioma cell line,CL:0000917,CRISPR-Cas9 full locus knockout, dCas9-KRAB CRISPRi, dual-luciferase reporter assay, 3C-qPCR, ChIP-qPCR, SNP base editing,HiChIP, H3K27ac ChIP-seq, RNA-seq, scATAC-seq, GWAS variant mapping,qRT-PCR, colony formation assay, glioma stem sphere assay, mouse intracranial xenograft, site-directed mutagenesis
2025,40830415,Systematic decoding of functional enhancer connectomes and risk variants in human glioma,Homo sapiens,hg38,chr20,63680793,63682109,MEIS1,SOX18,Enhancer,Active,Disease,Glioblastoma multiforme,MONDO:0001628,DOID:3088,Brain,UBERON:0000955,U87,CVCL_0022,glioma cell line,CL:0000917,CRISPR-Cas9 full locus knockout, dCas9-KRAB CRISPRi, dual-luciferase reporter assay, 3C-qPCR, ChIP-qPCR, SNP base editing,HiChIP, H3K27ac ChIP-seq, RNA-seq, scATAC-seq, GWAS variant mapping,qRT-PCR, colony formation assay, glioma stem sphere assay, mouse intracranial xenograft, site-directed mutagenesis
2025,40830415,Systematic decoding of functional enhancer connectomes and risk variants in human glioma,Homo sapiens,hg38,chr8,12738300,12744200,,MYC,Enhancer,Active,Disease,Glioblastoma multiforme,MONDO:0001628,DOID:3088,Brain,UBERON:0000955,U251,CVCL_0021,glioma cell line,CL:0000917,dCas9-KRAB CRISPRi, HiChIP chromatin looping validation, 3C-qPCR,H3K27ac ChIP-seq, RNA-seq, pooled CRISPRi screening,qRT-PCR, cell proliferation MTT assay
2025,40830415,Systematic decoding of functional enhancer connectomes and risk variants in human glioma,Homo sapiens,hg38,chr17,5958900,5960100,,VMP1,Enhancer,Active,Disease,Glioblastoma multiforme,MONDO:0001628,DOID:3088,Brain,UBERON:0000955,U251,CVCL_0021,glioma cell line,CL:0000917,dCas9-KRAB CRISPRi, HiChIP chromatin looping validation, 3C-qPCR,H3K27ac ChIP-seq, RNA-seq, pooled CRISPRi screening,qRT-PCR, cell proliferation MTT assay
2025,40830415,Systematic decoding of functional enhancer connectomes and risk variants in human glioma,Homo sapiens,hg38,chr2,18910338,18911438,,LAPTM4A,Enhancer,Active,Disease,Glioblastoma multiforme,MONDO:0001628,DOID:3088,Brain,UBERON:0000955,U251,CVCL_0021,glioma cell line,CL:0000917,dCas9-KRAB CRISPRi, HiChIP chromatin looping validation,H3K27ac ChIP-seq, RNA-seq, pooled CRISPRi screening,qRT-PCR, cell proliferation MTT assay
2025,40830415,Systematic decoding of functional enhancer connectomes and risk variants in human glioma,Homo sapiens,hg38,chr2,18910338,18911438,,SDC1,Enhancer,Active,Disease,Glioblastoma multiforme,MONDO:0001628,DOID:3088,Brain,UBERON:0000955,U251,CVCL_0021,glioma cell line,CL:0000917,dCas9-KRAB CRISPRi, HiChIP chromatin looping validation,H3K27ac ChIP-seq, RNA-seq, pooled CRISPRi screening,qRT-PCR, cell proliferation MTT assay
2025,40830415,Systematic decoding of functional enhancer connectomes and risk variants in human glioma,Homo sapiens,hg38,chr2,18910338,18911438,,PUM2,Enhancer,Active,Disease,Glioblastoma multiforme,MONDO:0001628,DOID:3088,Brain,UBERON:0000955,U251,CVCL_0021,glioma cell line,CL:0000917,dCas9-KRAB CRISPRi, HiChIP chromatin looping validation,H3K27ac ChIP-seq, RNA-seq, pooled CRISPRi screening,qRT-PCR, cell proliferation MTT assay
2025,40830415,Systematic decoding of functional enhancer connectomes and risk variants in human glioma,Homo sapiens,hg38,chr2,18910338,18911438,,RHOB,Enhancer,Active,Disease,Glioblastoma multiforme,MONDO:0001628,DOID:3088,Brain,UBERON:0000955,U251,CVCL_0021,glioma cell line,CL:0000917,dCas9-KRAB CRISPRi, HiChIP chromatin looping validation,H3K27ac ChIP-seq, RNA-seq, pooled CRISPRi screening,qRT-PCR, cell proliferation MTT assay
2025,40854986,Characterization of cis-regulatory elements and functional variants in colorectal cancer using epigenomics and CRISPRi screenings,Homo sapiens,hg19,chr13,73958961,73960160,FOXP1,PIBF1,Enhancer,Active,Disease,Colorectal adenocarcinoma,MONDO:0003420,DOID:9256,Colon,UBERON:0001155,HCT116,CVCL_0291,colorectal carcinoma cell line,CL:0001071,Dual-luciferase reporter assay, CRISPR-Cas9 base editing, CRISPRi silencing, 3C chromatin capture, ChIP-qPCR,ATAC-seq, H3K27ac ChIP-seq, Hi-C, RNA-seq, ABC model prediction, GWAS summary statistics,qRT-PCR, EMSA supershift assay, DNase I footprinting, cell proliferation assay, colony formation assay, mouse xenograft tumor assay
2025,40854986,Characterization of cis-regulatory elements and functional variants in colorectal cancer using epigenomics and CRISPRi screenings,Homo sapiens,hg19,chr13,73958961,73960160,FOXP1,PIBF1,Enhancer,Active,Disease,Colorectal adenocarcinoma,MONDO:0003420,DOID:9256,Colon,UBERON:0001155,SW480,CVCL_0546,colorectal carcinoma cell line,CL:0001071,Dual-luciferase reporter assay, CRISPR-Cas9 base editing, CRISPRi silencing, 3C chromatin capture, ChIP-qPCR,ATAC-seq, H3K27ac ChIP-seq, Hi-C, RNA-seq, ABC model prediction, GWAS summary statistics,qRT-PCR, EMSA supershift assay, DNase I footprinting, cell proliferation assay, colony formation assay, mouse xenograft tumor assay
2025,40854986,Characterization of cis-regulatory elements and functional variants in colorectal cancer using epigenomics and CRISPRi screenings,Homo sapiens,hg19,chr13,73958961,73960160,TCF7L2,PIBF1,Enhancer,Active,Disease,Colorectal adenocarcinoma,MONDO:0003420,DOID:9256,Colon,UBERON:0001155,HCT116,CVCL_0291,colorectal carcinoma cell line,CL:0001071,Dual-luciferase reporter assay, CRISPR-Cas9 base editing, CRISPRi silencing, 3C chromatin capture, ChIP-qPCR,ATAC-seq, H3K27ac ChIP-seq, Hi-C, RNA-seq, ABC model prediction, GWAS summary statistics,qRT-PCR, EMSA supershift assay, DNase I footprinting, cell proliferation assay, colony formation assay, mouse xenograft tumor assay
2025,40854986,Characterization of cis-regulatory elements and functional variants in colorectal cancer using epigenomics and CRISPRi screenings,Homo sapiens,hg19,chr13,73958961,73960160,TCF7L2,PIBF1,Enhancer,Active,Disease,Colorectal adenocarcinoma,MONDO:0003420,DOID:9256,Colon,UBERON:0001155,SW480,CVCL_0546,colorectal carcinoma cell line,CL:0001071,Dual-luciferase reporter assay, CRISPR-Cas9 base editing, CRISPRi silencing, 3C chromatin capture, ChIP-qPCR,ATAC-seq, H3K27ac ChIP-seq, Hi-C, RNA-seq, ABC model prediction, GWAS summary statistics,qRT-PCR, EMSA supershift assay, DNase I footprinting, cell proliferation assay, colony formation assay, mouse xenograft tumor assay
2025,40854986,Characterization of cis-regulatory elements and functional variants in colorectal cancer using epigenomics and CRISPRi screenings,Homo sapiens,hg19,chr13,73958961,73960160,FOXP1,KLF5,Enhancer,Silenced,Disease,Colorectal adenocarcinoma,MONDO:0003420,DOID:9256,Colon,UBERON:0001155,HCT116,CVCL_0291,colorectal carcinoma cell line,CL:0001071,Dual-luciferase reporter assay, CRISPR-Cas9 base editing, CRISPRi silencing, 3C chromatin capture, ChIP-qPCR,ATAC-seq, H3K27ac ChIP-seq, Hi-C, RNA-seq, ABC model prediction, GWAS summary statistics,qRT-PCR, EMSA supershift assay, DNase I footprinting, cell proliferation assay, colony formation assay, mouse xenograft tumor assay
2025,40854986,Characterization of cis-regulatory elements and functional variants in colorectal cancer using epigenomics and CRISPRi screenings,Homo sapiens,hg19,chr13,73958961,73960160,FOXP1,KLF5,Enhancer,Silenced,Disease,Colorectal adenocarcinoma,MONDO:0003420,DOID:9256,Colon,UBERON:0001155,SW480,CVCL_0546,colorectal carcinoma cell line,CL:0001071,Dual-luciferase reporter assay, CRISPR-Cas9 base editing, CRISPRi silencing, 3C chromatin capture, ChIP-qPCR,ATAC-seq, H3K27ac ChIP-seq, Hi-C, RNA-seq, ABC model prediction, GWAS summary statistics,qRT-PCR, EMSA supershift assay, DNase I footprinting, cell proliferation assay, colony formation assay, mouse xenograft tumor assay
2025,40854986,Characterization of cis-regulatory elements and functional variants in colorectal cancer using epigenomics and CRISPRi screenings,Homo sapiens,hg19,chr13,73958961,73960160,TCF7L2,KLF5,Enhancer,Active,Disease,Colorectal adenocarcinoma,MONDO:0003420,DOID:9256,Colon,UBERON:0001155,HCT116,CVCL_0291,colorectal carcinoma cell line,CL:0001071,Dual-luciferase reporter assay, CRISPR-Cas9 base editing, CRISPRi silencing, 3C chromatin capture, ChIP-qPCR,ATAC-seq, H3K27ac ChIP-seq, Hi-C, RNA-seq, ABC model prediction, GWAS summary statistics,qRT-PCR, EMSA supershift assay, DNase I footprinting, cell proliferation assay, colony formation assay, mouse xenograft tumor assay
2025,40854986,Characterization of cis-regulatory elements and functional variants in colorectal cancer using epigenomics and CRISPRi screenings,Homo sapiens,hg19,chr13,73958961,73960160,TCF7L2,KLF5,Enhancer,Active,Disease,Colorectal adenocarcinoma,MONDO:0003420,DOID:9256,Colon,UBERON:0001155,SW480,CVCL_0546,colorectal carcinoma cell line,CL:0001071,Dual-luciferase reporter assay, CRISPR-Cas9 base editing, CRISPRi silencing, 3C chromatin capture, ChIP-qPCR,ATAC-seq, H3K27ac ChIP-seq, Hi-C, RNA-seq, ABC model prediction, GWAS summary statistics,qRT-PCR, EMSA supershift assay, DNase I footprinting, cell proliferation assay, colony formation assay, mouse xenograft tumor assay
2026,41355963,Super-enhancer-driven core transcription factor FOXP1 delays endothelial cell senescence via phase separation-mediated SESN3 activation,Homo sapiens,hg19,chr3,70961242,70974816,FOXP1,FOXP1,SE,Active,Disease,Vascular aging,,,Umbilical vein,UBERON:0002066,HUVEC,CVCL_2959,human umbilical vein endothelial cell,CL:0002615,dCas9-KRAB CRISPRi loss-of-function, dual-luciferase reporter assay,CUT&Tag(H3K27ac/H3K4me1/H3K4me3), ATAC-seq, RNA-seq,dual-luciferase reporter detection, CRISPRi lentiviral transduction, RT-qPCR, Western blot, immunofluorescence staining
2026,41355963,Super-enhancer-driven core transcription factor FOXP1 delays endothelial cell senescence via phase separation-mediated SESN3 activation,Homo sapiens,hg19,chr3,70961242,70974816,FOXP1,FOXP1,SE,Active,Disease,Vascular aging,,,Embryonic kidney,UBERON:0002113,HEK293T,CVCL_0063,human embryonic kidney cell,CL:0002139,dCas9-KRAB CRISPRi loss-of-function, dual-luciferase reporter assay,CUT&Tag(H3K27ac/H3K4me1/H3K4me3), ATAC-seq, RNA-seq,dual-luciferase reporter detection, CRISPRi lentiviral transduction, RT-qPCR, Western blot, immunofluorescence staining
2026,41355963,Super-enhancer-driven core transcription factor FOXP1 delays endothelial cell senescence via phase separation-mediated SESN3 activation,Homo sapiens,hg19,chr3,70961242,70974816,FOXP1,FOXP1,SE,Active,Disease,Atherosclerosis,MONDO:0005147,DOID:1936,Umbilical vein,UBERON:0002066,HUVEC,CVCL_2959,human umbilical vein endothelial cell,CL:0002615,dCas9-KRAB CRISPRi loss-of-function, dual-luciferase reporter assay,CUT&Tag(H3K27ac/H3K4me1/H3K4me3), ATAC-seq, RNA-seq,dual-luciferase reporter detection, CRISPRi lentiviral transduction, RT-qPCR, Western blot, immunofluorescence staining
2026,41355963,Super-enhancer-driven core transcription factor FOXP1 delays endothelial cell senescence via phase separation-mediated SESN3 activation,Homo sapiens,hg19,chr3,70961242,70974816,FOXP1,FOXP1,SE,Active,Disease,Atherosclerosis,MONDO:0005147,DOID:1936,Embryonic kidney,UBERON:0002113,HEK293T,CVCL_0063,human embryonic kidney cell,CL:0002139,dCas9-KRAB CRISPRi loss-of-function, dual-luciferase reporter assay,CUT&Tag(H3K27ac/H3K4me1/H3K4me3), ATAC-seq, RNA-seq,dual-luciferase reporter detection, CRISPRi lentiviral transduction, RT-qPCR, Western blot, immunofluorescence staining
2025,40830415,Systematic decoding of functional enhancer connectomes and risk variants in human glioma,Homo sapiens,hg38,chr20,63680793,63682109,MEIS1,SOX18,Enhancer,Active,Disease,Glioblastoma multiforme,MONDO:0001628,DOID:3088,Brain,UBERON:0000955,U251,CVCL_0021,glioma cell line,CL:0000917,Dual-luciferase reporter assay, CRISPR-Cas9 full locus knockout, CRISPR base editing, 3C-qPCR, ChIP-qPCR, dCas9-KRAB CRISPRi,H3K27ac HiChIP, H3K27ac ChIP-seq, ATAC-seq, RNA-seq, pooled CRISPRi screening, GWAS variant analysis,qRT-PCR, cell proliferation MTT assay, colony formation assay, glioma sphere formation assay, mouse intracranial xenograft, Sanger sequencing
2025,40830415,Systematic decoding of functional enhancer connectomes and risk variants in human glioma,Homo sapiens,hg38,chr20,63680793,63682109,MEIS1,SOX18,Enhancer,Active,Disease,Glioblastoma multiforme,MONDO:0001628,DOID:3088,Brain,UBERON:0000955,LN229,CVCL_0393,glioma cell line,CL:0000917,Dual-luciferase reporter assay, CRISPR-Cas9 full locus knockout, CRISPR base editing, 3C-qPCR, ChIP-qPCR, dCas9-KRAB CRISPRi,H3K27ac HiChIP, H3K27ac ChIP-seq, ATAC-seq, RNA-seq, pooled CRISPRi screening, GWAS variant analysis,qRT-PCR, cell proliferation MTT assay, colony formation assay, glioma sphere formation assay, mouse intracranial xenograft, Sanger sequencing
2025,40830415,Systematic decoding of functional enhancer connectomes and risk variants in human glioma,Homo sapiens,hg38,chr20,63680793,63682109,MEIS1,RTEL1,Enhancer,Active,Disease,Glioblastoma multiforme,MONDO:0001628,DOID:3088,Brain,UBERON:0000955,U251,CVCL_0021,glioma cell line,CL:0000917,Dual-luciferase reporter assay, CRISPR-Cas9 full locus knockout, 3C-qPCR, ChIP-qPCR, dCas9-KRAB CRISPRi,H3K27ac HiChIP, H3K27ac ChIP-seq, ATAC-seq, RNA-seq, pooled CRISPRi screening,qRT-PCR, cell proliferation MTT assay, colony formation assay
2025,40830415,Systematic decoding of functional enhancer connectomes and risk variants in human glioma,Homo sapiens,hg38,chr20,63680793,63682109,MEIS1,RTEL1,Enhancer,Active,Disease,Glioblastoma multiforme,MONDO:0001628,DOID:3088,Brain,UBERON:0000955,LN229,CVCL_0393,glioma cell line,CL:0000917,Dual-luciferase reporter assay, CRISPR-Cas9 full locus knockout, 3C-qPCR, ChIP-qPCR, dCas9-KRAB CRISPRi,H3K27ac HiChIP, H3K27ac ChIP-seq, ATAC-seq, RNA-seq, pooled CRISPRi screening,qRT-PCR, cell proliferation MTT assay, colony formation assay
2025,40830415,Systematic decoding of functional enhancer connectomes and risk variants in human glioma,Homo sapiens,hg38,chr8,12738300,12744200,,MYC,Enhancer,Active,Disease,Glioblastoma multiforme,MONDO:0001628,DOID:3088,Brain,UBERON:0000955,U251,CVCL_0021,glioma cell line,CL:0000917,dCas9-KRAB CRISPRi, HiChIP chromatin looping validation, 3C-qPCR,H3K27ac HiChIP, H3K27ac ChIP-seq, ATAC-seq, RNA-seq, pooled CRISPRi screening,qRT-PCR, MTT cell proliferation assay
2025,40830415,Systematic decoding of functional enhancer connectomes and risk variants in human glioma,Homo sapiens,hg38,chr17,5958900,5960100,,VMP1,Enhancer,Active,Disease,Glioblastoma multiforme,MONDO:0001628,DOID:3088,Brain,UBERON:0000955,U251,CVCL_0021,glioma cell line,CL:0000917,dCas9-KRAB CRISPRi, HiChIP chromatin looping validation, 3C-qPCR,H3K27ac HiChIP, H3K27ac ChIP-seq, ATAC-seq, RNA-seq, pooled CRISPRi screening,qRT-PCR, MTT cell proliferation assay
2025,40830415,Systematic decoding of functional enhancer connectomes and risk variants in human glioma,Homo sapiens,hg38,chr2,18910338,18911438,,LAPTM4A,Enhancer,Active,Disease,Glioblastoma multiforme,MONDO:0001628,DOID:3088,Brain,UBERON:0000955,U251,CVCL_0021,glioma cell line,CL:0000917,dCas9-KRAB CRISPRi, HiChIP chromatin looping validation,H3K27ac HiChIP, H3K27ac ChIP-seq, ATAC-seq, RNA-seq, pooled CRISPRi screening,qRT-PCR, MTT cell proliferation assay
2025,40830415,Systematic decoding of functional enhancer connectomes and risk variants in human glioma,Homo sapiens,hg38,chr2,18910338,18911438,,SDC1,Enhancer,Active,Disease,Glioblastoma multiforme,MONDO:0001628,DOID:3088,Brain,UBERON:0000955,U251,CVCL_0021,glioma cell line,CL:0000917,dCas9-KRAB CRISPRi, HiChIP chromatin looping validation,H3K27ac HiChIP, H3K27ac ChIP-seq, ATAC-seq, RNA-seq, pooled CRISPRi screening,qRT-PCR, MTT cell proliferation assay
2025,40830415,Systematic decoding of functional enhancer connectomes and risk variants in human glioma,Homo sapiens,hg38,chr2,18910338,18911438,,PUM2,Enhancer,Active,Disease,Glioblastoma multiforme,MONDO:0001628,DOID:3088,Brain,UBERON:0000955,U251,CVCL_0021,glioma cell line,CL:0000917,dCas9-KRAB CRISPRi, HiChIP chromatin looping validation,H3K27ac HiChIP, H3K27ac ChIP-seq, ATAC-seq, RNA-seq, pooled CRISPRi screening,qRT-PCR, MTT cell proliferation assay
2025,40830415,Systematic decoding of functional enhancer connectomes and risk variants in human glioma,Homo sapiens,hg38,chr2,18910338,18911438,,RHOB,Enhancer,Active,Disease,Glioblastoma multiforme,MONDO:0001628,DOID:3088,Brain,UBERON:0000955,U251,CVCL_0021,glioma cell line,CL:0000917,dCas9-KRAB CRISPRi, HiChIP chromatin looping validation,H3K27ac HiChIP, H3K27ac ChIP-seq, ATAC-seq, RNA-seq, pooled CRISPRi screening,qRT-PCR, MTT cell proliferation assay
2025,41120733,Enhancer activation from transposable elements in extrachromosomal DNA,Homo sapiens,hg19,chr3,111274001,111275000,,MYC,Enhancer,Active,Disease,Colorectal adenocarcinoma,MONDO:0003420,DOID:9256,Colon,UBERON:0001155,COLO320DM,CVCL_0219,colorectal carcinoma cell line,CL:0001071,Dual-luciferase reporter assay, dCas9-KRAB CRISPRi loss-of-function, Hi-C chromatin contact mapping, ORCA single-cell chromatin imaging,H3K27ac ChIP-seq, ATAC-seq, Nanopore long-read WGS, RNA-seq, pooled CRISPRi screening,NanoLuc dual luciferase detection, CRISPR-CATCH PFGE isolation, RT-qPCR, RNA-FISH, cell proliferation MTT assay
2025,41120733,Enhancer activation from transposable elements in extrachromosomal DNA,Homo sapiens,hg19,chr3,111274001,111275000,,MYC,Enhancer,Active,Disease,Colorectal adenocarcinoma,MONDO:0003420,DOID:9256,Colon,UBERON:0001155,COLO320HSR,CVCL_0221,colorectal carcinoma cell line,CL:0001071,Dual-luciferase reporter assay, dCas9-KRAB CRISPRi loss-of-function, Hi-C chromatin contact mapping, ORCA single-cell chromatin imaging,H3K27ac ChIP-seq, ATAC-seq, Nanopore long-read WGS, RNA-seq, pooled CRISPRi screening,NanoLuc dual luciferase detection, CRISPR-CATCH PFGE isolation, RT-qPCR, RNA-FISH, cell proliferation MTT assay
2021,34040254,Enhancer release and retargeting activates disease-susceptibility genes,Homo sapiens,hg19,chr13,73096200,73097010,,TERT,Enhancer,Active,Disease,Melanoma,MONDO:0005105,DOID:1909,Skin,UBERON:0000014,HEK293T,CVCL_0063,human embryonic kidney cell,CL:0002139,CRISPRi promoter inhibition, CRISPR-Cas9 SNP knock-in, 4C-seq chromatin looping,H3K27ac ChIP-seq, whole-genome cancer mutation data,RT-qPCR, ChIP-qPCR for CTCF binding
2021,34040254,Enhancer release and retargeting activates disease-susceptibility genes,Homo sapiens,hg19,chr13,73096200,73097010,,TERT,Enhancer,Active,Disease,Lung adenocarcinoma,MONDO:0005032,DOID:3905,Lung,UBERON:0002048,HEK293T,CVCL_0063,human embryonic kidney cell,CL:0002139,CRISPRi promoter inhibition, CRISPR-Cas9 SNP knock-in, 4C-seq chromatin looping,H3K27ac ChIP-seq, whole-genome cancer mutation data,RT-qPCR, ChIP-qPCR for CTCF binding
2021,34040254,Enhancer release and retargeting activates disease-susceptibility genes,Homo sapiens,hg19,chr19,19942100,19942880,,PAX5,Enhancer,Active,Disease,B-cell non-Hodgkin lymphoma,MONDO:0018907,DOID:0050140,Bone marrow,UBERON:0002371,MCF-7,CVCL_0031,breast epithelial cell,CL:0001070,CRISPRi ZCCHC7 promoter silencing, Hi-C chromatin contact validation,ATAC-seq, cancer WGS datasets,RT-qPCR gene expression quantification
2021,34040254,Enhancer release and retargeting activates disease-susceptibility genes,Homo sapiens,hg19,chr8,128745000,128752600,,MYC,Enhancer,Active,Disease,Cancer,MONDO:0005084,DOID:162,Epithelium,UBERON:0000483,MCF-7,CVCL_0031,breast epithelial cell,CL:0001070,CRISPRi PVT promoter repression, Hi-C chromatin mapping,H3K27ac ChIP-seq, GTEx eQTL data,RT-qPCR oncogene expression measurement
2021,34040254,Enhancer release and retargeting activates disease-susceptibility genes,Homo sapiens,hg19,chr1,205814100,205814900,,RAB7L1,Enhancer,Active,Disease,Parkinson's disease,MONDO:0004773,DOID:1432,Brain,UBERON:0000955,iPSC-derived NPC,,neural progenitor cell,CL:0000060,dCas9-KRAB enhancer silencing, allele-specific 4C-seq, ChIP-qPCR CTCF binding,scRNA-seq, H3K27ac ChIP-seq, GTEx eQTL profiling,RT-qPCR allelic expression assay
2024,39294132,Multiplex single-cell CRISPRa screening for cell type specific regulatory elements,Homo sapiens,hg38,chr12,88624101,88624740,,ANXA1,Enhancer,Active,Disease,Chronic myelogenous leukemia,MONDO:0004990,DOID:8552,Bone marrow,UBERON:0002371,K562,CVCL_0004,erythroleukemia cell,CL:0001054,CRISPRa gain-of-function perturbation, single-cell RNA-seq functional validation,scRNA-seq, ATAC-seq, H3K27ac CUT&RUN, pooled CRISPR screening,bulk RNA-seq singleton validation, lentiviral gRNA transduction, RT-qPCR
2024,39294132,Multiplex single-cell CRISPRa screening for cell type specific regulatory elements,Homo sapiens,hg38,chr12,43108222,43108860,,ASIC1,Enhancer,Active,Disease,Chronic myelogenous leukemia,MONDO:0004990,DOID:8552,Bone marrow,UBERON:0002371,K562,CVCL_0004,erythroleukemia cell,CL:0001054,CRISPRa gain-of-function perturbation, single-cell RNA-seq functional validation,scRNA-seq, ATAC-seq, H3K27ac CUT&RUN, pooled CRISPR screening,bulk RNA-seq singleton validation, lentiviral gRNA transduction, RT-qPCR
2024,39294132,Multiplex single-cell CRISPRa screening for cell type specific regulatory elements,Homo sapiens,hg38,chr12,64791312,64791930,,HMGA1,Enhancer,Active,Disease,Neurodevelopmental disorder,MONDO:0007186,,Brain,UBERON:0000955,WTC11 iPSC-neuron,,excitatory iPSC-derived neuron,CL:0002358,CRISPRa gain-of-function perturbation, single-cell RNA-seq validation,scRNA-seq, neuronal ATAC-seq, H3K27ac CUT&RUN, pooled CRISPR screening,bulk RNA-seq singleton validation, iPSC differentiation, lentiviral transduction, RT-qPCR
2024,39294132,Multiplex single-cell CRISPRa screening for cell type specific regulatory elements,Homo sapiens,hg38,chr12,64791312,64791930,,HMGA1,Enhancer,Active,Disease,Chronic myelogenous leukemia,MONDO:0004990,DOID:8552,Bone marrow,UBERON:0002371,K562,CVCL_0004,erythroleukemia cell,CL:0001054,CRISPRa gain-of-function perturbation, single-cell RNA-seq validation,scRNA-seq, neuronal ATAC-seq, H3K27ac CUT&RUN, pooled CRISPR screening,bulk RNA-seq singleton validation, iPSC differentiation, lentiviral transduction, RT-qPCR
2025,40830415,Systematic decoding of functional enhancer connectomes and risk variants in human glioma,Homo sapiens,hg38,chr20,63680793,63682109,MEIS1,SOX18,Enhancer,Active,Disease,Glioblastoma multiforme,MONDO:0001628,DOID:3088,Brain,UBERON:0000955,U251,CVCL_0021,glioma cell line,CL:0000917,CRISPR-Cas9 full locus knockout, CRISPR base editing, dual-luciferase reporter assay, 3C-qPCR, HiChIP, ChIP-qPCR,H3K27ac HiChIP, H3K27ac ChIP-seq, RNA-seq, pooled CRISPRi screening,RT-qPCR, MTT proliferation assay, colony formation assay, glioma sphere formation assay, intracranial mouse xenograft, Sanger sequencing
2025,40830415,Systematic decoding of functional enhancer connectomes and risk variants in human glioma,Homo sapiens,hg38,chr20,63680793,63682109,MEIS1,SOX18,Enhancer,Active,Disease,Glioblastoma multiforme,MONDO:0001628,DOID:3088,Brain,UBERON:0000955,LN229,CVCL_0393,glioma cell line,CL:0000917,CRISPR-Cas9 full locus knockout, CRISPR base editing, dual-luciferase reporter assay, 3C-qPCR, HiChIP, ChIP-qPCR,H3K27ac HiChIP, H3K27ac ChIP-seq, RNA-seq, pooled CRISPRi screening,RT-qPCR, MTT proliferation assay, colony formation assay, glioma sphere formation assay, intracranial mouse xenograft, Sanger sequencing
2025,40830415,Systematic decoding of functional enhancer connectomes and risk variants in human glioma,Homo sapiens,hg38,chr20,63680793,63682109,MEIS1,RTEL1,Enhancer,Active,Disease,Glioblastoma multiforme,MONDO:0001628,DOID:3088,Brain,UBERON:0000955,U251,CVCL_0021,glioma cell line,CL:0000917,CRISPR-Cas9 full locus knockout, 3C-qPCR, HiChIP, ChIP-qPCR,H3K27ac HiChIP, H3K27ac ChIP-seq, RNA-seq, pooled CRISPRi screening,RT-qPCR, MTT proliferation assay
2025,40830415,Systematic decoding of functional enhancer connectomes and risk variants in human glioma,Homo sapiens,hg38,chr20,63680793,63682109,MEIS1,RTEL1,Enhancer,Active,Disease,Glioblastoma multiforme,MONDO:0001628,DOID:3088,Brain,UBERON:0000955,LN229,CVCL_0393,glioma cell line,CL:0000917,CRISPR-Cas9 full locus knockout, 3C-qPCR, HiChIP, ChIP-qPCR,H3K27ac HiChIP, H3K27ac ChIP-seq, RNA-seq, pooled CRISPRi screening,RT-qPCR, MTT proliferation assay
2025,40830415,Systematic decoding of functional enhancer connectomes and risk variants in human glioma,Homo sapiens,hg38,chr8,12738300,12744200,,MYC,Enhancer,Active,Disease,Glioblastoma multiforme,MONDO:0001628,DOID:3088,Brain,UBERON:0000955,U251,CVCL_0021,glioma cell line,CL:0000917,dCas9-KRAB CRISPRi, HiChIP chromatin looping validation, 3C-qPCR,H3K27ac HiChIP, H3K27ac ChIP-seq, RNA-seq, pooled CRISPRi screening,RT-qPCR, MTT cell proliferation assay
2025,40830415,Systematic decoding of functional enhancer connectomes and risk variants in human glioma,Homo sapiens,hg38,chr17,5958900,5960100,,VMP1,Enhancer,Active,Disease,Glioblastoma multiforme,MONDO:0001628,DOID:3088,Brain,UBERON:0000955,U251,CVCL_0021,glioma cell line,CL:0000917,dCas9-KRAB CRISPRi, HiChIP chromatin looping validation, 3C-qPCR,H3K27ac HiChIP, H3K27ac ChIP-seq, RNA-seq, pooled CRISPRi screening,RT-qPCR, MTT cell proliferation assay
2025,40830415,Systematic decoding of functional enhancer connectomes and risk variants in human glioma,Homo sapiens,hg38,chr2,18910338,18911438,,LAPTM4A,Enhancer,Active,Disease,Glioblastoma multiforme,MONDO:0001628,DOID:3088,Brain,UBERON:0000955,U251,CVCL_0021,glioma cell line,CL:0000917,dCas9-KRAB CRISPRi, HiChIP chromatin looping validation,H3K27ac HiChIP, H3K27ac ChIP-seq, RNA-seq, pooled CRISPRi screening,RT-qPCR, MTT cell proliferation assay
2025,40830415,Systematic decoding of functional enhancer connectomes and risk variants in human glioma,Homo sapiens,hg38,chr2,18910338,18911438,,SDC1,Enhancer,Active,Disease,Glioblastoma multiforme,MONDO:0001628,DOID:3088,Brain,UBERON:0000955,U251,CVCL_0021,glioma cell line,CL:0000917,dCas9-KRAB CRISPRi, HiChIP chromatin looping validation,H3K27ac HiChIP, H3K27ac ChIP-seq, RNA-seq, pooled CRISPRi screening,RT-qPCR, MTT cell proliferation assay
2025,40830415,Systematic decoding of functional enhancer connectomes and risk variants in human glioma,Homo sapiens,hg38,chr2,18910338,18911438,,PUM2,Enhancer,Active,Disease,Glioblastoma multiforme,MONDO:0001628,DOID:3088,Brain,UBERON:0000955,U251,CVCL_0021,glioma cell line,CL:0000917,dCas9-KRAB CRISPRi, HiChIP chromatin looping validation,H3K27ac HiChIP, H3K27ac ChIP-seq, RNA-seq, pooled CRISPRi screening,RT-qPCR, MTT cell proliferation assay
2025,40830415,Systematic decoding of functional enhancer connectomes and risk variants in human glioma,Homo sapiens,hg38,chr2,18910338,18911438,,RHOB,Enhancer,Active,Disease,Glioblastoma multiforme,MONDO:0001628,DOID:3088,Brain,UBERON:0000955,U251,CVCL_0021,glioma cell line,CL:0000917,dCas9-KRAB CRISPRi, HiChIP chromatin looping validation,H3K27ac HiChIP, H3K27ac ChIP-seq, RNA-seq, pooled CRISPRi screening,RT-qPCR, MTT cell proliferation assay
2026,41355963,Super-enhancer-driven core transcription factor FOXP1 delays endothelial cell senescence via phase separation-mediated SESN3 activation,Homo sapiens,hg19,chr3,70961242,70974816,FOXP1,FOXP1,SE,Active,Disease,Vascular aging,MONDO:0024530,DOID:0080000,Umbilical vein,UBERON:0002066,HUVEC,CVCL_2959,human umbilical vein endothelial cell,CL:0002615,dCas9-KRAB CRISPRi loss-of-function, dual-luciferase reporter assay,CUT&Tag(H3K27ac/H3K4me1/H3K4me3), ATAC-seq, RNA-seq,dual-luciferase reporter detection, CRISPRi lentiviral transduction, RT-qPCR, Western blot, immunofluorescence staining
2026,41355963,Super-enhancer-driven core transcription factor FOXP1 delays endothelial cell senescence via phase separation-mediated SESN3 activation,Homo sapiens,hg19,chr3,70961242,70974816,FOXP1,FOXP1,SE,Active,Disease,Vascular aging,MONDO:0024530,DOID:0080000,Embryonic kidney,UBERON:0002113,HEK293T,CVCL_0063,human embryonic kidney cell,CL:0002139,dCas9-KRAB CRISPRi loss-of-function, dual-luciferase reporter assay,CUT&Tag(H3K27ac/H3K4me1/H3K4me3), ATAC-seq, RNA-seq,dual-luciferase reporter detection, CRISPRi lentiviral transduction, RT-qPCR, Western blot, immunofluorescence staining
2026,41355963,Super-enhancer-driven core transcription factor FOXP1 delays endothelial cell senescence via phase separation-mediated SESN3 activation,Homo sapiens,hg19,chr3,70961242,70974816,FOXP1,SESN3,SE,Active,Disease,Vascular aging,MONDO:0024530,DOID:0080000,Umbilical vein,UBERON:0002066,HUVEC,CVCL_2959,human umbilical vein endothelial cell,CL:0002615,dCas9-KRAB CRISPRi loss-of-function, dual-luciferase reporter assay, CUT&Tag-qPCR,CUT&Tag(H3K27ac/H3K4me1/H3K4me3), ATAC-seq, RNA-seq,dual-luciferase reporter detection, CRISPRi lentiviral transduction, RT-qPCR, Western blot, immunofluorescence staining, DNA-FISH
2026,41355963,Super-enhancer-driven core transcription factor FOXP1 delays endothelial cell senescence via phase separation-mediated SESN3 activation,Homo sapiens,hg19,chr3,70961242,70974816,FOXP1,SESN3,SE,Active,Disease,Vascular aging,MONDO:0024530,DOID:0080000,Embryonic kidney,UBERON:0002113,HEK293T,CVCL_0063,human embryonic kidney cell,CL:0002139,dCas9-KRAB CRISPRi loss-of-function, dual-luciferase reporter assay, CUT&Tag-qPCR,CUT&Tag(H3K27ac/H3K4me1/H3K4me3), ATAC-seq, RNA-seq,dual-luciferase reporter detection, CRISPRi lentiviral transduction, RT-qPCR, Western blot, immunofluorescence staining, DNA-FISH
2026,41355963,Super-enhancer-driven core transcription factor FOXP1 delays endothelial cell senescence via phase separation-mediated SESN3 activation,Homo sapiens,hg19,chr3,70961242,70974816,FOXP1,SESN3,SE,Active,Disease,Atherosclerosis,MONDO:0005147,DOID:1936,Umbilical vein,UBERON:0002066,HUVEC,CVCL_2959,human umbilical vein endothelial cell,CL:0002615,dCas9-KRAB CRISPRi loss-of-function, dual-luciferase reporter assay, CUT&Tag-qPCR,CUT&Tag(H3K27ac/H3K4me1/H3K4me3), ATAC-seq, RNA-seq,dual-luciferase reporter detection, CRISPRi lentiviral transduction, RT-qPCR, Western blot, immunofluorescence staining, DNA-FISH
2026,41355963,Super-enhancer-driven core transcription factor FOXP1 delays endothelial cell senescence via phase separation-mediated SESN3 activation,Homo sapiens,hg19,chr3,70961242,70974816,FOXP1,SESN3,SE,Active,Disease,Atherosclerosis,MONDO:0005147,DOID:1936,Embryonic kidney,UBERON:0002113,HEK293T,CVCL_0063,human embryonic kidney cell,CL:0002139,dCas9-KRAB CRISPRi loss-of-function, dual-luciferase reporter assay, CUT&Tag-qPCR,CUT&Tag(H3K27ac/H3K4me1/H3K4me3), ATAC-seq, RNA-seq,dual-luciferase reporter detection, CRISPRi lentiviral transduction, RT-qPCR, Western blot, immunofluorescence staining, DNA-FISH
2024,39312195,Selective Enhancer Gain of Function Deregulates MYC Expression in Multiple Myeloma,Homo sapiens,hg38,chr8,128900000,128900620,IRF4,MYC,Enhancer,Active,Disease,Multiple myeloma,MONDO:0009696,DOID:9538,Bone marrow,UBERON:0002371,ANBL6,CVCL_5425,multiple myeloma cell line,CL:0007783,dCas9-KRAB CRISPRi, CRISPR-Cas9 binding site knockout, dual-luciferase reporter assay, Micro-C chromatin contact validation,H3K27ac ChIP-seq, ATAC-seq, WGS, RNA-seq, pooled CRISPRi tiling screen,qRT-PCR, sgRNA lentiviral transduction, dual-luciferase quantification, clonal cell culture
2024,39312195,Selective Enhancer Gain of Function Deregulates MYC Expression in Multiple Myeloma,Homo sapiens,hg38,chr8,128900000,128900620,MAF,MYC,Enhancer,Active,Disease,Multiple myeloma,MONDO:0009696,DOID:9538,Bone marrow,UBERON:0002371,ANBL6,CVCL_5425,multiple myeloma cell line,CL:0007783,dCas9-KRAB CRISPRi, CRISPR-Cas9 binding site knockout, dual-luciferase reporter assay, Micro-C chromatin contact validation,H3K27ac ChIP-seq, ATAC-seq, WGS, RNA-seq, pooled CRISPRi tiling screen,qRT-PCR, sgRNA lentiviral transduction, dual-luciferase quantification, clonal cell culture
2024,39312195,Selective Enhancer Gain of Function Deregulates MYC Expression in Multiple Myeloma,Homo sapiens,hg38,chr8,12890650,12891240,,MYC,Enhancer,Active,Disease,Multiple myeloma,MONDO:0009696,DOID:9538,Bone marrow,UBERON:0002371,ANBL6,CVCL_5425,multiple myeloma cell line,CL:0007783,dCas9-KRAB CRISPRi, Micro-C chromatin contact validation,H3K27ac ChIP-seq, ATAC-seq, WGS, RNA-seq, pooled CRISPRi tiling screen,qRT-PCR, sgRNA lentiviral transduction
2024,39312195,Selective Enhancer Gain of Function Deregulates MYC Expression in Multiple Myeloma,Homo sapiens,hg38,chr8,12891280,12891910,,MYC,Enhancer,Active,Disease,Multiple myeloma,MONDO:0009696,DOID:9538,Bone marrow,UBERON:0002371,ANBL6,CVCL_5425,multiple myeloma cell line,CL:0007783,dCas9-KRAB CRISPRi, Micro-C chromatin contact validation,H3K27ac ChIP-seq, ATAC-seq, WGS, RNA-seq, pooled CRISPRi tiling screen,qRT-PCR, sgRNA lentiviral transduction
2024,39312195,Selective Enhancer Gain of Function Deregulates MYC Expression in Multiple Myeloma,Homo sapiens,hg38,chr8,12891950,12892610,IRF4,MYC,Enhancer,Active,Disease,Multiple myeloma,MONDO:0009696,DOID:9538,Bone marrow,UBERON:0002371,ANBL6,CVCL_5425,multiple myeloma cell line,CL:0007783,dCas9-KRAB CRISPRi, CRISPR-Cas9 binding site knockout, dual-luciferase reporter assay, Micro-C chromatin contact validation,H3K27ac ChIP-seq, ATAC-seq, WGS, RNA-seq, pooled CRISPRi tiling screen,qRT-PCR, sgRNA lentiviral transduction, dual-luciferase quantification
2024,39312195,Selective Enhancer Gain of Function Deregulates MYC Expression in Multiple Myeloma,Homo sapiens,hg38,chr8,12891950,12892610,MAF,MYC,Enhancer,Active,Disease,Multiple myeloma,MONDO:0009696,DOID:9538,Bone marrow,UBERON:0002371,ANBL6,CVCL_5425,multiple myeloma cell line,CL:0007783,dCas9-KRAB CRISPRi, CRISPR-Cas9 binding site knockout, dual-luciferase reporter assay, Micro-C chromatin contact validation,H3K27ac ChIP-seq, ATAC-seq, WGS, RNA-seq, pooled CRISPRi tiling screen,qRT-PCR, sgRNA lentiviral transduction, dual-luciferase quantification
2024,39312195,Selective Enhancer Gain of Function Deregulates MYC Expression in Multiple Myeloma,Homo sapiens,hg38,chr8,12891950,12892610,SPIB,MYC,Enhancer,Active,Disease,Multiple myeloma,MONDO:0009696,DOID:9538,Bone marrow,UBERON:0002371,ANBL6,CVCL_5425,multiple myeloma cell line,CL:0007783,dCas9-KRAB CRISPRi, CRISPR-Cas9 binding site knockout, dual-luciferase reporter assay, Micro-C chromatin contact validation,H3K27ac ChIP-seq, ATAC-seq, WGS, RNA-seq, pooled CRISPRi tiling screen,qRT-PCR, sgRNA lentiviral quantification
2020,32188707,Noncoding Variants Connect Enhancer Dysregulation with Nuclear Receptor Signaling in Hematopoietic Malignancies,Homo sapiens,hg19,chr12,25538405,25539356,PPARG,KRAS,Enhancer,Active,Disease,acute myeloid leukemia,MONDO:0018874,DOID:9119,Bone Marrow,UBERON:0002371,AML cell line,,myeloid leukemia cell,CL:0001054,Enhancer activity assay, TF binding assay, Chromatin interaction assay, Functional perturbation assay,ChIP-seq, Hi-C, RNA-seq, ATAC-seq,Luciferase Reporter Assay, CRISPR Knockout, CRISPRi, CRISPRa, ChIP-RT-qPCR, RT-RT-qPCR, Western blot
2020,32188707,Noncoding Variants Connect Enhancer Dysregulation with Nuclear Receptor Signaling in Hematopoietic Malignancies,Homo sapiens,hg19,chr12,25538405,25539356,PPARG,KRAS,Enhancer,Active,Disease,acute myeloid leukemia,MONDO:0018874,DOID:9119,Bone Marrow,UBERON:0002371,CD34+ HSPCs,,CD34-positive hematopoietic stem cell,CL:0001029,Enhancer activity assay, TF binding assay, Chromatin interaction assay, Functional perturbation assay,ChIP-seq, Hi-C, RNA-seq, ATAC-seq,Luciferase Reporter Assay, CRISPR Knockout, CRISPRi, CRISPRa, ChIP-RT-qPCR, RT-RT-qPCR, Western blot
2020,32188707,Noncoding Variants Connect Enhancer Dysregulation with Nuclear Receptor Signaling in Hematopoietic Malignancies,Homo sapiens,hg19,chr12,25538405,25539356,PPARG,KRAS,Enhancer,Active,Disease,acute myeloid leukemia,MONDO:0018874,DOID:9119,Bone Marrow,UBERON:0002371,Primary AML cells,,primary acute myeloid leukemia cell,CL:0001054,Enhancer activity assay, TF binding assay, Chromatin interaction assay, Functional perturbation assay,ChIP-seq, Hi-C, RNA-seq, ATAC-seq,Luciferase Reporter Assay, CRISPR Knockout, CRISPRi, CRISPRa, ChIP-RT-qPCR, RT-RT-qPCR, Western blot
2020,32188707,Noncoding Variants Connect Enhancer Dysregulation with Nuclear Receptor Signaling in Hematopoietic Malignancies,Homo sapiens,hg19,chr2,23820300,23821251,PPARG,PER2,Enhancer,Active,Disease,acute myeloid leukemia,MONDO:0018874,DOID:9119,Bone Marrow,UBERON:0002371,AML cell line,,myeloid leukemia cell,CL:0001054,Enhancer activity assay, TF binding assay, Chromatin interaction assay, Functional perturbation assay,ChIP-seq, Hi-C, RNA-seq, ATAC-seq,Luciferase Reporter Assay, CRISPR Knockout, CRISPRi, CRISPRa, ChIP-RT-qPCR, RT-RT-qPCR, Western blot
2020,32188707,Noncoding Variants Connect Enhancer Dysregulation with Nuclear Receptor Signaling in Hematopoietic Malignancies,Homo sapiens,hg19,chr2,23820300,23821251,PPARG,PER2,Enhancer,Active,Disease,acute myeloid leukemia,MONDO:0018874,DOID:9119,Bone Marrow,UBERON:0002371,CD34+ HSPCs,,CD34-positive hematopoietic stem cell,CL:0001029,Enhancer activity assay, TF binding assay, Chromatin interaction assay, Functional perturbation assay,ChIP-seq, Hi-C, RNA-seq, ATAC-seq,Luciferase Reporter Assay, CRISPR Knockout, CRISPRi, CRISPRa, ChIP-RT-qPCR, RT-RT-qPCR, Western blot
2020,32188707,Noncoding Variants Connect Enhancer Dysregulation with Nuclear Receptor Signaling in Hematopoietic Malignancies,Homo sapiens,hg19,chr2,23820300,23821251,PPARG,PER2,Enhancer,Active,Disease,acute myeloid leukemia,MONDO:0018874,DOID:9119,Bone Marrow,UBERON:0002371,Primary AML cells,,primary acute myeloid leukemia cell,CL:0001054,Enhancer activity assay, TF binding assay, Chromatin interaction assay, Functional perturbation assay,ChIP-seq, Hi-C, RNA-seq, ATAC-seq,Luciferase Reporter Assay, CRISPR Knockout, CRISPRi, CRISPRa, ChIP-RT-qPCR, RT-RT-qPCR, Western blot
2022,34605909,Functional annotation and investigation of the 10q2433 melanoma risk locus identifies a common variant that influences transcriptional regulation of OBFC1,Homo sapiens,hg19,chr10,105668100,105669000,MEOX2,OBFC1,Enhancer,Active,Disease,skin melanoma,MONDO:0005105,DOID:1909,Skin,UBERON:0000014,A375,CVCL_0132,melanoma cell,CL:0002573,Enhancer activity assay, Chromatin interaction assay, Functional perturbation assay, TF binding assay,ChIP-seq, RNA-seq,Luciferase Reporter Assay, 3C, CRISPR Knockout, RT-RT-qPCR, Western blot, ChIP-RT-qPCR
2022,34605909,Functional annotation and investigation of the 10q2433 melanoma risk locus identifies a common variant that influences transcriptional regulation of OBFC1,Homo sapiens,hg19,chr10,105668100,105669000,MEOX2,OBFC1,Enhancer,Active,Disease,skin melanoma,MONDO:0005105,DOID:1909,Skin,UBERON:0000014,CJM,CVCL_8663,melanoma cell,CL:0002573,Enhancer activity assay, Chromatin interaction assay, Functional perturbation assay, TF binding assay,ChIP-seq, RNA-seq,Luciferase Reporter Assay, 3C, CRISPR Knockout, RT-RT-qPCR, Western blot, ChIP-RT-qPCR
2022,34605909,Functional annotation and investigation of the 10q2433 melanoma risk locus identifies a common variant that influences transcriptional regulation of OBFC1,Homo sapiens,hg19,chr10,105668100,105669000,MEOX2,OBFC1,Enhancer,Active,Disease,skin melanoma,MONDO:0005105,DOID:1909,Skin,UBERON:0000014,UACC1816,,melanoma cell,CL:0002573,Enhancer activity assay, Chromatin interaction assay, Functional perturbation assay, TF binding assay,ChIP-seq, RNA-seq,Luciferase Reporter Assay, 3C, CRISPR Knockout, RT-RT-qPCR, Western blot, ChIP-RT-qPCR
2022,34605909,Functional annotation and investigation of the 10q2433 melanoma risk locus identifies a common variant that influences transcriptional regulation of OBFC1,Homo sapiens,hg19,chr10,105668100,105669000,MEOX2,OBFC1,Enhancer,Active,Disease,esophageal squamous cell carcinoma,MONDO:0005082,DOID:3748,Esophagus,UBERON:0001043,KYSE140,CVCL_1347,esophageal squamous cell carcinoma cell,CL:0000069,Enhancer activity assay, Chromatin interaction assay, Functional perturbation assay, TF binding assay,ChIP-seq, RNA-seq,Luciferase Reporter Assay, 3C, CRISPR Knockout, RT-RT-qPCR, Western blot, ChIP-RT-qPCR
2021,34880227,A predominant enhancer co-amplified with the SOX2 oncogene is necessary and sufficient for its expression in squamous cancer,Homo sapiens,hg19,chr3,181624870,181626200,SOX2,SOX2,Enhancer,Active,Disease,breast carcinoma,MONDO:0006120,DOID:1612,Breast,UBERON:0000310,MDA-MB-231,CVCL_0062,breast carcinoma cell,CL:0000066,Enhancer activity assay, Functional perturbation assay,ATAC-seq, ChIP-seq, RNA-seq, Hi-C,CRISPRi, Luciferase Reporter Assay, RT-RT-qPCR, ChIP-RT-qPCR
2021,34040254,Enhancer release and retargeting activates disease-susceptibility genes,Homo sapiens,hg19,chr20,50027744,50030383,,SNAI1,Enhancer,Active,Disease,glioblastoma,MONDO:0005142,DOID:3070,Brain,UBERON:0000955,U-87 MG,CVCL_0022,glioblastoma cell,CL:0000127,Enhancer activity assay, Functional perturbation assay,ChIP-seq, RNA-seq, 3C-seq,CRISPRi, Luciferase Reporter Assay
2021,34153138,A Functional Variant on 9p213 Related to Glioma Risk Affects Enhancer Activity and Modulates Expression of CDKN2B-AS1,Homo sapiens,hg19,chr9,22102683,22103683,,CDKN2B-AS1,Enhancer,Active,Disease,glioblastoma,MONDO:0005142,DOID:3070,Brain,UBERON:0000955,U-118 MG,CVCL_0633,glioblastoma cell,CL:0000127,Enhancer activity assay, Chromatin interaction assay, Functional perturbation assay,ChIP-seq, RNA-seq, Hi-C,Luciferase Reporter Assay, CRISPR Knockout, RT-RT-qPCR
2021,34153138,A Functional Variant on 9p213 Related to Glioma Risk Affects Enhancer Activity and Modulates Expression of CDKN2B-AS1,Homo sapiens,hg19,chr9,22102683,22103683,,CDKN2B-AS1,Enhancer,Active,Disease,cervical cancer,MONDO:0001156,DOID:2871,Cervical Epithelium,UBERON:0000002,HeLa,CVCL_0030,cervical adenocarcinoma cell,CL:0000069,Enhancer activity assay, Chromatin interaction assay, Functional perturbation assay,ChIP-seq, RNA-seq, Hi-C,Luciferase Reporter Assay, CRISPR Knockout, RT-RT-qPCR
2023,36869052,An autoimmune pleiotropic SNP modulates IRF5 alternative promoter usage through ZBTB3-mediated chromatin looping,Homo sapiens,hg19,chr7,128573036,128573717,ZBTB3,IRF5,Enhancer,Active,Disease,prostate cancer,MONDO:0008315,DOID:10283,Prostate,UBERON:0002367,Human prostate carcinoma cell,,prostate carcinoma cell,CL:0000066,Enhancer activity assay, Chromatin interaction assay, Functional perturbation assay, TF binding assay,ChIP-seq, RNA-seq, 3C-seq, ATAC-seq,Luciferase Reporter Assay, 3C assay, 4C assay, CRISPR Knockout, CRISPRi, CRISPRa, RT-RT-qPCR, Western blot, EMSA, ChIP-RT-qPCR
2021,34911936,Androgen receptor and MYC equilibration centralizes on developmental super-enhancer,Homo sapiens,hg19,chr8,128750000,129000000,AR,MYC,Enhancer,Active,Disease,breast carcinoma,MONDO:0006120,DOID:1612,Breast,UBERON:0000310,MCF7,CVCL_0031,breast carcinoma cell,CL:0000066,Enhancer activity assay, TF binding assay, Chromatin interaction assay, Functional perturbation assay,ChIP-seq, RNA-seq, HiChIP, 4C-seq, ATAC-seq,CRISPR knockout, RT-RT-qPCR, 3C-ddPCR, Western blot
2016,26776159,A p53-bound enhancer region controls a long intergenic noncoding RNA required for p53 stress response,Homo sapiens,hg19,chr9,94700500,94701500,TP53,LINC00475,Enhancer,Active,Disease,skin melanoma,MONDO:0005105,DOID:1909,Skin,UBERON:0000014,MALME-3M,CVCL_1438,melanoma cell,CL:0002573,Enhancer activity assay, TF binding assay, Chromatin interaction assay, Functional perturbation assay,ChIP-seq, GRO-seq, RNA-seq, 4C-seq,Luciferase reporter assay, ChIP-RT-qPCR, RT-RT-qPCR, CRISPR knockout, Western blot, Flow cytometry, Immunofluorescence, Northern blot
2016,26776159,A p53-bound enhancer region controls a long intergenic noncoding RNA required for p53 stress response,Homo sapiens,hg19,chr9,94700500,94701500,TP53,LOC100128076,Enhancer,Active,Disease,breast carcinoma,MONDO:0006120,DOID:1612,Breast,UBERON:0000310,ZR-75-1,CVCL_0588,breast carcinoma cell,CL:0000066,Enhancer activity assay, TF binding assay, Chromatin interaction assay, Functional perturbation assay,ChIP-seq, GRO-seq, RNA-seq, 4C-seq,Luciferase reporter assay, ChIP-RT-qPCR, RT-RT-qPCR, CRISPR knockout, Western blot, Flow cytometry, Immunofluorescence, Northern blot
2016,26776159,A p53-bound enhancer region controls a long intergenic noncoding RNA required for p53 stress response,Homo sapiens,hg19,chr9,94700500,94701500,TP53,,Enhancer,Active,Disease,breast carcinoma,MONDO:0006120,DOID:1612,Breast,UBERON:0000310,T-47D,CVCL_0553,breast carcinoma cell,CL:0000066,Enhancer activity assay, TF binding assay, Chromatin interaction assay, Functional perturbation assay,ChIP-seq, GRO-seq, RNA-seq, 4C-seq,Luciferase reporter assay, ChIP-RT-qPCR, RT-RT-qPCR, CRISPR knockout, Western blot, Flow cytometry, Immunofluorescence, Northern blot
2016,26776159,A p53-bound enhancer region controls a long intergenic noncoding RNA required for p53 stress response,Homo sapiens,hg19,chr9,94700500,94701500,TP53,,Enhancer,Active,Disease,tongue squamous cell carcinoma,MONDO:0005084,DOID:8648,Tongue,UBERON:0001723,Cal27,CVCL_1107,tongue squamous cell carcinoma cell,CL:0000069,Enhancer activity assay, TF binding assay, Chromatin interaction assay, Functional perturbation assay,ChIP-seq, GRO-seq, RNA-seq, 4C-seq,Luciferase reporter assay, ChIP-RT-qPCR, RT-RT-qPCR, CRISPR knockout, Western blot, Flow cytometry, Immunofluorescence, Northern blot
2025,41419462,A novel super-enhancer-driven lncRNA LINC00973 governs head and neck squamous cell carcinoma progression through EN2,Homo sapiens,hg19,chr3,98678906,98697335,FOSL1,LINC00973,SE,Active,Disease,hepatocellular carcinoma,MONDO:0007256,DOID:684,Liver,UBERON:0002107,HepG2,CVCL_0027,hepatocellular carcinoma cell,CL:0000182,Enhancer activity assay, TF binding assay, Functional perturbation assay,ChIP-seq, RNA-seq, Hi-C, ATAC-seq,ChIP-RT-qPCR, CRISPRi, Luciferase Reporter Assay, qRT-PCR, Western blot, co-IP
2022,35264579,An enhancer variant at 16q221 predisposes to hepatocellular carcinoma via regulating PRMT7 expression,Homo sapiens,hg19,chr16,68362000,68362400,HNF4A,PRMT7,Enhancer,Active,Disease,chronic myeloid leukemia,MONDO:0011998,DOID:8552,Peripheral Blood,UBERON:0000178,K562,CVCL_0004,chronic myeloid leukemia cell,CL:0001054,Enhancer activity assay, TF binding assay, Chromatin interaction assay, Functional perturbation assay,ChIP-seq, RNA-seq, Hi-C,Luciferase Reporter Assay, ChIP-RT-qPCR, CRISPR Knockout, CRISPRi, CRISPRa, qRT-PCR, Western blot, EMSA
2021,34584081,The leukemic oncogene EVI1 hijacks a MYC super-enhancer by CTCF-facilitated loops,Homo sapiens,hg19,chr8,128747000,128750000,,MYC,Enhancer,Active,Disease,cervical cancer,MONDO:0001156,DOID:2871,Cervical Epithelium,UBERON:0000002,HeLa,CVCL_0030,cervical adenocarcinoma cell,CL:0000069,Functional perturbation assay, Chromatin interaction assay, TF binding assay,ChIP-seq, 4C-seq, RNA-seq,CRISPR KO, RT-RT-qPCR, Western blot
2021,33712565,EphA2 super-enhancer promotes tumor progression by recruiting FOSL2 and TCF7L2 to activate the target gene EphA2,Homo sapiens,hg19,chr1,16479332,16499332,,EPHA2,Enhancer,Active,Disease,colorectal cancer,MONDO:0005176,DOID:9256,Colon,UBERON:0001155,HCT116,CVCL_0291,colorectal carcinoma cell,CL:0000066,Enhancer activity assay, Functional perturbation assay,ChIP-seq, ATAC-seq,Luciferase Reporter Assay, CRISPR Knockout, RT-RT-qPCR, Western blot
2021,33712565,EphA2 super-enhancer promotes tumor progression by recruiting FOSL2 and TCF7L2 to activate the target gene EphA2,Homo sapiens,hg19,chr1,16479332,16499332,,EPHA2,Enhancer,Active,Disease,breast carcinoma,MONDO:0006120,DOID:1612,Breast,UBERON:0000310,MCF7,CVCL_0031,breast carcinoma cell,CL:0000066,Enhancer activity assay, Functional perturbation assay,ChIP-seq, ATAC-seq,Luciferase Reporter Assay, CRISPR Knockout, RT-RT-qPCR, Western blot
2021,33712565,EphA2 super-enhancer promotes tumor progression by recruiting FOSL2 and TCF7L2 to activate the target gene EphA2,Homo sapiens,hg19,chr1,16479332,16499332,,EPHA2,Enhancer,Active,Disease,cervical cancer,MONDO:0001156,DOID:2871,Cervical Epithelium,UBERON:0000002,HeLa,CVCL_0030,cervical adenocarcinoma cell,CL:0000069,Enhancer activity assay, Functional perturbation assay,ChIP-seq, ATAC-seq,Luciferase Reporter Assay, CRISPR Knockout, RT-RT-qPCR, Western blot
2021,33712565,EphA2 super-enhancer promotes tumor progression by recruiting FOSL2 and TCF7L2 to activate the target gene EphA2,Homo sapiens,hg19,chr1,16499333,16519333,,EPHA2,Enhancer,Active,Disease,colorectal cancer,MONDO:0005176,DOID:9256,Colon,UBERON:0001155,HCT116,CVCL_0291,colorectal carcinoma cell,CL:0000066,Enhancer activity assay, Functional perturbation assay,ChIP-seq, ATAC-seq,Luciferase Reporter Assay, CRISPR Knockout, RT-RT-qPCR, Western blot
2021,33712565,EphA2 super-enhancer promotes tumor progression by recruiting FOSL2 and TCF7L2 to activate the target gene EphA2,Homo sapiens,hg19,chr1,16499333,16519333,,EPHA2,Enhancer,Active,Disease,breast carcinoma,MONDO:0006120,DOID:1612,Breast,UBERON:0000310,MCF7,CVCL_0031,breast carcinoma cell,CL:0000066,Enhancer activity assay, Functional perturbation assay,ChIP-seq, ATAC-seq,Luciferase Reporter Assay, CRISPR Knockout, RT-RT-qPCR, Western blot
2021,33712565,EphA2 super-enhancer promotes tumor progression by recruiting FOSL2 and TCF7L2 to activate the target gene EphA2,Homo sapiens,hg19,chr1,16499333,16519333,,EPHA2,Enhancer,Active,Disease,cervical cancer,MONDO:0001156,DOID:2871,Cervical Epithelium,UBERON:0000002,HeLa,CVCL_0030,cervical adenocarcinoma cell,CL:0000069,Enhancer activity assay, Functional perturbation assay,ChIP-seq, ATAC-seq,Luciferase Reporter Assay, CRISPR Knockout, RT-RT-qPCR, Western blot
2021,33712565,EphA2 super-enhancer promotes tumor progression by recruiting FOSL2 and TCF7L2 to activate the target gene EphA2,Homo sapiens,hg19,chr1,16519334,16539780,,EPHA2,Enhancer,Active,Disease,colorectal cancer,MONDO:0005176,DOID:9256,Colon,UBERON:0001155,HCT116,CVCL_0291,colorectal carcinoma cell,CL:0000066,Enhancer activity assay, Functional perturbation assay,ChIP-seq, ATAC-seq,Luciferase Reporter Assay, CRISPR Knockout, RT-RT-qPCR, Western blot
2021,33712565,EphA2 super-enhancer promotes tumor progression by recruiting FOSL2 and TCF7L2 to activate the target gene EphA2,Homo sapiens,hg19,chr1,16519334,16539780,,EPHA2,Enhancer,Active,Disease,breast carcinoma,MONDO:0006120,DOID:1612,Breast,UBERON:0000310,MCF7,CVCL_0031,breast carcinoma cell,CL:0000066,Enhancer activity assay, Functional perturbation assay,ChIP-seq, ATAC-seq,Luciferase Reporter Assay, CRISPR Knockout, RT-RT-qPCR, Western blot
2022,34954189,A beta-Catenin-TCF-Sensitive Locus Control Region Mediates GUCY2C Ligand Loss in Colorectal Cancer,Homo sapiens,hg19,chr1,42614062,42616745,,GUCA2A,Enhancer,Silenced,Disease,colorectal cancer,MONDO:0005176,DOID:9256,Colon,UBERON:0001155,HCT116,CVCL_0291,colorectal carcinoma cell,CL:0000066,Enhancer activity assay, Functional perturbation assay,ChIP-seq, RNA-seq,Luciferase Reporter Assay, CRISPR Knockout, CRISPRi, CRISPRa, ChIP-RT-qPCR, RT-RT-qPCR
2022,34954189,A beta-Catenin-TCF-Sensitive Locus Control Region Mediates GUCY2C Ligand Loss in Colorectal Cancer,Homo sapiens,hg19,chr1,42614062,42616745,,GUCA2B,Enhancer,Silenced,Disease,acute myeloid leukemia,MONDO:0018874,DOID:9119,Bone Marrow,UBERON:0002371,Primary AML blasts,,myeloid leukemia cell,CL:0001054,Enhancer activity assay, Functional perturbation assay,ChIP-seq, RNA-seq,Luciferase Reporter Assay, CRISPR Knockout, CRISPRi, CRISPRa, ChIP-RT-qPCR, RT-RT-qPCR
2025,40082405,Enhancer transcription profiling reveals an enhancer RNA-driven ferroptosis and new therapeutic opportunities in prostate cancer,Homo sapiens,hg38,chr3,46453226,46459225,NR,LTF,Enhancer,Active,Disease,prostate cancer,MONDO:0008316,DOID:10283,prostate,UBERON:0002367,NA,NA,prostate cancer cell,NA,integrated epigenomic analysis,ATAC-seq; RNA-seq; ChIP-seq (H3K27ac, H3K4me1),ChIP-qPCR; luciferase reporter assay; 3C-qPCR; RNA-FISH; ChIRP; RIP-qPCR; western blot
2021,34584081,The leukemic oncogene EVI1 hijacks a MYC super-enhancer by CTCF-facilitated loops,Homo sapiens,hg19,chr3,168855000,168870000,CTCF,EVI1,Enhancer,Active,Disease,chronic myeloid leukemia,MONDO:0011998,DOID:8552,Peripheral Blood,UBERON:0000178,K562,CVCL_0004,chronic myeloid leukemia cell,CL:0001054,Chromatin interaction assay, Functional perturbation assay,ChIP-seq, 3C-seq, 4C-seq, RNA-seq,CRISPR Knockout, RT-RT-qPCR, Western blot, Flow Cytometry, FISH
2021,34584081,The leukemic oncogene EVI1 hijacks a MYC super-enhancer by CTCF-facilitated loops,Homo sapiens,hg19,chr3,168855000,168870000,CTCF,EVI1,Enhancer,Active,Disease,acute myeloid leukemia,MONDO:0018874,DOID:9119,Bone Marrow,UBERON:0002371,AML cell line,,myeloid leukemia cell,CL:0001054,Chromatin interaction assay, Functional perturbation assay,ChIP-seq, 3C-seq, 4C-seq, RNA-seq,CRISPR Knockout, RT-RT-qPCR, Western blot, Flow Cytometry, FISH
2021,34584081,The leukemic oncogene EVI1 hijacks a MYC super-enhancer by CTCF-facilitated loops,Homo sapiens,hg19,chr3,168866500,168868000,CTCF,EVI1,Enhancer,Active,Disease,acute myeloid leukemia,MONDO:0018874,DOID:9119,Bone Marrow,UBERON:0002371,Primary AML blasts,,myeloid leukemia cell,CL:0001054,Chromatin interaction assay, Functional perturbation assay, TF binding assay,ChIP-seq, 4C-seq, RNA-seq,CRISPR Knockout, RT-RT-qPCR, Western blot, Flow Cytometry, FISH
2021,34584081,The leukemic oncogene EVI1 hijacks a MYC super-enhancer by CTCF-facilitated loops,Homo sapiens,hg19,chr3,168866500,168868000,CTCF,EVI1,Enhancer,Active,Disease,chronic myeloid leukemia,MONDO:0011998,DOID:8552,Peripheral Blood,UBERON:0000178,K562,CVCL_0004,chronic myeloid leukemia cell,CL:0001054,Chromatin interaction assay, Functional perturbation assay, TF binding assay,ChIP-seq, 4C-seq, RNA-seq,CRISPR Knockout, RT-RT-qPCR, Western blot, Flow Cytometry, FISH
2021,34584081,The leukemic oncogene EVI1 hijacks a MYC super-enhancer by CTCF-facilitated loops,Homo sapiens,hg19,chr3,168866500,168868000,CTCF,EVI1,Enhancer,Active,Disease,acute myeloid leukemia,MONDO:0018874,DOID:9119,Bone Marrow,UBERON:0002371,MUTZ-3,CVCL_1435,myeloid leukemia cell,CL:0001054,Chromatin interaction assay, Functional perturbation assay, TF binding assay,ChIP-seq, 4C-seq, RNA-seq,CRISPR Knockout, RT-RT-qPCR, Western blot, Flow Cytometry, FISH
2021,34584081,The leukemic oncogene EVI1 hijacks a MYC super-enhancer by CTCF-facilitated loops,Homo sapiens,hg19,chr3,168915400,168918000,CTCF,EVI1,Enhancer,Active,Disease,T-cell acute lymphoblastic leukemia,MONDO:0004947,DOID:0050890,Blood,UBERON:0000178,Jurkat,CVCL_0065,T lymphoblast,CL:0002419,Functional perturbation assay, Chromatin interaction assay, TF binding assay,ChIP-seq, 4C-seq, RNA-seq,CRISPR KO, RT-RT-qPCR, Western blot
2021,34584081,The leukemic oncogene EVI1 hijacks a MYC super-enhancer by CTCF-facilitated loops,Homo sapiens,hg19,chr8,130475000,130775000,,MYC,Enhancer,Active,Disease,acute monocytic leukemia,MONDO:0005025,DOID:0080147,Peripheral Blood,UBERON:0000178,THP-1,CVCL_0006,acute monocytic leukemia cell,CL:0000576,Enhancer activity assay, Chromatin interaction assay, Functional perturbation assay,ChIP-seq, RNA-seq, 3C-seq, 4C-seq,CRISPR Knockout, RT-RT-qPCR, Western blot, FISH
2021,34584081,The leukemic oncogene EVI1 hijacks a MYC super-enhancer by CTCF-facilitated loops,Homo sapiens,hg19,chr8,130475000,130775000,,EVI1,Enhancer,Active,Disease,prostate cancer,MONDO:0008315,DOID:10283,Prostate,UBERON:0002367,22Rv1,CVCL_1045,prostate carcinoma cell,CL:0000066,Enhancer activity assay, Chromatin interaction assay, Functional perturbation assay,ChIP-seq, RNA-seq, 3C-seq, 4C-seq,CRISPR Knockout, RT-RT-qPCR, Western blot, FISH
2024,38373841,KLF2 enhancer variant rs4808485 increases lupus risk by modulating inflammasome machinery and cellular homeostasis,Homo sapiens,hg19,chr19,16439455,16439541,,KLF2,Enhancer,Silenced,Disease,prostate cancer,MONDO:0008315,DOID:10283,Prostate,UBERON:0002367,LNCaP,CVCL_0395,prostate carcinoma cell,CL:0000066,Enhancer activity assay, TF binding assay, Chromatin interaction assay, Functional perturbation assay,ChIP-seq, RNA-seq, 3C-seq,Luciferase Reporter Assay, ChIP-RT-qPCR, CRISPR Knockout, CRISPRi, RT-RT-qPCR, Western blot
2024,38373841,KLF2 enhancer variant rs4808485 increases lupus risk by modulating inflammasome machinery and cellular homeostasis,Homo sapiens,hg19,chr19,16439455,16439541,,AP1M1,Enhancer,Silenced,Disease,renal cell carcinoma,MONDO:0005086,DOID:4450,Kidney,UBERON:0002113,786-O,CVCL_1051,kidney cancer cell,CL:0001066,Enhancer activity assay, TF binding assay, Chromatin interaction assay, Functional perturbation assay,ChIP-seq, RNA-seq, 3C-seq,Luciferase Reporter Assay, ChIP-RT-qPCR, CRISPR Knockout, CRISPRi, RT-RT-qPCR, Western blot
2024,38373841,KLF2 enhancer variant rs4808485 increases lupus risk by modulating inflammasome machinery and cellular homeostasis,Homo sapiens,hg19,chr19,16439455,16439541,,,Enhancer,Silenced,Disease,lung adenocarcinoma,MONDO:0005032,DOID:3905,Lung,UBERON:0002048,A549,CVCL_0023,lung adenocarcinoma cell,CL:0001069,Enhancer activity assay, TF binding assay, Chromatin interaction assay, Functional perturbation assay,ChIP-seq, RNA-seq, 3C-seq,Luciferase Reporter Assay, ChIP-RT-qPCR, CRISPR Knockout, CRISPRi, RT-RT-qPCR, Western blot
2021,33741908,CRISPRi screens reveal a DNA methylation-mediated 3D genome dependent causal mechanism in prostate cancer,Homo sapiens,hg19,chr8,128531465,128532665,AR,MYC,Enhancer,Active,Disease,skin melanoma,MONDO:0005105,DOID:1909,Skin,UBERON:0000014,SKmel147,CVCL_3876,melanoma cell,CL:0002573,Enhancer activity assay, TF binding assay, Chromatin interaction assay, Functional perturbation assay,CRISPRi screening, RNA-seq, Hi-C, ChIP-seq, 3C-seq,CRISPRi, RT-RT-qPCR, 3C-RT-qPCR, Western blot
2021,33741908,CRISPRi screens reveal a DNA methylation-mediated 3D genome dependent causal mechanism in prostate cancer,Homo sapiens,hg19,chr8,128531465,128532665,AR,PVT1,Enhancer,Active,Disease,skin melanoma,MONDO:0005105,DOID:1909,Skin,UBERON:0000014,501MEL,CVCL_4633,melanoma cell,CL:0002573,Enhancer activity assay, TF binding assay, Chromatin interaction assay, Functional perturbation assay,CRISPRi screening, RNA-seq, Hi-C, ChIP-seq, 3C-seq,CRISPRi, RT-RT-qPCR, 3C-RT-qPCR, Western blot
2016,27774982,Genetic variation at the 8q2421 renal cancer susceptibility locus affects HIF binding to a MYC enhancer,Homo sapiens,hg19,chr8,128889122,128889450,HIF1A,MYC,Enhancer,Active,Disease,colorectal cancer,MONDO:0005176,DOID:9256,Colon,UBERON:0001155,Colorectal carcinoma cells,,colorectal carcinoma cell,CL:0000066,Enhancer activity assay, Functional perturbation assay, Chromatin interaction assay,ChIP-seq, Hi-C,Luciferase Reporter Assay, CRISPR Knockout
2017,28511927,Coordinated regulation of IFITM genes by an IFN-responsive enhancer,Homo sapiens,hg19,chr11,31240000,31241000,STAT1,IFITM1,Enhancer,Active,Disease,hepatocellular carcinoma,MONDO:0007256,DOID:684,Liver,UBERON:0002107,Mouse hepatoma cell,,mouse hepatoma cell,CL:0000182,Enhancer activity assay, Chromatin interaction assay,ChIP-seq,CRISPR Knockout, Luciferase Reporter Assay, 3C
2017,28511927,Coordinated regulation of IFITM genes by an IFN-responsive enhancer,Homo sapiens,hg19,chr11,31240000,31241000,STAT1,IFITM1,Enhancer,Active,Disease,hepatoblastoma,MONDO:0010559,DOID:3964,Liver,UBERON:0002107,Human hepatoblastoma cell,,hepatoblastoma cell,CL:0000182,Enhancer activity assay, Chromatin interaction assay,ChIP-seq,CRISPR Knockout, Luciferase Reporter Assay, 3C
2017,29236325,AML1/ETO trans-activates c-KIT expression through the long range interaction between promoter and intronic enhancer,Homo sapiens,hg19,chr12,47732000,47733500,BRD4,AMIGO2,Enhancer,Active,Disease,cervical cancer,MONDO:0001156,DOID:2871,Cervical Epithelium,UBERON:0000002,HeLa,CVCL_0030,cervical adenocarcinoma cell,CL:0000069,Enhancer activity assay, Functional perturbation assay,ChIP-seq, ATAC-seq, RNA-seq,Luciferase Reporter Assay, CRISPR Knockout, RT-RT-qPCR
2017,29236325,AML1/ETO trans-activates c-KIT expression through the long range interaction between promoter and intronic enhancer,Homo sapiens,hg19,chr12,47732000,47733500,BRD4,AMIGO2,Enhancer,Active,Disease,colorectal cancer,MONDO:0005176,DOID:9256,Colon,UBERON:0001155,Human colorectal carcinoma cell,,colorectal carcinoma cell,CL:0000066,Enhancer activity assay, Functional perturbation assay,ChIP-seq, ATAC-seq, RNA-seq,Luciferase Reporter Assay, CRISPR Knockout, RT-RT-qPCR
2022,36417539,A pleiotropic hypoxia-sensitive EPAS1 enhancer is disrupted by adaptive alleles in Tibetans,Homo sapiens,hg19,chr2,46573123,46594333,,EPAS1,Enhancer,Active,Disease,prostate cancer,MONDO:0008315,DOID:10283,Prostate,UBERON:0002367,Human prostate cancer cell,,prostate carcinoma cell,CL:0000066,Enhancer activity assay, Functional perturbation assay,ChIP-seq, ATAC-seq, 3C-seq,CRISPR Knockout, Luciferase Reporter Assay
2024,38311851,DLK1/DIO3 locus upregulation by a ??-catenin-dependent enhancer drives cell proliferation and liver tumorigenesis,Homo sapiens,hg19,chr14,101283029,101284356,TCF4,MEG3,Enhancer,Active,Disease,acute monocytic leukemia,MONDO:0005025,DOID:0080147,Peripheral Blood,UBERON:0000178,THP-6,CVCL_4686,acute monocytic leukemia cell,CL:0000576,Functional perturbation assay, Chromatin interaction assay, TF binding assay,ChIP-seq, ATAC-seq, RNA-seq,CRISPR Knockout, CRISPRi, 3C-RT-qPCR, ChIP-RT-qPCR
2024,38311851,DLK1/DIO3 locus upregulation by a ??-catenin-dependent enhancer drives cell proliferation and liver tumorigenesis,Homo sapiens,hg19,chr14,101283029,101284356,TCF4,MEG3,Enhancer,Active,Disease,prostate cancer,MONDO:0008315,DOID:10283,Prostate,UBERON:0002367,LNCaP,CVCL_0395,prostate carcinoma cell,CL:0000066,Functional perturbation assay, Chromatin interaction assay, TF binding assay,ChIP-seq, ATAC-seq, RNA-seq,CRISPR Knockout, CRISPRi, 3C-RT-qPCR, ChIP-RT-qPCR
2023,37438529,Complementary Alu sequences mediate enhancer-promoter selectivity,Homo sapiens,hg19,chr8,29256000,29256500,,PTK2,Enhancer,Active,Disease,breast carcinoma,MONDO:0006120,DOID:1612,Breast,UBERON:0000310,MCF7,CVCL_0031,breast carcinoma cell,CL:0000066,Enhancer activity assay, Chromatin interaction assay, Functional perturbation assay,ChIP-seq, RNA-seq, Hi-C,CRISPR Knockout, 3C-RT-qPCR, RT-RT-qPCR, FISH
2019,31078271,The SNP of rs6854845 suppresses transcription via the DNA looping structure alteration of super-enhancer in colon cells,Homo sapiens,hg19,chr4,76192040,76237727,,EREG,Enhancer,Active,Disease,glioblastoma,MONDO:0005142,DOID:3070,Brain,UBERON:0000955,G361 glioblastoma,CVCL_1220,glioblastoma cell,CL:0000127,Enhancer activity assay, Chromatin interaction assay, Functional perturbation assay,Hi-C, RNA-seq, ChIP-seq,3C, ChIP-RT-qPCR, RT-RT-qPCR, CRISPR Knockout
2021,33741908,CRISPRi screens reveal a DNA methylation mediated 3D genome dependent causal mechanism in prostate cancer,Homo sapiens,hg19,chr8,128531465,128532665,AR,MYC,Enhancer,Active,Disease,glioblastoma,MONDO:0005142,DOID:3070,Brain,UBERON:0000955,GBM3565 glioblastoma,,glioblastoma cell,CL:0000127,Functional perturbation assay, Chromatin interaction assay, TF binding assay,CRISPRi screening, ChIP-seq, RNA-seq, Hi-C, 5C,CRISPRi, RT-RT-qPCR, 3C assay, Cell proliferation assay, Mouse xenograft assay
2016,26818394,A New Class of Temporarily Phenotypic Enhancers Identified by CRISPR/Cas9 Mediated Genetic Screening,Homo sapiens,hg19,chr6,30754822,30755196,POU5F1,,Enhancer,Active,Disease,ovarian carcinoma,MONDO:0005140,DOID:2394,Ovary,UBERON:0000992,OVCAR3,CVCL_0465,ovarian carcinoma cell,CL:0000069,Functional perturbation assay, Enhancer activity assay,ChIP-seq, RNA-seq, 4C-seq,CRISPR Knockout, CRISPRi, Luciferase Reporter Assay, RT-RT-qPCR
2025,41129262,The hematopoietic stem cell MYB enhancer is essential and recurrently amplified during T cell leukemogenesis,Homo sapiens,hg19,chr6,135640000,135645000,ETS1,MYB,Enhancer,Active,Disease,prostate cancer,MONDO:0008315,DOID:10283,Prostate,UBERON:0002367,PDX cells,,patient-derived xenograft cell,CL:0000066,Enhancer activity assay, TF binding assay, Chromatin interaction assay, Functional perturbation assay,ChIP-seq, ATAC-seq, RNA-seq, Hi-C,CRISPR Knockout/CRISPRi, ChIP-RT-qPCR, RT-RT-qPCR, Western blot
2025,40765356,Epigenetic remodeling and 3D chromatin reorganization governed by NKX2-1 drive neuroendocrine prostate cancer,Homo sapiens,hg19,chr14,36973254,36996211,FOXA2,NKX2-1,Enhancer,Active,Disease,prostate cancer,MONDO:0008315,DOID:10283,Prostate,UBERON:0002367,Prostate carcinoma cell line (C4-2B),CVCL_4784,prostate carcinoma cell,CL:0000066,Chromatin interaction assay, Functional perturbation assay,Hi-C, ChIP-seq, RNA-seq,CRISPR Knockout, qRT-PCR, Western blot
2021,33975627,Functional mapping of androgen receptor enhancer activity,Homo sapiens,hg19,chr11,114058000,114058850,AR,ZBTB16,Enhancer,Active,Disease,prostate cancer,MONDO:0008315,DOID:10283,Prostate,UBERON:0002367,LNCaP,CVCL_0395,prostate carcinoma cell,CL:0000066,Enhancer activity assay, TF binding assay, Chromatin interaction assay, Functional perturbation assay,ChIP-seq, STARRseq, ChIA-PET, RNA-seq, WGS,Luciferase Reporter Assay, CRISPRi, qRT-PCR
2019,31761532,Functional Enhancers Shape Extrachromosomal Oncogene Amplifications,Homo sapiens,hg19,chr7,54932020,54934020,SOX2,EGFR,Enhancer,Active,Disease,glioblastoma,MONDO:0005142,DOID:3070,Brain,UBERON:0000955,GBM3565 glioblastoma,,glioblastoma cell,CL:0000127,Functional perturbation assay,ChIP-seq, ATAC-seq, RNA-seq, 4C-seq, CRISPRi screen,CRISPRi, RT-RT-qPCR, Alamar Blue Assay
2019,31761532,Functional Enhancers Shape Extrachromosomal Oncogene Amplifications,Homo sapiens,hg19,chr7,54888020,54890020,SOX2,EGFR,Enhancer,Active,Disease,glioblastoma,MONDO:0005142,DOID:3070,Brain,UBERON:0000955,G361 glioblastoma,CVCL_1220,glioblastoma cell,CL:0000127,Functional perturbation assay,ChIP-seq, ATAC-seq, RNA-seq, 4C-seq, CRISPRi screen,CRISPRi, RT-RT-qPCR, Alamar Blue Assay
2019,31761532,Functional Enhancers Shape Extrachromosomal Oncogene Amplifications,Homo sapiens,hg19,chr7,54888020,54890020,SOX2,EGFR,Enhancer,Active,Disease,glioblastoma,MONDO:0005142,DOID:3070,Brain,UBERON:0000955,GBM3565 glioblastoma,,glioblastoma cell,CL:0000127,Functional perturbation assay,ChIP-seq, ATAC-seq, RNA-seq, 4C-seq, CRISPRi screen,CRISPRi, RT-RT-qPCR, Alamar Blue Assay
2022,35869079,A multi-omic dissection of super-enhancer driven oncogenic gene expression programs in ovarian cancer,Homo sapiens,hg19,chr20,53730511,53757381,SOX4,RAE1,SE,Active,Disease,ovarian carcinoma,MONDO:0005140,DOID:2394,Ovary,UBERON:0000992,OVCAR3,CVCL_0465,ovarian carcinoma cell,CL:0000069,Enhancer activity assay, TF binding assay, Chromatin interaction assay, Functional perturbation assay,ChIP-seq, RNA-seq, Hi-C, ATAC-seq, scATAC-seq, scRNA-seq,CRISPR Knockout, CRISPRi, qRT-PCR, Western blot, Cell Proliferation Assay, Cell Migration Assay
2022,35869079,A multi-omic dissection of super-enhancer driven oncogenic gene expression programs in ovarian cancer,Homo sapiens,hg19,chr1,16162175,16195191,ELF3,EPHA2,SE,Active,Disease,ovarian carcinoma,MONDO:0005140,DOID:2394,Ovary,UBERON:0000992,OVCAR3,CVCL_0465,ovarian carcinoma cell,CL:0000069,Enhancer activity assay, TF binding assay, Chromatin interaction assay, Functional perturbation assay,ChIP-seq, RNA-seq, Hi-C, ATAC-seq, scATAC-seq, scRNA-seq,CRISPR Knockout, CRISPRi, qRT-PCR, Western blot, Cell Proliferation Assay, Cell Migration Assay
2023,36632223,Enhancer RNA promotes resistance to radiotherapy in bone-metastatic prostate cancer by m6A modification,Homo sapiens,hg19,chr12,122510495,122510896,,PSMD9,Enhancer,Active,Disease,prostate cancer,MONDO:0008315,DOID:10283,Prostate,UBERON:0002367,PDX cells,,patient-derived xenograft cell,CL:0000066,Enhancer activity assay, Chromatin interaction assay, Functional perturbation assay,RNA-seq, ChIP-seq, 3C-seq,RT-RT-qPCR, CRISPR Knockout, ChIP-RT-qPCR, Western blot
2023,36632223,Enhancer RNA promotes resistance to radiotherapy in bone-metastatic prostate cancer by m6A modification,Homo sapiens,hg19,chr12,122510495,122510896,,WDR66,Enhancer,Active,Disease,prostate cancer,MONDO:0008315,DOID:10283,Prostate,UBERON:0002367,Prostate carcinoma cell line (C4-2B),CVCL_4784,prostate carcinoma cell,CL:0000066,Enhancer activity assay, Chromatin interaction assay, Functional perturbation assay,RNA-seq, ChIP-seq, 3C-seq,RT-RT-qPCR, CRISPR Knockout, ChIP-RT-qPCR, Western blot
2021,34584081,The leukemic oncogene EVI1 hijacks a MYC super-enhancer by CTCF-facilitated loops,Homo sapiens,hg19,chr8,130548000,130549050,CTCF,EVI1,Enhancer,Active,Disease,acute myeloid leukemia,MONDO:0018874,DOID:9119,Bone Marrow,UBERON:0002371,Primary AML blasts,,myeloid leukemia cell,CL:0001054,Chromatin interaction assay, Functional perturbation assay,ChIP-seq, 3C-seq, 4C-seq,CRISPR Knockout, RT-RT-qPCR, Western blot, Flow Cytometry
2021,34584081,The leukemic oncogene EVI1 hijacks a MYC super-enhancer by CTCF-facilitated loops,Homo sapiens,hg19,chr8,130548000,130549050,CTCF,EVI1,Enhancer,Active,Disease,chronic myeloid leukemia,MONDO:0011998,DOID:8552,Peripheral Blood,UBERON:0000178,K562,CVCL_0004,chronic myeloid leukemia cell,CL:0001054,Chromatin interaction assay, Functional perturbation assay,ChIP-seq, 3C-seq, 4C-seq,CRISPR Knockout, RT-RT-qPCR, Western blot, Flow Cytometry
2021,34146516,Functional annotation of the 2q35 breast cancer risk locus implicates a structural variant in influencing activity of a long-range enhancer element,Homo sapiens,hg19,chr2,217994794,217995294,FOXA1,IGFBP5,Enhancer,Active,Disease,breast carcinoma,MONDO:0006120,DOID:1612,Breast,UBERON:0000310,MCF7,CVCL_0031,breast carcinoma cell,CL:0000066,Enhancer activity assay, Functional perturbation assay,ChIP-seq, RNA-seq,Luciferase Reporter Assay, CRISPRa, RT-RT-qPCR
2021,34146516,Functional annotation of the 2q35 breast cancer risk locus implicates a structural variant in influencing activity of a long-range enhancer element,Homo sapiens,hg19,chr2,217994794,217995294,FOXA1,IGFBP5,Enhancer,Active,Disease,breast carcinoma,MONDO:0006120,DOID:1612,Breast,UBERON:0000310,T47D,CVCL_0553,breast carcinoma cell,CL:0000066,Enhancer activity assay, Functional perturbation assay,ChIP-seq, RNA-seq,Luciferase Reporter Assay, CRISPRa, RT-RT-qPCR
2014,24662484,Human colorectal cancer-specific CCAT1-L lncRNA regulates long-range chromatin interactions at the MYC locus,Homo sapiens,hg19,chr8,128320000,128322000,CTCF; TCF7L2; MED1,MYC,Enhancer,Active,Disease,colorectal cancer,MONDO:0005176,DOID:9256,Colon,UBERON:0001155,HCT116,CVCL_0291,colorectal carcinoma cell,CL:0000066,Chromatin interaction assay, Functional perturbation assay,ChIP-seq, 3C-seq, RNA-seq,3C, Luciferase Reporter Assay, RT-RT-qPCR, Western blot
2020,31980609,Interrogation of enhancer function by enhancer-targeting CRISPR epigenetic editing,Homo sapiens,hg19,chr1,47679000,47722000,MYB,TAL1,Enhancer,Active,Disease,chronic myeloid leukemia,MONDO:0011998,DOID:8552,Blood,UBERON:0000178,Human chronic myeloid leukemia cell,,chronic myeloid leukemia cell,CL:0001054,Enhancer activity assay, Functional perturbation assay,ATAC-seq, ChIP-seq, RNA-seq,Luciferase Reporter Assay, CRISPR Knockout, CRISPRi, qRT-PCR, Western blot
2020,31980609,Interrogation of enhancer function by enhancer-targeting CRISPR epigenetic editing,Homo sapiens,hg19,chr11,5301549,5302549,FOG1; GATA1; TAL1,HBB,Enhancer,Active,Disease,hepatocellular carcinoma,MONDO:0007256,DOID:684,Liver,UBERON:0002107,HepG2,CVCL_0027,hepatocellular carcinoma cell,CL:0000182,Enhancer activity assay, Functional perturbation assay,ChIP-seq, RNA-seq,CRISPRi, CRISPRa, Luciferase Reporter Assay
2017,28683826,Identification and characterization of a FOXA2-regulated transcriptional enhancer at a type 2 diabetes intronic locus that controls GCKR expression in liver cells,Homo sapiens,hg19,chr2,27740600,27741238,FOXA2,GCKR,Enhancer,Active,Disease,hepatocellular carcinoma,MONDO:0007256,DOID:684,Liver,UBERON:0002107,human liver biopsies,,human liver biopsy,CL:0000182,Enhancer activity assay, TF binding assay, Functional perturbation assay,RNA-seq, ChIP-seq,Luciferase Reporter Assay, ChIP-RT-qPCR, CRISPRa, RT-RT-qPCR
2017,28683826,Identification and characterization of a FOXA2-regulated transcriptional enhancer at a type 2 diabetes intronic locus that controls GCKR expression in liver cells,Homo sapiens,hg19,chr2,27740600,27741238,FOXA2,GCKR,Enhancer,Active,Disease,lung adenocarcinoma,MONDO:0005032,DOID:3905,Lung,UBERON:0002048,A549,CVCL_0023,lung adenocarcinoma cell,CL:0001069,Enhancer activity assay, TF binding assay, Functional perturbation assay,RNA-seq, ChIP-seq,Luciferase Reporter Assay, ChIP-RT-qPCR, CRISPRa, RT-RT-qPCR
2017,28737489,NFATc2 enhances tumor-initiating phenotypes through the NFATc2/SOX2/ALDH axis in lung adenocarcinoma,Homo sapiens,hg19,chr3,181465000,181468600,NFATC2,SOX2,Enhancer,Active,Disease,non-small cell lung carcinoma,MONDO:0005233,DOID:3908,Lung,UBERON:0002048,H1299,CVCL_0060,non-small cell lung carcinoma cell,CL:0000066,Functional perturbation assay,ChIP-seq, RNA-seq,CRISPR Knockout, Luciferase Reporter Assay
2019,31126313,The inherited variations of a p53-responsive enhancer in 13q1212 confer lung cancer risk by attenuating TNFRSF19 expression,Homo sapiens,hg19,chr13,24149800,24150800,P53,TNFRSF19,Enhancer,Active,Disease,colorectal cancer,MONDO:0005176,DOID:9256,Colon,UBERON:0001155,HCT116,CVCL_0291,colorectal carcinoma cell,CL:0000066,Enhancer activity assay, Functional perturbation assay, Chromatin interaction assay,,Luciferase Reporter Assay, CRISPR Knockout, 3C, RT-RT-qPCR, EMSA
2019,31591481,Oncogenic HOXB8 is driven by MYC-regulated super-enhancer and potentiates colorectal cancer invasiveness via BACH1,Homo sapiens,hg19,chr17,46682000,46685000,SP1,HOXB8,Enhancer,Active,Disease,colorectal cancer,MONDO:0005176,DOID:9256,Colon,UBERON:0001155,HCT116,CVCL_0291,colorectal carcinoma cell,CL:0000066,Functional perturbation assay,ChIP-seq, RNA-seq, ATAC-seq,CRISPRi, ChIP-RT-qPCR, RT-RT-qPCR, Western blot
2019,31591481,Oncogenic HOXB8 is driven by MYC-regulated super-enhancer and potentiates colorectal cancer invasiveness via BACH1,Homo sapiens,hg19,chr17,46692000,46695000,MYC,HOXB8,Enhancer,Active,Disease,colorectal cancer,MONDO:0005176,DOID:9256,Colon,UBERON:0001155,HCT116,CVCL_0291,colorectal carcinoma cell,CL:0000066,Functional perturbation assay, TF binding assay,ChIP-seq, RNA-seq, ATAC-seq,CRISPRi, ChIP-RT-qPCR, RT-RT-qPCR, Western blot
2019,31591481,Oncogenic HOXB8 is driven by MYC-regulated super-enhancer and potentiates colorectal cancer invasiveness via BACH1,Homo sapiens,hg19,chr17,46670277,46684332,MYC,HOXB8,Enhancer,Active,Disease,breast carcinoma,MONDO:0006120,DOID:1612,Breast,UBERON:0000310,MCF7,CVCL_0031,breast carcinoma cell,CL:0000066,Enhancer activity assay, Functional perturbation assay,ChIP-seq, RNA-seq, ATAC-seq,CRISPRi, ChIP-RT-qPCR, RT-RT-qPCR, Western blot
2019,30833784,Phase separation of ligand-activated enhancers licenses cooperative chromosomal enhancer assembly,Homo sapiens,hg19,chr21,34600000,34610000,ESR1,TFF1,Enhancer,Active,Disease,B-cell acute lymphoblastic leukemia,MONDO:0004945,DOID:0080545,Bone Marrow,UBERON:0002371,SEM cells,CVCL_0095,B lymphoblast,CL:0000945,Enhancer activity assay, Chromatin interaction assay,ChIP-seq, ATAC-seq, Hi-C,Luciferase Reporter Assay
2023,37626123,MLL-AF4 cooperates with PAF1 and FACT to drive high-density enhancer interactions in leukemia,Homo sapiens,hg19,chr8,128533830,128534830,,MYC,Enhancer,Active,Disease,T-cell acute lymphoblastic leukemia,MONDO:0004947,DOID:0050890,Bone Marrow,UBERON:0002371,Primary T-ALL cells,,T lymphoblast,CL:0002419,Enhancer activity assay, Functional perturbation assay,ChIP-seq, Hi-C,Luciferase Reporter Assay, CRISPRi
2023,36632736,TAL1 activation in T-cell acute lymphoblastic leukemia: a novel oncogenic 3' neo-enhancer,Homo sapiens,hg19,chr1,47677466,47678021,MYB,TAL1,Enhancer,Active,Disease,T-cell acute lymphoblastic leukemia,MONDO:0004947,DOID:0050890,Blood,UBERON:0000178,Jurkat,CVCL_0065,T lymphoblast,CL:0002419,Enhancer activity assay, TF binding assay, Functional perturbation assay,ChIP-seq, RNA-seq,Luciferase Reporter Assay, CRISPR Knockout, ChIP-RT-qPCR, RT-RT-qPCR, Western blot
2023,36632736,TAL1 activation in T-cell acute lymphoblastic leukemia: a novel oncogenic 3' neo-enhancer,Homo sapiens,hg19,chr1,47677466,47678021,MYB,TAL1,Enhancer,Active,Disease,T-cell acute lymphoblastic leukemia,MONDO:0004947,DOID:0050890,Blood,UBERON:0000178,Peer,,T lymphoblast,CL:0002419,Enhancer activity assay, TF binding assay, Functional perturbation assay,ChIP-seq, RNA-seq,Luciferase Reporter Assay, CRISPR Knockout, ChIP-RT-qPCR, RT-RT-qPCR, Western blot
2023,36632736,TAL1 activation in T-cell acute lymphoblastic leukemia: a novel oncogenic 3' neo-enhancer,Homo sapiens,hg19,chr1,47677466,47678021,MYB,TAL1,Enhancer,Active,Disease,T-cell acute lymphoblastic leukemia,MONDO:0004947,DOID:0050890,Blood,UBERON:0000178,PDX cells,,patient-derived xenograft cell,CL:0002419,Enhancer activity assay, TF binding assay, Functional perturbation assay,ChIP-seq, RNA-seq,Luciferase Reporter Assay, CRISPR Knockout, ChIP-RT-qPCR, RT-RT-qPCR, Western blot
2023,36632736,TAL1 activation in T-cell acute lymphoblastic leukemia: a novel oncogenic 3' neo-enhancer,Homo sapiens,hg19,chr1,47677466,47678021,MYB,TAL1,Enhancer,Active,Disease,acute myeloid leukemia,MONDO:0018874,DOID:9119,Bone Marrow,UBERON:0002371,GDM-1,CVCL_1230,myeloid leukemia cell,CL:0001054,Enhancer activity assay, TF binding assay, Functional perturbation assay,ChIP-seq, RNA-seq,Luciferase Reporter Assay, CRISPR Knockout, ChIP-RT-qPCR, RT-RT-qPCR, Western blot
2023,36949154,Translocation t(6;7) in AML-M4 cell line GDM-1 results in MNX1 activation through enhancer-hijacking,Homo sapiens,hg19,chr6,135644579,135645062,,MNX1,Enhancer,Active,Disease,T-cell acute lymphoblastic leukemia,MONDO:0004947,DOID:0050890,Bone Marrow,UBERON:0002371,DND-41,CVCL_2022,T lymphoblast,CL:0002419,Enhancer activity assay, Chromatin interaction assay,ChIP-seq, ATAC-seq, RNA-seq,Luciferase Reporter Assay, 4C-seq
2023,36947815,Structural Variation Cooperates with Permissive Chromatin to Control Enhancer Hijacking-Mediated Oncogenic Transcription,Homo sapiens,hg19,chr14,98602411,98675204,MYB,TLX3,Enhancer,Active,Disease,T-cell acute lymphoblastic leukemia,MONDO:0004947,DOID:0050890,Bone Marrow,UBERON:0002371,UT242,,T lymphoblast,CL:0002419,Enhancer activity assay, Chromatin interaction assay, Functional perturbation assay,ChIP-seq, ATAC-seq, Hi-C, 4C-seq, RNA-seq,CRISPRi, RT-RT-qPCR, FISH
2023,36947815,Structural Variation Cooperates with Permissive Chromatin to Control Enhancer Hijacking-Mediated Oncogenic Transcription,Homo sapiens,hg19,chr14,98602411,98675204,MYB,TLX3,Enhancer,Active,Disease,T-cell acute lymphoblastic leukemia,MONDO:0004947,DOID:0050890,Bone Marrow,UBERON:0002371,UT308,,T lymphoblast,CL:0002419,Enhancer activity assay, Chromatin interaction assay, Functional perturbation assay,ChIP-seq, ATAC-seq, Hi-C, 4C-seq, RNA-seq,CRISPRi, RT-RT-qPCR, FISH
2023,36947815,Structural Variation Cooperates with Permissive Chromatin to Control Enhancer Hijacking-Mediated Oncogenic Transcription,Homo sapiens,hg19,chr14,98602411,98675204,MYB,TLX3,Enhancer,Active,Disease,diffuse large B-cell lymphoma,MONDO:0005042,DOID:0050746,Lymph node,UBERON:0000029,Karpas-422,CVCL_1325,B cell,CL:0000945,Enhancer activity assay, Chromatin interaction assay, Functional perturbation assay,ChIP-seq, ATAC-seq, Hi-C, 4C-seq, RNA-seq,CRISPRi, RT-RT-qPCR, FISH
2025,40067173,Selective Enhancer Dependencies in MYC-Intact and MYC-Rearranged Germinal Center B-cell Diffuse Large B-cell Lymphoma,Homo sapiens,hg19,chr8,129180000,129190000,MEF2B; POU2F2; POU2AF1,MYC,Enhancer,Active,Disease,diffuse large B-cell lymphoma,MONDO:0005042,DOID:0050746,Lymph node,UBERON:0000029,SUDHL-5,CVCL_1735,B cell,CL:0000945,Enhancer activity assay, Functional perturbation assay,ChIP-seq, ATAC-seq, RNA-seq,CRISPRi, Luciferase Reporter Assay, RT-RT-qPCR
2025,40067173,Selective Enhancer Dependencies in MYC-Intact and MYC-Rearranged Germinal Center B-cell Diffuse Large B-cell Lymphoma,Homo sapiens,hg19,chr8,129180000,129190000,MEF2B; POU2F2; POU2AF1,MYC,Enhancer,Active,Disease,diffuse large B-cell lymphoma,MONDO:0005042,DOID:0050746,Lymph node,UBERON:0000029,HT,,B cell,CL:0000945,Enhancer activity assay, Functional perturbation assay,ChIP-seq, ATAC-seq, RNA-seq,CRISPRi, Luciferase Reporter Assay, RT-RT-qPCR
2025,40067173,Selective Enhancer Dependencies in MYC-Intact and MYC-Rearranged Germinal Center B-cell Diffuse Large B-cell Lymphoma,Homo sapiens,hg19,chr8,129180000,129190000,MEF2B; POU2F2; POU2AF1,MYC,Enhancer,Active,Disease,Burkitt lymphoma,MONDO:0002483,DOID:8582,Lymph node,UBERON:0000029,BJAB,CVCL_5711,B cell,CL:0000945,Enhancer activity assay, Functional perturbation assay,ChIP-seq, ATAC-seq, RNA-seq,CRISPRi, Luciferase Reporter Assay, RT-RT-qPCR
2025,40067173,Selective Enhancer Dependencies in MYC-Intact and MYC-Rearranged Germinal Center B-cell Diffuse Large B-cell Lymphoma,Homo sapiens,hg19,chr8,129180000,129190000,MEF2B; POU2F2; POU2AF1,MYC,Enhancer,Active,Disease,diffuse large B-cell lymphoma,MONDO:0005042,DOID:0050746,Lymph node,UBERON:0000029,Karpas-422,CVCL_1325,B cell,CL:0000945,Enhancer activity assay, Functional perturbation assay,ChIP-seq, ATAC-seq, RNA-seq,CRISPRi, Luciferase Reporter Assay, RT-RT-qPCR
2025,40067173,Selective Enhancer Dependencies in MYC-Intact and MYC-Rearranged Germinal Center B-cell Diffuse Large B-cell Lymphoma,Homo sapiens,hg19,chr8,129190000,129195000,MEF2B; POU2F2; POU2AF1,MYC,Enhancer,Active,Disease,diffuse large B-cell lymphoma,MONDO:0005042,DOID:0050746,Lymph node,UBERON:0000029,SUDHL-5,CVCL_1735,B cell,CL:0000945,Enhancer activity assay, Functional perturbation assay,ChIP-seq, ATAC-seq, RNA-seq,CRISPRi, Luciferase Reporter Assay, RT-RT-qPCR
2025,40067173,Selective Enhancer Dependencies in MYC-Intact and MYC-Rearranged Germinal Center B-cell Diffuse Large B-cell Lymphoma,Homo sapiens,hg19,chr8,129190000,129195000,MEF2B; POU2F2; POU2AF1,MYC,Enhancer,Active,Disease,diffuse large B-cell lymphoma,MONDO:0005042,DOID:0050746,Lymph node,UBERON:0000029,HT,,B cell,CL:0000945,Enhancer activity assay, Functional perturbation assay,ChIP-seq, ATAC-seq, RNA-seq,CRISPRi, Luciferase Reporter Assay, RT-RT-qPCR
2025,40067173,Selective Enhancer Dependencies in MYC-Intact and MYC-Rearranged Germinal Center B-cell Diffuse Large B-cell Lymphoma,Homo sapiens,hg19,chr8,129190000,129195000,MEF2B; POU2F2; POU2AF1,MYC,Enhancer,Active,Disease,Burkitt lymphoma,MONDO:0002483,DOID:8582,Lymph node,UBERON:0000029,BJAB,CVCL_5711,B cell,CL:0000945,Enhancer activity assay, Functional perturbation assay,ChIP-seq, ATAC-seq, RNA-seq,CRISPRi, Luciferase Reporter Assay, RT-RT-qPCR
2025,40067173,Selective Enhancer Dependencies in MYC-Intact and MYC-Rearranged Germinal Center B-cell Diffuse Large B-cell Lymphoma,Homo sapiens,hg19,chr8,129190000,129195000,MEF2B; POU2F2; POU2AF1,MYC,Enhancer,Active,Disease,leukemia,MONDO:0005029,DOID:164,Blood,UBERON:0000178,Leukemia cell lines,,leukemia cell,CL:0001054,Enhancer activity assay, Functional perturbation assay,ChIP-seq, ATAC-seq, RNA-seq,CRISPRi, Luciferase Reporter Assay, RT-RT-qPCR
2022,36095844,EVI1 drives leukemogenesis through aberrant ERG activation,Homo sapiens,hg19,chr21,39854000,39855000,EVI1,ERG,Enhancer,Active,Disease,breast carcinoma,MONDO:0006120,DOID:1612,Breast,UBERON:0000310,MDA-MB-231,CVCL_0062,breast carcinoma cell,CL:0000066,Enhancer activity assay, TF binding assay, Functional perturbation assay,RNA-seq, ChIP-seq,CRISPR knockout, Luciferase reporter assay, RT-RT-qPCR
2022,35390165,A histidine cluster determines YY1-compartmentalized coactivators and chromatin elements in phase-separated enhancer clusters,Homo sapiens,hg19,chr12,2880430,3018116,YY1,FOXM1,Enhancer,Active,Disease,breast carcinoma,MONDO:0006120,DOID:1612,Breast,UBERON:0000310,MCF-7,CVCL_0031,breast carcinoma cell,CL:0000066,Functional perturbation assay, Chromatin interaction assay, Enhancer activity assay,ChIP-seq, RNA-seq,Luciferase Reporter Assay, ChIP-RT-qPCR, RT-RT-qPCR, Western blot, 3C, FISH, EMSA, FRAP
2022,35390165,A histidine cluster determines YY1-compartmentalized coactivators and chromatin elements in phase-separated enhancer clusters,Homo sapiens,hg19,chr12,2880430,3018116,YY1,FOXM1,Enhancer,Active,Disease,osteosarcoma,MONDO:0005087,DOID:3347,Bone,UBERON:0002481,U2OS,CVCL_0042,osteosarcoma cell,CL:0000082,Functional perturbation assay, Chromatin interaction assay, Enhancer activity assay,ChIP-seq, RNA-seq,Luciferase Reporter Assay, ChIP-RT-qPCR, RT-RT-qPCR, Western blot, 3C, FISH, EMSA, FRAP
2022,35390165,A histidine cluster determines YY1-compartmentalized coactivators and chromatin elements in phase-separated enhancer clusters,Homo sapiens,hg19,chr12,2880430,3018116,YY1,FOXM1,Enhancer,Active,Disease,cervical cancer,MONDO:0001156,DOID:2871,Cervix,UBERON:0000002,HeLa,CVCL_0030,cervical adenocarcinoma cell,CL:0000069,Functional perturbation assay, Chromatin interaction assay, Enhancer activity assay,ChIP-seq, RNA-seq,Luciferase Reporter Assay, ChIP-RT-qPCR, RT-RT-qPCR, Western blot, 3C, FISH, EMSA, FRAP
2020,32991838,Loss of long-range enhancers in neural crest,Homo sapiens,hg19,chr17,68720009,68721009,TWIST1,SOX9,Enhancer,Active,Disease,colorectal cancer,MONDO:0005176,DOID:9256,Colon,UBERON:0001155,COLO 320DM cells,CVCL_0219,colorectal carcinoma cell,CL:0000066,Functional perturbation assay,ChIP-seq, ATAC-seq, RNA-seq,Luciferase Reporter Assay, CRISPR Knockout
2025,41120733,Enhancer activation from transposable elements in extrachromosomal DNA,Homo sapiens,hg19,chr3,111274086,111275786,,MYC,Enhancer,Active,Disease,chronic myeloid leukemia,MONDO:0011998,DOID:8552,Blood,UBERON:0000178,K562,CVCL_0004,chronic myeloid leukemia cell,CL:0001054,Enhancer activity assay, Functional perturbation assay,Hi-C, ATAC-seq,Luciferase reporter assay, CRISPR knockout, CRISPRi, ORCA
2019,30612741,A Genome-wide Framework for Mapping Gene Regulation via Cellular Genetic Screens,Homo sapiens,hg19,chr16,23819225,23820225,GATA1,PRKCB,Enhancer,Active,Disease,glioblastoma,MONDO:0005142,DOID:3070,Brain,UBERON:0000955,U87MG,CVCL_0022,glioblastoma cell,CL:0000127,Functional perturbation assay,ChIP-seq, ATAC-seq, RNA-seq,CRISPR Knockout, RT-RT-qPCR
2024,38602103,Coronary Artery Disease risk variant dampens the expression of CALCRL by reducing HSF binding to shear stress responsive enhancer in endothelial cells in vitro,Homo sapiens,hg19,chr2,188184262,188184791,HSF1,CALCRL,Enhancer,Active,Disease,cervical cancer,MONDO:0001156,DOID:2871,Cervix,UBERON:0000002,Human cervical adenocarcinoma cell,,cervical adenocarcinoma cell,CL:0000069,Enhancer activity assay, TF binding assay, Functional perturbation assay,ATAC-seq, RNA-seq, ChIP-seq,Luciferase Reporter Assay, CRISPR-Cas9 Knockout, ChIP-RT-qPCR, EMSA, RT-RT-qPCR
2023,37438529,Complementary Alu sequences mediate enhancer-promoter selectivity,Homo sapiens,hg19,chr12,61890000,61895000,,MGST1,Enhancer,Active,Disease,cervical cancer,MONDO:0001156,DOID:2871,Cervix,UBERON:0000002,Human cervical adenocarcinoma cell,,cervical adenocarcinoma cell,CL:0000069,Enhancer activity assay, Chromatin interaction assay, Functional perturbation assay,ChIP-seq, RNA-seq, Hi-C,CRISPR Knockout, 3C-RT-qPCR, qRT-PCR, FISH
2023,37438529,Complementary Alu sequences mediate enhancer-promoter selectivity,Homo sapiens,hg19,chr12,61890000,61895000,,TUBA1B,Enhancer,Active,Disease,cervical cancer,MONDO:0001156,DOID:2871,Cervix,UBERON:0000002,Human cervical adenocarcinoma cell,,cervical adenocarcinoma cell,CL:0000069,Enhancer activity assay, Chromatin interaction assay, Functional perturbation assay,ChIP-seq, RNA-seq, Hi-C,CRISPR Knockout, 3C-RT-qPCR, qRT-PCR, FISH
2023,37438529,Complementary Alu sequences mediate enhancer-promoter selectivity,Homo sapiens,hg19,chr12,61890000,61895000,,AEBP2,Enhancer,Active,Disease,cervical cancer,MONDO:0001156,DOID:2871,Cervix,UBERON:0000002,Human cervical adenocarcinoma cell,,cervical adenocarcinoma cell,CL:0000069,Enhancer activity assay, Chromatin interaction assay, Functional perturbation assay,ChIP-seq, RNA-seq, Hi-C,CRISPR Knockout, 3C-RT-qPCR, qRT-PCR, FISH
2023,37438529,Complementary Alu sequences mediate enhancer-promoter selectivity,Homo sapiens,hg19,chr19,50913170,50987888,,CFD,SE,Active,Disease,cervical cancer,MONDO:0001156,DOID:2871,Cervix,UBERON:0000002,Human cervical adenocarcinoma cell,,cervical adenocarcinoma cell,CL:0000069,Enhancer activity assay, Chromatin interaction assay, Functional perturbation assay,ChIP-seq, RNA-seq, Hi-C,CRISPR Knockout, 3C-RT-qPCR, qRT-PCR, FISH
2023,37438529,Complementary Alu sequences mediate enhancer-promoter selectivity,Homo sapiens,hg19,chr19,50913170,50987888,,CNN2,SE,Active,Disease,cervical cancer,MONDO:0001156,DOID:2871,Cervix,UBERON:0000002,Human cervical adenocarcinoma cell,,cervical adenocarcinoma cell,CL:0000069,Enhancer activity assay, Chromatin interaction assay, Functional perturbation assay,ChIP-seq, RNA-seq, Hi-C,CRISPR Knockout, 3C-RT-qPCR, qRT-PCR, FISH
2023,37438529,Complementary Alu sequences mediate enhancer-promoter selectivity,Homo sapiens,hg19,chr19,50913170,50987888,,PTBP1,SE,Active,Disease,cervical cancer,MONDO:0001156,DOID:2871,Cervix,UBERON:0000002,Human cervical adenocarcinoma cell,,cervical adenocarcinoma cell,CL:0000069,Enhancer activity assay, Chromatin interaction assay, Functional perturbation assay,ChIP-seq, RNA-seq, Hi-C,CRISPR Knockout, 3C-RT-qPCR, qRT-PCR, FISH
2023,37438529,Complementary Alu sequences mediate enhancer-promoter selectivity,Homo sapiens,hg19,chr19,50913170,50987888,,POLRMT,SE,Active,Disease,T-cell acute lymphoblastic leukemia,MONDO:0004947,DOID:0050890,Blood,UBERON:0000178,Human T-ALL cell,,T lymphoblast,CL:0002419,Enhancer activity assay, Chromatin interaction assay, Functional perturbation assay,ChIP-seq, RNA-seq, Hi-C,CRISPR Knockout, 3C-RT-qPCR, qRT-PCR, FISH
2014,25369933,Long-range enhancer activity determines Myc sensitivity to Notch inhibitors in T cell leukemia,Homo sapiens,hg19,chr8,129400000,130035000,RBPJ,MYC,Enhancer,Active,Disease,multiple myeloma,MONDO:0005178,DOID:9538,Bone Marrow,UBERON:0002371,U266B1,CVCL_0566,plasma cell,CL:0000945,Enhancer activity assay, Chromatin interaction assay, Functional perturbation assay,ChIP-seq, RNA-seq,Luciferase Reporter Assay, ChIP-RT-qPCR, 3C Assay, RT-RT-qPCR, Drug Sensitivity Assay
2023,37438529,Complementary Alu sequences mediate enhancer-promoter selectivity,Homo sapiens,hg19,chr19,50913170,50987888,,CFD,Enhancer,Active,Disease,non-small cell lung carcinoma,MONDO:0005233,DOID:3908,Lung,UBERON:0002048,H1299,CVCL_0060,non-small cell lung carcinoma cell,CL:0000066,Enhancer activity assay, Chromatin interaction assay, Functional perturbation assay,ChIP-seq, RNA-seq, Hi-C,CRISPR Knockout, 3C-RT-qPCR, RT-RT-qPCR, FISH
2021,34580281,USP7 facilitates SMAD3 autoregulation to repress cancer progression in p53-deficient lung cancer,Homo sapiens,hg19,chr15,67150000,67600000,SMAD3,SMAD3,SE,Active,Disease,skin melanoma,MONDO:0005105,DOID:1909,Skin,UBERON:0000014,Melanoma cell line,,melanoma cell,CL:0002573,Enhancer activity assay, TF binding assay, Functional perturbation assay,ChIP-seq, RNA-seq,Luciferase Reporter Assay, ChIP-RT-qPCR, CRISPR Knockout, qRT-PCR, Western blot
2026,41617689,Dual promoter-enhancer activities reflect a unified regulatory logic,Homo sapiens,hg19,chr11,5248250,5249100,GATA1,HBG1,Enhancer,Active,Disease,breast carcinoma,MONDO:0006120,DOID:1612,Breast,UBERON:0000310,MDA-MB-231,CVCL_0062,breast carcinoma cell,CL:0000066,Enhancer activity assay, TF binding assay, Chromatin interaction assay, Functional perturbation assay,PRO-seq, ATAC-seq, ChIP-seq,Luciferase Reporter Assay, CRISPRa, ChIP-RT-qPCR, RT-RT-qPCR
2023,37904237,Landscape of enhancer disruption and functional screen in melanoma cells,Homo sapiens,hg19,chr10,89912175,89913031,,PTEN,Enhancer,Active,Disease,pancreatic ductal adenocarcinoma,MONDO:0005147,DOID:3490,Pancreas,UBERON:0001264,PANC-1,CVCL_0480,pancreatic ductal adenocarcinoma cell,CL:0000066,Functional perturbation assay, Enhancer activity assay,ChIP-seq, ATAC-seq, CRISPRi Screen,Luciferase Reporter Assay, CRISPRi, CRISPRa, RT-RT-qPCR, Western blot, Cell Apoptosis Assay, Colony Formation Assay
2021,34362881,Aberrant super-enhancer-driven oncogene ENC1 promotes the radio-resistance of breast carcinoma,Homo sapiens,hg19,chr5,74678000,74688000,,ENC1,Enhancer,Active,Disease,skin melanoma,MONDO:0005105,DOID:1909,Skin,UBERON:0000014,Melanoma cell line,,melanoma cell,CL:0002573,Functional perturbation assay, Enhancer activity assay,ChIP-seq, RNA-seq,CRISPR Knockout, RT-RT-qPCR, Western blot
2023,37957340,Super-enhancer RNA m6A promotes local chromatin accessibility and oncogene transcription in pancreatic ductal adenocarcinoma,Homo sapiens,hg19,chr16,53500000,53510000,,MICAL2,Enhancer,Active,Disease,colorectal cancer,MONDO:0005176,DOID:9256,Colon,UBERON:0001155,SW480,CVCL_0546,colorectal carcinoma cell,CL:0000066,Super enhancer activity assay, Functional perturbation assay,ChIP-seq,Luciferase Reporter Assay, CRISPR Knockout
2020,33196849,Generation of onco-enhancer enhances chromosomal remodeling and accelerates tumorigenesis,Homo sapiens,hg19,chr12,85074000,85075186,CTCF,NTS,Enhancer,Active,Disease,colorectal cancer,MONDO:0005176,DOID:9256,Colon,UBERON:0001155,HCT116,CVCL_0291,colorectal carcinoma cell,CL:0000066,Functional perturbation assay, Chromatin interaction assay, Enhancer activity assay,ChIP-seq, RNA-seq, 3C-seq,CRISPR Knockout, ChIP-RT-qPCR, 3C assay, qRT-PCR, Western blot, Colony formation assay, Wound healing assay
2022,34707247,A stem cell marker KLF5 regulates CCAT1 via three-dimensional genome structure in colorectal cancer cells,Homo sapiens,hg19,chr13,74003796,74004073,KLF5,KLF5,Enhancer,Active,Disease,colorectal cancer,MONDO:0005176,DOID:9256,Colon,UBERON:0001155,SW480,CVCL_0546,colorectal carcinoma cell,CL:0000066,Functional perturbation assay, Chromatin interaction assay, TF binding assay,enChIP-seq, ChIP-seq, RNA-seq, DNase-seq,CRISPR Knockout, CRISPRi, ChIP-RT-qPCR, RT-RT-qPCR, Sphere-formation Assay, Cell Viability Assay, Flow Cytometry
2022,34707247,A stem cell marker KLF5 regulates CCAT1 via three-dimensional genome structure in colorectal cancer cells,Homo sapiens,hg19,chr13,74003796,74004073,KLF5,KLF5,Enhancer,Active,Disease,colorectal cancer,MONDO:0005176,DOID:9256,Colon,UBERON:0001155,HCT116,CVCL_0291,colorectal carcinoma cell,CL:0000066,Functional perturbation assay, Chromatin interaction assay, TF binding assay,enChIP-seq, ChIP-seq, RNA-seq, DNase-seq,CRISPR Knockout, CRISPRi, ChIP-RT-qPCR, RT-RT-qPCR, Sphere-formation Assay, Cell Viability Assay, Flow Cytometry
2022,34707247,A stem cell marker KLF5 regulates CCAT1 via three-dimensional genome structure in colorectal cancer cells,Homo sapiens,hg19,chr8,128231146,128231713,KLF5,CCAT1,Enhancer,Active,Disease,breast carcinoma,MONDO:0006120,DOID:1612,Breast,UBERON:0000310,MCF-7,CVCL_0031,breast carcinoma cell,CL:0000066,Enhancer activity assay, TF binding assay, Chromatin interaction assay, Functional perturbation assay,enChIP-seq, ChIP-seq, RNA-seq,CRISPR Knockout, ChIP-RT-qPCR, RT-RT-qPCR, Immunohistochemistry, RNA in situ Hybridization
2016,26751173,Functional genetic screens for enhancer elements in the human genome using CRISPR-Cas9,Homo sapiens,hg19,chr11,69329684,69330954,ESR1,CCND1,Enhancer,Active,Disease,colorectal cancer,MONDO:0005176,DOID:9256,Colon,UBERON:0001155,HCT116,CVCL_0291,colorectal carcinoma cell,CL:0000066,Enhancer activity assay,ChIP-seq,Luciferase Reporter Assay, CRISPR Knockout, RT-RT-qPCR
2017,28684635,Type 2 Diabetes enhancer at ADCY5,Homo sapiens,hg19,chr3,123065517,123065936,NKX2-2,ADCY5,Enhancer,Silenced,Disease,colorectal cancer,MONDO:0005176,DOID:9256,Colon,UBERON:0001155,HT29,CVCL_0320,colorectal carcinoma cell,CL:0000066,Enhancer activity assay, Functional perturbation assay,ChIP-seq, ATAC-seq,Luciferase Reporter Assay, EMSA, CRISPR Knockout, RT-RT-qPCR
2017,29155818,SNAIL1-mediated downregulation of FOXA proteins facilitates the inactivation of transcriptional enhancer elements at key epithelial genes in colorectal cancer cells,Homo sapiens,hg19,chr3,183286632,183287223,FOXA1,EPHB3,Enhancer,Active,Disease,breast carcinoma,MONDO:0006120,DOID:1612,Breast,UBERON:0000310,MDA-MB-231,CVCL_0062,breast carcinoma cell,CL:0000066,Enhancer activity assay, Functional perturbation assay,ChIP-seq,Luciferase Reporter Assay, CRISPR Knockout, RT-RT-qPCR
2017,29155818,SNAIL1-mediated downregulation of FOXA proteins facilitates the inactivation of transcriptional enhancer elements at key epithelial genes in colorectal cancer cells,Homo sapiens,hg19,chr3,183286632,183287223,FOXA1,EPHB3,Enhancer,Active,Disease,breast carcinoma,MONDO:0006120,DOID:1612,Breast,UBERON:0000310,MCF-7,CVCL_0031,breast carcinoma cell,CL:0000066,Enhancer activity assay, Functional perturbation assay,ChIP-seq,Luciferase Reporter Assay, CRISPR Knockout, RT-RT-qPCR
2018,29731168,Promoter of lncRNA Gene PVT1 Is a Tumor-Suppressor DNA Boundary Element,Homo sapiens,hg19,chr8,128821500,128822500,MYC,PVT1_INTRAGENIC_ENHANCER_822E,Enhancer,Active,Disease,breast carcinoma,MONDO:0006120,DOID:1612,Breast,UBERON:0000310,MDA-MB-231,CVCL_0062,breast carcinoma cell,CL:0000066,Enhancer activity assay, Functional perturbation assay, Chromatin interaction assay, TF binding assay,Hi-ChIP, ATAC-seq, ChIP-seq, RNA-seq,in vitro knockdown, Western blotting
2018,29731168,Promoter of lncRNA Gene PVT1 Is a Tumor-Suppressor DNA Boundary Element,Homo sapiens,hg19,chr8,128821500,128822500,MYC,PVT1_INTRAGENIC_ENHANCER_822E,Enhancer,Active,Disease,breast carcinoma,MONDO:0006120,DOID:1612,Breast,UBERON:0000310,MCF-7,CVCL_0031,breast carcinoma cell,CL:0000066,Enhancer activity assay, Functional perturbation assay, Chromatin interaction assay, TF binding assay,Hi-ChIP, ATAC-seq, ChIP-seq, RNA-seq,in vitro knockdown, Western blotting
2018,29731168,Promoter of lncRNA Gene PVT1 Is a Tumor-Suppressor DNA Boundary Element,Homo sapiens,hg19,chr8,128866000,128867000,MYC,PVT1_INTRAGENIC_ENHANCER_866E,Enhancer,Active,Disease,breast carcinoma,MONDO:0006120,DOID:1612,Breast,UBERON:0000310,MDA-MB-231,CVCL_0062,breast carcinoma cell,CL:0000066,Enhancer activity assay, Functional perturbation assay, Chromatin interaction assay, TF binding assay,Hi-ChIP, ATAC-seq, ChIP-seq, RNA-seq,in vitro knockdown, Western blotting
2018,29731168,Promoter of lncRNA Gene PVT1 Is a Tumor-Suppressor DNA Boundary Element,Homo sapiens,hg19,chr8,128866000,128867000,MYC,PVT1_INTRAGENIC_ENHANCER_866E,Enhancer,Active,Disease,breast carcinoma,MONDO:0006120,DOID:1612,Breast,UBERON:0000310,MCF-7,CVCL_0031,breast carcinoma cell,CL:0000066,Enhancer activity assay, Functional perturbation assay, Chromatin interaction assay, TF binding assay,Hi-ChIP, ATAC-seq, ChIP-seq, RNA-seq,in vitro knockdown, Western blotting
2018,29731168,Promoter of lncRNA Gene PVT1 Is a Tumor-Suppressor DNA Boundary Element,Homo sapiens,hg19,chr8,128912000,128913000,MYC,PVT1_INTRAGENIC_ENHANCER_912E,Enhancer,Active,Disease,breast carcinoma,MONDO:0006120,DOID:1612,Breast,UBERON:0000310,MDA-MB-231,CVCL_0062,breast carcinoma cell,CL:0000066,Enhancer activity assay, Chromatin interaction assay, TF binding assay,Hi-ChIP, ATAC-seq, ChIP-seq, RNA-seq,in vitro knockdown, Western blotting
2018,29731168,Promoter of lncRNA Gene PVT1 Is a Tumor-Suppressor DNA Boundary Element,Homo sapiens,hg19,chr8,128912000,128913000,MYC,PVT1_INTRAGENIC_ENHANCER_912E,Enhancer,Active,Disease,breast carcinoma,MONDO:0006120,DOID:1612,Breast,UBERON:0000310,MCF-7,CVCL_0031,breast carcinoma cell,CL:0000066,Enhancer activity assay, Chromatin interaction assay, TF binding assay,Hi-ChIP, ATAC-seq, ChIP-seq, RNA-seq,in vitro knockdown, Western blotting
2018,29731168,Promoter of lncRNA Gene PVT1 Is a Tumor-Suppressor DNA Boundary Element,Homo sapiens,hg19,chr8,128919000,128920000,MYC,PVT1_INTRAGENIC_ENHANCER_919E,Enhancer,Active,Disease,colorectal cancer,MONDO:0005176,DOID:9256,Colon,UBERON:0001155,HCT116,CVCL_0291,colorectal carcinoma cell,CL:0000066,Enhancer activity assay, Functional perturbation assay, Chromatin interaction assay, TF binding assay,Hi-ChIP, ATAC-seq, ChIP-seq, RNA-seq,in vitro knockdown, Western blotting
2020,31591481,Oncogenic HOXB8 is driven by MYC-regulated super-enhancer and potentiates colorectal cancer invasiveness via BACH1,Homo sapiens,hg19,chr17,46656000,46658000,,HOXB8,Enhancer,Active,Disease,colorectal cancer,MONDO:0005176,DOID:9256,Colon,UBERON:0001155,HCT116,CVCL_0291,colorectal carcinoma cell,CL:0000066,Enhancer activity assay, Functional perturbation assay,ChIP-seq, RNA-seq,CRISPR Knockout/CRISPRi, RT-RT-qPCR
2020,31591481,Oncogenic HOXB8 is driven by MYC-regulated super-enhancer and potentiates colorectal cancer invasiveness via BACH1,Homo sapiens,hg19,chr17,46658000,46660000,MYC,HOXB6,Enhancer,Active,Disease,colorectal cancer,MONDO:0005176,DOID:9256,Colon,UBERON:0001155,HCT116,CVCL_0291,colorectal carcinoma cell,CL:0000066,Enhancer activity assay, Functional perturbation assay, TF binding assay,ChIP-seq, RNA-seq,CRISPR Knockout/CRISPRi, RT-RT-qPCR, ChIP-RT-qPCR
2020,31591481,Oncogenic HOXB8 is driven by MYC-regulated super-enhancer and potentiates colorectal cancer invasiveness via BACH1,Homo sapiens,hg19,chr17,46658000,46660000,MYC,HOXB9,Enhancer,Active,Disease,pancreatic ductal adenocarcinoma,MONDO:0005147,DOID:3490,Pancreas,UBERON:0001264,L3.6pl,CVCL_0384,pancreatic ductal adenocarcinoma cell,CL:0000066,Enhancer activity assay, Functional perturbation assay, TF binding assay,ChIP-seq, RNA-seq,CRISPR Knockout/CRISPRi, RT-RT-qPCR, ChIP-RT-qPCR
2023,37066790,SOX17 enhancer variants disrupt transcription factor binding and enhancer inactivity drives pulmonary hypertension,Homo sapiens,hg19,chr8,41184163,41184463,HOXA5,SOX17,Enhancer,Active,Disease,pancreatic ductal adenocarcinoma,MONDO:0005147,DOID:3490,Pancreas,UBERON:0001264,PacR,,pancreatic ductal adenocarcinoma cell,CL:0000066,Enhancer activity assay, Functional perturbation assay,ChIP-seq, RNA-seq,Luciferase Reporter Assay, CRISPRi, CRISPR Knockout, EMSA, ChIP-RT-qPCR
2023,36889906,Interactive enhancer hubs (iHUBs) mediate transcriptional reprogramming and adaptive resistance in pancreatic cancer,Homo sapiens,hg19,chr22,39666991,39667170,JUND,LIF,Enhancer,Active,Disease,pancreatic ductal adenocarcinoma,MONDO:0005147,DOID:3490,Pancreas,UBERON:0001264,L3.6pl,CVCL_0384,pancreatic ductal adenocarcinoma cell,CL:0000066,Enhancer activity assay, Chromatin interaction assay, Functional perturbation assay,ChIP-seq, ATAC-seq, HiChIP, leChRO-seq,CRISPR knockout, 4C-seq, RT-RT-qPCR
2023,36889906,Interactive enhancer hubs (iHUBs) mediate transcriptional reprogramming and adaptive resistance in pancreatic cancer,Homo sapiens,hg19,chr22,39666991,39667170,JUND,LIF,Enhancer,Active,Disease,pancreatic ductal adenocarcinoma,MONDO:0005147,DOID:3490,Pancreas,UBERON:0001264,PacR,,pancreatic ductal adenocarcinoma cell,CL:0000066,Enhancer activity assay, Chromatin interaction assay, Functional perturbation assay,ChIP-seq, ATAC-seq, HiChIP, leChRO-seq,CRISPR knockout, 4C-seq, RT-RT-qPCR
2023,36889906,Interactive enhancer hubs (iHUBs) mediate transcriptional reprogramming and adaptive resistance in pancreatic cancer,Homo sapiens,hg19,chr19,1109765,1110214,JUND,GPX4,Enhancer,Active,Disease,Ewing sarcoma,MONDO:0003368,DOID:3368,Bone,UBERON:0001474,A673,CVCL_0080,Ewing sarcoma cell,CL:0000050,Enhancer activity assay, Chromatin interaction assay, Functional perturbation assay,ChIP-seq, ATAC-seq, HiChIP, leChRO-seq,CRISPR knockout, 4C-seq, RT-RT-qPCR
2023,36889906,Interactive enhancer hubs (iHUBs) mediate transcriptional reprogramming and adaptive resistance in pancreatic cancer,Homo sapiens,hg19,chr19,1109765,1110214,JUND,GPX4,Enhancer,Active,Disease,neuroblastoma,MONDO:0005070,DOID:769,Adrenal gland,UBERON:0002369,CHLA10,CVCL_6583,neuroblastoma cell,CL:0000031,Enhancer activity assay, Chromatin interaction assay, Functional perturbation assay,ChIP-seq, ATAC-seq, HiChIP, leChRO-seq,CRISPR knockout, 4C-seq, RT-RT-qPCR
2021,33910361,Variant intronic enhancer controls SCN10A-short expression and cardiac conduction,Homo sapiens,hg19,chr3,158194000,158195200,TBX5,SCN10A,Enhancer,Active,Disease,prostate cancer,MONDO:0008315,DOID:10283,Prostate,UBERON:0002367,22Rv1 cells,CVCL_1045,prostate carcinoma cell,CL:0000066,Enhancer activity assay, Functional perturbation assay,ChIP-seq, RNA-seq,CRISPR Knockout, Luciferase Reporter Assay
2020,31980609,Interrogation of enhancer function by enhancer-targeting CRISPR epigenetic editing,Homo sapiens,hg19,chr11,5301549,5302549,GATA1,HBE1,Enhancer,Active,Disease,chronic myeloid leukemia,MONDO:0011998,DOID:8552,Blood,UBERON:0000178,K562,CVCL_0004,chronic myeloid leukemia cell,CL:0001054,Enhancer activity assay, Functional perturbation assay, TF binding assay,ChIP-seq, RNA-seq, ATAC-seq,CRISPRi, CRISPRa, RT-RT-qPCR, Western blot
2026,39428991,The castration resistant prostate cancer associated SNP rs11067228 facilitates neuroendocrine differentiation through an enhancer mediated chromatin interaction with SRRM4,Homo sapiens,hg19,chr12,115092472,115096258,SOX4,SRRM4,Enhancer,Active,Disease,T-cell acute lymphoblastic leukemia,MONDO:0004947,DOID:0050890,Blood,UBERON:0000178,Jurkat,CVCL_0065,T lymphoblast,CL:0002419,Chromatin interaction assay,ChIP-seq, 4C-seq,CRISPR knockout
2020,31980609,Interrogation of enhancer function by enhancer-targeting CRISPR epigenetic editing,Homo sapiens,hg19,chr11,5301549,5302549,GATA1,HBE1,HBG1,HBG2,HBB,Enhancer,Active,Disease,adult T-cell leukemia/lymphoma,MONDO:0005026,DOID:0050523,Peripheral Blood,UBERON:0000178,Primary ATL cells,,T cell,CL:0000084,Enhancer activity assay,Functional perturbation assay,TF binding assay,ChIP-seq,RNA-seq,ATAC-seq,CRISPRi,CRISPRa,qRT-PCR,Western blot
2019,30612741,A Genome-wide Framework for Mapping Gene Regulation via Cellular Genetic Screens,Homo sapiens,hg19,chr18,9876906,9877723,,RAB31,Enhancer,Active,Disease,adult T-cell leukemia/lymphoma,MONDO:0005026,DOID:0050523,Peripheral Blood,UBERON:0000178,T cell leukemia cell,,T cell,CL:0000084,Functional validation,scRNA-seq, ChIP-seq,CRISPRi
2014,25369933,Long-range enhancer activity determines Myc sensitivity to Notch inhibitors in T cell leukemia,Homo sapiens,hg19,chr8,130180217,130180629,NOTCH1; RBPJ,MYC,Enhancer,Active,Disease,adult T-cell leukemia/lymphoma,MONDO:0005026,DOID:0050523,Peripheral Blood,UBERON:0000178,Primary ATL cells,,T cell,CL:0000084,Enhancer activity assay, Chromatin interaction assay, TF binding assay, Functional perturbation assay,ChIP-seq,Luciferase Reporter Assay, 3C, ChIP-RT-qPCR, RT-RT-qPCR
2022,35908104,Requirement for TP73 and genetic alterations originating from its intragenic super-enhancer in adult T-cell leukemia,Homo sapiens,hg19,chr1,3560600,3600000,IRF4,TP73,Enhancer,Active,Disease,adult T-cell leukemia/lymphoma,MONDO:0005026,DOID:0050523,Peripheral Blood,UBERON:0000178,T cell leukemia cell,,T cell,CL:0000084,Enhancer activity assay, TF binding assay, Functional perturbation assay,ChIP-seq, RNA-seq, Hi-ChIP,CRISPR Knockout, CRISPRi, RT-RT-qPCR, Western blot
2022,35908104,Requirement for TP73 and genetic alterations originating from its intragenic super-enhancer in adult T-cell leukemia,Homo sapiens,hg19,chr1,3560600,3600000,IRF4,TP73,Enhancer,Active,Disease,adult T-cell leukemia/lymphoma,MONDO:0005026,DOID:0050523,Peripheral Blood,UBERON:0000178,Primary ATL cells,,T cell,CL:0000084,Enhancer activity assay, TF binding assay, Functional perturbation assay,ChIP-seq, RNA-seq, Hi-ChIP,CRISPR Knockout, CRISPRi, RT-RT-qPCR, Western blot
2022,35908104,Requirement for TP73 and genetic alterations originating from its intragenic super-enhancer in adult T-cell leukemia,Homo sapiens,hg19,chr1,3572730,3574116,IRF4,TP73,Enhancer,Active,Disease,adult T-cell leukemia/lymphoma,MONDO:0005026,DOID:0050523,Peripheral Blood,UBERON:0000178,T cell leukemia cell,,T cell,CL:0000084,Enhancer activity assay, TF binding assay, Functional perturbation assay,ChIP-seq, RNA-seq, Hi-ChIP,CRISPR Knockout, CRISPRi, RT-RT-qPCR, Western blot
2022,35908104,Requirement for TP73 and genetic alterations originating from its intragenic super-enhancer in adult T-cell leukemia,Homo sapiens,hg19,chr1,3572730,3574116,IRF4,TP73,Enhancer,Active,Disease,chronic myeloid leukemia,MONDO:0011998,DOID:8552,Blood,UBERON:0000178,K562 erythroleukemia,CVCL_0004,chronic myeloid leukemia cell,CL:0001054,Enhancer activity assay, TF binding assay, Functional perturbation assay,ChIP-seq, RNA-seq, Hi-ChIP,CRISPR Knockout, CRISPRi, RT-RT-qPCR, Western blot
2022,35908104,Requirement for TP73 and genetic alterations originating from its intragenic super-enhancer in adult T-cell leukemia,Homo sapiens,hg19,chr1,3592595,3594569,IRF4,TP73,Enhancer,Active,Disease,adult T-cell leukemia/lymphoma,MONDO:0005026,DOID:0050523,Peripheral Blood,UBERON:0000178,T cell leukemia cell,,T cell,CL:0000084,Enhancer activity assay, TF binding assay, Functional perturbation assay,ChIP-seq, RNA-seq, Hi-ChIP,CRISPR Knockout, CRISPRi, RT-RT-qPCR, Western blot
2020,31980609,Interrogation of enhancer function by enhancer-targeting CRISPR epigenetic editing,Homo sapiens,hg19,chr11,5301549,5302549,GATA1,HBE1,Enhancer,Active,Disease,chronic myeloid leukemia,MONDO:0011998,DOID:8552,Blood,UBERON:0000178,K562 erythroleukemia,CVCL_0004,chronic myeloid leukemia cell,CL:0001054,Enhancer activity assay, Functional perturbation assay, TF binding assay,ChIP-seq, RNA-seq, ATAC-seq,CRISPRi, CRISPRa, RT-RT-qPCR, Western blot
2021,34718356,TCOF1 upregulation in triple-negative breast cancer promotes stemness and tumour growth and correlates with poor prognosis,Homo sapiens,hg19,chr5,149631000,149636000,YY1; MYBL2; PLAG1; FOSL1,TCOF1,Enhancer,Active,Disease,breast carcinoma,MONDO:0006120,DOID:1612,Breast,UBERON:0000310,Human breast cancer cell,,breast carcinoma cell,CL:0000066,Enhancer activity assay, TF binding assay, Functional perturbation assay,ChIP-seq, RNA-seq, DNase-seq,Luciferase Reporter Assay, ChIP-RT-qPCR, CRISPR knockout, RT-RT-qPCR, Western blot
2018,30417100,TET2 coactivates gene expression through demethylation of enhancers,Homo sapiens,hg19,chr11,72482883,72512882,,WIPF1,Enhancer,Active,Disease,breast carcinoma,MONDO:0006120,DOID:1612,Breast,UBERON:0000310,MDA-MB-231,CVCL_0062,breast adenocarcinoma cell,CL:0000066,Enhancer activity assay, Functional perturbation assay,ChIP-seq, RNA-seq, mRRBS,CRISPR Knockout, RT-RT-qPCR, Western blot
2016,27651453,Identification of a novel distal regulatory element of the human Neuroglobin gene by the chromosome conformation capture approach,Homo sapiens,hg19,chr14,77808992,77809573,GATA2,NGB,Enhancer,Active,Disease,neuroblastoma,MONDO:0005070,DOID:769,Brain,UBERON:0000955,SH-SY5Y,CVCL_0019,neuroblastoma cell,CL:0000031,Chromatin interaction assay, Enhancer activity assay, Functional perturbation assay,ChIP-seq,3C-RT-qPCR, ChIP-RT-qPCR, CRISPR knockout
2019,31557715,Detailed Functional Characterization of a Waist-Hip Ratio Locus in 7p152 Defines an Enhancer Controlling Adipocyte Differentiation,Homo sapiens,hg19,chr7,23467757,23468022,,MIR148A,Enhancer,Active,Disease,hepatocellular carcinoma,MONDO:0007256,DOID:684,Liver,UBERON:0002107,HepG2,CVCL_0027,hepatocellular carcinoma cell,CL:0000182,Enhancer activity assay, Functional perturbation assay, Chromatin interaction assay,RNA-seq, Hi-C,Luciferase Reporter Assay, RT-RT-qPCR, CRISPR Knockout, CRISPRi
2016,26886256,Embryonic Stem Cell (ES)-Specific Enhancers Specify the Expression Potential of ES Genes in Cancer,Homo sapiens,hg19,chr6,43740121,43741621,,VEGFA,Enhancer,Active,Disease,chronic myeloid leukemia,MONDO:0011998,DOID:8552,Blood,UBERON:0000178,K562,CVCL_0004,chronic myeloid leukemia cell,CL:0001054,Functional perturbation assay,4C-seq,Luciferase Reporter Assay, CRISPR Knockout/CRISPRi, RT-RT-qPCR
2015,26501517,Highly specific epigenome editing by CRISPR-Cas9 repressors for silencing of distal regulatory elements,Homo sapiens,hg19,chr11,5301862,5302715,GATA2,HBG1,Enhancer,Silenced,Disease,chronic myeloid leukemia,MONDO:0011998,DOID:8552,Hematopoietic system,UBERON:0002371,K562,CVCL_0004,chronic myeloid leukemia cell,CL:0001054,Functional perturbation assay,ChIP-seq, RNA-seq,CRISPR Knockout, ChIP-RT-qPCR, RT-RT-qPCR
2024,38365720,A regulatory element associated to NAFLD in the promoter of DIO1 controls LDL-C, HDL-C and triglycerides in hepatic cells,Homo sapiens,hg19,chr1,53893000,53895000,,DIO1,Enhancer,Active,Disease,hepatocellular carcinoma,MONDO:0007256,DOID:684,Liver,UBERON:0002107,HepG2,CVCL_0027,hepatocellular carcinoma cell,CL:0000182,Enhancer activity assay, Functional perturbation assay,RNA-seq, Hi-C,Luciferase Reporter Assay, RT-RT-qPCR, Western blot, CRISPR Knockout
2019,30649550,KDM3A regulates hippo pathway through enhancer activation in colorectal cancer,Homo sapiens,hg19,chr6,132270000,132270500,TEAD1,CTGF,Enhancer,Active,Disease,colorectal carcinoma,MONDO:0005132,DOID:9256,Colon,UBERON:0001155,HCT116 colorectal cancer,CVCL_0291,colorectal carcinoma cell,CL:0000066,Functional perturbation assay, TF binding assay, Enhancer activity assay,ChIP-seq, RNA-seq,CRISPR knockout, ChIP-RT-qPCR, RT-RT-qPCR, Western blot, Co-IP
2012,22665440,Integrative functional genomics identifies an enhancer looping to the SOX9 gene disrupted by the 17q243 prostate cancer risk locus,Homo sapiens,hg19,chr17,69107686,69108045,AR,SOX9,Enhancer,Active,Disease,prostate cancer,MONDO:0008315,DOID:10283,Prostate,UBERON:0002367,LNCaP,CVCL_0395,prostate carcinoma cell,CL:0000066,Enhancer activity assay, TF binding assay, Chromatin interaction assay,ChIP-seq, DNase-seq, 3C-seq,Luciferase reporter assay, ChIP-RT-qPCR, 3C-RT-qPCR, Sanger sequencing
2012,22665440,Integrative functional genomics identifies an enhancer looping to the SOX9 gene disrupted by the 17q243 prostate cancer risk locus,Homo sapiens,hg19,chr17,69107686,69108045,AR,SOX9,Enhancer,Active,Disease,prostate cancer,MONDO:0008315,DOID:10283,Prostate,UBERON:0002367,VCaP cells,CVCL_2235,prostate carcinoma cell,CL:0000066,Enhancer activity assay, TF binding assay, Chromatin interaction assay,ChIP-seq, DNase-seq, 3C-seq,Luciferase reporter assay, ChIP-RT-qPCR, 3C-RT-qPCR, Sanger sequencing
2012,22771493,Direct cooperation between androgen receptor and E2F1 reveals a common regulation mechanism for androgen-responsive genes in prostate cells,Homo sapiens,hg19,chr8,124417000,124427000,AR,ATAD2,Enhancer,Active,Disease,prostate cancer,MONDO:0008315,DOID:10283,Prostate,UBERON:0002367,LNCaP cells,CVCL_0395,prostate carcinoma cell,CL:0000066,Enhancer activity assay, Chromatin interaction assay,ChIP-seq,Luciferase reporter assay, 3C-RT-qPCR, RT-RT-qPCR
2015,26098368,Genome-wide association between YAP/TAZ/TEAD and AP-1 at enhancers drives oncogenic growth,Homo sapiens,hg19,chr6,132272417,132273191,TEAD,CTGF,Enhancer,Active,Disease,breast carcinoma,MONDO:0006120,DOID:1612,Breast,UBERON:0000310,MDA-MB-231,CVCL_0062,breast carcinoma cell,CL:0000066,Enhancer activity assay,ChIP-seq, Hi-C,Luciferase Reporter Assay, 3C
2009,19966299,A beta-catenin/TCF-coordinated chromatin loop at MYC integrates 5' and 3' Wnt responsive enhancers,Homo sapiens,hg19,chr8,127744001,127744701,TCF4,MYC,Enhancer,Active,Disease,colorectal carcinoma,MONDO:0005132,DOID:9256,Colon,UBERON:0001155,HCT116,CVCL_0291,colorectal carcinoma cell,CL:0000066,Enhancer activity assay, TF binding assay, Chromatin interaction assay, Functional perturbation assay,ChIP-seq,Luciferase Reporter Assay, 3C, ChIP-RT-qPCR, RT-RT-qPCR, Western blot
2019,30971697,Lineage-specific RUNX2 super-enhancer activates MYC and promotes the development of blastic plasmacytoid dendritic cell neoplasm,Homo sapiens,hg19,chr6,44500000,45600000,RUNX2,RUNX2,Enhancer,Active,Disease,blastic plasmacytoid dendritic cell neoplasm,MONDO:0019474,DOID:0080738,Hematopoietic tissue,UBERON:0002415,CAL-1,CVCL_5G46,plasmacytoid dendritic cell,CL:0000786,Enhancer activity assay, TF binding assay, Chromatin interaction assay, Functional perturbation assay,ChIP-seq, RNA-seq, Whole-genome sequencing,CRISPR Knockout, 3C-RT-qPCR, RT-RT-qPCR, Western blot, FISH
2019,30971697,Lineage-specific RUNX2 super-enhancer activates MYC and promotes the development of blastic plasmacytoid dendritic cell neoplasm,Homo sapiens,hg19,chr6,44500000,45600000,RUNX2,MYC,Enhancer,Active,Disease,blastic plasmacytoid dendritic cell neoplasm,MONDO:0019474,DOID:0080738,Hematopoietic tissue,UBERON:0002415,CAL-1,CVCL_5G46,plasmacytoid dendritic cell,CL:0000786,Enhancer activity assay, TF binding assay, Chromatin interaction assay, Functional perturbation assay,ChIP-seq, RNA-seq, Whole-genome sequencing,CRISPR Knockout, 3C-RT-qPCR, RT-RT-qPCR, Western blot, FISH
2023,38016946,Systematic characterization of the HOXA9 downstream targets in MLL-r leukemia by noncoding CRISPR screens,Homo sapiens,hg19,chr13,28840000,28850000,HOXA9,GFI1,Enhancer,Active,Disease,B-cell acute lymphoblastic leukemia,MONDO:0004945,DOID:0080545,Bone Marrow,UBERON:0002371,SEM,CVCL_0095,B lymphoblast,CL:0000945,Enhancer activity assay, TF binding assay, Chromatin interaction assay, Functional perturbation assay,ChIP-seq, RNA-seq, Hi-C, ATAC-seq, Capture-C,CRISPR Knockout, CRISPRi, qRT-PCR, Western blot, Competitive Proliferation Assay, Flow Cytometry, In Vivo Transplantation Assay
2019,31073170,SREBP1 drives Keratin-80-dependent cytoskeletal changes and invasive behavior in endocrine-resistant ER??-positive breast cancer,Homo sapiens,hg19,chr12,52304911,53120196,,KRT80,Enhancer,Active,Disease,breast carcinoma,MONDO:0006120,DOID:1612,Breast,UBERON:0000310,MCF7,CVCL_0031,breast carcinoma cell,CL:0000066,Enhancer activity assay, TF binding assay, Chromatin interaction assay, Functional perturbation assay,ChIP-seq, RNA-seq, Hi-C, DHS-seq,ChIP-RT-qPCR, CRISPRi, qRT-PCR, RNA-FISH, ChIA-PET
2023,37673892,A super-enhancer-regulated RNA-binding protein cascade drives pancreatic cancer,Homo sapiens,hg19,chr10,102880001,102881789,,HNRNPF,SE,Active,Disease,pancreatic ductal adenocarcinoma,MONDO:0005147,DOID:3490,Pancreas,UBERON:0001264,MIA PaCa-2,CVCL_0428,pancreatic ductal adenocarcinoma cell,CL:0000066,Enhancer activity assay, TF binding assay, Functional perturbation assay,ChIP-seq, ATAC-seq, RNA-seq,CRISPR Knockout, qRT-PCR, Western blot
2024,38319712,Differential histone acetylation and super-enhancer regulation underlie melanoma cell dedifferentiation,Homo sapiens,hg19,chr17,48110000,48150000,JUNB,ITGA3,SE,Active,Disease,skin melanoma,MONDO:0005105,DOID:1909,Skin,UBERON:0000014,A375,CVCL_0132,melanoma cell,CL:0002573,TF binding assay, Enhancer activity assay, Functional perturbation assay,ChIP-seq, RNA-seq, ATAC-seq,CRISPR Knockout, qRT-PCR, Western blot
2023,36691394,N6-methyladenosine on enhancer RNA promotes radiotherapy resistance in bone metastatic prostate cancer,Homo sapiens,hg19,chr12,122510495,122510896,,PSMD9,Enhancer,Active,Disease,prostate cancer,MONDO:0008315,DOID:10283,Prostate,UBERON:0002367,P-90 PDX primary,,patient-derived xenograft cell,CL:0000066,Enhancer activity assay, Chromatin interaction assay, Functional perturbation assay,RNA-seq, ChIP-seq, 3C-seq,qRT-PCR, CRISPR Knockout, ChIP-RT-qPCR, Western blot
2023,36691394,N6-methyladenosine on enhancer RNA promotes radiotherapy resistance in bone metastatic prostate cancer,Homo sapiens,hg19,chr12,122510495,122510896,,WDR66,Enhancer,Active,Disease,prostate cancer,MONDO:0008315,DOID:10283,Prostate,UBERON:0002367,P-90 PDX primary,,patient-derived xenograft cell,CL:0000066,Enhancer activity assay, Chromatin interaction assay, Functional perturbation assay,RNA-seq, ChIP-seq, 3C-seq,CRISPR Knockout, ChIP-RT-qPCR, qRT-PCR, Western blot
2022,35982471,Super-enhancer hijacking LINC01977 promotes malignancy of early-stage lung adenocarcinoma addicted to the canonical TGF-??/SMAD3 pathway,Homo sapiens,hg19,chr17,79780000,79828000,SMAD3; CBP; EP300,LINC01977,Enhancer,Active,Disease,lung adenocarcinoma,MONDO:0005032,DOID:3905,Lung,UBERON:0002048,A549,CVCL_0023,lung adenocarcinoma cell,CL:0001069,Enhancer activity assay, TF binding assay, Chromatin interaction assay, Functional perturbation assay,ChIP-seq, Hi-C, RNA-seq,Luciferase Reporter Assay, ChIP-RT-qPCR, RT-RT-qPCR, Western blot
2022,35982471,Super-enhancer hijacking LINC01977 promotes malignancy of early-stage lung adenocarcinoma addicted to the canonical TGF-??/SMAD3 pathway,Homo sapiens,hg19,chr17,79780000,79828000,SMAD3; CBP; EP300,LINC01977,Enhancer,Active,Disease,lung adenocarcinoma,MONDO:0005032,DOID:3905,Lung,UBERON:0002048,PC-9,CVCL_B260,lung adenocarcinoma cell,CL:0001069,Enhancer activity assay, TF binding assay, Chromatin interaction assay, Functional perturbation assay,ChIP-seq, Hi-C, RNA-seq,Luciferase Reporter Assay, ChIP-RT-qPCR, RT-RT-qPCR, Western blot
2022,35982471,Super-enhancer hijacking LINC01977 promotes malignancy of early-stage lung adenocarcinoma addicted to the canonical TGF-??/SMAD3 pathway,Homo sapiens,hg19,chr17,79780000,79828000,SMAD3; CBP; EP300,LINC01977,Enhancer,Active,Disease,lung adenocarcinoma,MONDO:0005032,DOID:3905,Lung,UBERON:0002048,LUAD primary tumor,,lung adenocarcinoma cell,CL:0001069,Enhancer activity assay, TF binding assay, Chromatin interaction assay, Functional perturbation assay,ChIP-seq, Hi-C, RNA-seq,Luciferase Reporter Assay, ChIP-RT-qPCR, RT-RT-qPCR, Western blot
2019,30659195,Aberrant enhancer hypomethylation contributes to hepatic carcinogenesis through global transcriptional reprogramming,Homo sapiens,hg19,chr20,48900221,48901229,,CEBFB,Enhancer,Active,Disease,hepatocellular carcinoma,MONDO:0007256,DOID:684,Liver,UBERON:0002107,Hepatocellular carcinoma cell line (HepG2),CVCL_0027,hepatocellular carcinoma cell,CL:0000182,Functional perturbation assay, Enhancer activity assay,ChIP-seq, RNA-seq, WGBS,CRISPR Knockout, CRISPRi, ChIP-RT-qPCR, RT-RT-qPCR
2021,33982894,Lupus susceptibility region containing CDKN1B rs34330 mechanistically influences expression and function of multiple target genes, also linked to proliferation and apoptosis,Homo sapiens,hg19,chr12,12874700,12875275,,APOLD1,Enhancer,Active,Disease,T-cell acute lymphoblastic leukemia,MONDO:0004947,DOID:0050890,Blood,UBERON:0000178,Jurkat,CVCL_0065,T lymphoblast,CL:0002419,Enhancer activity assay, Chromatin interaction assay, Functional perturbation assay,,Luciferase Reporter Assay, 3C-RT-qPCR, CRISPR Knockout, CRISPRi, RT-RT-qPCR
2019,30612741,A Genome-wide Framework for Mapping Gene Regulation via Cellular Genetic Screens,Homo sapiens,hg19,chr6,139766548,139767000,,CITED2,Enhancer,Active,Disease,chronic myeloid leukemia,MONDO:0011998,DOID:8552,Blood,UBERON:0000178,K562,CVCL_0004,chronic myeloid leukemia cell,CL:0001054,Functional validation,scRNA-seq, RNA-seq, Hi-C,CRISPRi, CRISPR KO, RT-RT-qPCR
2022,35676472,The renal lineage factor PAX8 controls oncogenic signalling in kidney cancer,Homo sapiens,hg19,chr8,128132902,128133724,HNF1B,MYC,Enhancer,Active,Disease,renal cell carcinoma,MONDO:0005086,DOID:4450,Kidney,UBERON:0002113,Human renal cell carcinoma cell,,renal cell carcinoma cell,CL:0001066,Enhancer activity assay, TF binding assay, Functional perturbation assay,ChIP-seq, ATAC-seq, RNA-seq,CRISPRi, ChIP-RT-qPCR, RT-RT-qPCR
2022,35676472,The renal lineage factor PAX8 controls oncogenic signalling in kidney cancer,Homo sapiens,hg19,chr8,128526339,128526710,HNF1B,MYC,Enhancer,Active,Disease,renal cell carcinoma,MONDO:0005086,DOID:4450,Kidney,UBERON:0002113,Human renal cell carcinoma cell,,renal cell carcinoma cell,CL:0001066,Enhancer activity assay, TF binding assay, Functional perturbation assay,ChIP-seq, ATAC-seq, RNA-seq,CRISPRi, ChIP-RT-qPCR, RT-RT-qPCR
2014,24662484,Human colorectal cancer-specific CCAT1-L lncRNA regulates long-range chromatin interactions at the MYC locus,Homo sapiens,hg19,chr8,128230503,128380503,CTCF; TCF4,MYC,Enhancer,Active,Disease,colorectal carcinoma,MONDO:0005132,DOID:9256,Colon,UBERON:0001155,HCT116,CVCL_0291,colorectal carcinoma cell,CL:0000066,Enhancer activity assay, TF binding assay, Chromatin interaction assay, Functional perturbation assay,ChIP-seq, RNA-seq, 3C-seq,FISH, ChIP-RT-qPCR, RT-RT-qPCR, Western blot, RNA Immunoprecipitation, Biotin-labeled RNA pull-down assay
2014,24662484,Human colorectal cancer-specific CCAT1-L lncRNA regulates long-range chromatin interactions at the MYC locus,Homo sapiens,hg19,chr8,128230503,128380503,CTCF; TCF4,MYC,Enhancer,Active,Disease,colorectal carcinoma,MONDO:0005132,DOID:9256,Colon,UBERON:0001155,SW480,CVCL_0546,colorectal carcinoma cell,CL:0000066,Enhancer activity assay, TF binding assay, Chromatin interaction assay, Functional perturbation assay,ChIP-seq, RNA-seq, 3C-seq,FISH, ChIP-RT-qPCR, RT-RT-qPCR, Western blot, RNA Immunoprecipitation, Biotin-labeled RNA pull-down assay
2014,24662484,Human colorectal cancer-specific CCAT1-L lncRNA regulates long-range chromatin interactions at the MYC locus,Homo sapiens,hg19,chr8,128662857,128663857,CTCF; TCF4,MYC,Enhancer,Active,Disease,colorectal carcinoma,MONDO:0005132,DOID:9256,Colon,UBERON:0001155,HCT116,CVCL_0291,colorectal carcinoma cell,CL:0000066,Enhancer activity assay, TF binding assay, Chromatin interaction assay, Functional perturbation assay,ChIP-seq, RNA-seq, 3C-seq,FISH, ChIP-RT-qPCR, RT-RT-qPCR, Western blot, RNA Immunoprecipitation
2014,24662484,Human colorectal cancer-specific CCAT1-L lncRNA regulates long-range chromatin interactions at the MYC locus,Homo sapiens,hg19,chr8,128662857,128663857,CTCF; TCF4,MYC,Enhancer,Active,Disease,colorectal carcinoma,MONDO:0005132,DOID:9256,Colon,UBERON:0001155,SW480,CVCL_0546,colorectal carcinoma cell,CL:0000066,Enhancer activity assay, TF binding assay, Chromatin interaction assay, Functional perturbation assay,ChIP-seq, RNA-seq, 3C-seq,FISH, ChIP-RT-qPCR, RT-RT-qPCR, Western blot, RNA Immunoprecipitation
2020,33196849,Generation of onco-enhancer enhances chromosomal remodeling and accelerates tumorigenesis,Homo sapiens,hg19,chr12,85074370,85074815,CTCF,NTS,Enhancer,Active,Disease,skin melanoma,MONDO:0005105,DOID:1909,Skin,UBERON:0000014,,,,,Enhancer activity assay, TF binding assay, Chromatin interaction assay,ChIP-seq, RNA-seq, 3C-seq,Luciferase Reporter Assay, ChIP-RT-qPCR, 3C assay, qRT-PCR, Western blot
2019,31826955,FOXA1 upregulation promotes enhancer and transcriptional reprogramming in endocrine-resistant breast cancer,Homo sapiens,hg19,chr2,46345000,46347000,FOXA1,EPAS1,Enhancer,Active,Disease,breast carcinoma,MONDO:0006120,DOID:1612,Breast,UBERON:0000310,MCF7L,,breast carcinoma cell,CL:0000066,Enhancer activity assay, Functional perturbation assay, TF binding assay,ChIP-seq, RNA-seq,CRISPR Knockout, CRISPRi, RT-RT-qPCR, ChIP-RT-qPCR
2019,31826955,FOXA1 upregulation promotes enhancer and transcriptional reprogramming in endocrine-resistant breast cancer,Homo sapiens,hg19,chr2,46345000,46347000,FOXA1,EPAS1,Enhancer,Active,Disease,breast carcinoma,MONDO:0006120,DOID:1612,Breast,UBERON:0000310,TamR,,breast carcinoma cell,CL:0000066,Enhancer activity assay, Functional perturbation assay, TF binding assay,ChIP-seq, RNA-seq,CRISPR Knockout, CRISPRi, RT-RT-qPCR, ChIP-RT-qPCR
2019,31826955,FOXA1 upregulation promotes enhancer and transcriptional reprogramming in endocrine-resistant breast cancer,Homo sapiens,hg19,chr2,46348000,46350000,FOXA1,EPAS1,Enhancer,Active,Disease,breast carcinoma,MONDO:0006120,DOID:1612,Breast,UBERON:0000310,MCF7L,,breast carcinoma cell,CL:0000066,Enhancer activity assay, Functional perturbation assay, TF binding assay,ChIP-seq, RNA-seq,CRISPR Knockout, CRISPRi, RT-RT-qPCR, ChIP-RT-qPCR
2019,31826955,FOXA1 upregulation promotes enhancer and transcriptional reprogramming in endocrine-resistant breast cancer,Homo sapiens,hg19,chr2,46348000,46350000,FOXA1,EPAS1,Enhancer,Active,Disease,breast carcinoma,MONDO:0006120,DOID:1612,Breast,UBERON:0000310,TamR,,breast carcinoma cell,CL:0000066,Enhancer activity assay, Functional perturbation assay, TF binding assay,ChIP-seq, RNA-seq,CRISPR Knockout, CRISPRi, RT-RT-qPCR, ChIP-RT-qPCR
2019,31826955,FOXA1 amplification drives enhancer reprogramming and HIF-2?? activation in endocrine-resistant breast cancer,Homo sapiens,hg19,chr2,46530000,46535000,FOXA1,EPAS1,Enhancer,Active,Disease,breast carcinoma,MONDO:0006120,DOID:1612,Breast,UBERON:0000310,MCF7L-TamR,,breast carcinoma cell,CL:0000066,Functional perturbation assay,ChIP-seq, RNA-seq,CRISPR Knockout, ChIP-RT-qPCR, RT-RT-qPCR, Western blot
2020,32384149,13q122 deletions in acute lymphoblastic leukemia lead to upregulation of FLT3 through enhancer hijacking,Homo sapiens,hg19,chr13,28710000,28715000,RUNX1,FLT3,Enhancer,Active,Disease,B-cell acute lymphoblastic leukemia,MONDO:0004945,DOID:0080545,Bone Marrow,UBERON:0002371,Primary BCP ALL cells,,B lymphoblast,CL:0000945,Enhancer activity assay, Chromatin interaction assay,ChIP-seq, RNA-seq, Hi-C, PLAC-seq, ATAC-seq, DNase-seq,RT-RT-qPCR, FISH
2020,32384149,13q122 deletions in acute lymphoblastic leukemia lead to upregulation of FLT3 through enhancer hijacking,Homo sapiens,hg19,chr13,28710000,28715000,RUNX1,FLT3,Enhancer,Active,Disease,B-cell acute lymphoblastic leukemia,MONDO:0004945,DOID:0080545,Bone Marrow,UBERON:0002371,NALM-6,CVCL_0092,B lymphoblast,CL:0000945,Enhancer activity assay, Chromatin interaction assay,ChIP-seq, RNA-seq, Hi-C, PLAC-seq, ATAC-seq, DNase-seq,RT-RT-qPCR, FISH
2020,32384149,13q122 deletions in acute lymphoblastic leukemia lead to upregulation of FLT3 through enhancer hijacking,Homo sapiens,hg19,chr13,28843000,28843500,RUNX1,FLT3,Enhancer,Active,Disease,B-cell acute lymphoblastic leukemia,MONDO:0004945,DOID:0080545,Bone Marrow,UBERON:0002371,Primary BCP ALL cells,,B lymphoblast,CL:0000945,Enhancer activity assay, Chromatin interaction assay,ChIP-seq, RNA-seq, Hi-C, PLAC-seq, ATAC-seq, DNase-seq,RT-RT-qPCR, FISH
2020,32384149,13q122 deletions in acute lymphoblastic leukemia lead to upregulation of FLT3 through enhancer hijacking,Homo sapiens,hg19,chr13,28843000,28843500,RUNX1,FLT3,Enhancer,Active,Disease,B-cell acute lymphoblastic leukemia,MONDO:0004945,DOID:0080545,Bone Marrow,UBERON:0002371,NALM-6,CVCL_0092,B lymphoblast,CL:0000945,Enhancer activity assay, Chromatin interaction assay,ChIP-seq, RNA-seq, Hi-C, PLAC-seq, ATAC-seq, DNase-seq,RT-RT-qPCR, FISH
2019,30664630,Enhancer hijacking activates oncogenic transcription factor NR4A3 in acinic cell carcinomas of the salivary glands,Homo sapiens,hg19,chr4,70849125,70849971,NR4A3,NR4A3,Enhancer,Active,Disease,salivary gland acinic cell carcinoma,MONDO:0006002,DOID:0050897,Salivary Gland,UBERON:0001044,AciCC primary tumor cells,,acinic cell carcinoma cell,CL:0000066,Enhancer activity assay,ChIP-seq, RNA-seq, Hi-C, WGS,Luciferase Reporter Assay, FISH, RT-RT-qPCR, Western blot
2020,32293525,Tandem CTCF sites function as insulators to balance spatial chromatin contacts and topological enhancer-promoter selection,Homo sapiens,hg19,chr11,5246600,5247600,,HBG2,Enhancer,Active,Disease,chronic myeloid leukemia,MONDO:0011998,DOID:8552,Bone Marrow,UBERON:0002371,K562,CVCL_0004,chronic myeloid leukemia cell,CL:0001054,Enhancer activity assay, Chromatin interaction assay, Functional perturbation assay,ChIP-seq, RNA-seq, QHR-4C,CRISPR Knock-in
2016,26656844,Identification of focally amplified lineage specific super enhancers in human epithelial cancers,Homo sapiens,hg19,chr8,129165000,129166500,NFE2L2; CEBPB,MYC,SE,Active,Disease,non-small cell lung carcinoma,MONDO:0005233,DOID:3908,Lung,UBERON:0002048,Human non-small cell lung carcinoma cell,,non-small cell lung carcinoma cell,CL:0000066,Enhancer functional validation, Transcription factor binding analysis, Genome editing,H3K27ac ChIP-seq, p300 ChIP-seq, DNase-seq, NFE2L2 ChIP-seq, CEBPB ChIP-seq, RNA-seq, Gene set enrichment analysis,Luciferase reporter assay, CRISPR-Cas9 enhancer deletion, Chromosome conformation capture RT-qPCR, siRNA knockdown, Clonogenic growth assay
2016,26656844,Identification of focally amplified lineage specific super enhancers in human epithelial cancers,Homo sapiens,hg19,chr8,129166547,129190290,NFE2L2; CEBPB,MYC,SE,Active,Disease,non-small cell lung carcinoma,MONDO:0005233,DOID:3908,Lung,UBERON:0002048,Human non-small cell lung carcinoma cell,,non-small cell lung carcinoma cell,CL:0000066,Epigenomic mapping, Enhancer functional validation, Genome editing,GISTIC copy number analysis, H3K27ac ChIP-seq, p300 ChIP-seq, DNase-seq, RNA-seq, NFE2L2 ChIP-seq, CEBPB ChIP-seq, Gene set enrichment analysis,Luciferase reporter assay, CRISPR-Cas9 enhancer deletion, CRISPR dCas9 KRAB repression, Chromosome conformation capture RT-qPCR, siRNA knockdown, Clonogenic growth assay, Anchorage independent growth assay, TaqMan RT-qPCR
2021,34461284,The osteoporosis risk variant rs9820407 at 3p221 acts as an allele-specific enhancer to regulate CTNNB1 expression by long-range chromatin loop formation,Homo sapiens,hg19,chr3,41172000,41174000,,CTNNB1,Enhancer,Active,Disease,osteosarcoma,MONDO:0005087,DOID:3347,Bone,UBERON:0001474,SaOS-2,CVCL_0548,osteosarcoma cell,CL:0000082,Enhancer activity assay, Chromatin interaction assay,Hi-C, ChIP-seq,Luciferase Reporter Assay, RT-RT-qPCR
2021,34461284,The osteoporosis risk variant rs9820407 at 3p221 acts as an allele-specific enhancer to regulate CTNNB1 expression by long-range chromatin loop formation,Homo sapiens,hg19,chr3,41174000,41176000,,CTNNB1,Enhancer,Active,Disease,osteosarcoma,MONDO:0005087,DOID:3347,Bone,UBERON:0001474,SaOS-2,CVCL_0548,osteosarcoma cell,CL:0000082,Enhancer activity assay, Chromatin interaction assay,Hi-C, ChIP-seq,Luciferase Reporter Assay, RT-RT-qPCR
2021,34461284,The osteoporosis risk variant rs9820407 at 3p221 acts as an allele-specific enhancer to regulate CTNNB1 expression by long-range chromatin loop formation,Homo sapiens,hg19,chr3,41177000,41179000,,CTNNB1,Enhancer,Active,Disease,osteosarcoma,MONDO:0005087,DOID:3347,Bone,UBERON:0001474,SaOS-2,CVCL_0548,osteosarcoma cell,CL:0000082,Enhancer activity assay, Chromatin interaction assay,Hi-C, ChIP-seq,Luciferase Reporter Assay, RT-RT-qPCR
2024,38488867,Differential histone acetylation and super-enhancer regulation underlie melanoma cell dedifferentiation,Homo sapiens,hg19,chr17,48100000,48130000,,ITGA3,Enhancer,Active,Disease,skin melanoma,MONDO:0005105,DOID:1909,Skin,UBERON:0000014,WM1552C,,melanoma cell,CL:0002573,Enhancer activity assay, Functional perturbation assay,ChIP-seq, ATAC-seq, RNA-seq,CRISPR Knockout, RT-RT-qPCR, Western blot
2024,38488867,Differential histone acetylation and super-enhancer regulation underlie melanoma cell dedifferentiation,Homo sapiens,hg19,chr17,48100000,48130000,,ITGA3,Enhancer,Active,Disease,skin melanoma,MONDO:0005105,DOID:1909,Skin,UBERON:0000014,YUCHIME,CVCL_EI14,melanoma cell,CL:0002573,Enhancer activity assay, Functional perturbation assay,ChIP-seq, ATAC-seq, RNA-seq,CRISPR Knockout, RT-RT-qPCR, Western blot
2024,38488867,Differential histone acetylation and super-enhancer regulation underlie melanoma cell dedifferentiation,Homo sapiens,hg19,chr17,48100000,48130000,,ITGA3,Enhancer,Active,Disease,skin melanoma,MONDO:0005105,DOID:1909,Skin,UBERON:0000014,SKmel147,CVCL_3876,melanoma cell,CL:0002573,Enhancer activity assay, Functional perturbation assay,ChIP-seq, ATAC-seq, RNA-seq,CRISPR Knockout, RT-RT-qPCR, Western blot
2016,26795348,Discordant Haplotype Sequencing Identifies Functional Variants at the 2q33 Breast Cancer Risk Locus,Homo sapiens,hg19,chr2,202204000,202204758,MYC,CASP8,Enhancer,Active,Disease,breast carcinoma,MONDO:0006120,DOID:1612,Breast,UBERON:0000310,T-47D,CVCL_0553,breast carcinoma cell,CL:0000066,Enhancer activity assay, TF binding assay, eQTL analysis, Genetic association study,Targeted DNA sequencing, Strand-specific RNA-seq, ChIP-seq,Luciferase reporter assay, RT-RT-qPCR, Sanger sequencing
2016,26795348,Discordant Haplotype Sequencing Identifies Functional Variants at the 2q33 Breast Cancer Risk Locus,Homo sapiens,hg19,chr2,202204000,202204758,MYC,CASP8,Enhancer,Active,Disease,breast carcinoma,MONDO:0006120,DOID:1612,Breast,UBERON:0000310,MCF-7,CVCL_0031,breast carcinoma cell,CL:0000066,Enhancer activity assay, TF binding assay, eQTL analysis, Genetic association study,Targeted DNA sequencing, Strand-specific RNA-seq, ChIP-seq,Luciferase reporter assay, RT-RT-qPCR, Sanger sequencing
2022,34980595,GFI1 Cooperates with IKZF1/IKAROS to Activate Gene Expression in T-cell Acute Lymphoblastic Leukemia,Homo sapiens,hg19,chr9,136402000,136406000,RUNX1,GFI1B,Enhancer,Active,Disease,chronic myeloid leukemia,MONDO:0011998,DOID:8552,Bone Marrow,UBERON:0002371,K562,CVCL_0004,chronic myeloid leukemia cell,CL:0001054,Enhancer activity assay,ChIP-seq, RNA-seq,Luciferase Reporter Assay, RT-RT-qPCR
2016,27362228,Recurrent rearrangements of the MYB locus in adenoid cystic carcinoma drive oncogenic expression through enhancer hijacking,Homo sapiens,hg19,chr6,135515000,135515800,MYB,MYB,Enhancer,Active,Disease,salivary gland adenoid cystic carcinoma,MONDO:0015066,DOID:0080172,Salivary gland,UBERON:0001044,ACC patient-derived xenograft cell lines (ACCX2, ACCX9, ACCX12, ACCX19, ACCX22),,adenoid cystic carcinoma cell,CL:0000066,Enhancer activity assay, Chromatin interaction assay,RNA-seq, ChIP-seq,Luciferase Reporter Assay, 3C, FISH, RT-RT-qPCR
2015,25801169,Convergence of developmental and oncogenic signaling pathways at transcriptional super-enhancers,Homo sapiens,hg19,chr8,128740000,128790000,TCF4,MYC,Enhancer,Active,Disease,colorectal carcinoma,MONDO:0005132,DOID:9256,Colon,UBERON:0001155,HCT-116,CVCL_0291,colorectal carcinoma cell,CL:0000066,Enhancer activity assay, TF binding assay,ChIP-seq, RNA-seq,Luciferase Reporter Assay
2015,25801169,Convergence of developmental and oncogenic signaling pathways at transcriptional super-enhancers,Homo sapiens,hg19,chr6,152400000,152450000,ESR1,ESR1,Enhancer,Active,Disease,breast carcinoma,MONDO:0006120,DOID:1612,Breast,UBERON:0000310,MCF-7,CVCL_0031,breast carcinoma cell,CL:0000066,Enhancer activity assay, TF binding assay,ChIP-seq, RNA-seq,Luciferase Reporter Assay
2014,24594601,Long-range interaction and correlation between MYC enhancer and oncogenic long noncoding RNA CARLo-5,Homo sapiens,hg19,chr8,128322000,128323000,TCF7L2,MYC,Enhancer,Active,Disease,colorectal carcinoma,MONDO:0005132,DOID:9256,Colon,UBERON:0001155,HCT116,CVCL_0291,colorectal carcinoma cell,CL:0000066,Chromatin interaction assay,ChIP-seq,RNA-seq, 3C, RT-RT-qPCR
2016,27848966,17q21 asthma-risk variants switch CTCF binding and regulate IL-2 production by T cells,Homo sapiens,hg19,chr17,38065500,38067500,CTCF,ORMDL3,Enhancer,Active,Disease,cutaneous T-cell lymphoma,MONDO:0004950,DOID:2531,Blood,UBERON:0000178,HUT-78,CVCL_0337,T lymphoma cell,CL:0002419,Enhancer activity assay, TF binding assay, Chromatin interaction assay, Functional perturbation assay,ATAC-seq, ChIP-seq, 4C-seq, RNA-seq, DNase-seq,ChIP-RT-qPCR, Luciferase reporter assay, RT-RT-qPCR, siRNA knockdown, EMSA
2010,20208536,Nucleosome dynamics define transcriptional enhancers,Homo sapiens,hg19,chr19,44905642,44906512,AR,KLK3,Enhancer,Active,Disease,prostate cancer,MONDO:0008315,DOID:10283,Prostate,UBERON:0002367,LNCaP,CVCL_0395,prostate carcinoma cell,CL:0000066,Enhancer activity assay, TF binding assay,ChIP-seq, RNA-seq,Luciferase Reporter Assay, ChIP-RT-qPCR
2024,38760567,Engineered CRISPR-Cas12a for higher-order combinatorial chromatin perturbations,Homo sapiens,hg19,chr1,207450000,207452000,,CD55,Enhancer,Active,Disease,chronic myeloid leukemia,MONDO:0011998,DOID:8552,Blood,UBERON:0000178,K562,CVCL_0004,chronic myeloid leukemia cell,CL:0001054,Functional perturbation assay,DNase-seq, ChIP-seq,CRISPRi, Flow Cytometry
2024,38760567,Engineered CRISPR-Cas12a for higher-order combinatorial chromatin perturbations,Homo sapiens,hg19,chr1,207455000,207457000,,CD55,Enhancer,Active,Disease,chronic myeloid leukemia,MONDO:0011998,DOID:8552,Blood,UBERON:0000178,K562,CVCL_0004,chronic myeloid leukemia cell,CL:0001054,Functional perturbation assay,DNase-seq, ChIP-seq,CRISPRi, Flow Cytometry
2024,38760567,Engineered CRISPR-Cas12a for higher-order combinatorial chromatin perturbations,Homo sapiens,hg19,chr1,207460000,207462000,,CD55,Enhancer,Active,Disease,chronic myeloid leukemia,MONDO:0011998,DOID:8552,Blood,UBERON:0000178,K562,CVCL_0004,chronic myeloid leukemia cell,CL:0001054,Functional perturbation assay,DNase-seq, ChIP-seq,CRISPRi, Flow Cytometry
2024,38760567,Engineered CRISPR-Cas12a for higher-order combinatorial chromatin perturbations,Homo sapiens,hg19,chr1,207465000,207467000,,CD55,Enhancer,Active,Disease,chronic myeloid leukemia,MONDO:0011998,DOID:8552,Blood,UBERON:0000178,K562,CVCL_0004,chronic myeloid leukemia cell,CL:0001054,Functional perturbation assay,DNase-seq, ChIP-seq,CRISPRi, Flow Cytometry
2019,30971697,Lineage-specific RUNX2 super-enhancer activates MYC and promotes the development of blastic plasmacytoid dendritic cell neoplasm,Homo sapiens,hg19,chr6,44500000,45600000,RUNX2,MYC,SE,Active,Disease,blastic plasmacytoid dendritic cell neoplasm,MONDO:0019474,DOID:0080738,Hematopoietic tissue,UBERON:0002415,CAL-1 BPDCN,CVCL_5G46,plasmacytoid dendritic cell,CL:0000786,Enhancer activity assay, TF binding assay, Chromatin interaction assay, Functional perturbation assay,ChIP-seq, RNA-seq, Whole-genome sequencing,3C-RT-qPCR, CRISPR Knockout, ChIP-RT-qPCR, qRT-PCR, Western blot, FISH
2021,34493733,Transcriptional network involving ERG and AR orchestrates Distal-less homeobox-1 mediated prostate cancer progression,Homo sapiens,hg19,chr9,72895815,73001135,,ALDH1A1,Enhancer,Active,Disease,prostate cancer,MONDO:0008315,DOID:10283,Prostate,UBERON:0002367,22RV1,CVCL_1045,prostate carcinoma cell,CL:0000066,Enhancer activity assay, Functional perturbation assay,ChIP-seq, RNA-seq,ChIP-RT-qPCR, qRT-PCR, Western blot, CRISPR Knockout
2021,34493733,Transcriptional network involving ERG and AR orchestrates Distal-less homeobox-1 mediated prostate cancer progression,Homo sapiens,hg19,chr12,120975000,121005271,,HNF1A,Enhancer,Active,Disease,prostate cancer,MONDO:0008315,DOID:10283,Prostate,UBERON:0002367,22RV1,CVCL_1045,prostate carcinoma cell,CL:0000066,Enhancer activity assay, Functional perturbation assay,ChIP-seq, RNA-seq,ChIP-RT-qPCR, qRT-PCR, Western blot, CRISPR Knockout
2021,33911178,Identification of therapeutic targets of the hijacked super-enhancer complex in EVI1-rearranged leukemia,Homo sapiens,hg19,chr3,128322357,128323157,CEBPA,EVI1,SE,Active,Disease,acute myeloid leukemia,MONDO:0018874,DOID:9119,Bone Marrow,UBERON:0002371,HNT-34,CVCL_2071,myeloid leukemia cell,CL:0001054,TF binding assay, Enhancer activity assay, Functional perturbation assay,ChIP-seq, ChIP-SICAP, RNA-seq,Luciferase Reporter Assay, shRNA Knockdown, qRT-PCR, Western blot
2024,39277592,Enhancer-promoter hubs organize transcriptional networks promoting oncogenesis and drug resistance,Homo sapiens,hg19,chr2,213700000,214600000,,IKZF2,Enhancer,Silenced,Disease,T-cell acute lymphoblastic leukemia,MONDO:0004947,DOID:0050890,Blood,UBERON:0000178,DND41,CVCL_A296,T lymphoblast,CL:0002419,Chromatin interaction assay, Functional perturbation assay,Hi-C, ATAC-seq, H3K27ac ChIP-seq, H3K27me3 CUT&RUN, RNA-seq,Oligopaint DNA FISH, RT-RT-qPCR
2019,31761532,Functional Enhancers Shape Extrachromosomal Oncogene Amplifications,Homo sapiens,hg19,chr7,54925000,54927000,,EGFR,Enhancer,Active,Disease,glioblastoma,MONDO:0005142,DOID:3070,Brain,UBERON:0000955,GBM3565 glioblastoma,CVCL_IZ19,glioblastoma cell,CL:0000127,Functional perturbation assay,ChIP-seq, 4C-seq, CRISPRi screen,CRISPRi, RT-RT-qPCR
2019,31761532,Functional Enhancers Shape Extrachromosomal Oncogene Amplifications,Homo sapiens,hg19,chr7,54915000,54917000,,EGFR,Enhancer,Active,Disease,glioblastoma,MONDO:0005142,DOID:3070,Brain,UBERON:0000955,GBM3565 glioblastoma,CVCL_IZ19,glioblastoma cell,CL:0000127,Functional perturbation assay,ChIP-seq, 4C-seq, CRISPRi screen,CRISPRi, RT-RT-qPCR
2021,34146516,Functional annotation of the 2q35 breast cancer risk locus implicates a structural variant in influencing activity of a long-range enhancer element,Homo sapiens,hg19,chr2,217955458,217957767,,IGFBP5,Enhancer,Active,Disease,breast carcinoma,MONDO:0006120,DOID:1612,Breast,UBERON:0000310,MDA-MB-231,CVCL_0062,breast carcinoma cell,CL:0000066,Enhancer activity assay, Functional perturbation assay,,Luciferase Reporter Assay, CRISPR Knockout, CRISPRi, RT-RT-qPCR
2021,34362881,Aberrant super-enhancer-driven oncogene ENC1 promotes the radio-resistance of breast carcinoma,Homo sapiens,hg19,chr5,74680400,74682399,,ENC1,Enhancer,Active,Disease,breast carcinoma,MONDO:0006120,DOID:1612,Breast,UBERON:0000310,MDA-MB-231,CVCL_0062,breast carcinoma cell,CL:0000066,Enhancer activity assay,ChIP-seq,Luciferase Reporter Assay, RT-RT-qPCR
2021,34362881,Aberrant super-enhancer-driven oncogene ENC1 promotes the radio-resistance of breast carcinoma,Homo sapiens,hg19,chr5,74682400,74683933,,ENC1,Enhancer,Active,Disease,breast carcinoma,MONDO:0006120,DOID:1612,Breast,UBERON:0000310,MDA-MB-231,CVCL_0062,breast carcinoma cell,CL:0000066,Enhancer activity assay,ChIP-seq,Luciferase Reporter Assay, RT-RT-qPCR
2021,34362881,Aberrant super-enhancer-driven oncogene ENC1 promotes the radio-resistance of breast carcinoma,Homo sapiens,hg19,chr5,74686000,74687899,,ENC1,Enhancer,Active,Disease,breast carcinoma,MONDO:0006120,DOID:1612,Breast,UBERON:0000310,MDA-MB-231,CVCL_0062,breast carcinoma cell,CL:0000066,Enhancer activity assay,ChIP-seq,Luciferase Reporter Assay, RT-RT-qPCR
2021,34584081,The leukemic oncogene EVI1 hijacks a MYC super-enhancer by CTCF-facilitated loops,Homo sapiens,hg19,chr3,128250000,128350000,GATA2,EVI1,Enhancer,Active,Disease,chronic myeloid leukemia,MONDO:0011998,DOID:8552,Peripheral Blood,UBERON:0000178,K562,CVCL_0004,chronic myeloid leukemia cell,CL:0001054,TF binding assay, Functional perturbation assay,ChIP-seq, 3C-seq,RT-RT-qPCR, FISH
2021,34584081,The leukemic oncogene EVI1 hijacks a MYC super-enhancer by CTCF-facilitated loops,Homo sapiens,hg19,chr3,128250000,128350000,GATA2,EVI1,Enhancer,Active,Disease,acute myeloid leukemia,MONDO:0018874,DOID:9119,Bone Marrow,UBERON:0002371,MUTZ-3,CVCL_1435,myeloid leukemia cell,CL:0001054,TF binding assay, Functional perturbation assay,ChIP-seq, 3C-seq,RT-RT-qPCR, FISH
2021,34584081,The leukemic oncogene EVI1 hijacks a MYC super-enhancer by CTCF-facilitated loops,Homo sapiens,hg19,chr6,156425000,156525000,CTCF; GATA2,EVI1,Enhancer,Active,Disease,chronic myeloid leukemia,MONDO:0011998,DOID:8552,Peripheral Blood,UBERON:0000178,K562,CVCL_0004,chronic myeloid leukemia cell,CL:0001054,TF binding assay, Functional perturbation assay,ChIP-seq, 3C-seq,RT-RT-qPCR, FISH
2021,34584081,The leukemic oncogene EVI1 hijacks a MYC super-enhancer by CTCF-facilitated loops,Homo sapiens,hg19,chr7,92350000,92450000,CTCF,EVI1,Enhancer,Active,Disease,chronic myeloid leukemia,MONDO:0011998,DOID:8552,Peripheral Blood,UBERON:0000178,K562,CVCL_0004,chronic myeloid leukemia cell,CL:0001054,TF binding assay, Functional perturbation assay,ChIP-seq, 3C-seq,RT-RT-qPCR, FISH
2014,25194570,A NOTCH1-driven MYC enhancer promotes T cell development, transformation and acute lymphoblastic leukemia,Homo sapiens,hg19,chr8,130180065,130180972,NOTCH1; RBPJ,MYC,Enhancer,Active,Disease,T-cell acute lymphoblastic leukemia,MONDO:0004947,DOID:0050890,Blood,UBERON:0000178,Human T-ALL cell,,T lymphoblast,CL:0002419,Enhancer activity assay, Chromatin interaction assay, TF binding assay,ChIP-seq,Luciferase Reporter Assay, 3C, EMSA, RT-RT-qPCR
2019,31120998,HoxA9 binds and represses the Cebpa +8 kb enhancer,Homo sapiens,hg19,chr19,33790834,33791348,HOXA9,CEBPA,Enhancer,Silenced,Disease,acute myeloid leukemia,MONDO:0018874,DOID:9119,Bone Marrow,UBERON:0002371,MUTZ-3,CVCL_1435,myeloid leukemia cell,CL:0001054,Enhancer activity assay, TF binding assay,ChIP-seq,Luciferase Reporter Assay, EMSA
2014,24662484,Human colorectal cancer-specific CCAT1-L lncRNA regulates long-range chromatin interactions at the MYC locus,Homo sapiens,hg19,chr8,128835000,128837000,CTCF; TCF7L2,CCAT1-L,Enhancer,Active,Disease,colorectal carcinoma,MONDO:0005132,DOID:9256,Colon,UBERON:0001155,HCT116,CVCL_0291,colorectal carcinoma cell,CL:0000066,Enhancer activity assay,ChIP-seq,Luciferase Reporter Assay, RT-RT-qPCR, siRNA Knockdown
2022,35778390,B cell receptor signaling drives APOBEC3 expression via direct enhancer regulation in chronic lymphocytic leukemia B cells,Homo sapiens,hg19,chr22,39370500,39372500,,APOBEC3C,Enhancer,Active,Disease,chronic lymphocytic leukemia,MONDO:0004951,DOID:1040,Blood,UBERON:0000178,Primary CLL B cells,,B cell,CL:0000945,Enhancer activity assay, TF binding assay, Functional perturbation assay,CUT&Tag, ATAC-seq, Hi-C, RNA-seq,CRISPR Knockout, CRISPRi, qRT-PCR, Western blot
2022,35778390,B cell receptor signaling drives APOBEC3 expression via direct enhancer regulation in chronic lymphocytic leukemia B cells,Homo sapiens,hg19,chr22,39378500,39380500,,APOBEC3C,Enhancer,Active,Disease,chronic lymphocytic leukemia,MONDO:0004951,DOID:1040,Blood,UBERON:0000178,Primary CLL B cells,,B cell,CL:0000945,Enhancer activity assay, TF binding assay, Functional perturbation assay,CUT&Tag, ATAC-seq, Hi-C, RNA-seq,CRISPR Knockout, CRISPRi, qRT-PCR, Western blot
2017,28652246,MAPK signaling links melanoma phenotype switching to CD73 induction,Homo sapiens,hg19,chr6,8120004,8120873,JUN,NT5E,Enhancer,Active,Disease,skin melanoma,MONDO:0005105,DOID:1909,Skin,UBERON:0000014,SK-MEL28,CVCL_0526,melanoma cell,CL:0002573,Enhancer activity assay, Functional perturbation assay,ChIP-seq,CRISPR Knockout, ChIP-RT-qPCR, RT-RT-qPCR
2017,28028313,Aberrant Activation of the GIMAP Enhancer by Oncogenic Transcription Factors in T-cell Acute Lymphoblastic Leukemia,Homo sapiens,hg19,chr7,150360481,150366493,TAL1,GIMAP1,Enhancer,Active,Disease,T-cell acute lymphoblastic leukemia,MONDO:0004947,DOID:0050890,Blood,UBERON:0000178,Jurkat,CVCL_0065,T lymphoblast,CL:0002419,Functional perturbation assay,ChIP-seq,CRISPR Knockout
2017,28881808,CXCL13 is androgen-responsive and involved in androgen induced prostate cancer cell migration and invasion,Homo sapiens,hg19,chr4,77558000,77558500,AR,CXCL13,Enhancer,Active,Disease,prostate cancer,MONDO:0008315,DOID:10283,Prostate gland,UBERON:0002367,LNCaP,CVCL_0395,prostate carcinoma cell,CL:0000066,Enhancer activity assay,ChIP-seq,Luciferase Reporter Assay
2018,29528523,Multiple functional variants at 13q14 risk locus for osteoporosis regulate RANKL expression through long-range super-enhancer,Homo sapiens,hg19,chr13,42939000,42967000,,RANKL,Enhancer,Active,Disease,osteosarcoma,MONDO:0005087,DOID:3347,Bone,UBERON:0001474,U2-OS osteosarcoma osteoblastic cells,CVCL_0042,osteosarcoma cell,CL:0000082,Enhancer activity assay, Chromatin interaction assay, Functional perturbation assay,Hi-C, ChIP-seq, RNA-seq,qRT-PCR, and ChIP-qPCR
2018,29528523,Multiple functional variants at 13q14 risk locus for osteoporosis regulate RANKL expression through long-range super-enhancer,Homo sapiens,hg19,chr13,42940000,42940969,NFIC,RANKL,Enhancer,Active,Disease,osteosarcoma,MONDO:0005087,DOID:3347,Bone,UBERON:0001474,U2-OS osteosarcoma osteoblastic cells,CVCL_0042,osteosarcoma cell,CL:0000082,Enhancer activity assay, TF binding assay, Chromatin interaction assay, Functional perturbation assay,Hi-C, ChIP-seq, RNA-seq,qRT-PCR, and ChIP-qPCR
2018,29528523,Multiple functional variants at 13q14 risk locus for osteoporosis regulate RANKL expression through long-range super-enhancer,Homo sapiens,hg19,chr13,42955000,42955967,,RANKL,Enhancer,Active,Disease,osteosarcoma,MONDO:0005087,DOID:3347,Bone,UBERON:0001474,U2-OS osteosarcoma osteoblastic cells,CVCL_0042,osteosarcoma cell,CL:0000082,Enhancer activity assay, Chromatin interaction assay,Hi-C, ChIP-seq, RNA-seq,qRT-PCR, and ChIP-qPCR
2018,29528523,Multiple functional variants at 13q14 risk locus for osteoporosis regulate RANKL expression through long-range super-enhancer,Homo sapiens,hg19,chr13,42956000,42956832,,RANKL,Enhancer,Active,Disease,osteosarcoma,MONDO:0005087,DOID:3347,Bone,UBERON:0001474,U2-OS osteosarcoma osteoblastic cells,CVCL_0042,osteosarcoma cell,CL:0000082,Enhancer activity assay, Chromatin interaction assay,Hi-C, ChIP-seq, RNA-seq,qRT-PCR, and ChIP-qPCR
2018,29528523,Multiple functional variants at 13q14 risk locus for osteoporosis regulate RANKL expression through long-range super-enhancer,Homo sapiens,hg19,chr13,42965000,42965891,,RANKL,Enhancer,Active,Disease,osteosarcoma,MONDO:0005087,DOID:3347,Bone,UBERON:0001474,U2-OS osteosarcoma osteoblastic cells,CVCL_0042,osteosarcoma cell,CL:0000082,Enhancer activity assay, Chromatin interaction assay,Hi-C, ChIP-seq, RNA-seq,qRT-PCR, and ChIP-qPCR
2019,31451355,A Cohesin-Mediated Intrachromosomal Loop Drives Oncogenic ROR lncRNA to Accelerate Tumorigenesis,Homo sapiens,hg19,chr18,57075464,57076425,,ROR,Enhancer,Active,Disease,gastric adenocarcinoma,MONDO:0005050,DOID:3717,Stomach,UBERON:0000945,AGS,CVCL_0139,gastric adenocarcinoma cell,CL:0000066,Enhancer activity assay, TF binding assay, Chromatin interaction assay, Functional perturbation assay,,Luciferase Reporter Assay, ChIP-RT-qPCR, 3C-RT-qPCR, CRISPR Knockout, RT-RT-qPCR, Western blot
2019,31451355,A Cohesin-Mediated Intrachromosomal Loop Drives Oncogenic ROR lncRNA to Accelerate Tumorigenesis,Homo sapiens,hg19,chr18,57075464,57076425,,ROR,Enhancer,Active,Disease,colorectal adenocarcinoma,MONDO:0005132,DOID:9256,Colon,UBERON:0001155,HT29,CVCL_0320,colorectal adenocarcinoma cell,CL:0000066,Enhancer activity assay, TF binding assay, Chromatin interaction assay, Functional perturbation assay,,Luciferase Reporter Assay, ChIP-RT-qPCR, 3C-RT-qPCR, CRISPR Knockout, RT-RT-qPCR, Western blot
2019,31451355,A Cohesin-Mediated Intrachromosomal Loop Drives Oncogenic ROR lncRNA to Accelerate Tumorigenesis,Homo sapiens,hg19,chr18,57075464,57076425,,ROR,Enhancer,Active,Disease,uveal melanoma,MONDO:0005145,DOID:6039,Uvea,UBERON:0001768,MUM2B,CVCL_L039,uveal melanoma cell,CL:0000066,Enhancer activity assay, TF binding assay, Chromatin interaction assay, Functional perturbation assay,,Luciferase Reporter Assay, ChIP-RT-qPCR, 3C-RT-qPCR, CRISPR Knockout, RT-RT-qPCR, Western blot
2019,31891018,A novel enhancer RNA, Hmrhl, positively regulates its host gene, phkb, in chronic myelogenous leukemia,Homo sapiens,hg19,chr16,47658623,47659423,,PHKB,Enhancer,Active,Disease,chronic myeloid leukemia,MONDO:0011998,DOID:8552,Blood,UBERON:0000178,K562,CVCL_0004,chronic myeloid leukemia cell,CL:0001054,Enhancer activity assay,ChIP-seq,Luciferase Reporter Assay
2019,31891018,A novel enhancer RNA, Hmrhl, positively regulates its host gene, phkb, in chronic myelogenous leukemia,Homo sapiens,hg19,chr16,47657923,47659423,,PHKB,Enhancer,Active,Disease,chronic myeloid leukemia,MONDO:0011998,DOID:8552,Blood,UBERON:0000178,K562,CVCL_0004,chronic myeloid leukemia cell,CL:0001054,Enhancer activity assay, Chromatin interaction assay, Functional perturbation assay,ChIP-seq, ChIA-PET,Luciferase Reporter Assay, ChIP-RT-qPCR, RT-RT-qPCR, Western blot
2019,30833784,Phase separation of ligand-activated enhancers licenses cooperative chromosomal enhancer assembly,Homo sapiens,hg19,chr21,36200000,36210000,ESR1,NRIP1,Enhancer,Active,Disease,breast carcinoma,MONDO:0006120,DOID:1612,Breast,UBERON:0000310,MCF7,CVCL_0031,breast carcinoma cell,CL:0000066,Enhancer activity assay,ChIP-seq,Luciferase Reporter Assay
2019,31164884,Mechanistic Characterization of RASGRP1 Variants Identifies an hnRNP-K-Regulated Transcriptional Enhancer Contributing to SLE Susceptibility,Homo sapiens,hg19,chr15,38846389,38846967,,RASGRP1,Enhancer,Active,Disease,T-cell acute lymphoblastic leukemia,MONDO:0004947,DOID:0050890,Blood,UBERON:0000178,Jurkat,CVCL_0065,T lymphoblast,CL:0002419,Enhancer activity assay,ChIP-seq, RNA-seq,Luciferase Reporter Assay, EMSA, ChIP-RT-qPCR
2019,31164884,Mechanistic Characterization of RASGRP1 Variants Identifies an hnRNP-K-Regulated Transcriptional Enhancer Contributing to SLE Susceptibility,Homo sapiens,hg19,chr15,38850022,38850502,HNRNP-K,RASGRP1,Enhancer,Active,Disease,T-cell acute lymphoblastic leukemia,MONDO:0004947,DOID:0050890,Blood,UBERON:0000178,Jurkat,CVCL_0065,T lymphoblast,CL:0002419,Enhancer activity assay, TF binding assay, Functional perturbation assay,ChIP-seq, RNA-seq,Luciferase Reporter Assay, EMSA, ChIP-RT-qPCR, Western blot, RT-RT-qPCR
2023,37370109,Epigenetic reprogramming-induced guanidinoacetic acid synthesis promotes pancreatic cancer metastasis and transcription-activating histone modifications,Homo sapiens,hg19,chr15,45650000,45651000,,GATM,Enhancer,Active,Disease,pancreatic ductal adenocarcinoma,MONDO:0005147,DOID:3490,Pancreas,UBERON:0001264,PANC-1-IN,,pancreatic ductal adenocarcinoma cell,CL:0000066,Enhancer activity assay, Chromatin interaction assay, Functional perturbation assay,Hi-C, ChIP-seq,CRISPRi (dCas9-KRAB), ChIP-RT-qPCR, 3C-RT-qPCR, RT-RT-qPCR, Western blot
2023,37370109,Epigenetic reprogramming-induced guanidinoacetic acid synthesis promotes pancreatic cancer metastasis and transcription-activating histone modifications,Homo sapiens,hg19,chr15,45650000,45651000,,GATM,Enhancer,Active,Disease,pancreatic ductal adenocarcinoma,MONDO:0005147,DOID:3490,Pancreas,UBERON:0001264,Capan-1,CVCL_0026,pancreatic ductal adenocarcinoma cell,CL:0000066,Enhancer activity assay, Chromatin interaction assay, Functional perturbation assay,Hi-C, ChIP-seq,CRISPRi (dCas9-KRAB), ChIP-RT-qPCR, 3C-RT-qPCR, RT-RT-qPCR, Western blot
2023,37370109,Epigenetic reprogramming-induced guanidinoacetic acid synthesis promotes pancreatic cancer metastasis and transcription-activating histone modifications,Homo sapiens,hg19,chr15,45650000,45651000,,GATM,Enhancer,Active,Disease,pancreatic ductal adenocarcinoma,MONDO:0005147,DOID:3490,Pancreas,UBERON:0001264,CFPAC-1,CVCL_0019,pancreatic ductal adenocarcinoma cell,CL:0000066,Enhancer activity assay, Chromatin interaction assay, Functional perturbation assay,Hi-C, ChIP-seq,CRISPRi (dCas9-KRAB), ChIP-RT-qPCR, 3C-RT-qPCR, RT-RT-qPCR, Western blot
2023,37370109,Epigenetic reprogramming-induced guanidinoacetic acid synthesis promotes pancreatic cancer metastasis and transcription-activating histone modifications,Homo sapiens,hg19,chr15,45675000,45676000,,GATM,Enhancer,Active,Disease,pancreatic ductal adenocarcinoma,MONDO:0005147,DOID:3490,Pancreas,UBERON:0001264,PANC-1-IN,,pancreatic ductal adenocarcinoma cell,CL:0000066,Enhancer activity assay, Chromatin interaction assay, Functional perturbation assay,Hi-C, ChIP-seq,CRISPRi (dCas9-KRAB), ChIP-RT-qPCR, 3C-RT-qPCR, RT-RT-qPCR, Western blot
2023,37370109,Epigenetic reprogramming-induced guanidinoacetic acid synthesis promotes pancreatic cancer metastasis and transcription-activating histone modifications,Homo sapiens,hg19,chr15,45675000,45676000,,GATM,Enhancer,Active,Disease,pancreatic ductal adenocarcinoma,MONDO:0005147,DOID:3490,Pancreas,UBERON:0001264,Capan-1,CVCL_0026,pancreatic ductal adenocarcinoma cell,CL:0000066,Enhancer activity assay, Chromatin interaction assay, Functional perturbation assay,Hi-C, ChIP-seq,CRISPRi (dCas9-KRAB), ChIP-RT-qPCR, 3C-RT-qPCR, RT-RT-qPCR, Western blot
2023,37370109,Epigenetic reprogramming-induced guanidinoacetic acid synthesis promotes pancreatic cancer metastasis and transcription-activating histone modifications,Homo sapiens,hg19,chr15,45675000,45676000,,GATM,Enhancer,Active,Disease,pancreatic ductal adenocarcinoma,MONDO:0005147,DOID:3490,Pancreas,UBERON:0001264,CFPAC-1,CVCL_0019,pancreatic ductal adenocarcinoma cell,CL:0000066,Enhancer activity assay, Chromatin interaction assay, Functional perturbation assay,Hi-C, ChIP-seq,CRISPRi (dCas9-KRAB), ChIP-RT-qPCR, 3C-RT-qPCR, RT-RT-qPCR, Western blot
2023,37370109,Epigenetic reprogramming-induced guanidinoacetic acid synthesis promotes pancreatic cancer metastasis and transcription-activating histone modifications,Homo sapiens,hg19,chr15,45700000,45701000,,GATM,Enhancer,Active,Disease,pancreatic ductal adenocarcinoma,MONDO:0005147,DOID:3490,Pancreas,UBERON:0001264,PANC-1-IN,,pancreatic ductal adenocarcinoma cell,CL:0000066,Enhancer activity assay, Chromatin interaction assay, Functional perturbation assay,Hi-C, ChIP-seq,CRISPRi (dCas9-KRAB), ChIP-RT-qPCR, 3C-RT-qPCR, RT-RT-qPCR, Western blot
2023,37370109,Epigenetic reprogramming-induced guanidinoacetic acid synthesis promotes pancreatic cancer metastasis and transcription-activating histone modifications,Homo sapiens,hg19,chr15,45700000,45701000,,GATM,Enhancer,Active,Disease,pancreatic ductal adenocarcinoma,MONDO:0005147,DOID:3490,Pancreas,UBERON:0001264,Capan-1,CVCL_0026,pancreatic ductal adenocarcinoma cell,CL:0000066,Enhancer activity assay, Chromatin interaction assay, Functional perturbation assay,Hi-C, ChIP-seq,CRISPRi (dCas9-KRAB), ChIP-RT-qPCR, 3C-RT-qPCR, RT-RT-qPCR, Western blot
2023,37370109,Epigenetic reprogramming-induced guanidinoacetic acid synthesis promotes pancreatic cancer metastasis and transcription-activating histone modifications,Homo sapiens,hg19,chr15,45700000,45701000,,GATM,Enhancer,Active,Disease,pancreatic ductal adenocarcinoma,MONDO:0005147,DOID:3490,Pancreas,UBERON:0001264,CFPAC-1,CVCL_0019,pancreatic ductal adenocarcinoma cell,CL:0000066,Enhancer activity assay, Chromatin interaction assay, Functional perturbation assay,Hi-C, ChIP-seq,CRISPRi (dCas9-KRAB), ChIP-RT-qPCR, 3C-RT-qPCR, RT-RT-qPCR, Western blot
2022,35842703,Super-enhancer profiling identifies novel critical and targetable cancer survival gene LYL1 in pediatric acute myeloid leukemia,Homo sapiens,hg19,chr19,13110271,13175850,GATA2,LYL1,Enhancer,Active,Disease,acute promyelocytic leukemia,MONDO:0017004,DOID:0060318,Bone Marrow,UBERON:0002371,NB4,CVCL_0005,acute promyelocytic leukemia cell,CL:0001054,Super enhancer activity assay, Functional perturbation assay,ChIP-seq, RNA-seq,Luciferase Reporter Assay, RT-RT-qPCR
2022,34571027,An Enhancer-Driven Stem Cell-Like Program Mediated by SOX9 Blocks Intestinal Differentiation in Colorectal Cancer,Homo sapiens,hg19,chr15,56550000,56550573,TCF4,PROM1,Enhancer,Active,Disease,colorectal carcinoma,MONDO:0005132,DOID:9256,Colon,UBERON:0001155,LS180,CVCL_0397,colorectal carcinoma cell,CL:0000066,Enhancer activity assay, TF binding assay,ChIP-seq, RNA-seq,Luciferase Reporter Assay, RT-RT-qPCR
2025,41266362,Non-coding genetic variants underlying higher prostate cancer risk in men of African ancestry,Homo sapiens,hg19,chr8,128744932,128746104,FOXA1,NDRG1,Enhancer,Silenced,Disease,prostate cancer,MONDO:0008315,DOID:10283,Prostate gland,UBERON:0002367,MDA PCa 2B cells,CVCL_4740,prostate carcinoma cell,CL:0000066,Enhancer activity assay,ChIP-seq, ATAC-seq, RNA-seq,Luciferase reporter assay, ChIP-RT-qPCR, RT-RT-qPCR
2020,32732264,Cross-species analysis of enhancer logic using deep learning,Homo sapiens,hg19,chr6,396143,396593,SOX10,IRF4,Enhancer,Active,Disease,skin melanoma,MONDO:0005105,DOID:1909,Skin,UBERON:0000014,Human melanoma cell,,melanoma cell,CL:0002573,Enhancer activity assay, TF binding assay,ATAC-seq, ChIP-seq, RNA-seq,Luciferase Reporter Assay
2015,26258633,Genome-wide association between YAP/TAZ/TEAD and AP-1 at enhancers drives oncogenic growth,Homo sapiens,hg19,chr10,92680870,92681128,TEAD4,ANKRD1,Enhancer,Active,Disease,breast carcinoma,MONDO:0006120,DOID:1612,Breast,UBERON:0000310,MDA-MB-231,CVCL_0062,breast carcinoma cell,CL:0000066,Enhancer activity assay,ChIP-seq,Luciferase Reporter Assay
2015,26258633,Genome-wide association between YAP/TAZ/TEAD and AP-1 at enhancers drives oncogenic growth,Homo sapiens,hg19,chr6,132272417,132273191,TEAD4,CTGF,Enhancer,Active,Disease,breast carcinoma,MONDO:0006120,DOID:1612,Breast,UBERON:0000310,MDA-MB-231,CVCL_0062,breast carcinoma cell,CL:0000066,Enhancer activity assay,ChIP-seq,Luciferase Reporter Assay
2022,35778390,B cell receptor signaling drives APOBEC3 expression via direct enhancer regulation in chronic lymphocytic leukemia B cells,Homo sapiens,hg19,chr22,39385500,39387500,,APOBEC3C,Enhancer,Active,Disease,chronic lymphocytic leukemia,MONDO:0004951,DOID:1040,Blood,UBERON:0000178,Primary CLL B cells,,B cell,CL:0000945,Enhancer activity assay, TF binding assay, Functional perturbation assay,CUT&Tag, ATAC-seq, Hi-C, RNA-seq,CRISPR knockout, CRISPRi, RT-RT-qPCR, Western blot
2016,26814967,Active medulloblastoma enhancers reveal subgroup-specific cellular origins,Homo sapiens,hg19,chr13,37428439,37429439,,SMAD9,Enhancer,Active,Disease,medulloblastoma,MONDO:0005146,DOID:0050902,Brain,UBERON:0000955,HD-MB03,CVCL_IT11,medulloblastoma cell,CL:0000127,Chromatin interaction assay, Enhancer-target gene assignment assay,4C-seq, ChIP-seq, RNA-seq,RT-RT-qPCR
2016,26795348,Discordant Haplotype Sequencing Identifies Functional Variants at the 2q33 Breast Cancer Risk Locus,Homo sapiens,hg19,chr2,202122995,202124526,STAT3; MYC; CTCF,CASP8,Enhancer,Active,Disease,breast carcinoma,MONDO:0006120,DOID:1612,Breast,UBERON:0000310,T-47D,CVCL_0553,breast carcinoma cell,CL:0000066,Enhancer activity assay, TF binding assay, eQTL analysis, Genetic association study,Targeted DNA sequencing, Strand-specific RNA-seq, ChIP-seq,Luciferase reporter assay, RT-RT-qPCR, Sanger sequencing
2016,26795348,Discordant Haplotype Sequencing Identifies Functional Variants at the 2q33 Breast Cancer Risk Locus,Homo sapiens,hg19,chr2,202122995,202124526,STAT3; MYC; CTCF,CASP8,Enhancer,Active,Disease,breast carcinoma,MONDO:0006120,DOID:1612,Breast,UBERON:0000310,MCF-7,CVCL_0031,breast carcinoma cell,CL:0000066,Enhancer activity assay, TF binding assay, eQTL analysis, Genetic association study,Targeted DNA sequencing, Strand-specific RNA-seq, ChIP-seq,Luciferase reporter assay, RT-RT-qPCR, Sanger sequencing
2022,34980595,GFI1 Cooperates with IKZF1/IKAROS to Activate Gene Expression in T-cell Acute Lymphoblastic Leukemia,Homo sapiens,hg19,chr1,92948000,92952000,GFI1,GFI1,Enhancer,Active,Disease,T-cell acute lymphoblastic leukemia,MONDO:0004947,DOID:0050890,Bone marrow,UBERON:0002371,Jurkat T-ALL,CVCL_0065,T lymphoblast,CL:0002419,Enhancer activity assay,ChIP-seq, RNA-seq,Luciferase Reporter Assay, RT-RT-qPCR
2022,34980595,GFI1 Cooperates with IKZF1/IKAROS to Activate Gene Expression in T-cell Acute Lymphoblastic Leukemia,Homo sapiens,hg19,chr1,92952000,92956000,GFI1,GFI1,Enhancer,Active,Disease,T-cell acute lymphoblastic leukemia,MONDO:0004947,DOID:0050890,Bone marrow,UBERON:0002371,Jurkat T-ALL,CVCL_0065,T lymphoblast,CL:0002419,Enhancer activity assay,ChIP-seq, RNA-seq,Luciferase Reporter Assay, RT-RT-qPCR
2015,26257940,Genome-wide association between YAP/TAZ/TEAD and AP-1 at enhancers drives oncogenic growth,Homo sapiens,hg19,chr6,132272417,132273191,TEAD4,CTGF,Enhancer,Active,Disease,breast carcinoma,MONDO:0006120,DOID:1612,Breast,UBERON:0000310,MDA-MB-231,CVCL_0062,breast carcinoma cell,CL:0000066,Enhancer activity assay,ChIP-seq,Luciferase Reporter Assay
2014,24288367,Establishment of active chromatin structure at enhancer elements by mixed-lineage leukemia 1 to initiate estrogen-dependent gene expression,Homo sapiens,hg19,chr21,42770000,42770700,ESR1,TFF1,Enhancer,Active,Disease,breast carcinoma,MONDO:0006120,DOID:1612,Breast,UBERON:0000310,MCF7,CVCL_0031,breast carcinoma cell,CL:0000066,Enhancer activity assay,ChIP-seq,Luciferase Reporter Assay, ChIP-RT-qPCR, RT-RT-qPCR
2024,38490101,Enhancer infestation drives tumorigenic activation of inactive B compartment in Epstein-Barr virus-positive nasopharyngeal carcinoma,Homo sapiens,hg19,chr1,191100000,191150000,SMAD3; REL,PLA2G4A,Enhancer,Active,Disease,nasopharyngeal carcinoma,MONDO:0005350,DOID:9260,Nasopharyngeal epithelium,UBERON:0008338,C666-1,CVCL_7949,nasopharyngeal carcinoma cell,CL:0000069,Enhancer activity assay, Chromatin interaction assay, Functional perturbation assay,Hi-C, 4C-seq, ChIP-seq, RNA-seq,siRNA Knockdown, RT-RT-qPCR, Western blot, IHC
2024,38490101,Enhancer infestation drives tumorigenic activation of inactive B compartment in Epstein-Barr virus-positive nasopharyngeal carcinoma,Homo sapiens,hg19,chr1,185660000,185710000,SMAD3; REL,PTGS2,Enhancer,Active,Disease,nasopharyngeal carcinoma,MONDO:0005350,DOID:9260,Nasopharyngeal epithelium,UBERON:0008338,C666-1,CVCL_7949,nasopharyngeal carcinoma cell,CL:0000069,Enhancer activity assay, Chromatin interaction assay, Functional perturbation assay,Hi-C, 4C-seq, ChIP-seq, RNA-seq,siRNA Knockdown, RT-RT-qPCR, Western blot
2024,38490101,Enhancer infestation drives tumorigenic activation of inactive B compartment in Epstein-Barr virus-positive nasopharyngeal carcinoma,Homo sapiens,hg19,chr6,134350000,134400000,SMAD3; REL,CITED2,Enhancer,Active,Disease,nasopharyngeal carcinoma,MONDO:0005350,DOID:9260,Nasopharyngeal epithelium,UBERON:0008338,C666-1,CVCL_7949,nasopharyngeal carcinoma cell,CL:0000069,Enhancer activity assay, Chromatin interaction assay, Functional perturbation assay,Hi-C, 4C-seq, ChIP-seq, RNA-seq,siRNA Knockdown, RT-RT-qPCR, Western blot
2023,37729434,TP63 fusions drive multicomplex enhancer rewiring, lymphomagenesis, and EZH2 dependence,Homo sapiens,hg19,chr8,127580017,127580036,TP63,MYC,Enhancer,Active,Disease,blastic plasmacytoid dendritic cell neoplasm,MONDO:0019474,DOID:0080738,Lymph node,UBERON:0000029,SMZ-1,,plasmacytoid dendritic cell,CL:0000786,Regulatory element functional validation, 3D chromatin interaction mapping,ChIP-seq, HiChIP, PRO-seq, RNA-seq, CRISPR-Cas9 screening,qRT-PCR, and ChIP-qPCR
2023,37729434,TP63 fusions drive multicomplex enhancer rewiring, lymphomagenesis, and EZH2 dependence,Homo sapiens,hg19,chr11,85780828,85780847,TP63,EED,Enhancer,Active,Disease,blastic plasmacytoid dendritic cell neoplasm,MONDO:0019474,DOID:0080738,Lymph node,UBERON:0000029,SMZ-1,,plasmacytoid dendritic cell,CL:0000786,Regulatory element functional validation, 3D chromatin interaction mapping,ChIP-seq, HiChIP, PRO-seq, RNA-seq, CRISPR-Cas9 screening,qRT-PCR, and ChIP-qPCR
2023,37729434,TP63 fusions drive multicomplex enhancer rewiring, lymphomagenesis, and EZH2 dependence,Homo sapiens,hg19,chr11,85773039,85773058,TP63,EED,Enhancer,Active,Disease,blastic plasmacytoid dendritic cell neoplasm,MONDO:0019474,DOID:0080738,Lymph node,UBERON:0000029,SMZ-1,,plasmacytoid dendritic cell,CL:0000786,Regulatory element functional validation, 3D chromatin interaction mapping,ChIP-seq, HiChIP, PRO-seq, RNA-seq, CRISPR-Cas9 screening,qRT-PCR, and ChIP-qPCR
2016,26795348,Discordant Haplotype Sequencing Identifies Functional Variants at the 2q33 Breast Cancer Risk Locus,Homo sapiens,hg19,chr2,202204360,202205118,MYC,CASP8,Enhancer,Silenced,Disease,breast carcinoma,MONDO:0006120,DOID:1612,Breast,UBERON:0000310,T-47D,CVCL_0553,breast carcinoma cell,CL:0000066,Enhancer activity assay,ChIP-seq, RNA-seq,Luciferase reporter assay, RT-RT-qPCR
2012,22665440,Integrative functional genomics identifies an enhancer looping to the SOX9 gene disrupted by the 17q243 prostate cancer risk locus,Homo sapiens,hg19,chr17,69108466,69108765,FOXA1,SOX9,Enhancer,Active,Disease,prostate cancer,MONDO:0008315,DOID:10283,Prostate,UBERON:0002367,LNCaP,CVCL_0395,prostate carcinoma cell,CL:0000066,Enhancer activity assay, TF binding assay,ChIP-seq, DNase-seq,Luciferase reporter assay, ChIP-RT-qPCR, Sanger sequencing
2015,26257940,Genome-wide association between YAP/TAZ/TEAD and AP-1 at enhancers drives oncogenic growth,Homo sapiens,hg19,chr10,92680870,92681128,TEAD4,ANKRD1,Enhancer,Active,Disease,prostate cancer,MONDO:0008315,DOID:10283,Prostate,UBERON:0002367,VCaP cells,CVCL_2235,prostate carcinoma cell,CL:0000066,Enhancer activity assay,ChIP-seq,Luciferase Reporter Assay
2014,23698277,Aberrant TAL1 activation is mediated by an interchromosomal interaction in human T-cell acute lymphoblastic leukemia,Homo sapiens,hg19,chr16,19866900,19867895,C-MAF,TAL1,Enhancer,Active,Disease,breast carcinoma,MONDO:0006120,DOID:1612,Breast,UBERON:0000310,MDA-MB-231,CVCL_0062,breast carcinoma cell,CL:0000066,Enhancer activity assay, TF binding assay, Chromatin interaction assay, Functional perturbation assay,ChIP-seq, RNA-seq,Luciferase Reporter Assay, ChIP-RT-qPCR, RT-RT-qPCR, Western blot
2023,37749332,Interaction between estrogen receptor-?? and PNPLA3 pI148M variant drives fatty liver disease susceptibility in women,Homo sapiens,hg19,chr22,44315438,44315637,ESR1,PNPLA3,Enhancer,Active,Disease,T-cell acute lymphoblastic leukemia,MONDO:0004947,DOID:0050890,Blood,UBERON:0000178,Jurkat,CVCL_0065,T lymphoblast,CL:0002419,Enhancer activity assay, TF binding assay, Functional perturbation assay,RNA-seq,Luciferase Reporter Assay, ChIP-RT-qPCR, CRISPR Knockout, qRT-PCR, Western blot
2022,35741778,Discovery and Functional Characterization of Two Regulatory Variants Underlying Lupus Susceptibility at 2p131,Homo sapiens,hg19,chr2,74399364,74399764,ARID3A,DGUOK,Enhancer,Active,Disease,hepatocellular carcinoma,MONDO:0007256,DOID:684,Liver,UBERON:0002107,HepG2,CVCL_0027,hepatocellular carcinoma cell,CL:0000182,Enhancer activity assay, TF binding assay,ChIP-seq, RNA-seq,Luciferase Reporter Assay, ChIP-RT-qPCR, qRT-PCR, Western blot
2021,34155213,A gain-of-function single nucleotide variant creates a new promoter which acts as an orientation-dependent enhancer-blocker,Homo sapiens,hg19,chr16,120000,121400,GATA1; KLF1; TAL1,HBA1,Enhancer,Active,Disease,pancreatic ductal adenocarcinoma,MONDO:0005147,DOID:3490,Pancreas,UBERON:0001264,CAPAN1,CVCL_0026,pancreatic ductal adenocarcinoma cell,CL:0000066,Enhancer activity assay, Chromatin interaction assay,ChIP-seq, ATAC-seq, RNA-seq, 3C-seq,ChIP-RT-qPCR, qRT-PCR
2024,39277592,Enhancer-promoter hubs organize transcriptional networks promoting oncogenesis and drug resistance,Homo sapiens,hg19,chr20,61300000,61600000,,BCL2L1,Enhancer,Active,Disease,mantle cell lymphoma,MONDO:0005052,DOID:0050747,Blood,UBERON:0000178,Rec-1,CVCL_1884,B cell,CL:0000945,Chromatin interaction assay, Functional perturbation assay,Hi-C, ATAC-seq, H3K27ac ChIP-seq, RNA-seq,RT-RT-qPCR
2016,26795348,Discordant Haplotype Sequencing Identifies Functional Variants at the 2q33 Breast Cancer Risk Locus,Homo sapiens,hg19,chr2,202122500,202124030,STAT3; MYC; CTCF,CASP8,Enhancer,Active,Disease,mantle cell lymphoma,MONDO:0005052,DOID:0050747,Blood,UBERON:0000178,Rec-1,CVCL_1884,B cell,CL:0000945,Enhancer activity assay, TF binding assay,RNA-seq, ChIP-seq,Luciferase Reporter Assay, RT-RT-qPCR
2016,26795348,Discordant Haplotype Sequencing Identifies Functional Variants at the 2q33 Breast Cancer Risk Locus,Homo sapiens,hg19,chr2,202204362,202205119,MYC,CASP8,Enhancer,Active,Disease,breast carcinoma,MONDO:0006120,DOID:1612,Breast,UBERON:0000310,T-47D,CVCL_0553,breast carcinoma cell,CL:0000066,Enhancer activity assay, TF binding assay,RNA-seq, ChIP-seq,Luciferase Reporter Assay, RT-RT-qPCR
2016,26814967,Active medulloblastoma enhancers reveal subgroup-specific cellular origins,Homo sapiens,hg19,chr1,165355703,165356702,LMX1A,LMX1A,Enhancer,Active,Disease,breast carcinoma,MONDO:0006120,DOID:1612,Breast,UBERON:0000310,T-47D,CVCL_0553,breast carcinoma cell,CL:0000066,Enhancer activity assay, TF binding assay, Functional perturbation assay,ChIP-seq, RNA-seq,Transgenic Reporter Assay, CRISPR Knockout, RT-RT-qPCR, Western blot, Immunofluorescence
2016,26814967,Active medulloblastoma enhancers reveal subgroup-specific cellular origins,Homo sapiens,hg19,chr1,165355703,165356702,LMX1A,LMX1A,Enhancer,Active,Disease,medulloblastoma,MONDO:0005146,DOID:0050902,Brain,UBERON:0000955,Primary Medulloblastoma Tissue (Group4 subgroup),,medulloblastoma cell,CL:0000127,Enhancer activity assay, TF binding assay, Functional perturbation assay,ChIP-seq, RNA-seq,Transgenic Reporter Assay, CRISPR Knockout, RT-RT-qPCR, Western blot, Immunofluorescence
2019,30612741,A Genome-wide Framework for Mapping Gene Regulation via Cellular Genetic Screens,Homo sapiens,hg19,chr1,182308166,182308458,,GLUL,Enhancer,Active,Disease,chronic myeloid leukemia,MONDO:0011998,DOID:8552,Blood,UBERON:0000178,K562,CVCL_0004,chronic myeloid leukemia cell,CL:0001054,Functional validation,scRNA-seq, RNA-seq,CRISPRi, CRISPR KO, RT-RT-qPCR
2019,30612741,A Genome-wide Framework for Mapping Gene Regulation via Cellular Genetic Screens,Homo sapiens,hg19,chr1,71140581,71141097,,PTGER3,Enhancer,Active,Disease,chronic myeloid leukemia,MONDO:0011998,DOID:8552,Blood,UBERON:0000178,K562,CVCL_0004,chronic myeloid leukemia cell,CL:0001054,Functional validation,scRNA-seq, RNA-seq,CRISPRi, RT-RT-qPCR
2019,30612741,A Genome-wide Framework for Mapping Gene Regulation via Cellular Genetic Screens,Homo sapiens,hg19,chr16,23833191,23833694,,PRKCB,Enhancer,Active,Disease,chronic myeloid leukemia,MONDO:0011998,DOID:8552,Blood,UBERON:0000178,K562,CVCL_0004,chronic myeloid leukemia cell,CL:0001054,Functional validation,scRNA-seq, RNA-seq,CRISPRi, RT-RT-qPCR
2019,30612741,A Genome-wide Framework for Mapping Gene Regulation via Cellular Genetic Screens,Homo sapiens,hg19,chr2,127402697,127403360,,GYPC,Enhancer,Active,Disease,chronic myeloid leukemia,MONDO:0011998,DOID:8552,Blood,UBERON:0000178,K562,CVCL_0004,chronic myeloid leukemia cell,CL:0001054,Functional validation,scRNA-seq, RNA-seq,CRISPRi, RT-RT-qPCR
2019,30612741,A Genome-wide Framework for Mapping Gene Regulation via Cellular Genetic Screens,Homo sapiens,hg19,chr4,56595855,56596581,,NMU,Enhancer,Active,Disease,chronic myeloid leukemia,MONDO:0011998,DOID:8552,Blood,UBERON:0000178,K562,CVCL_0004,chronic myeloid leukemia cell,CL:0001054,Functional validation,scRNA-seq, RNA-seq,CRISPRi, CRISPR KO, RT-RT-qPCR, FlowFISH
2019,30612741,A Genome-wide Framework for Mapping Gene Regulation via Cellular Genetic Screens,Homo sapiens,hg19,chr4,56596632,56597095,,NMU,Enhancer,Active,Disease,chronic myeloid leukemia,MONDO:0011998,DOID:8552,Blood,UBERON:0000178,K562,CVCL_0004,chronic myeloid leukemia cell,CL:0001054,Functional validation,scRNA-seq, RNA-seq,CRISPRi, CRISPR KO, RT-RT-qPCR, FlowFISH
2019,30612741,A Genome-wide Framework for Mapping Gene Regulation via Cellular Genetic Screens,Homo sapiens,hg19,chr4,56600029,56600394,,NMU,Enhancer,Active,Disease,chronic myeloid leukemia,MONDO:0011998,DOID:8552,Blood,UBERON:0000178,K562,CVCL_0004,chronic myeloid leukemia cell,CL:0001054,Functional validation,scRNA-seq, RNA-seq,CRISPRi, CRISPR KO, RT-RT-qPCR, FlowFISH
2025,40382324,Auricular malformations are driven by copy number variations in a hierarchical enhancer cluster and a dominant enhancer recapitulates human pathogenesis,Homo sapiens,hg19,chr4,8712912,8728565,,HMX1,Enhancer,Active,Disease,chronic myeloid leukemia,MONDO:0011998,DOID:8552,Blood,UBERON:0000178,K562,CVCL_0004,chronic myeloid leukemia cell,CL:0001054,Enhancer activity assay, Chromatin interaction assay,ChIP-seq, ATAC-seq, Hi-C,Transgenic Reporter Assay
2020,32493985,GATA2 Regulates Constitutive PD-L1 and PD-L2 Expression in Brain Tumors,Homo sapiens,hg19,chr9,5455064,5456191,FOS,CD274,Enhancer,Active,Disease,meningioma,MONDO:0005149,DOID:3565,Brain,UBERON:0000955,Human meningioma cell,,meningioma cell,CL:0000127,Enhancer activity assay,ChIP-seq, RNA-seq,Luciferase Reporter Assay, RT-RT-qPCR, Flow Cytometry
2020,32493985,GATA2 Regulates Constitutive PD-L1 and PD-L2 Expression in Brain Tumors,Homo sapiens,hg19,chr9,5455064,5456191,FOS,CD274,Enhancer,Active,Disease,meningioma,MONDO:0005149,DOID:3565,Brain,UBERON:0000955,KALS1,,meningioma cell,CL:0000127,Enhancer activity assay,ChIP-seq, RNA-seq,Luciferase Reporter Assay, RT-RT-qPCR, Flow Cytometry
2020,32493985,GATA2 Regulates Constitutive PD-L1 and PD-L2 Expression in Brain Tumors,Homo sapiens,hg19,chr9,5459072,5460776,GATA2,CD274,Enhancer,Active,Disease,meningioma,MONDO:0005149,DOID:3565,Brain,UBERON:0000955,Brain tumor initiating cells,,brain tumor initiating cell,CL:0000127,Enhancer activity assay, TF binding assay, Functional perturbation assay,ChIP-seq, RNA-seq,Luciferase Reporter Assay, RT-RT-qPCR, Flow Cytometry, shRNA Knockdown, Western blot
2020,32493985,GATA2 Regulates Constitutive PD-L1 and PD-L2 Expression in Brain Tumors,Homo sapiens,hg19,chr9,5459072,5460776,GATA2,CD274,Enhancer,Active,Disease,meningioma,MONDO:0005149,DOID:3565,Brain,UBERON:0000955,Human meningioma cell,,meningioma cell,CL:0000127,Enhancer activity assay, TF binding assay, Functional perturbation assay,ChIP-seq, RNA-seq,Luciferase Reporter Assay, RT-RT-qPCR, Flow Cytometry, shRNA Knockdown, Western blot
2020,32493985,GATA2 Regulates Constitutive PD-L1 and PD-L2 Expression in Brain Tumors,Homo sapiens,hg19,chr9,5459072,5460776,GATA2,CD274,Enhancer,Active,Disease,meningioma,MONDO:0005149,DOID:3565,Brain,UBERON:0000955,KALS1,,meningioma cell,CL:0000127,Enhancer activity assay, TF binding assay, Functional perturbation assay,ChIP-seq, RNA-seq,Luciferase Reporter Assay, RT-RT-qPCR, Flow Cytometry, shRNA Knockdown, Western blot
2020,32493985,GATA2 Regulates Constitutive PD-L1 and PD-L2 Expression in Brain Tumors,Homo sapiens,hg19,chr9,5459072,5459797,FOS,CD274,Enhancer,Active,Disease,meningioma,MONDO:0005149,DOID:3565,Brain,UBERON:0000955,Brain tumor initiating cells,,brain tumor initiating cell,CL:0000127,Enhancer activity assay,ChIP-seq, RNA-seq,Luciferase Reporter Assay, RT-RT-qPCR, Flow Cytometry
2020,32493985,GATA2 Regulates Constitutive PD-L1 and PD-L2 Expression in Brain Tumors,Homo sapiens,hg19,chr9,5459072,5459797,FOS,CD274,Enhancer,Active,Disease,meningioma,MONDO:0005149,DOID:3565,Brain,UBERON:0000955,Human meningioma cell,,meningioma cell,CL:0000127,Enhancer activity assay,ChIP-seq, RNA-seq,Luciferase Reporter Assay, RT-RT-qPCR, Flow Cytometry
2020,32493985,GATA2 Regulates Constitutive PD-L1 and PD-L2 Expression in Brain Tumors,Homo sapiens,hg19,chr9,5459072,5459797,FOS,CD274,Enhancer,Active,Disease,meningioma,MONDO:0005149,DOID:3565,Brain,UBERON:0000955,KALS1,,meningioma cell,CL:0000127,Enhancer activity assay,ChIP-seq, RNA-seq,Luciferase Reporter Assay, RT-RT-qPCR, Flow Cytometry
2020,32493985,GATA2 Regulates Constitutive PD-L1 and PD-L2 Expression in Brain Tumors,Homo sapiens,hg19,chr9,5504029,5504679,GATA2,PDCD1LG2,Enhancer,Active,Disease,meningioma,MONDO:0005149,DOID:3565,Brain,UBERON:0000955,Brain tumor initiating cells,,brain tumor initiating cell,CL:0000127,Enhancer activity assay, TF binding assay, Functional perturbation assay,ChIP-seq, RNA-seq,Luciferase Reporter Assay, RT-RT-qPCR, Flow Cytometry, shRNA Knockdown, Western blot
2020,32493985,GATA2 Regulates Constitutive PD-L1 and PD-L2 Expression in Brain Tumors,Homo sapiens,hg19,chr9,5504029,5504679,GATA2,PDCD1LG2,Enhancer,Active,Disease,meningioma,MONDO:0005149,DOID:3565,Brain,UBERON:0000955,Human meningioma cell,,meningioma cell,CL:0000127,Enhancer activity assay, TF binding assay, Functional perturbation assay,ChIP-seq, RNA-seq,Luciferase Reporter Assay, RT-RT-qPCR, Flow Cytometry, shRNA Knockdown, Western blot
2020,32493985,GATA2 Regulates Constitutive PD-L1 and PD-L2 Expression in Brain Tumors,Homo sapiens,hg19,chr9,5504029,5504679,GATA2,PDCD1LG2,Enhancer,Active,Disease,meningioma,MONDO:0005149,DOID:3565,Brain,UBERON:0000955,KALS1,,meningioma cell,CL:0000127,Enhancer activity assay, TF binding assay, Functional perturbation assay,ChIP-seq, RNA-seq,Luciferase Reporter Assay, RT-RT-qPCR, Flow Cytometry, shRNA Knockdown, Western blot
2016,26615198,CFTR regulatory elements identified by 5C,Homo sapiens,hg19,chr7,117130000,117131000,HNF1,CFTR,Enhancer,Active,Disease,meningioma,MONDO:0005149,DOID:3565,Brain,UBERON:0000955,Brain tumor initiating cells,,brain tumor initiating cell,CL:0000127,Enhancer activity assay,ChIP-seq,Luciferase Reporter Assay
2016,26751173,Functional genetic screens for enhancer elements in the human genome using CRISPR-Cas9,Homo sapiens,hg19,chr11,69448000,69452000,,CCND1,Enhancer,Active,Disease,colorectal adenocarcinoma,MONDO:0005132,DOID:9256,Colon,UBERON:0001155,Caco-2,CVCL_0025,colorectal adenocarcinoma cell,CL:0000066,Genetic perturbation screen,CRISPR dropout screen sequencing,Luciferase Reporter Assay
2017,29116202,Acetylated histone variant H2AZ is involved in the activation of neo-enhancers in prostate cancer,Homo sapiens,hg19,chr2,11679389,11680097,AR,GREB1,Enhancer,Active,Disease,breast carcinoma,MONDO:0006120,DOID:1612,Breast,UBERON:0000310,MCF-7,CVCL_0031,breast carcinoma cell,CL:0000066,Enhancer activity assay, TF binding assay, Functional perturbation assay,ChIP-seq, RNA-seq, NOMe-seq,ChIP-RT-qPCR, RT-RT-qPCR, Western blot
2017,29116202,Acetylated histone variant H2AZ is involved in the activation of neo-enhancers in prostate cancer,Homo sapiens,hg19,chr2,11679389,11680097,AR,GREB1,Enhancer,Active,Disease,prostate cancer,MONDO:0008315,DOID:10283,Prostate gland,UBERON:0002367,LNCaP,CVCL_0395,prostate carcinoma cell,CL:0000066,Enhancer activity assay, TF binding assay, Functional perturbation assay,ChIP-seq, RNA-seq, NOMe-seq,ChIP-RT-qPCR, RT-RT-qPCR, Western blot
2017,29116202,Acetylated histone variant H2AZ is involved in the activation of neo-enhancers in prostate cancer,Homo sapiens,hg19,chr2,234861935,234862442,AR,TRPM8,Enhancer,Active,Disease,prostate cancer,MONDO:0008315,DOID:10283,Prostate gland,UBERON:0002367,VCaP,CVCL_2235,prostate carcinoma cell,CL:0000066,Enhancer activity assay, TF binding assay, Functional perturbation assay,ChIP-seq, RNA-seq, NOMe-seq,ChIP-RT-qPCR, RT-RT-qPCR, Western blot
2017,29116202,Acetylated histone variant H2AZ is involved in the activation of neo-enhancers in prostate cancer,Homo sapiens,hg19,chr2,234861935,234862442,AR,TRPM8,Enhancer,Active,Disease,prostate cancer,MONDO:0008315,DOID:10283,Prostate gland,UBERON:0002367,LNCaP,CVCL_0395,prostate carcinoma cell,CL:0000066,Enhancer activity assay, TF binding assay, Functional perturbation assay,ChIP-seq, RNA-seq, NOMe-seq,ChIP-RT-qPCR, RT-RT-qPCR, Western blot
2017,27980063,BRD4 promotes p63 and GRHL3 expression downstream of FOXO in mammary epithelial cells,Homo sapiens,hg19,chr3,189630000,189680000,BRD4,TP63,Enhancer,Active,Disease,prostate cancer,MONDO:0008315,DOID:10283,Prostate gland,UBERON:0002367,VCaP,CVCL_2235,prostate carcinoma cell,CL:0000066,Enhancer activity assay,ChIP-seq,Luciferase Reporter Assay, RT-RT-qPCR, ChIP-RT-qPCR, Western blot
2017,28378740,A CD47-associated super-enhancer links pro-inflammatory signalling to CD47 upregulation in breast cancer,Homo sapiens,hg19,chr3,107705500,107706800,NFKB1,CD47,Enhancer,Active,Disease,T-cell acute lymphoblastic leukemia,MONDO:0004947,DOID:0050890,Blood,UBERON:0000178,Jurkat,CVCL_0065,T lymphoblast,CL:0002419,Enhancer activity assay,ChIP-seq,Luciferase Reporter Assay
2017,28737489,NFATc2 enhances tumor-initiating phenotypes through the NFATc2/SOX2/ALDH axis in lung adenocarcinoma,Homo sapiens,hg19,chr9,75595800,75602900,SOX2,ALDH1A1,Enhancer,Active,Disease,breast carcinoma,MONDO:0006120,DOID:1612,Breast,UBERON:0000310,MCF7,CVCL_0031,breast carcinoma cell,CL:0000066,Enhancer activity assay,ChIP-seq,Luciferase Reporter Assay
2017,29155818,SNAIL1-mediated downregulation of FOXA proteins facilitates the inactivation of transcriptional enhancer elements at key epithelial genes in colorectal cancer cells,Homo sapiens,hg19,chr16,68779512,68779800,FOXA1,CDH1,Enhancer,Active,Disease,lung adenocarcinoma,MONDO:0005032,DOID:3905,Lung,UBERON:0002048,A549,CVCL_0023,lung adenocarcinoma cell,CL:0001069,Enhancer activity assay, TF binding assay,ChIP-seq,Luciferase Reporter Assay, ChIP-RT-qPCR, RT-RT-qPCR
2017,29155818,SNAIL1-mediated downregulation of FOXA proteins facilitates the inactivation of transcriptional enhancer elements at key epithelial genes in colorectal cancer cells,Homo sapiens,hg19,chr16,68779512,68779800,FOXA1,CDH1,Enhancer,Active,Disease,colorectal carcinoma,MONDO:0005132,DOID:9256,Colon,UBERON:0001155,HCT116,CVCL_0291,colorectal carcinoma cell,CL:0000066,Enhancer activity assay, TF binding assay,ChIP-seq,Luciferase Reporter Assay, ChIP-RT-qPCR, RT-RT-qPCR
2018,29348663,Enhancer-associated long non-coding RNA LEENE regulates endothelial nitric oxide synthase and endothelial function,Homo sapiens,hg19,chr14,56265000,56275000,KLF4,NOS3,Enhancer,Active,Disease,colorectal carcinoma,MONDO:0005132,DOID:9256,Colon,UBERON:0001155,HT29,CVCL_0320,colorectal carcinoma cell,CL:0000066,Enhancer activity assay, chromatin interaction assay,ChIP-seq, Hi-C, 4C-seq,qRT-PCR, and ChIP-qPCR
2019,30760518,YY1 Complex Promotes Quaking Expression via Super-Enhancer Binding during EMT of Hepatocellular Carcinoma,Homo sapiens,hg19,chr6,163826086,163833600,YY1,QKI,Enhancer,Active,Disease,hepatocellular carcinoma,MONDO:0007256,DOID:684,Liver,UBERON:0002107,PLC-PRF-5,CVCL_0485,hepatocellular carcinoma cell,CL:0000182,Enhancer activity assay, TF binding assay, Functional perturbation assay,ChIP-seq, RNA-seq,Luciferase Reporter Assay, ChIP-RT-qPCR, RT-RT-qPCR, Western blot
2023,37066790,SOX17 enhancer variants disrupt transcription factor binding and enhancer inactivity drives pulmonary hypertension,Homo sapiens,hg19,chr8,41090000,41090300,RORA,SOX17,Enhancer,Active,Disease,hepatocellular carcinoma,MONDO:0007256,DOID:684,Liver,UBERON:0002107,Hep3B,CVCL_0326,hepatocellular carcinoma cell,CL:0000182,Enhancer activity assay,ChIP-seq, RNA-seq,Luciferase Reporter Assay, ChIP-RT-qPCR
2023,36877164,LSD1 inhibition disrupts super-enhancer driven oncogenic transcriptional programs in castration-resistant prostate cancer,Homo sapiens,hg19,chr8,128748351,128800823,FOXA1; MYC,MYC,Enhancer,Active,Disease,prostate cancer,MONDO:0008315,DOID:10283,Prostate,UBERON:0002367,CWR22RV1,CVCL_1045,prostate carcinoma cell,CL:0000066,Enhancer activity assay, TF binding assay, Functional perturbation assay,ChIP-seq, RNA-seq,ChIP-RT-qPCR, RT-RT-qPCR, Western blot
2023,37728419,Three-Dimensional Chromosomal Landscape Revealing miR-146a Dysfunctional Enhancer in Lupus and Establishing a CRISPR-Mediated Approach to Inhibit the Interferon Pathway,Homo sapiens,hg19,chr5,159927785,159928129,,MIR146A,Enhancer,Active,Disease,prostate cancer,MONDO:0008315,DOID:10283,Prostate,UBERON:0002367,LNCaP95,CVCL_WK56,prostate carcinoma cell,CL:0000066,Functional perturbation assay,Hi-C, ATAC-seq,CRISPR Knockout, CRISPRi, RT-RT-qPCR
2022,35316324,Concurrent CDX2 cis-deregulation and UBTF::ATXN7L3 fusion define a novel high-risk subtype of B-cell ALL,Homo sapiens,hg19,chr13,27950000,27980000,,CDX2,Enhancer,Active,Disease,small cell lung carcinoma,MONDO:0005020,DOID:5409,Lung,UBERON:0002048,H128,CVCL_1491,small cell lung carcinoma cell,CL:0000066,Histone modification ChIP-seq, Chromosome conformation capture sequencing, CRISPR interference,H3K27ac ChIP-seq, H3K4me3 ChIP-seq, ATAC-seq, 4C-seq,RT-RT-qPCR, Western blot
2022,35316324,Concurrent CDX2 cis-deregulation and UBTF::ATXN7L3 fusion define a novel high-risk subtype of B-cell ALL,Homo sapiens,hg19,chr13,27950000,27980000,,PAN3,Enhancer,Active,Disease,B-cell acute lymphoblastic leukemia,MONDO:0004945,DOID:0080545,Bone Marrow,UBERON:0002371,NALM16,CVCL_1891,B lymphoblast,CL:0000945,Histone modification ChIP-seq, Chromosome conformation capture sequencing, CRISPR interference,H3K27ac ChIP-seq, H3K4me3 ChIP-seq, ATAC-seq, 4C-seq,RT-RT-qPCR, Western blot
2022,35316324,Concurrent CDX2 cis-deregulation and UBTF::ATXN7L3 fusion define a novel high-risk subtype of B-cell ALL,Homo sapiens,hg19,chr13,27950000,27980000,,FLT3,Enhancer,Active,Disease,B-cell acute lymphoblastic leukemia,MONDO:0004945,DOID:0080545,Bone Marrow,UBERON:0002371,primary human B-ALL blasts,,B lymphoblast,CL:0000945,Histone modification ChIP-seq, Chromosome conformation capture sequencing, CRISPR interference,H3K27ac ChIP-seq, H3K4me3 ChIP-seq, ATAC-seq, 4C-seq,RT-RT-qPCR, Western blot
2022,35316324,Concurrent CDX2 cis-deregulation and UBTF::ATXN7L3 fusion define a novel high-risk subtype of B-cell ALL,Homo sapiens,hg19,chr13,28268000,28270000,CDX2,CDX2,Promoter,Active,Disease,B-cell acute lymphoblastic leukemia,MONDO:0004945,DOID:0080545,Bone Marrow,UBERON:0002371,PDX B-ALL cells,,patient-derived xenograft B-ALL cell,CL:0000945,Histone modification ChIP-seq, Chromosome conformation capture sequencing, RNA-DNA FISH,H3K27ac ChIP-seq, H3K4me3 ChIP-seq, 4C-seq, RNA-seq,Allele-specific expression analysis
2022,35316324,Concurrent CDX2 cis-deregulation and UBTF::ATXN7L3 fusion define a novel high-risk subtype of B-cell ALL,Homo sapiens,hg19,chr13,28268000,28270000,CDX2,CDX2,Promoter,Active,Disease,B-cell acute lymphoblastic leukemia,MONDO:0004945,DOID:0080545,Bone Marrow,UBERON:0002371,NALM16,CVCL_1891,B lymphoblast,CL:0000945,Histone modification ChIP-seq, Chromosome conformation capture sequencing, RNA-DNA FISH,H3K27ac ChIP-seq, H3K4me3 ChIP-seq, 4C-seq, RNA-seq,Allele-specific expression analysis
2022,35316324,Concurrent CDX2 cis-deregulation and UBTF::ATXN7L3 fusion define a novel high-risk subtype of B-cell ALL,Homo sapiens,hg19,chr13,28268000,28270000,CDX2,CDX2,Promoter,Active,Disease,B-cell acute lymphoblastic leukemia,MONDO:0004945,DOID:0080545,Bone Marrow,UBERON:0002371,primary human B-ALL blasts,,B lymphoblast,CL:0000945,Histone modification ChIP-seq, Chromosome conformation capture sequencing, RNA-DNA FISH,H3K27ac ChIP-seq, H3K4me3 ChIP-seq, 4C-seq, RNA-seq,Allele-specific expression analysis
2019,31078271,The SNP of rs6854845 suppresses transcription via the DNA looping structure alteration of super-enhancer in colon cells,Homo sapiens,hg19,chr4,75746565,75746914,,EREG,Enhancer,Active,Disease,B-cell acute lymphoblastic leukemia,MONDO:0004945,DOID:0080545,Bone Marrow,UBERON:0002371,PDX B-ALL cells,,patient-derived xenograft B-ALL cell,CL:0000945,Chromatin interaction assay, Functional perturbation assay,Hi-C, RNA-seq,3C, RT-RT-qPCR, CRISPR knockout
2019,31078271,The SNP of rs6854845 suppresses transcription via the DNA looping structure alteration of super-enhancer in colon cells,Homo sapiens,hg19,chr4,76213678,76224314,,CXCL2,Enhancer,Active,Disease,prostate cancer,MONDO:0008315,DOID:10283,Prostate gland,UBERON:0002367,LNCaP cells,CVCL_0395,prostate carcinoma cell,CL:0000066,Enhancer activity assay,ChIP-seq,ChIP-RT-qPCR, CRISPR Knockout
2022,35769482,Regulatory Architecture of the RCA Gene Cluster Captures an Intragenic TAD Boundary, CTCF-Mediated Chromatin Looping and a Long-Range Intergenic Enhancer,Homo sapiens,hg19,chr1,207411000,207424000,,CR2,Enhancer,Active,Disease,acute monocytic leukemia,MONDO:0005025,DOID:0080147,Blood,UBERON:0000178,Human monocytic leukemia cell,CVCL_0006,acute monocytic leukemia cell,CL:0000576,Functional perturbation assay,Hi-C, 3C-seq,CRISPR Knockout, RT-RT-qPCR, Flow Cytometry
2015,25381333,Functional characterization of CYP2D6 enhancer polymorphisms,Homo sapiens,hg19,chr22,42412900,42413141,,CYP2D6,Enhancer,Active,Disease,colorectal adenocarcinoma,MONDO:0005132,DOID:9256,Colon,UBERON:0001155,Caco-2,CVCL_0025,colorectal adenocarcinoma cell,CL:0000066,Enhancer activity assay,,Luciferase Reporter Assay, CRISPR Knockout, RT-RT-qPCR
2015,26232425,PXR Activation Modulates HepG2 Cell Morphology and Migration Through the HNF4??-IGFBP1 Signaling Axis,Homo sapiens,hg19,chr20,43210000,43212000,NR1I2,HNF4A,Enhancer,Silenced,Disease,hepatocellular carcinoma,MONDO:0007256,DOID:684,Liver,UBERON:0002107,HepG2 hepatocellular carcinoma,CVCL_0027,hepatocellular carcinoma cell,CL:0000182,Enhancer activity assay,ChIP-seq,Luciferase Reporter Assay
2015,26423156,CARMEN, a human super enhancer-associated long noncoding RNA controlling cardiac specification, differentiation and homeostasis,Homo sapiens,hg19,chr5,149432000,149433000,SRF,NKX2.5,Enhancer,Active,Disease,hepatocellular carcinoma,MONDO:0007256,DOID:684,Liver,UBERON:0002107,HepG2,CVCL_0027,hepatocellular carcinoma cell,CL:0000182,Enhancer activity assay,ChIP-seq, RNA-seq,Luciferase Reporter Assay, RT-RT-qPCR
2014,24510239,ABCC4 Copy Number Variation and ESCC,Homo sapiens,hg19,chr13,94663320,94664200,GATA3,ABCC4,Enhancer,Active,Disease,adrenocortical carcinoma,MONDO:0005075,DOID:3948,Adrenal gland,UBERON:0002369,H295R,CVCL_0458,adrenocortical carcinoma cell,CL:0000135,Enhancer activity assay, CNV functional assay,ChIP-seq,Luciferase reporter assay, RT-RT-qPCR, siRNA
2014,24512546,FOXA1 promotes tumor cell proliferation through AR involving the Notch pathway in endometrial cancer,Homo sapiens,hg19,chr8,128749000,128750000,FOXA1; AR,MYC,Enhancer,Active,Disease,esophageal squamous cell carcinoma,MONDO:0005082,DOID:3748,Esophagus,UBERON:0001043,KYSE-30,CVCL_1351,esophageal squamous cell carcinoma cell,CL:0000069,Enhancer activity assay, Functional perturbation assay,ChIP-seq,Luciferase Reporter Assay, RT-RT-qPCR, Western blot
2023,37832549,Genome-wide CRISPR activation screening in senescent cells reveals SOX5 as a driver and therapeutic target of rejuvenation,Homo sapiens,hg19,chr11,63800000,63802500,,OSKM,Enhancer,Active,Disease,endometrial adenocarcinoma,MONDO:0005047,DOID:2870,Endometrium,UBERON:0001295,MFE-296,CVCL_1406,endometrial adenocarcinoma cell,CL:0000069,Functional perturbation assay, Enhancer activity assay,Hi-C, RNA-seq,CRISPRa, Western blot
2026,41849608,KLF5 controls subtype-independent highly interactive enhancers in pancreatic cancer to regulate cell survival,Homo sapiens,hg19,chr22,29165000,29175000,KLF5,BCL2L1,Enhancer,Active,Disease,pancreatic ductal adenocarcinoma,MONDO:0005147,DOID:3490,Pancreas,UBERON:0001264,AsPC1,CVCL_0152,pancreatic ductal adenocarcinoma cell,CL:0000066,Regulatory element functional validation, 3D chromatin interaction mapping,ATAC-seq, ChIP-seq, HiChIP, RNA-seq, nascent RNA-seq,dCas9-KRAB epigenetic silencing, RT-RT-qPCR, Western blot, flow cytometry, multiplex immunofluorescence
2026,41849608,KLF5 controls subtype-independent highly interactive enhancers in pancreatic cancer to regulate cell survival,Homo sapiens,hg19,chr22,29185000,29195000,KLF5,BCL2L1,Enhancer,Active,Disease,pancreatic ductal adenocarcinoma,MONDO:0005147,DOID:3490,Pancreas,UBERON:0001264,AsPC1,CVCL_0152,pancreatic ductal adenocarcinoma cell,CL:0000066,Regulatory element functional validation, 3D chromatin interaction mapping,ATAC-seq, ChIP-seq, HiChIP, RNA-seq, nascent RNA-seq,dCas9-KRAB epigenetic silencing, RT-RT-qPCR, Western blot, flow cytometry, multiplex immunofluorescence
2015,26423156,CARMEN, a human super enhancer-associated long noncoding RNA controlling cardiac specification, differentiation and homeostasis,Homo sapiens,hg19,chr5,149433000,149434000,MESP1,MESP1,Enhancer,Active,Disease,pancreatic ductal adenocarcinoma,MONDO:0005147,DOID:3490,Pancreas,UBERON:0001264,AsPC1,CVCL_0152,pancreatic ductal adenocarcinoma cell,CL:0000066,Enhancer activity assay,ChIP-seq,RNA-seq,Luciferase Reporter Assay,qRT-PCR
2016,26818267,Utility of next-generation RNA-sequencing in identifying chimeric transcription involving human endogenous retroviruses,Homo sapiens,hg19,chr7,84508000,84510000,,SEMA3A,Enhancer,Active,Disease,chronic myeloid leukemia,MONDO:0011998,DOID:8552,Bone marrow,UBERON:0002371,K562,CVCL_0004,chronic myeloid leukemia cell,CL:0001054,Functional perturbation assay,RNA-seq, ChIP-seq,RT-RT-qPCR
2013,24039598,An enhancer element harboring variants associated with systemic lupus erythematosus engages the TNFAIP3 promoter to influence A20 expression,Homo sapiens,hg19,chr6,138229810,138230149,NFKB1,TNFAIP3,Enhancer,Active,Disease,chronic myeloid leukemia,MONDO:0011998,DOID:8552,Bone marrow,UBERON:0002371,K562,CVCL_0004,chronic myeloid leukemia cell,CL:0001054,Enhancer activity assay, Chromatin interaction assay, TF binding assay,ChIP-seq,Luciferase reporter assay, EMSA, ChIP-RT-qPCR
2013,23302769,Bivalent promoter marks and a latent enhancer may prime the leukaemia oncogene LMO1 for ectopic expression in T-cell leukaemia,Homo sapiens,hg19,chr11,8264000,8265500,TAL1,LMO1,Enhancer,Active,Disease,T-cell acute lymphoblastic leukemia,MONDO:0004947,DOID:0050890,Blood,UBERON:0000178,Jurkat cells,CVCL_0065,T lymphoblast,CL:0002419,Enhancer activity assay,ChIP-seq,Luciferase reporter assay, Transgenic reporter assay, RT-RT-qPCR
2013,24332044,Super-enhancer associated dependencies in diffuse large B-cell lymphoma,Homo sapiens,hg19,chr8,128747000,128753000,,MYC,Enhancer,Active,Disease,T-cell acute lymphoblastic leukemia,MONDO:0004947,DOID:0050890,Blood,UBERON:0000178,Jurkat cells,CVCL_0065,T lymphoblast,CL:0002419,Enhancer activity assay, Oncogenic dependency assay,ChIP-seq, RNA-seq,Luciferase reporter assay, siRNA knockdown, RT-RT-qPCR
2013,23637611,TIP48/Reptin and H2AZ Requirement for Initiating Chromatin Remodeling in Estrogen-Activated Transcription,Homo sapiens,hg19,chr11,69470000,69470500,ESR1,CCND1,Enhancer,Active,Disease,diffuse large B-cell lymphoma,MONDO:0005042,DOID:0050746,Lymphoid tissue,UBERON:0001745,DLBCL cells,,B cell,CL:0000945,Chromatin interaction assay,ChIP-seq,3C assay, ChIP-RT-qPCR, RT-RT-qPCR, Western blot
2014,24667606,Targeted repression of AXIN2 and MYC gene expression using designer TALEs,Homo sapiens,hg19,chr8,128817000,128818000,TCF7L2,MYC,Enhancer,Active,Disease,breast carcinoma,MONDO:0006120,DOID:1612,Breast,UBERON:0000310,MCF-7 cells,CVCL_0031,breast carcinoma cell,CL:0000066,Enhancer activity assay,ChIP-seq,Luciferase Reporter Assay, RT-RT-qPCR, Western blot
2010,19966299,A beta-catenin/TCF-coordinated chromatin loop at MYC integrates 5' and 3' Wnt responsive enhancers,Homo sapiens,hg19,chr8,128745000,128745100,TCF7L2,MYC,Enhancer,Active,Disease,colorectal cancer,MONDO:0005176,DOID:9256,Colon,UBERON:0001155,HCT116 cells,CVCL_0291,colorectal carcinoma cell,CL:0000066,Enhancer activity assay, Chromatin interaction assay, Functional perturbation assay,,Luciferase Reporter Assay, 3C-seq, ChIP-RT-qPCR, RT-RT-qPCR
2010,19966299,A beta-catenin/TCF-coordinated chromatin loop at MYC integrates 5' and 3' Wnt responsive enhancers,Homo sapiens,hg19,chr8,128750000,128750100,TCF7L2,MYC,Enhancer,Active,Disease,colorectal cancer,MONDO:0005176,DOID:9256,Colon,UBERON:0001155,HCT116 cells,CVCL_0291,colorectal carcinoma cell,CL:0000066,Enhancer activity assay, Chromatin interaction assay, Functional perturbation assay,,Luciferase Reporter Assay, 3C-seq, ChIP-RT-qPCR, RT-RT-qPCR
2024,38760567,Engineered CRISPR-Cas12a for higher-order combinatorial chromatin perturbations,Homo sapiens,hg19,chr8,128910869,128911521,,MYC,Enhancer,Active,Disease,chronic myeloid leukemia,MONDO:0011998,DOID:8552,Blood,UBERON:0000178,K562,CVCL_0004,chronic myeloid leukemia cell,CL:0001054,Functional perturbation assay,RNA-seq,CRISPRi, Flow Cytometry, qRT-PCR
2024,38760567,Engineered CRISPR-Cas12a for higher-order combinatorial chromatin perturbations,Homo sapiens,hg19,chr8,128972341,128973219,,MYC,Enhancer,Active,Disease,chronic myeloid leukemia,MONDO:0011998,DOID:8552,Blood,UBERON:0000178,K562,CVCL_0004,chronic myeloid leukemia cell,CL:0001054,Functional perturbation assay,RNA-seq,CRISPRi, Flow Cytometry, qRT-PCR
2024,38760567,Engineered CRISPR-Cas12a for higher-order combinatorial chromatin perturbations,Homo sapiens,hg19,chr8,129057272,129057795,,MYC,Enhancer,Active,Disease,chronic myeloid leukemia,MONDO:0011998,DOID:8552,Blood,UBERON:0000178,K562,CVCL_0004,chronic myeloid leukemia cell,CL:0001054,Functional perturbation assay,RNA-seq,CRISPRi, Flow Cytometry, qRT-PCR
2024,38760567,Engineered CRISPR-Cas12a for higher-order combinatorial chromatin perturbations,Homo sapiens,hg19,chr11,5270500,5271500,,HBG1,Enhancer,Active,Disease,chronic myeloid leukemia,MONDO:0011998,DOID:8552,Blood,UBERON:0000178,K562,CVCL_0004,chronic myeloid leukemia cell,CL:0001054,Functional perturbation assay,RNA-seq,CRISPRi, qRT-PCR
2021,34493733,Transcriptional network involving ERG and AR orchestrates Distal-less homeobox-1 mediated prostate cancer progression,Homo sapiens,hg19,chr2,172949712,172954378,ERG,DLX1,Enhancer,Active,Disease,prostate cancer,MONDO:0008315,DOID:10283,Prostate,UBERON:0002367,VCaP,CVCL_2235,prostate carcinoma cell,CL:0000066,Enhancer activity assay, TF binding assay,ChIP-seq, RNA-seq,Luciferase Reporter Assay, ChIP-RT-qPCR, qRT-PCR, Western blot
2021,33793581,FOXP4 promotes laryngeal squamous cell carcinoma progression through directly targeting LEF1,Homo sapiens,hg19,chr4,108226000,108228000,FOXP4,LEF1,Enhancer,Active,Disease,laryngeal squamous cell carcinoma,MONDO:0005083,DOID:2596,Larynx,UBERON:0001737,TU177,CVCL_4904,laryngeal squamous cell carcinoma cell,CL:0000069,Enhancer activity assay, TF binding assay,ChIP-seq, RNA-seq,Luciferase Reporter Assay, ChIP-RT-qPCR, qRT-PCR
2021,34782839,TNF-??-producing macrophages determine subtype identity and prognosis via AP1 enhancer reprogramming in pancreatic cancer,Homo sapiens,hg19,chr17,31254200,31255700,JUN,CCL2,Enhancer,Active,Disease,pancreatic ductal adenocarcinoma,MONDO:0005147,DOID:3490,Pancreas,UBERON:0001264,PANC1,CVCL_0480,pancreatic ductal adenocarcinoma cell,CL:0000066,TF binding assay, Functional perturbation assay,ChIP-seq, ATAC-seq, RNA-seq,ChIP-RT-qPCR, siRNA Knockdown, qRT-PCR, Western blot, ELISA
2016,26817450,Looking beyond GWAS: allele-specific transcription factor binding drives the association of GALNT2 to HDL-C plasma levels,Homo sapiens,hg19,chr1,230294600,230294900,CEBPB; ZBTB3; PLAGL1; NR3C2,GALNT2,Enhancer,Active,Disease,hepatocellular carcinoma,MONDO:0007256,DOID:684,Liver,UBERON:0002107,HepG2,CVCL_0027,hepatocellular carcinoma cell,CL:0000182,Enhancer activity assay, TF binding assay,ChIP-seq,Luciferase Reporter Assay, EMSA, RT-RT-qPCR
2016,26814967,Active medulloblastoma enhancers reveal subgroup-specific cellular origins,Homo sapiens,hg19,chr9,101828429,101928429,,TGFBR1,Enhancer,Active,Disease,medulloblastoma,MONDO:0005146,DOID:0050902,Brain,UBERON:0000955,HD-MB03,CVCL_IT11,medulloblastoma cell,CL:0000127,Enhancer activity assay, Chromatin interaction assay,3C-seq, ChIP-seq, RNA-seq,RT-RT-qPCR
2016,26814967,Active medulloblastoma enhancers reveal subgroup-specific cellular origins,Homo sapiens,hg19,chr9,101828429,101928429,,TGFBR1,Enhancer,Active,Disease,medulloblastoma,MONDO:0005146,DOID:0050902,Cerebellum,UBERON:0002037,Primary Medulloblastoma Tissue,,medulloblastoma cell,CL:0000127,Enhancer activity assay, Chromatin interaction assay,3C-seq, ChIP-seq, RNA-seq,RT-RT-qPCR
2016,26814967,Active medulloblastoma enhancers reveal subgroup-specific cellular origins,Homo sapiens,hg19,chr13,37378439,37578439,,SMAD9,Enhancer,Active,Disease,medulloblastoma,MONDO:0005146,DOID:0050902,Brain,UBERON:0000955,HD-MB03,CVCL_IT11,medulloblastoma cell,CL:0000127,Enhancer activity assay, Chromatin interaction assay,3C-seq, ChIP-seq, RNA-seq,RT-RT-qPCR
2016,26814967,Active medulloblastoma enhancers reveal subgroup-specific cellular origins,Homo sapiens,hg19,chr13,37378439,37578439,,SMAD9,Enhancer,Active,Disease,medulloblastoma,MONDO:0005146,DOID:0050902,Cerebellum,UBERON:0002037,Primary Medulloblastoma Tissue,,medulloblastoma cell,CL:0000127,Enhancer activity assay, Chromatin interaction assay,3C-seq, ChIP-seq, RNA-seq,RT-RT-qPCR
2016,26817450,Looking beyond GWAS: allele-specific transcription factor binding drives the association of GALNT2 to HDL-C plasma levels,Homo sapiens,hg19,chr1,230294900,230294900,ZBTB3,GALNT2,Enhancer,Silenced,Disease,hepatocellular carcinoma,MONDO:0007256,DOID:684,Liver,UBERON:0002107,HepG2 cells,CVCL_0027,hepatocellular carcinoma cell,CL:0000182,Enhancer activity assay, TF binding assay,ChIP-seq,Luciferase Reporter Assay
2022,35769482,Regulatory Architecture of the RCA Gene Cluster Captures an Intragenic TAD Boundary, CTCF-Mediated Chromatin Looping and a Long-Range Intergenic Enhancer,Homo sapiens,hg19,chr1,207411000,207424000,,,Enhancer,Active,Disease,Burkitt lymphoma,MONDO:0002483,DOID:8582,Lymph node,UBERON:0000029,Raji,CVCL_0511,Burkitt lymphoma cell,CL:0000945,Enhancer activity assay,ChIP-seq, ATAC-seq,ChIP-RT-qPCR, ChART-PCR
2023,37563118,Enhancer remodeling activates NOTCH3 signaling to confer chemoresistance in advanced nasopharyngeal carcinoma,Homo sapiens,hg19,chr19,151500000,152500000,,NOTCH3,Enhancer,Active,Disease,nasopharyngeal carcinoma,MONDO:0005350,DOID:9260,Nasopharynx,UBERON:0001714,CNE-2,CVCL_6889,nasopharyngeal carcinoma cell,CL:0000069,Enhancer activity assay, Functional perturbation assay,ChIP-seq, RNA-seq,ChIP-RT-qPCR, RT-RT-qPCR, Western blot
2023,37563118,Enhancer remodeling activates NOTCH3 signaling to confer chemoresistance in advanced nasopharyngeal carcinoma,Homo sapiens,hg19,chr2,202030000,202040000,,FZD7,Enhancer,Active,Disease,nasopharyngeal carcinoma,MONDO:0005350,DOID:9260,Nasopharynx,UBERON:0001714,CNE-2,CVCL_6889,nasopharyngeal carcinoma cell,CL:0000069,Enhancer activity assay, Functional perturbation assay,ChIP-seq, RNA-seq,ChIP-RT-qPCR, RT-RT-qPCR, Western blot
2024,38438958,Nuclear respiratory factor 1 regulates super enhancer-controlled SPIDR to protect hepatocellular carcinoma cells from oxidative stress,Homo sapiens,hg19,chr2,20628003,20667995,,RHOB,Enhancer,Active,Disease,hepatocellular carcinoma,MONDO:0007256,DOID:684,Liver,UBERON:0002107,Huh7,CVCL_0336,hepatocellular carcinoma cell,CL:0000182,Enhancer activity assay, Functional perturbation assay,ChIP-seq, RNA-seq,ChIP-RT-qPCR, RT-RT-qPCR, Western blot
2021,34584081,The leukemic oncogene EVI1 hijacks a MYC super-enhancer by CTCF-facilitated loops,Homo sapiens,hg19,chr2,43550000,43551000,GATA2,EVI1,Enhancer,Active,Disease,acute myeloid leukemia,MONDO:0018874,DOID:9119,Bone Marrow,UBERON:0002371,Primary AML blasts,,myeloid leukemia cell,CL:0001054,Enhancer activity assay,ChIP-seq, RNA-seq, Targeted DNA sequencing,FISH, RT-RT-qPCR
2021,34584081,The leukemic oncogene EVI1 hijacks a MYC super-enhancer by CTCF-facilitated loops,Homo sapiens,hg19,chr3,128300000,128301000,GATA2,EVI1,Enhancer,Active,Disease,acute myeloid leukemia,MONDO:0018874,DOID:9119,Bone Marrow,UBERON:0002371,Primary AML blasts,,myeloid leukemia cell,CL:0001054,Enhancer activity assay, Chromatin interaction assay,ChIP-seq, RNA-seq,RT-RT-qPCR, FISH
2021,34584081,The leukemic oncogene EVI1 hijacks a MYC super-enhancer by CTCF-facilitated loops,Homo sapiens,hg19,chr6,156475000,156476000,GATA2,EVI1,Enhancer,Active,Disease,acute myeloid leukemia,MONDO:0018874,DOID:9119,Bone Marrow,UBERON:0002371,Primary AML blasts,,myeloid leukemia cell,CL:0001054,Enhancer activity assay,ChIP-seq, RNA-seq, Targeted DNA sequencing,FISH, RT-RT-qPCR
2021,34584081,The leukemic oncogene EVI1 hijacks a MYC super-enhancer by CTCF-facilitated loops,Homo sapiens,hg19,chr7,92400000,92401000,GATA2,EVI1,Enhancer,Active,Disease,acute myeloid leukemia,MONDO:0018874,DOID:9119,Bone Marrow,UBERON:0002371,Primary AML blasts,,myeloid leukemia cell,CL:0001054,Enhancer activity assay,ChIP-seq, RNA-seq, Targeted DNA sequencing,FISH, RT-RT-qPCR
2024,38934080,Core regions in immunoglobulin heavy chain enhancers essential for survival of non-Hodgkin lymphoma cells are identified by a CRISPR interference screen,Homo sapiens,hg19,chr14,106152156,106153203,,MYC,Enhancer,Active,Disease,Burkitt lymphoma,MONDO:0002483,DOID:8582,Blood,UBERON:0000178,Human Burkitt lymphoma cell,,Burkitt lymphoma cell,CL:0000945,Functional perturbation assay, Enhancer activity assay,CRISPRi screening, RNA-seq, ATAC-seq,CRISPRi, RT-RT-qPCR, Western blot, Flow Cytometry, GFP competition assay
2024,38934080,Core regions in immunoglobulin heavy chain enhancers essential for survival of non-Hodgkin lymphoma cells are identified by a CRISPR interference screen,Homo sapiens,hg19,chr14,106152156,106153203,,BCL2,Enhancer,Active,Disease,diffuse large B-cell lymphoma,MONDO:0005042,DOID:0050746,Blood,UBERON:0000178,Human DLBCL cell,,diffuse large B-cell lymphoma cell,CL:0000945,Functional perturbation assay, Enhancer activity assay,CRISPRi screening, RNA-seq, ATAC-seq,CRISPRi, RT-RT-qPCR, Western blot, Flow Cytometry, GFP competition assay
2024,38934080,Core regions in immunoglobulin heavy chain enhancers essential for survival of non-Hodgkin lymphoma cells are identified by a CRISPR interference screen,Homo sapiens,hg19,chr14,106162681,106163347,,MYC,Enhancer,Active,Disease,Burkitt lymphoma,MONDO:0002483,DOID:8582,Blood,UBERON:0000178,Human Burkitt lymphoma cell,,Burkitt lymphoma cell,CL:0000945,Functional perturbation assay, Enhancer activity assay,CRISPRi screening, RNA-seq, ATAC-seq,CRISPRi, RT-RT-qPCR, Western blot, Flow Cytometry, GFP competition assay
2024,38934080,Core regions in immunoglobulin heavy chain enhancers essential for survival of non-Hodgkin lymphoma cells are identified by a CRISPR interference screen,Homo sapiens,hg19,chr14,106162681,106163347,,BCL2,Enhancer,Active,Disease,diffuse large B-cell lymphoma,MONDO:0005042,DOID:0050746,Blood,UBERON:0000178,Human DLBCL cell,,diffuse large B-cell lymphoma cell,CL:0000945,Functional perturbation assay, Enhancer activity assay,CRISPRi screening, RNA-seq, ATAC-seq,CRISPRi, RT-RT-qPCR, Western blot, Flow Cytometry, GFP competition assay
2024,38934080,Core regions in immunoglobulin heavy chain enhancers essential for survival of non-Hodgkin lymphoma cells are identified by a CRISPR interference screen,Homo sapiens,hg19,chr14,106328838,106329184,,IGH,Enhancer,Active,Disease,Burkitt lymphoma,MONDO:0002483,DOID:8582,Blood,UBERON:0000178,Human Burkitt lymphoma cell,,Burkitt lymphoma cell,CL:0000945,Functional perturbation assay, Enhancer activity assay,CRISPRi screening, RNA-seq, ATAC-seq,CRISPRi, RT-RT-qPCR, Western blot, Flow Cytometry, GFP competition assay
2024,38934080,Core regions in immunoglobulin heavy chain enhancers essential for survival of non-Hodgkin lymphoma cells are identified by a CRISPR interference screen,Homo sapiens,hg19,chr14,106328838,106329184,,BCL2,Enhancer,Active,Disease,diffuse large B-cell lymphoma,MONDO:0005042,DOID:0050746,Blood,UBERON:0000178,Human DLBCL cell,,diffuse large B-cell lymphoma cell,CL:0000945,Functional perturbation assay, Enhancer activity assay,CRISPRi screening, RNA-seq, ATAC-seq,CRISPRi, RT-RT-qPCR, Western blot, Flow Cytometry, GFP competition assay
2024,38934080,Core regions in immunoglobulin heavy chain enhancers essential for survival of non-Hodgkin lymphoma cells are identified by a CRISPR interference screen,Homo sapiens,hg19,chr14,106328838,106329184,,,Enhancer,Active,Disease,B-cell lymphoma,MONDO:0005029,DOID:164,Blood,UBERON:0000178,Human B-cell lymphoma cell,,B-cell lymphoma cell,CL:0000945,Functional perturbation assay, Enhancer activity assay,CRISPRi screening, RNA-seq, ATAC-seq,CRISPRi, RT-RT-qPCR, Western blot, Flow Cytometry, GFP competition assay
2020,31658410,A distal enhancer that directs Otx2 expression in the retinal pigment epithelium and neuroretina,Homo sapiens,hg19,chr14,57419008,57421445,PAX6,OTX2,Enhancer,Active,Disease,,,,Retina,UBERON:0000966,,,,,Enhancer activity assay, TF binding assay, Chromatin interaction assay,ChIP-seq, Hi-C, DNase-seq,Transgenic Reporter Assay, qRT-PCR, Immunohistochemistry
2016,27693352,Enhancer variants drive gene regulatory network dysfunction in Hirschsprung disease,Homo sapiens,hg19,chr10,43447346,43448347,RARB,RET,Enhancer,Active,Disease,neuroblastoma,MONDO:0005070,DOID:769,Fetal gut,UBERON:0007023,Neuroblastoma cell,,neuroblastoma cell,CL:0000031,Enhancer activity assay, TF binding assay,ChIP-seq, DNase-seq,Luciferase Reporter Assay, EMSA
2018,29909987,A somatically acquired enhancer of the androgen receptor is a noncoding driver in advanced prostate cancer,Homo sapiens,hg19,chrX,66118920,66127943,,AR,Enhancer,Active,Disease,prostate cancer,MONDO:0008315,DOID:10283,Prostate,UBERON:0002367,LNCaP,CVCL_0395,prostate carcinoma cell,CL:0000066,Enhancer activity assay, Chromatin interaction assay, Functional perturbation assay,ChIP-seq,qRT-PCR, and ChIP-qPCR
2018,29909987,A somatically acquired enhancer of the androgen receptor is a noncoding driver in advanced prostate cancer,Homo sapiens,hg19,chrX,66118920,66127943,,AR,Enhancer,Active,Disease,prostate cancer,MONDO:0008315,DOID:10283,Prostate,UBERON:0002367,22RV1,CVCL_1045,prostate carcinoma cell,CL:0000066,Enhancer activity assay, Chromatin interaction assay, Functional perturbation assay,ChIP-seq,qRT-PCR, and ChIP-qPCR
2019,30488457,Sox7 negatively regulates prostate-specific membrane antigen (PSMA) expression through PSMA-enhancer,Homo sapiens,hg19,chr11,33396000,33396331,SOX7,FOLH1,Enhancer,Active,Disease,prostate cancer,MONDO:0008315,DOID:10283,Prostate,UBERON:0002367,LNCaP,CVCL_0395,prostate carcinoma cell,CL:0000066,Enhancer activity assay, TF binding assay,,Luciferase Reporter Assay, ChIP-RT-qPCR, EMSA, RT-RT-qPCR
2023,37345431,Identification and functional validation of an enhancer variant in the 9p213 locus associated with glaucoma risk and elevated expression of p16INK4a,Homo sapiens,hg19,chr9,21980404,21981404,YY1,CDKN2A,Enhancer,Active,Disease,cervical cancer,MONDO:0001156,DOID:2871,Cervix,UBERON:0000002,HeLa,CVCL_0030,cervical adenocarcinoma cell,CL:0000069,Enhancer activity assay, TF binding assay, Functional perturbation assay,,Luciferase Reporter Assay, EMSA, ChIP-RT-qPCR, RT-RT-qPCR
2023,37345431,Identification and functional validation of an enhancer variant in the 9p213 locus associated with glaucoma risk and elevated expression of p16INK4a,Homo sapiens,hg19,chr9,21980404,21981404,YY1,CDKN2A,Enhancer,Active,Disease,breast carcinoma,MONDO:0006120,DOID:1612,Breast,UBERON:0000310,MCF7,CVCL_0031,breast carcinoma cell,CL:0000066,Enhancer activity assay, TF binding assay, Functional perturbation assay,,Luciferase Reporter Assay, EMSA, ChIP-RT-qPCR, RT-RT-qPCR
2025,40890402,p300/CBP is an essential driver of pathogenic enhancer activity and gene expression in Ewing sarcoma,Homo sapiens,hg19,chr20,21566572,21586800,EWS::FLI1,NKX2-2,Enhancer,Active,Disease,Ewing sarcoma,MONDO:0003368,DOID:3368,Bone,UBERON:0001474,A673 cells,CVCL_0080,Ewing sarcoma cell,CL:0000050,Enhancer activity assay, Functional perturbation assay,ChIP-seq, RNA-seq,ChIP-RT-qPCR, RT-RT-qPCR, dTAG degradation assay
2025,40890402,p300/CBP is an essential driver of pathogenic enhancer activity and gene expression in Ewing sarcoma,Homo sapiens,hg19,chr20,21566572,21586800,EWS::FLI1,NKX2-2,Enhancer,Active,Disease,Ewing sarcoma,MONDO:0003368,DOID:3368,Bone,UBERON:0001474,SKNMC cells,CVCL_0530,Ewing sarcoma cell,CL:0000050,Enhancer activity assay, Functional perturbation assay,ChIP-seq, RNA-seq,ChIP-RT-qPCR, RT-RT-qPCR, dTAG degradation assay
2025,40890402,p300/CBP is an essential driver of pathogenic enhancer activity and gene expression in Ewing sarcoma,Homo sapiens,hg19,chr20,21566572,21586800,EWS::FLI1,NKX2-2,Enhancer,Active,Disease,Ewing sarcoma,MONDO:0003368,DOID:3368,Bone,UBERON:0001474,EWS-502 cells,CVCL_1265,Ewing sarcoma cell,CL:0000050,Enhancer activity assay, Functional perturbation assay,ChIP-seq, RNA-seq,ChIP-RT-qPCR, RT-RT-qPCR, dTAG degradation assay
2025,40890402,p300/CBP is an essential driver of pathogenic enhancer activity and gene expression in Ewing sarcoma,Homo sapiens,hg19,chr11,69616543,69628302,EWS::FLI1,CCND1,Enhancer,Active,Disease,Ewing sarcoma,MONDO:0003368,DOID:3368,Bone,UBERON:0001474,A673 cells,CVCL_0080,Ewing sarcoma cell,CL:0000050,Enhancer activity assay, Functional perturbation assay,ChIP-seq, RNA-seq,ChIP-RT-qPCR, RT-RT-qPCR, dTAG degradation assay
2025,40890402,p300/CBP is an essential driver of pathogenic enhancer activity and gene expression in Ewing sarcoma,Homo sapiens,hg19,chr11,69616543,69628302,EWS::FLI1,CCND1,Enhancer,Active,Disease,Ewing sarcoma,MONDO:0003368,DOID:3368,Bone,UBERON:0001474,SKNMC cells,CVCL_0530,Ewing sarcoma cell,CL:0000050,Enhancer activity assay, Functional perturbation assay,ChIP-seq, RNA-seq,ChIP-RT-qPCR, RT-RT-qPCR, dTAG degradation assay
2025,40890402,p300/CBP is an essential driver of pathogenic enhancer activity and gene expression in Ewing sarcoma,Homo sapiens,hg19,chr11,69616543,69628302,EWS::FLI1,CCND1,Enhancer,Active,Disease,Ewing sarcoma,MONDO:0003368,DOID:3368,Bone,UBERON:0001474,EWS-502 cells,CVCL_1265,Ewing sarcoma cell,CL:0000050,Enhancer activity assay, Functional perturbation assay,ChIP-seq, RNA-seq,ChIP-RT-qPCR, RT-RT-qPCR, dTAG degradation assay
2021,32242051,H3K79me2/3 controls enhancer-promoter interactions and activation of the pan-cancer stem cell marker PROM1/CD133 in MLL-AF4 leukemia cells,Homo sapiens,hg19,chr4,15450000,15579703,,PROM1,Enhancer,Active,Disease,acute lymphoblastic leukemia,MONDO:0004945,DOID:0080545,Bone Marrow,UBERON:0002371,ALL cell line,,B lymphoblast,CL:0000945,Enhancer activity assay, Chromatin interaction assay, TF binding assay, Functional perturbation assay,ChIP-seq, ATAC-seq, Capture-C, RNA-seq,ChIP-RT-qPCR, RT-RT-qPCR, Western blot
2021,32242051,H3K79me2/3 controls enhancer-promoter interactions and activation of the pan-cancer stem cell marker PROM1/CD133 in MLL-AF4 leukemia cells,Homo sapiens,hg19,chr4,15450000,15579703,,PROM1,Enhancer,Active,Disease,colorectal carcinoma,MONDO:0005132,DOID:9256,Colon,UBERON:0001155,HCT116,CVCL_0291,colorectal carcinoma cell,CL:0000066,Enhancer activity assay, Chromatin interaction assay, TF binding assay, Functional perturbation assay,ChIP-seq, ATAC-seq, Capture-C, RNA-seq,ChIP-RT-qPCR, RT-RT-qPCR, Western blot
2021,32242051,H3K79me2/3 controls enhancer-promoter interactions and activation of the pan-cancer stem cell marker PROM1/CD133 in MLL-AF4 leukemia cells,Homo sapiens,hg19,chr4,15450000,15579703,,PROM1,Enhancer,Active,Disease,B-cell acute lymphoblastic leukemia,MONDO:0004945,DOID:0080545,Bone Marrow,UBERON:0002371,Primary MLL-AF4 ALL blasts,,B lymphoblast,CL:0000945,Enhancer activity assay, Chromatin interaction assay, TF binding assay, Functional perturbation assay,ChIP-seq, ATAC-seq, Capture-C, RNA-seq,ChIP-RT-qPCR, RT-RT-qPCR, Western blot
2021,32242051,H3K79me2/3 controls enhancer-promoter interactions and activation of the pan-cancer stem cell marker PROM1/CD133 in MLL-AF4 leukemia cells,Homo sapiens,hg19,chr4,15581130,15619993,,TAPT1,Enhancer,Active,Disease,acute lymphoblastic leukemia,MONDO:0004945,DOID:0080545,Bone Marrow,UBERON:0002371,ALL cell line,,B lymphoblast,CL:0000945,Enhancer activity assay, Chromatin interaction assay, TF binding assay, Functional perturbation assay,ChIP-seq, ATAC-seq, Capture-C, RNA-seq,ChIP-RT-qPCR, RT-RT-qPCR, Western blot
2021,32242051,H3K79me2/3 controls enhancer-promoter interactions and activation of the pan-cancer stem cell marker PROM1/CD133 in MLL-AF4 leukemia cells,Homo sapiens,hg19,chr4,15581130,15619993,,TAPT1,Enhancer,Active,Disease,colorectal carcinoma,MONDO:0005132,DOID:9256,Colon,UBERON:0001155,HCT116,CVCL_0291,colorectal carcinoma cell,CL:0000066,Enhancer activity assay, Chromatin interaction assay, TF binding assay, Functional perturbation assay,ChIP-seq, ATAC-seq, Capture-C, RNA-seq,ChIP-RT-qPCR, RT-RT-qPCR, Western blot
2021,32242051,H3K79me2/3 controls enhancer-promoter interactions and activation of the pan-cancer stem cell marker PROM1/CD133 in MLL-AF4 leukemia cells,Homo sapiens,hg19,chr4,15581130,15619993,,TAPT1,Enhancer,Active,Disease,B-cell acute lymphoblastic leukemia,MONDO:0004945,DOID:0080545,Bone Marrow,UBERON:0002371,Primary MLL-AF4 ALL blasts,,B lymphoblast,CL:0000945,Enhancer activity assay, Chromatin interaction assay, TF binding assay, Functional perturbation assay,ChIP-seq, ATAC-seq, Capture-C, RNA-seq,ChIP-RT-qPCR, RT-RT-qPCR, Western blot
2024,38438958,Nuclear respiratory factor 1 regulates super enhancer-controlled SPIDR to protect hepatocellular carcinoma cells from oxidative stress,Homo sapiens,hg19,chr8,48025841,48796048,NRF1,SPIDR,Enhancer,Active,Disease,hepatocellular carcinoma,MONDO:0007256,DOID:684,Liver,UBERON:0002107,Huh7,CVCL_0336,hepatocellular carcinoma cell,CL:0000182,Enhancer activity assay, TF binding assay, Functional perturbation assay,ChIP-seq, RNA-seq,ChIP-RT-qPCR, RT-RT-qPCR, Western blot, CCK-8 Assay, ROS Assay, ELISA, Immunofluorescence
2019,30455249,The Phosphorylated Estrogen Receptor(ER) Cistrome Identifies a Subset of Active Enhancers Enriched for Direct ER-DNA Binding and the Transcription Factor GRHL2,Homo sapiens,hg19,chr1,144983210,144983310,ESR1,BRIP1,Enhancer,Active,Disease,breast carcinoma,MONDO:0006120,DOID:1612,Breast,UBERON:0000310,Human breast adenocarcinoma cell,,breast adenocarcinoma cell,CL:0000066,Enhancer activity assay, TF binding assay,ChIP-seq, RNA-seq,ChIP-RT-qPCR
2019,30455249,The Phosphorylated Estrogen Receptor(ER) Cistrome Identifies a Subset of Active Enhancers Enriched for Direct ER-DNA Binding and the Transcription Factor GRHL2,Homo sapiens,hg19,chr2,10504857,10504957,ESR1,E2F6,Enhancer,Active,Disease,breast carcinoma,MONDO:0006120,DOID:1612,Breast,UBERON:0000310,Human breast adenocarcinoma cell,,breast adenocarcinoma cell,CL:0000066,Enhancer activity assay, TF binding assay,ChIP-seq, RNA-seq,ChIP-RT-qPCR
2019,30455249,The Phosphorylated Estrogen Receptor(ER) Cistrome Identifies a Subset of Active Enhancers Enriched for Direct ER-DNA Binding and the Transcription Factor GRHL2,Homo sapiens,hg19,chr2,11562351,11562451,ESR1,GREB1,Enhancer,Active,Disease,breast carcinoma,MONDO:0006120,DOID:1612,Breast,UBERON:0000310,Human breast adenocarcinoma cell,,breast adenocarcinoma cell,CL:0000066,Enhancer activity assay, TF binding assay,ChIP-seq, RNA-seq,ChIP-RT-qPCR
2019,30455249,The Phosphorylated Estrogen Receptor(ER) Cistrome Identifies a Subset of Active Enhancers Enriched for Direct ER-DNA Binding and the Transcription Factor GRHL2,Homo sapiens,hg19,chr21,42872877,42872977,ESR1,TFF1,Enhancer,Active,Disease,breast carcinoma,MONDO:0006120,DOID:1612,Breast,UBERON:0000310,Human breast adenocarcinoma cell,,breast adenocarcinoma cell,CL:0000066,Enhancer activity assay, TF binding assay,ChIP-seq, RNA-seq,ChIP-RT-qPCR
2019,30455249,The Phosphorylated Estrogen Receptor(ER) Cistrome Identifies a Subset of Active Enhancers Enriched for Direct ER-DNA Binding and the Transcription Factor GRHL2,Homo sapiens,hg19,chr21,42880677,42880777,ESR1,TFF1,Enhancer,Active,Disease,breast carcinoma,MONDO:0006120,DOID:1612,Breast,UBERON:0000310,Human breast adenocarcinoma cell,,breast adenocarcinoma cell,CL:0000066,Enhancer activity assay, TF binding assay,ChIP-seq, RNA-seq,ChIP-RT-qPCR
2016,26864944,Enhancer RNA-driven looping enhances the transcription of the long noncoding RNA DHRS4-AS1, a controller of the DHRS4 gene cluster,Homo sapiens,hg19,chr14,22758000,22759600,CEBPB,DHRS4-AS1,Enhancer,Active,Disease,hepatocellular carcinoma,MONDO:0007256,DOID:684,Liver,UBERON:0002107,HepG2,CVCL_0027,hepatocellular carcinoma cell,CL:0000182,Enhancer activity assay, Chromatin interaction assay, TF binding assay, eRNA functional assay,,Luciferase reporter assay, 3C-RT-qPCR, ChIP-RT-qPCR, RT-RT-qPCR, 5'/3' RACE, Actinomycin D RNA stability assay, Bisulfite sequencing PCR
2024,39110799,Oncogenic transcription factors instruct promoter-enhancer hubs in individual triple negative breast cancer cells,Homo sapiens,hg19,chr17,70397161,70432161,,SOX9,Enhancer,Active,Disease,breast carcinoma,MONDO:0006120,DOID:1612,Breast,UBERON:0000310,MDA-MB-157,CVCL_0618,breast carcinoma cell,CL:0000066,Regulatory element functional validation, 3D chromatin interaction mapping,HiChIP, CRISPR-Cas9 transcription factor screening, RNA-seq,qRT-PCR, and ChIP-qPCR
2024,39110799,Oncogenic transcription factors instruct promoter-enhancer hubs in individual triple negative breast cancer cells,Homo sapiens,hg19,chr17,70447161,70494161,,SOX9,Enhancer,Active,Disease,breast carcinoma,MONDO:0006120,DOID:1612,Breast,UBERON:0000310,MDA-MB-157,CVCL_0618,breast carcinoma cell,CL:0000066,Regulatory element functional validation, 3D chromatin interaction mapping,HiChIP, CRISPR-Cas9 transcription factor screening, RNA-seq,qRT-PCR, and ChIP-qPCR
2024,39110799,Oncogenic transcription factors instruct promoter-enhancer hubs in individual triple negative breast cancer cells,Homo sapiens,hg19,chr17,70530161,70632161,,SOX9,Enhancer,Active,Disease,breast carcinoma,MONDO:0006120,DOID:1612,Breast,UBERON:0000310,MDA-MB-157,CVCL_0618,breast carcinoma cell,CL:0000066,Regulatory element functional validation, 3D chromatin interaction mapping,HiChIP, CRISPR-Cas9 transcription factor screening, RNA-seq,qRT-PCR, and ChIP-qPCR
2017,28416141,Multiplexed Engineering and Analysis of Combinatorial Enhancer Activity in Single Cells,Homo sapiens,hg19,chr11,5278952,5279402,,HBG2,Enhancer,Active,Disease,chronic myeloid leukemia,MONDO:0011998,DOID:8552,Bone marrow,UBERON:0002371,K-562,CVCL_0004,chronic myeloid leukemia cell,CL:0001054,CRISPRi-based single-cell enhancer perturbation,Drop-seq single-cell RNA-seq, CRISPR barcoding,qRT-PCR, and ChIP-qPCR
2016,27354268,Dissection of the major hematopoietic quantitative trait locus in chromosome 6q233 identifies miR-3662 as a novel player in hematopoiesis and acute myeloid leukemia,Homo sapiens,hg19,chr6,135502600,135502750,CEBPA,MIR-3662,Enhancer,Active,Disease,acute myeloid leukemia,MONDO:0018874,DOID:9119,Bone marrow,UBERON:0002371,KG1a AML cell line,CVCL_1824,acute myeloid leukemia cell,CL:0001054,Enhancer activity assay, TF binding assay, Functional perturbation assay,RNA-seq,Luciferase Reporter Assay, ChIP-RT-qPCR, EMSA, RT-RT-qPCR, Western blot
2015,26374622,Identification and functional analysis of acute myeloid leukemia susceptibility associated SNPs at noncoding regions of RUNX1,Homo sapiens,hg19,chr21,36180372,36181392,SPI1,RUNX1,Enhancer,Active,Disease,chronic myeloid leukemia,MONDO:0011998,DOID:8552,Bone marrow,UBERON:0002371,K562,CVCL_0004,chronic myeloid leukemia cell,CL:0001054,Enhancer activity assay,,Luciferase Reporter Assay, EMSA
2012,22408256,Expression of ABO blood-group genes is dependent upon an erythroid cell-specific regulatory element,Homo sapiens,hg19,chr9,133238853,133239354,GATA1,ABO,Enhancer,Active,Disease,chronic myeloid leukemia,MONDO:0011998,DOID:8552,Blood,UBERON:0000178,K562 cells,CVCL_0004,chronic myeloid leukemia cell,CL:0001054,Enhancer activity assay, TF binding assay,,Luciferase reporter assay, EMSA, RT-RT-qPCR
2000,10688646,Loading of DNA-Binding Factors to an Erythroid Enhancer,Homo sapiens,hg19,chr16,1600000,1600110,NFE2,HBA1,Enhancer,Active,Disease,chronic myeloid leukemia,MONDO:0011998,DOID:8552,Blood,UBERON:0000178,K562 Erythroleukemia Cells,CVCL_0004,chronic myeloid leukemia cell,CL:0001054,Enhancer activity assay,,Luciferase Reporter Assay, RT-RT-qPCR, EMSA
1998,9878258,A Long Terminal Repeat of the Human Endogenous Retrovirus ERV-9 Is Located in the 5' Boundary Area of the Human beta-Globin Locus Control Region,Homo sapiens,hg19,chr11,5196000,5197000,GATA1,HBB,Enhancer,Active,Disease,chronic myeloid leukemia,MONDO:0011998,DOID:8552,Blood,UBERON:0000178,K562 erythroleukemia cells,CVCL_0004,chronic myeloid leukemia cell,CL:0001054,Enhancer activity assay,,Luciferase Reporter Assay, EMSA, RT-RT-qPCR
2020,32669118,ASXL3 bridges BRD4 to BAP1 complex and governs enhancer activity in small cell lung cancer,Homo sapiens,hg19,chr18,28988494,35919423,,TCF4,SE,Active,Disease,small cell lung carcinoma,MONDO:0005020,DOID:5409,Lung,UBERON:0002048,NCI-H1963,CVCL_1510,small cell lung carcinoma cell,CL:0000066,Enhancer activity assay, TF binding assay, Functional perturbation assay,ChIP-seq, RNA-seq, ATAC-seq,shRNA Knockdown, qRT-PCR, Western blot
2024,39277592,Enhancer-promoter hubs organize transcriptional networks promoting oncogenesis and drug resistance,Homo sapiens,hg19,chr11,65200000,66000000,,KAT5,Enhancer,Active,Disease,T-cell acute lymphoblastic leukemia,MONDO:0004947,DOID:0050890,Blood,UBERON:0000178,DND41,CVCL_2022,T lymphoblast,CL:0002419,Chromatin interaction assay,SMC1 HiChIP, H3K27ac ChIP-seq, RNA-seq,qRT-PCR, and ChIP-qPCR
2024,39277592,Enhancer-promoter hubs organize transcriptional networks promoting oncogenesis and drug resistance,Homo sapiens,hg19,chr11,65200000,66000000,,KAT5,Enhancer,Active,Disease,mantle cell lymphoma,MONDO:0005052,DOID:0050747,Blood,UBERON:0000178,Rec-1,CVCL_1884,B cell,CL:0000945,Chromatin interaction assay,SMC1 HiChIP, H3K27ac ChIP-seq, RNA-seq,qRT-PCR, and ChIP-qPCR
2023,37349788,Enhancer-driven transcription of MCM8 by E2F4 promotes ATR pathway activation and glioma stem cell characteristics,Homo sapiens,hg19,chr1,51429600,51450093,,CDKN2C,Enhancer,Active,Disease,glioblastoma,MONDO:0005142,DOID:3070,Brain,UBERON:0000955,Glioma stem cell,,glioma stem cell,CL:0000127,Enhancer activity assay,ChIP-seq, RNA-seq,ChIP-RT-qPCR, RT-RT-qPCR
2019,31120998,HoxA9 binds and represses the Cebpa +8 kb enhancer,Homo sapiens,hg19,chr19,33794100,33794613,,CEBPA,Enhancer,Silenced,Disease,acute myeloid leukemia,MONDO:0018874,DOID:9119,Bone Marrow,UBERON:0002371,MUTZ-3,CVCL_1435,myeloid leukemia cell,CL:0001054,Enhancer activity assay,,Luciferase Reporter Assay
2014,24662484,Human colorectal cancer-specific CCAT1-L lncRNA regulates long-range chromatin interactions at the MYC locus,Homo sapiens,hg19,chr8,128320500,128321500,,MYC,Enhancer,Active,Disease,colorectal carcinoma,MONDO:0005132,DOID:9256,Colon,UBERON:0001155,HCT116,CVCL_0291,colorectal carcinoma cell,CL:0000066,Chromatin interaction assay,3C-seq,3C-RT-qPCR, RT-RT-qPCR, siRNA Knockdown, Western blot
2015,26656844,Identification and functional analysis of acute myeloid leukemia susceptibility associated SNPs at non protein coding regions of RUNX1,Homo sapiens,hg19,chr21,36189300,36189537,,RUNX1,Enhancer,Active,Disease,chronic myeloid leukemia,MONDO:0011998,DOID:8552,Bone Marrow,UBERON:0002371,K562 cell line,CVCL_0004,chronic myeloid leukemia cell,CL:0001054,Enhancer prediction, SNP association, Functional validation,ENCODE ChIP-seq dataset analysis, UCSC genome browser regulatory annotation,MALDI-TOF mass spectrometry SNP genotyping
2023,38102337,Suppression of super-enhancer-driven TAL1 expression by KLF4 in T-cell acute lymphoblastic leukemia,Homo sapiens,hg19,chr1,47220000,47260000,,TAL1,Enhancer,Silenced,Disease,T-cell acute lymphoblastic leukemia,MONDO:0004947,DOID:0050890,Blood,UBERON:0000178,Jurkat,CVCL_0065,T lymphoblast,CL:0002419,Enhancer activity assay, Functional perturbation assay,RNA-seq,Luciferase Reporter Assay, shRNA Knockdown, RT-RT-qPCR, Western blot
2023,38102337,Suppression of super-enhancer-driven TAL1 expression by KLF4 in T-cell acute lymphoblastic leukemia,Homo sapiens,hg19,chr1,47220000,47260000,,TAL1,Enhancer,Silenced,Disease,T-cell acute lymphoblastic leukemia,MONDO:0004947,DOID:0050890,Bone Marrow,UBERON:0002371,MOLT-3,CVCL_2288,T lymphoblast,CL:0002419,Enhancer activity assay, Functional perturbation assay,RNA-seq,Luciferase Reporter Assay, shRNA Knockdown, RT-RT-qPCR, Western blot
2023,37349788,Enhancer-driven transcription of MCM8 by E2F4 promotes ATR pathway activation and glioma stem cell characteristics,Homo sapiens,hg19,chr20,5921142,6004055,E2F4,MCM8,Enhancer,Active,Disease,glioblastoma,MONDO:0005142,DOID:3070,Brain,UBERON:0000955,Glioma stem cell,,glioma stem cell,CL:0000127,Enhancer activity assay, TF binding assay, Functional perturbation assay,ChIP-seq, RNA-seq,ChIP-RT-qPCR, RT-RT-qPCR, Western blot, Sphere Formation Assay, Limiting Dilution Assay, Cell Growth Assay
2015,26258633,Genome-wide association between YAP/TAZ/TEAD and AP-1 at enhancers drives oncogenic growth,Homo sapiens,hg19,chr8,128210000,128260000,,MYC,Enhancer,Active,Disease,breast carcinoma,MONDO:0006120,DOID:1612,Breast,UBERON:0000310,MDA-MB-231,CVCL_0062,breast carcinoma cell,CL:0000066,Chromatin interaction assay,Hi-C,3C
2025,40512334,Genomic Locus Tagged by Lung Function GWAS SNV rs12477314 (2q373) Acts as a Regulatory Region for a Systemic Inflammatory Phenotype,Homo sapiens,hg19,chr2,239884251,239900294,,MULTIPLE (CXCL2,Enhancer,Active,Disease,non-small cell lung carcinoma,MONDO:0005233,DOID:3908,Lung,UBERON:0002048,NCI-H460,CVCL_0459,non-small cell lung carcinoma cell,CL:0000066,Functional perturbation assay,RNA-seq,CRISPR Knockout, RT-RT-qPCR, Sanger sequencing
2016,26814967,Active medulloblastoma enhancers reveal subgroup-specific cellular origins,Homo sapiens,hg19,chr8,128667652,128669252,HLX; LHX2; LMX1A,MYC,Enhancer,Active,Disease,medulloblastoma,MONDO:0005146,DOID:0050902,Brain,UBERON:0000955,Primary medulloblastoma tissue,,medulloblastoma cell,CL:0000127,Super-enhancer mapping, TF binding assay, Enhancer activity assay, Chromatin interaction assay,ChIP-seq, RNA-seq, Whole-genome sequencing,Zebrafish Tol2 transgenic reporter assay, RT-RT-qPCR, Immunohistochemistry
2016,26814967,Active medulloblastoma enhancers reveal subgroup-specific cellular origins,Homo sapiens,hg19,chr8,128667652,128669252,HLX; LHX2; LMX1A,MYC,Enhancer,Active,Disease,medulloblastoma,MONDO:0005146,DOID:0050902,Brain,UBERON:0000955,HD-MB03,CVCL_IT11,medulloblastoma cell,CL:0000127,Super-enhancer mapping, TF binding assay, Enhancer activity assay, Chromatin interaction assay,ChIP-seq, RNA-seq, Whole-genome sequencing,Zebrafish Tol2 transgenic reporter assay, RT-RT-qPCR, Immunohistochemistry
2016,26814967,Active medulloblastoma enhancers reveal subgroup-specific cellular origins,Homo sapiens,hg19,chr14,57220000,57221600,OTX2; ZIC1; ZIC4,OTX2,Enhancer,Active,Disease,medulloblastoma,MONDO:0005146,DOID:0050902,Brain,UBERON:0000955,Primary medulloblastoma tissue,,medulloblastoma cell,CL:0000127,Super-enhancer mapping, Enhancer activity assay, Gene expression assay,ChIP-seq, RNA-seq, Whole-genome sequencing,Zebrafish transgenic reporter assay, RT-RT-qPCR, Immunohistochemistry
2016,26814967,Active medulloblastoma enhancers reveal subgroup-specific cellular origins,Homo sapiens,hg19,chr14,57220000,57221600,OTX2; ZIC1; ZIC4,OTX2,Enhancer,Active,Disease,medulloblastoma,MONDO:0005146,DOID:0050902,Brain,UBERON:0000955,HD-MB03,CVCL_IT11,medulloblastoma cell,CL:0000127,Super-enhancer mapping, Enhancer activity assay, Gene expression assay,ChIP-seq, RNA-seq, Whole-genome sequencing,Zebrafish transgenic reporter assay, RT-RT-qPCR, Immunohistochemistry
2016,26814967,Active medulloblastoma enhancers reveal subgroup-specific cellular origins,Homo sapiens,hg19,chr14,57220000,57221600,OTX2; ZIC1; ZIC4,OTX2,Enhancer,Active,Disease,medulloblastoma,MONDO:0005146,DOID:0050902,Brain,UBERON:0000955,MED8A,,medulloblastoma cell,CL:0000127,Super-enhancer mapping, Enhancer activity assay, Gene expression assay,ChIP-seq, RNA-seq, Whole-genome sequencing,Zebrafish transgenic reporter assay, RT-RT-qPCR, Immunohistochemistry
2016,26814967,Active medulloblastoma enhancers reveal subgroup-specific cellular origins,Homo sapiens,hg19,chr14,57220000,57221600,OTX2; ZIC1; ZIC4,OTX2,Enhancer,Active,Disease,medulloblastoma,MONDO:0005146,DOID:0050902,Brain,UBERON:0000955,D425,,medulloblastoma cell,CL:0000127,Super-enhancer mapping, Enhancer activity assay, Gene expression assay,ChIP-seq, RNA-seq, Whole-genome sequencing,Zebrafish transgenic reporter assay, RT-RT-qPCR, Immunohistochemistry
2016,26814967,Active medulloblastoma enhancers reveal subgroup-specific cellular origins,Homo sapiens,hg19,chr3,147033502,147035102,ZIC1; ZIC4,ZIC1,Enhancer,Active,Disease,medulloblastoma,MONDO:0005146,DOID:0050902,Brain,UBERON:0000955,Primary medulloblastoma tissue,,medulloblastoma cell,CL:0000127,Super-enhancer mapping, Enhancer activity assay, Gene expression assay,ChIP-seq, RNA-seq, Whole-genome sequencing,Zebrafish transgenic reporter assay, RT-RT-qPCR, Immunohistochemistry
2016,26814967,Active medulloblastoma enhancers reveal subgroup-specific cellular origins,Homo sapiens,hg19,chr3,147033502,147035102,ZIC1; ZIC4,ZIC1,Enhancer,Active,Disease,medulloblastoma,MONDO:0005146,DOID:0050902,Brain,UBERON:0000955,HD-MB03,CVCL_IT11,medulloblastoma cell,CL:0000127,Super-enhancer mapping, Enhancer activity assay, Gene expression assay,ChIP-seq, RNA-seq, Whole-genome sequencing,Zebrafish transgenic reporter assay, RT-RT-qPCR, Immunohistochemistry
2016,26814967,Active medulloblastoma enhancers reveal subgroup-specific cellular origins,Homo sapiens,hg19,chr3,147033502,147035102,ZIC1; ZIC4,ZIC1,Enhancer,Active,Disease,medulloblastoma,MONDO:0005146,DOID:0050902,Brain,UBERON:0000955,MED8A,,medulloblastoma cell,CL:0000127,Super-enhancer mapping, Enhancer activity assay, Gene expression assay,ChIP-seq, RNA-seq, Whole-genome sequencing,Zebrafish transgenic reporter assay, RT-RT-qPCR, Immunohistochemistry
2016,26814967,Active medulloblastoma enhancers reveal subgroup-specific cellular origins,Homo sapiens,hg19,chr3,147033502,147035102,ZIC1; ZIC4,ZIC1,Enhancer,Active,Disease,medulloblastoma,MONDO:0005146,DOID:0050902,Brain,UBERON:0000955,D425,,medulloblastoma cell,CL:0000127,Super-enhancer mapping, Enhancer activity assay, Gene expression assay,ChIP-seq, RNA-seq, Whole-genome sequencing,Zebrafish transgenic reporter assay, RT-RT-qPCR, Immunohistochemistry
2015,26252164,FOXD3 Promotes PAX3 Expression in Melanoma Cells,Homo sapiens,hg19,chr2,223164458,223164688,FOXD3,PAX3,Enhancer,Active,Disease,skin melanoma,MONDO:0005105,DOID:1909,Skin,UBERON:0000014,A375,CVCL_0132,melanoma cell,CL:0002573,Enhancer activity assay,,Luciferase Reporter Assay, EMSA
2015,26252164,FOXD3 Promotes PAX3 Expression in Melanoma Cells,Homo sapiens,hg19,chr2,223164846,223165065,FOXD3,PAX3,Enhancer,Active,Disease,skin melanoma,MONDO:0005105,DOID:1909,Skin,UBERON:0000014,SK-MEL28,CVCL_0526,melanoma cell,CL:0002573,Enhancer activity assay,,Luciferase Reporter Assay, EMSA
2015,26232425,PXR Activation Modulates HepG2 Cell Morphology and Migration Through the HNF4??-IGFBP1 Signaling Axis,Homo sapiens,hg19,chr7,48230000,48231500,,IGFBP1,Enhancer,Active,Disease,hepatocellular carcinoma,MONDO:0007256,DOID:684,Liver,UBERON:0002107,HepG2,CVCL_0027,hepatocellular carcinoma cell,CL:0000182,Enhancer activity assay,RNA-seq,Luciferase Reporter Assay
2015,26422397,SATB1 Mediates Long-Range Chromatin Interactions,Homo sapiens,hg19,chr18,60983148,60983597,SATB1,BCL2,Enhancer,Active,Disease,T-cell acute lymphoblastic leukemia,MONDO:0004947,DOID:0050890,Blood,UBERON:0000178,Jurkat,CVCL_0065,T lymphoblast,CL:0002419,Chromatin interaction, expression validation,3C, ChIP-qPCR, RT-qPCR,qRT-PCR, and ChIP-qPCR
2015,26257940,Genome-wide association between YAP/TAZ/TEAD and AP-1 at enhancers drives oncogenic growth,Homo sapiens,hg19,chr8,128210000,128260000,,MYC,Enhancer,Active,Disease,breast carcinoma,MONDO:0006120,DOID:1612,Breast,UBERON:0000310,MDA-MB-231,CVCL_0062,breast carcinoma cell,CL:0000066,Chromatin interaction assay,Hi-C,3C
2013,23884959,Hypoxia enhances the expression of prostate-specific antigen by modifying the quantity and catalytic activity of Jumonji C domain-containing histone demethylases,Homo sapiens,hg19,chr19,51353600,51354200,AR,KLK3,Enhancer,Active,Disease,prostate cancer,MONDO:0008315,DOID:10283,Prostate,UBERON:0002367,LNCaP cells,CVCL_0395,prostate carcinoma cell,CL:0000066,Enhancer activity assay, TF binding assay,,Luciferase reporter assay, ChIP-RT-qPCR
2013,23884959,Hypoxia enhances the expression of prostate-specific antigen by modifying the quantity and catalytic activity of Jumonji C domain-containing histone demethylases,Homo sapiens,hg19,chr19,51350000,51351000,,KLK2,Enhancer,Active,Disease,prostate cancer,MONDO:0008315,DOID:10283,Prostate,UBERON:0002367,LNCaP cells,CVCL_0395,prostate carcinoma cell,CL:0000066,Enhancer activity assay,,Luciferase reporter assay
2013,22370642,The nuclear cofactor RAC3/AIB1/SRC-3 enhances Nrf2 signaling by interacting with transactivation domains,Homo sapiens,hg19,chr22,35772741,35773741,NFE2L2,HMOX1,Enhancer,Active,Disease,cervical cancer,MONDO:0001156,DOID:2871,Cervix,UBERON:0000002,HeLa cells,CVCL_0030,cervical adenocarcinoma cell,CL:0000069,Enhancer activity assay, TF binding assay,,Luciferase reporter assay, ChIP-RT-qPCR, RT-RT-qPCR
2013,22370642,The nuclear cofactor RAC3/AIB1/SRC-3 enhances Nrf2 signaling by interacting with transactivation domains,Homo sapiens,hg19,chr22,35767741,35768741,NFE2L2,HMOX1,Enhancer,Active,Disease,cervical cancer,MONDO:0001156,DOID:2871,Cervix,UBERON:0000002,HeLa cells,CVCL_0030,cervical adenocarcinoma cell,CL:0000069,Enhancer activity assay, TF binding assay,,Luciferase reporter assay, ChIP-RT-qPCR, RT-RT-qPCR
2014,24594601,Long-range interaction and correlation between MYC enhancer and oncogenic long noncoding RNA CARLo-5,Homo sapiens,hg19,chr8,128320000,128321000,,CARLO-5,Enhancer,Active,Disease,colorectal carcinoma,MONDO:0005132,DOID:9256,Colon,UBERON:0001155,HCT116,CVCL_0291,colorectal carcinoma cell,CL:0000066,Chromatin interaction assay,RNA-seq,3C, RT-RT-qPCR
2014,24703906,A remote GATA2 hematopoietic enhancer drives leukemogenesis in inv(3)(q21;q26) by activating EVI1 expression,Homo sapiens,hg19,chr3,128124000,128125500,GATA2,MECOM,Enhancer,Active,Disease,acute myeloid leukemia,MONDO:0018874,DOID:9119,Bone Marrow,UBERON:0002371,AML blasts,,myeloid leukemia cell,CL:0001054,Functional perturbation assay,ChIP-seq,RT-RT-qPCR
2010,20453196,8q24 prostate, breast, and colon cancer risk loci show tissue-specific long-range interaction with MYC,Homo sapiens,hg19,chr8,128589642,128590670,P300,MYC,Enhancer,Active,Disease,prostate cancer,MONDO:0008315,DOID:10283,Prostate,UBERON:0002367,LNCaP,CVCL_0395,prostate carcinoma cell,CL:0000066,Enhancer activity assay, Chromatin interaction assay, TF binding assay,,ChIP-RT-qPCR, 3C
2009,19680443,Functional enhancers at the gene-poor 8q24 cancer-linked locus,Homo sapiens,hg19,chr8,128588859,128589357,AR,MYC,Enhancer,Active,Disease,prostate cancer,MONDO:0008315,DOID:10283,Prostate,UBERON:0002367,LNCaP,CVCL_0395,prostate carcinoma cell,CL:0000066,Enhancer activity assay, TF binding assay,ChIP-chip,Luciferase Reporter Assay, ChIP-RT-qPCR
2000,10891470,Direct interaction of NF-E2 with hypersensitive site 2 of the beta-globin locus control region in living cells,Homo sapiens,hg19,chr11,5198400,5198625,NFE2,HBB,Enhancer,Active,Disease,chronic myeloid leukemia,MONDO:0011998,DOID:8552,Blood,UBERON:0000178,K562 erythroleukemia cells,CVCL_0004,chronic myeloid leukemia cell,CL:0001054,TF binding assay, Enhancer activity assay,,Luciferase Reporter Assay, ChIP-RT-qPCR, RT-RT-qPCR, Western blot
1989,2542571,Induction of human interferon gene expression is associated with a nuclear factor that interacts with the NF-kappa B site of the human immunodeficiency virus enhancer,Homo sapiens,hg19,chr9,21206044,21206127,NFKB1,IFNB1,Enhancer,Active,Disease,histiocytic lymphoma,MONDO:0004854,DOID:5408,Blood,UBERON:0000178,U937,CVCL_0007,histiocytic lymphoma cell,CL:0000576,Enhancer activity assay, TF binding assay,,EMSA, Luciferase Reporter Assay
2024,38224404,dCas9/CRISPRa-based methylation of O6-methylguanine-DNA methyltransferase enhances chemosensitivity to temozolomide in malignant glioma,Homo sapiens,hg19,chr10,131265950,131266000,,MGMT,Enhancer,Active,Disease,glioblastoma,MONDO:0005142,DOID:3070,Brain,UBERON:0000955,LN18 glioma cells,CVCL_1352,glioblastoma cell,CL:0000127,Functional perturbation assay, Enhancer activity assay,RNA-seq,CRISPR Knockout, CRISPRi, qRT-PCR, Western blot
2021,34493733,Transcriptional network involving ERG and AR orchestrates Distal-less homeobox-1 mediated prostate cancer progression,Homo sapiens,hg19,chr2,172661000,172662500,AR,DLX1,Enhancer,Active,Disease,prostate cancer,MONDO:0008315,DOID:10283,Prostate,UBERON:0002367,VCaP,CVCL_2235,prostate carcinoma cell,CL:0000066,Enhancer activity assay, TF binding assay, Chromatin interaction assay,ChIP-seq, RNA-seq, ChIA-PET,ChIP-RT-qPCR, qRT-PCR, Western blot, Re-ChIP
2024,39277592,Enhancer-promoter hubs organize transcriptional networks promoting oncogenesis and drug resistance,Homo sapiens,hg19,chr20,48400000,49200000,,CEBPB,Enhancer,Active,Disease,breast carcinoma,MONDO:0006120,DOID:1612,Breast,UBERON:0000310,MB157,CVCL_UC56,breast carcinoma cell,CL:0000066,Chromatin interaction assay,SMC1 HiChIP, H3K27ac ChIP-seq, RNA-seq,qRT-PCR, and ChIP-qPCR
2024,39277592,Enhancer-promoter hubs organize transcriptional networks promoting oncogenesis and drug resistance,Homo sapiens,hg19,chr20,48400000,49200000,,CEBPB,Enhancer,Active,Disease,breast carcinoma,MONDO:0006120,DOID:1612,Breast,UBERON:0000310,HCC1599,CVCL_UC78,breast carcinoma cell,CL:0000066,Chromatin interaction assay,SMC1 HiChIP, H3K27ac ChIP-seq, RNA-seq,qRT-PCR, and ChIP-qPCR
2012,21822303,Sox2 expression in breast tumours and activation in breast cancer stem cells,Homo sapiens,hg19,chr3,181708088,181708477,,SOX2,Enhancer,Active,Disease,breast carcinoma,MONDO:0006120,DOID:1612,Breast,UBERON:0000310,MCF7 breast carcinoma,CVCL_0031,breast carcinoma cell,CL:0000066,Enhancer activity assay, Functional perturbation assay,,Luciferase Reporter Assay, RT-RT-qPCR, Western blot
2012,21822303,Sox2 expression in breast tumours and activation in breast cancer stem cells,Homo sapiens,hg19,chr3,181708088,181708477,,SOX2,Enhancer,Active,Disease,breast carcinoma,MONDO:0006120,DOID:1612,Breast,UBERON:0000310,T47D breast carcinoma,CVCL_0553,breast carcinoma cell,CL:0000066,Enhancer activity assay, Functional perturbation assay,,Luciferase Reporter Assay, RT-RT-qPCR, Western blot
2016,26864944,Enhancer RNA-driven looping enhances the transcription of the long noncoding RNA DHRS4-AS1, a controller of the DHRS4 gene cluster,Homo sapiens,hg19,chr14,23500000,23501600,CEBPBETA; RNA POLYMERASE II,DHRS4-AS1,Enhancer,Active,Disease,hepatocellular carcinoma,MONDO:0007256,DOID:684,Liver,UBERON:0002107,HepG2,CVCL_0027,hepatocellular carcinoma cell,CL:0000182,Enhancer activity assay, Chromatin interaction assay, Functional perturbation assay,RNA-seq,Luciferase Reporter Assay, ChIP-RT-qPCR, RT-RT-qPCR
2016,26814967,Active medulloblastoma enhancers reveal subgroup-specific cellular origins,Homo sapiens,hg19,chr8,128647663,128667652,HLX; LHX2; LMX1A,MYC,Enhancer,Active,Disease,medulloblastoma,MONDO:0005146,DOID:0050902,Brain,UBERON:0000955,MED8A,,medulloblastoma cell,CL:0000127,Enhancer activity assay, TF binding assay, Chromatin interaction assay,ChIP-seq, RNA-seq,Transgenic Reporter Assay, ChIP-RT-qPCR, RT-RT-qPCR
2016,26814967,Active medulloblastoma enhancers reveal subgroup-specific cellular origins,Homo sapiens,hg19,chr8,128647663,128667652,HLX; LHX2; LMX1A,MYC,Enhancer,Active,Disease,medulloblastoma,MONDO:0005146,DOID:0050902,Brain,UBERON:0000955,D425,,medulloblastoma cell,CL:0000127,Enhancer activity assay, TF binding assay, Chromatin interaction assay,ChIP-seq, RNA-seq,Transgenic Reporter Assay, ChIP-RT-qPCR, RT-RT-qPCR
2016,26814967,Active medulloblastoma enhancers reveal subgroup-specific cellular origins,Homo sapiens,hg19,chr8,128647663,128667652,HLX; LHX2; LMX1A,MYC,Enhancer,Active,Disease,medulloblastoma,MONDO:0005146,DOID:0050902,Brain,UBERON:0000955,HD-MB03,CVCL_IT11,medulloblastoma cell,CL:0000127,Enhancer activity assay, TF binding assay, Chromatin interaction assay,ChIP-seq, RNA-seq,Transgenic Reporter Assay, ChIP-RT-qPCR, RT-RT-qPCR
2016,26814967,Active medulloblastoma enhancers reveal subgroup-specific cellular origins,Homo sapiens,hg19,chr8,128647663,128667652,HLX; LHX2; LMX1A,MYC,Enhancer,Active,Disease,medulloblastoma,MONDO:0005146,DOID:0050902,Brain,UBERON:0000955,Primary Medulloblastoma Tissue,,medulloblastoma cell,CL:0000127,Enhancer activity assay, TF binding assay, Chromatin interaction assay,ChIP-seq, RNA-seq,Transgenic Reporter Assay, ChIP-RT-qPCR, RT-RT-qPCR
2016,26814967,Active medulloblastoma enhancers reveal subgroup-specific cellular origins,Homo sapiens,hg19,chr14,57182300,57183900,OTX2,OTX2,Enhancer,Active,Disease,medulloblastoma,MONDO:0005146,DOID:0050902,Brain,UBERON:0000955,Primary Medulloblastoma Tissue,,medulloblastoma cell,CL:0000127,Enhancer activity assay,ChIP-seq, RNA-seq,Transgenic Reporter Assay
2016,26814967,Active medulloblastoma enhancers reveal subgroup-specific cellular origins,Homo sapiens,hg19,chr3,147013502,147063501,ZIC1; ZIC4,ZIC1,Enhancer,Active,Disease,medulloblastoma,MONDO:0005146,DOID:0050902,Brain,UBERON:0000955,Primary Medulloblastoma Tissue,,medulloblastoma cell,CL:0000127,Enhancer activity assay, TF binding assay,ChIP-seq, RNA-seq,ChIP-RT-qPCR, RT-RT-qPCR
2016,26814967,Active medulloblastoma enhancers reveal subgroup-specific cellular origins,Homo sapiens,hg19,chr21,47738157,47748156,,PCNT,Enhancer,Active,Disease,medulloblastoma,MONDO:0005146,DOID:0050902,Brain,UBERON:0000955,Primary Medulloblastoma Tissue (WNT subgroup),,medulloblastoma cell,CL:0000127,Enhancer activity assay,ChIP-seq, RNA-seq,RT-RT-qPCR
2016,26814967,Active medulloblastoma enhancers reveal subgroup-specific cellular origins,Homo sapiens,hg19,chr1,221037098,221047097,,NKD2,Enhancer,Active,Disease,medulloblastoma,MONDO:0005146,DOID:0050902,Brain,UBERON:0000955,Primary Medulloblastoma Tissue (SHH subgroup),,medulloblastoma cell,CL:0000127,Enhancer activity assay,ChIP-seq, RNA-seq,RT-RT-qPCR
2016,26814967,Active medulloblastoma enhancers reveal subgroup-specific cellular origins,Homo sapiens,hg19,chr5,121620525,121630524,,SNCAIP,Enhancer,Active,Disease,medulloblastoma,MONDO:0005146,DOID:0050902,Brain,UBERON:0000955,Primary Medulloblastoma Tissue (Group3 subgroup),,medulloblastoma cell,CL:0000127,Enhancer activity assay,ChIP-seq, RNA-seq,RT-RT-qPCR
2016,26814967,Active medulloblastoma enhancers reveal subgroup-specific cellular origins,Homo sapiens,hg19,chr5,925833,926832,HLX,HLX,Enhancer,Active,Disease,medulloblastoma,MONDO:0005146,DOID:0050902,Brain,UBERON:0000955,Primary Medulloblastoma Tissue (Group4 subgroup),,medulloblastoma cell,CL:0000127,Enhancer activity assay, TF binding assay,ChIP-seq, RNA-seq,ChIP-RT-qPCR, RT-RT-qPCR
2019,31231131,Ascl1-induced Wnt11 regulates neuroendocrine differentiation, cell proliferation, and E-cadherin expression in small-cell lung cancer,Homo sapiens,hg19,chr11,75928700,75928930,ASCL1,,Enhancer,Active,Disease,small cell lung carcinoma,MONDO:0005020,DOID:5409,Lung,UBERON:0002048,SCLC cell line H889,CVCL_1599,small cell lung carcinoma cell,CL:0000066,TF binding assay, Functional perturbation assay,ChIP-seq, RNA-seq,ChIP-RT-qPCR, RT-RT-qPCR, Western blot
2024,38934080,Core regions in immunoglobulin heavy chain enhancers essential for survival of non-Hodgkin lymphoma cells are identified by a CRISPR interference screen,Homo sapiens,hg19,chr14,106032312,106033352,,BCL2,Enhancer,Active,Disease,diffuse large B-cell lymphoma,MONDO:0005042,DOID:0050746,Blood,UBERON:0000178,Diffuse large B-cell lymphoma cell line,,diffuse large B-cell lymphoma cell,CL:0000945,Functional perturbation assay,CRISPR screen,RT-RT-qPCR, Western blot
2024,38934080,Core regions in immunoglobulin heavy chain enhancers essential for survival of non-Hodgkin lymphoma cells are identified by a CRISPR interference screen,Homo sapiens,hg19,chr14,106041116,106041795,,MYC,Enhancer,Active,Disease,Burkitt lymphoma,MONDO:0002483,DOID:8582,Blood,UBERON:0000178,Burkitt lymphoma cell line,,Burkitt lymphoma cell,CL:0000945,Functional perturbation assay,CRISPR screen,RT-RT-qPCR, Western blot
2024,38934080,Core regions in immunoglobulin heavy chain enhancers essential for survival of non-Hodgkin lymphoma cells are identified by a CRISPR interference screen,Homo sapiens,hg19,chr14,106041116,106041795,,BCL2,Enhancer,Active,Disease,diffuse large B-cell lymphoma,MONDO:0005042,DOID:0050746,Blood,UBERON:0000178,Diffuse large B-cell lymphoma cell line,,diffuse large B-cell lymphoma cell,CL:0000945,Functional perturbation assay,CRISPR screen,RT-RT-qPCR, Western blot
2024,38934080,Core regions in immunoglobulin heavy chain enhancers essential for survival of non-Hodgkin lymphoma cells are identified by a CRISPR interference screen,Homo sapiens,hg19,chr14,106152156,106153203,,MYC,Enhancer,Active,Disease,Burkitt lymphoma,MONDO:0002483,DOID:8582,Blood,UBERON:0000178,Burkitt lymphoma cell line,,Burkitt lymphoma cell,CL:0000945,Functional perturbation assay,CRISPR screen,RT-RT-qPCR, Western blot
2024,38934080,Core regions in immunoglobulin heavy chain enhancers essential for survival of non-Hodgkin lymphoma cells are identified by a CRISPR interference screen,Homo sapiens,hg19,chr14,106152156,106153203,,BCL2,Enhancer,Active,Disease,diffuse large B-cell lymphoma,MONDO:0005042,DOID:0050746,Blood,UBERON:0000178,Diffuse large B-cell lymphoma cell line,,diffuse large B-cell lymphoma cell,CL:0000945,Functional perturbation assay,CRISPR screen,RT-RT-qPCR, Western blot
2024,38934080,Core regions in immunoglobulin heavy chain enhancers essential for survival of non-Hodgkin lymphoma cells are identified by a CRISPR interference screen,Homo sapiens,hg19,chr14,106162681,106163347,,MYC,Enhancer,Active,Disease,Burkitt lymphoma,MONDO:0002483,DOID:8582,Blood,UBERON:0000178,Burkitt lymphoma cell line,,Burkitt lymphoma cell,CL:0000945,Functional perturbation assay,CRISPR screen,RT-RT-qPCR, Western blot
2024,38934080,Core regions in immunoglobulin heavy chain enhancers essential for survival of non-Hodgkin lymphoma cells are identified by a CRISPR interference screen,Homo sapiens,hg19,chr14,106162681,106163347,,BCL2,Enhancer,Active,Disease,diffuse large B-cell lymphoma,MONDO:0005042,DOID:0050746,Blood,UBERON:0000178,Diffuse large B-cell lymphoma cell line,,diffuse large B-cell lymphoma cell,CL:0000945,Functional perturbation assay,CRISPR screen,RT-RT-qPCR, Western blot
2024,38934080,Core regions in immunoglobulin heavy chain enhancers essential for survival of non-Hodgkin lymphoma cells are identified by a CRISPR interference screen,Homo sapiens,hg19,chr14,106328838,106329184,,MYC,Enhancer,Active,Disease,Burkitt lymphoma,MONDO:0002483,DOID:8582,Blood,UBERON:0000178,Burkitt lymphoma cell line,,Burkitt lymphoma cell,CL:0000945,Functional perturbation assay,CRISPR screen,RT-RT-qPCR, Western blot
2024,38934080,Core regions in immunoglobulin heavy chain enhancers essential for survival of non-Hodgkin lymphoma cells are identified by a CRISPR interference screen,Homo sapiens,hg19,chr14,106328838,106329184,,BCL2,Enhancer,Active,Disease,diffuse large B-cell lymphoma,MONDO:0005042,DOID:0050746,Blood,UBERON:0000178,Diffuse large B-cell lymphoma cell line,,diffuse large B-cell lymphoma cell,CL:0000945,Functional perturbation assay,CRISPR screen,RT-RT-qPCR, Western blot
2019,30678091,Functional SNPs in the Human Autoimmunity-Associated Locus 17q12-21,Homo sapiens,hg19,chr17,38050770,38051866,,,Enhancer,Active,Disease,T-cell acute lymphoblastic leukemia,MONDO:0004947,DOID:0050890,Blood,UBERON:0000178,Jurkat,CVCL_0065,T lymphoblast,CL:0002419,Enhancer activity assay,,Luciferase Reporter Assay
2016,26615198,CFTR regulatory elements identified by 5C,Homo sapiens,hg19,chr7,117323000,117324600,,CFTR,Enhancer,Active,Disease,colorectal adenocarcinoma,MONDO:0005132,DOID:9256,Colon,UBERON:0001155,Caco-2,CVCL_0025,colorectal adenocarcinoma cell,CL:0000066,Enhancer activity assay,5C-seq,Luciferase Reporter Assay
2016,26754925,IER5 generates a novel hypo-phosphorylated active form of HSF1 and contributes to tumorigenesis,Homo sapiens,hg19,chr6,31784438,31784648,,HSPA1B,Enhancer,Active,Disease,non-small cell lung carcinoma,MONDO:0005233,DOID:3908,Lung,UBERON:0002048,H1299,CVCL_0060,non-small cell lung carcinoma cell,CL:0000066,Enhancer activity assay,Gene Expression Microarray,Luciferase Reporter Assay, RT-RT-qPCR
2016,26754925,IER5 generates a novel hypo-phosphorylated active form of HSF1 and contributes to tumorigenesis,Homo sapiens,hg19,chr1,161559500,161559700,,HSPA6,Enhancer,Active,Disease,non-small cell lung carcinoma,MONDO:0005233,DOID:3908,Lung,UBERON:0002048,H1299,CVCL_0060,non-small cell lung carcinoma cell,CL:0000066,Enhancer activity assay,Gene Expression Microarray,Luciferase Reporter Assay, RT-RT-qPCR
2016,26751173,Functional genetic screens for enhancer elements in the human genome using CRISPR-Cas9,Homo sapiens,hg19,chr6,36642000,36645000,,CDKN1A,Enhancer,Active,Disease,breast carcinoma,MONDO:0006120,DOID:1612,Breast,UBERON:0000310,MCF-7,CVCL_0031,breast carcinoma cell,CL:0000066,Genetic perturbation screen,GRO-seq,Luciferase Reporter Assay
2016,25786345,p53-dependent expression of CXCR5 chemokine receptor in MCF-7 breast cancer cells,Homo sapiens,hg19,chr11,118813865,118815965,,CXCR5,Enhancer,Active,Disease,breast carcinoma,MONDO:0006120,DOID:1612,Breast,UBERON:0000310,MCF-7,CVCL_0031,breast carcinoma cell,CL:0000066,Enhancer activity assay,,Luciferase Reporter Assay
2018,29511351,HPSE enhancer RNA promotes cancer progression through driving chromatin looping and regulating hnRNPU/p300/EGR1/HPSE axis,Homo sapiens,hg19,chr4,84255915,84256935,EGR1,HPSE,Enhancer,Active,Disease,gastric adenocarcinoma,MONDO:0005050,DOID:3717,Stomach,UBERON:0000945,AGS,CVCL_0139,gastric adenocarcinoma cell,CL:0000066,Chromatin interaction assay, TF binding assay,ChIP-seq, RNA-seq,qRT-PCR, and ChIP-qPCR
2018,29511351,HPSE enhancer RNA promotes cancer progression through driving chromatin looping and regulating hnRNPU/p300/EGR1/HPSE axis,Homo sapiens,hg19,chr4,84255915,84256935,EGR1,HPSE,Enhancer,Active,Disease,gastric adenocarcinoma,MONDO:0005050,DOID:3717,Stomach,UBERON:0000945,SGC-7901,CVCL_0525,gastric adenocarcinoma cell,CL:0000066,Chromatin interaction assay, TF binding assay,ChIP-seq, RNA-seq,qRT-PCR, and ChIP-qPCR
2018,29641996,Transcriptional Dysregulation of MYC Reveals Common Enhancer-Docking Mechanism,Homo sapiens,hg19,chr8,128765000,128767000,,VEGFA,Enhancer,Active,Disease,chronic myeloid leukemia,MONDO:0011998,DOID:8552,Bone Marrow,UBERON:0002371,K562,CVCL_0004,chronic myeloid leukemia cell,CL:0001054,Chromatin interaction assay, Functional perturbation assay,ChIA-PET, RNA-seq,qRT-PCR, and ChIP-qPCR
2018,29641996,Transcriptional Dysregulation of MYC Reveals Common Enhancer-Docking Mechanism,Homo sapiens,hg19,chr8,128765000,128767000,,VEGFA,Enhancer,Active,Disease,colorectal carcinoma,MONDO:0005132,DOID:9256,Colon,UBERON:0001155,HCT-116,CVCL_0291,colorectal carcinoma cell,CL:0000066,Chromatin interaction assay, Functional perturbation assay,ChIA-PET, RNA-seq,qRT-PCR, and ChIP-qPCR
2011,21232847,A rearranged EP300 gene in the human B-cell lymphoma cell line RC-K8 encodes a disabled transcriptional co-activator that contributes to cell growth and oncogenicity,Homo sapiens,hg19,chr22,41500000,41501000,,EP300,Enhancer,Active,Disease,histiocytic lymphoma,MONDO:0004854,DOID:5408,Blood,UBERON:0000178,RC-K8,CVCL_2148,histiocytic lymphoma cell,CL:0000576,Enhancer activity assay, TF binding assay, Functional perturbation assay,RNA-seq,Luciferase reporter assay, ChIP-RT-qPCR, RT-RT-qPCR, siRNA knockdown
2015,25522777,Salinomycin inhibits hepatocellular carcinoma cell invasion and migration through JNK/JunD pathway-mediated MMP9 expression,Homo sapiens,hg19,chr20,44639323,44641625,,MMP9,Enhancer,Silenced,Disease,hepatocellular carcinoma,MONDO:0007256,DOID:684,Liver,UBERON:0002107,HCCLM3,CVCL_6850,hepatocellular carcinoma cell,CL:0000182,Enhancer activity assay,,Luciferase Reporter Assay, RT-RT-qPCR
2015,26214589,Chimeric EWSR1-FLI1 regulates the Ewing sarcoma susceptibility gene EGR2 via a GGAA microsatellite,Homo sapiens,hg19,chr10,64739850,64739980,,EGR2,Enhancer,Active,Disease,Ewing sarcoma,MONDO:0003368,DOID:3368,Bone,UBERON:0001474,A673,CVCL_0080,Ewing sarcoma cell,CL:0000050,Enhancer activity assay,,Luciferase Reporter Assay
2015,26214589,Chimeric EWSR1-FLI1 regulates the Ewing sarcoma susceptibility gene EGR2 via a GGAA microsatellite,Homo sapiens,hg19,chr10,64698250,64698400,,EGR2,Enhancer,Active,Disease,Ewing sarcoma,MONDO:0003368,DOID:3368,Bone,UBERON:0001474,A673,CVCL_0080,Ewing sarcoma cell,CL:0000050,Enhancer activity assay,,Luciferase Reporter Assay
2015,26214589,Chimeric EWSR1-FLI1 regulates the Ewing sarcoma susceptibility gene EGR2 via a GGAA microsatellite,Homo sapiens,hg19,chr10,64715600,64717000,,EGR2,Enhancer,Active,Disease,Ewing sarcoma,MONDO:0003368,DOID:3368,Bone,UBERON:0001474,A673,CVCL_0080,Ewing sarcoma cell,CL:0000050,Enhancer activity assay,,Luciferase Reporter Assay
2016,26679052,Inhibition of growth, migration and invasion of human bladder cancer cells by antrocin, a sesquiterpene lactone isolated from Antrodia cinnamomea, and its molecular mechanisms,Homo sapiens,hg19,chr16,55499100,55501100,,MMP2,Enhancer,Silenced,Disease,bladder carcinoma,MONDO:0005094,DOID:4007,Urinary bladder,UBERON:0001255,5637,CVCL_0126,bladder carcinoma cell,CL:0000066,Enhancer activity assay,,Luciferase Reporter Assay
2016,26814967,Active medulloblastoma enhancers reveal subgroup-specific cellular origins,Homo sapiens,hg19,chr8,128311200,128667652,HLX,MYC,Enhancer,Active,Disease,medulloblastoma,MONDO:0005146,DOID:0050902,Brain,UBERON:0000955,HD-MB03,CVCL_IT11,medulloblastoma cell,CL:0000127,Enhancer activity assay,ChIP-seq,Transgenic reporter assay
2016,26814967,Active medulloblastoma enhancers reveal subgroup-specific cellular origins,Homo sapiens,hg19,chr2,29411893,30163716,,ALK,Enhancer,Active,Disease,medulloblastoma,MONDO:0005146,DOID:0050902,Brain,UBERON:0000955,Primary tumor tissue,,medulloblastoma cell,CL:0000127,Enhancer activity assay,ChIP-seq,Immunohistochemistry
2016,26814967,Active medulloblastoma enhancers reveal subgroup-specific cellular origins,Homo sapiens,hg19,chr3,147013502,147063502,,ZIC1/ZIC4,Enhancer,Active,Disease,medulloblastoma,MONDO:0005146,DOID:0050902,Brain,UBERON:0000955,Primary tumor tissue,,medulloblastoma cell,CL:0000127,Enhancer activity assay,ChIP-seq,qRT-PCR, and ChIP-qPCR
2012,22383952,Transcriptional Regulation of N-Acetylglutamate Synthase,Homo sapiens,hg19,chr17,42059156,42059522,HNF1A,NAGS,Enhancer,Active,Disease,hepatocellular carcinoma,MONDO:0007256,DOID:684,Liver,UBERON:0002107,HepG2 cells,CVCL_0027,hepatocellular carcinoma cell,CL:0000182,Enhancer activity assay, TF binding assay,,Luciferase reporter assay, ChIP-RT-qPCR, RT-RT-qPCR
2012,22408256,Expression of ABO blood-group genes is dependent upon an erythroid cell-specific regulatory element,Homo sapiens,hg19,chr9,133205353,133205796,NFYA,ABO,Enhancer,Active,Disease,gastric adenocarcinoma,MONDO:0005050,DOID:3717,Stomach,UBERON:0000945,KATO III cells,CVCL_1290,gastric adenocarcinoma cell,CL:0000066,Enhancer activity assay, TF binding assay,,Luciferase reporter assay, EMSA
2014,25453903,EWS-FLI1 utilizes divergent chromatin remodeling mechanisms to directly activate or repress enhancer elements in Ewing sarcoma,Homo sapiens,hg19,chr14,92450000,92451800,EWS-FLI1,VRK1,Enhancer,Active,Disease,Ewing sarcoma,MONDO:0003368,DOID:3368,Bone,UBERON:0001474,A673 Ewing sarcoma,CVCL_0080,Ewing sarcoma cell,CL:0000050,Functional perturbation assay,ChIP-seq, RNA-seq,RT-RT-qPCR
2010,20093418,Glucocorticoid receptor activates poised FKBP51 locus through long-distance interactions,Homo sapiens,hg19,chr6,35686811,35686856,,FKBP5,Enhancer,Active,Disease,lung adenocarcinoma,MONDO:0005032,DOID:3905,Lung,UBERON:0002048,A549,CVCL_0023,lung adenocarcinoma cell,CL:0001069,Enhancer activity assay, Functional perturbation assay,,Luciferase Reporter Assay, RT-RT-qPCR
2010,20093418,Glucocorticoid receptor activates poised FKBP51 locus through long-distance interactions,Homo sapiens,hg19,chr6,35686811,35686856,,FKBP5,Enhancer,Active,Disease,prostate cancer,MONDO:0008315,DOID:10283,Prostate,UBERON:0002367,VCaP,CVCL_2235,prostate carcinoma cell,CL:0000066,Enhancer activity assay, Functional perturbation assay,,Luciferase Reporter Assay, RT-RT-qPCR
2010,20093418,Glucocorticoid receptor activates poised FKBP51 locus through long-distance interactions,Homo sapiens,hg19,chr6,35697997,35698211,,FKBP5,Enhancer,Active,Disease,lung adenocarcinoma,MONDO:0005032,DOID:3905,Lung,UBERON:0002048,A549,CVCL_0023,lung adenocarcinoma cell,CL:0001069,Enhancer activity assay, Functional perturbation assay,,Luciferase Reporter Assay, RT-RT-qPCR
2010,20093418,Glucocorticoid receptor activates poised FKBP51 locus through long-distance interactions,Homo sapiens,hg19,chr6,35697997,35698211,,FKBP5,Enhancer,Active,Disease,prostate cancer,MONDO:0008315,DOID:10283,Prostate,UBERON:0002367,VCaP,CVCL_2235,prostate carcinoma cell,CL:0000066,Enhancer activity assay, Functional perturbation assay,,Luciferase Reporter Assay, RT-RT-qPCR
2010,20453196,8q24 prostate, breast, and colon cancer risk loci show tissue-specific long-range interaction with MYC,Homo sapiens,hg19,chr8,128423748,128424352,P300,MYC,Enhancer,Active,Disease,breast carcinoma,MONDO:0006120,DOID:1612,Breast,UBERON:0000310,MCF-7,CVCL_0031,breast carcinoma cell,CL:0000646,Enhancer activity assay, Chromatin interaction assay, TF binding assay,,ChIP-RT-qPCR, 3C
2010,20453196,8q24 prostate, breast, and colon cancer risk loci show tissue-specific long-range interaction with MYC,Homo sapiens,hg19,chr8,128482486,128483650,P300,MYC,Enhancer,Active,Disease,colorectal carcinoma,MONDO:0005132,DOID:9256,Colon,UBERON:0001155,LS174T,CVCL_1384,colorectal carcinoma cell,CL:0000066,Enhancer activity assay, Chromatin interaction assay, TF binding assay,,ChIP-RT-qPCR, 3C
2008,18202151,An enhancer upstream of TNFSF11 mediates activation by vitamin D3,Homo sapiens,hg19,chr13,43111372,43112072,VDR,TNFSF11,Enhancer,Active,Disease,osteosarcoma,MONDO:0005087,DOID:3347,Bone,UBERON:0001474,MG-63,CVCL_0426,osteosarcoma cell,CL:0000062,TF binding assay,ChIP-seq,EMSA, ChIP-RT-qPCR
2022,34162177,Characterization of GECPAR, a noncoding RNA that regulates the transcriptional program of diffuse large B-cell lymphoma,Homo sapiens,hg19,chr11,111250000,111350000,,POU2AF1,SE,Active,Disease,diffuse large B-cell lymphoma,MONDO:0005042,DOID:0050746,Lymph node,UBERON:0000029,GCB-DLBCL cell lines (OCI-LY1),CVCL_8804,diffuse large B-cell lymphoma cell,CL:0000945,Enhancer activity assay, Functional perturbation assay,ChIP-seq, RNA-seq,ChIP-RT-qPCR, qRT-PCR
2022,34162177,Characterization of GECPAR, a noncoding RNA that regulates the transcriptional program of diffuse large B-cell lymphoma,Homo sapiens,hg19,chr11,111285000,111287000,,LOC100132078,Enhancer,Active,Disease,diffuse large B-cell lymphoma,MONDO:0005042,DOID:0050746,Lymph node,UBERON:0000029,GCB-DLBCL cell lines (OCI-LY1),CVCL_8804,diffuse large B-cell lymphoma cell,CL:0000945,Enhancer activity assay, Functional perturbation assay,ChIP-seq, RNA-seq,ChIP-RT-qPCR, qRT-PCR
2019,30678091,Functional SNPs in the Human Autoimmunity-Associated Locus 17q12-21,Homo sapiens,hg19,chr17,38026822,38029614,,,Enhancer,Active,Disease,histiocytic lymphoma,MONDO:0004854,DOID:5408,Blood,UBERON:0000178,Activated U-937 cells,CVCL_0007,histiocytic lymphoma cell,CL:0000576,Enhancer activity assay,,Luciferase Reporter Assay
2020,31658410,A distal enhancer that directs Otx2 expression in the retinal pigment epithelium and neuroretina,Homo sapiens,hg19,chr14,57230000,57232400,,OTX2,Enhancer,Active,Disease,,,,Retina,UBERON:0000966,,,,,Enhancer activity assay, TF binding assay,DNase-seq, Hi-C,Transgenic Reporter Assay
2020,32732264,Cross-species analysis of enhancer logic using deep learning,Homo sapiens,hg19,chr6,396135,396636,,IRF4,Enhancer,Active,Disease,skin melanoma,MONDO:0005105,DOID:1909,Skin,UBERON:0000014,Human melanoma cells,,melanoma cell,CL:0002573,Enhancer activity assay,MPRA, ATAC-seq, RNA-seq,In silico saturation mutagenesis
2013,23631855,Tensile strain increases expression of CCN2 and COL2A1 by activating TGF-??-Smad2/3 pathway in chondrocytic cells,Homo sapiens,hg19,chr1,83941100,83941260,SMAD2,CCN2,Enhancer,Active,Disease,chondrosarcoma,MONDO:0005172,DOID:3369,Cartilage,UBERON:0002418,Human chondrosarcoma cell,,chondrosarcoma cell,CL:0000138,Enhancer activity assay,,Luciferase Reporter Assay, ChIP-RT-qPCR, qRT-PCR, Western blot
2013,23631855,Tensile strain increases expression of CCN2 and COL2A1 by activating TGF-??-Smad2/3 pathway in chondrocytic cells,Homo sapiens,hg19,chr12,48355000,48355154,SMAD2,COL2A1,Enhancer,Active,Disease,chondrosarcoma,MONDO:0005172,DOID:3369,Cartilage,UBERON:0002418,Human chondrosarcoma cell,,chondrosarcoma cell,CL:0000138,Enhancer activity assay,,Luciferase Reporter Assay, ChIP-RT-qPCR, qRT-PCR, Western blot
2023,37591883,High-sensitive nascent transcript sequencing reveals BRD4-specific control of widespread enhancer and target gene transcription,Homo sapiens,hg19,chr11,5280741,5280786,,HBB,Enhancer,Active,Disease,chronic myeloid leukemia,MONDO:0011998,DOID:8552,Blood,UBERON:0000178,K-562,CVCL_0004,chronic myeloid leukemia cell,CL:0001054,Enhancer transcriptional regulation assay, Activity validation,HiS-NET-seq, ChIP-Rx, HiChIP,qRT-PCR, and ChIP-qPCR
2015,26626481,NSD3-short is an adaptor protein that couples BRD4 to the CHD8 chromatin remodeler,Homo sapiens,hg19,chr8,128747680,128753680,,MYC,Enhancer,Active,Disease,acute myeloid leukemia,MONDO:0018874,DOID:9119,Bone marrow,UBERON:0002371,NOMO-1,CVCL_1609,acute myeloid leukemia cell,CL:0001054,TF binding, functional perturbation,,ChIP-RT-qPCR, RT-RT-qPCR
2015,26427657,ROBO1 deletion as a novel germline alteration in breast and colorectal cancer patients,Homo sapiens,hg19,chr3,78905346,78955823,,ROBO1,Enhancer,Silenced,Disease,breast carcinoma,MONDO:0006120,DOID:1612,Breast,UBERON:0000310,Primary tumor,,breast carcinoma cell,CL:0000646,Functional perturbation assay,RNA-seq, Array CGH,RT-RT-qPCR, Sanger Sequencing
2019,30664627,C1 CAGE detects transcription start sites and enhancer activity at single-cell resolution,Homo sapiens,hg19,chr10,3929991,3930887,,KLF6,Enhancer,Active,Disease,lung adenocarcinoma,MONDO:0005032,DOID:3905,Lung,UBERON:0002048,A549 human alveolar basal epithelial adenocarcinoma,CVCL_0023,lung adenocarcinoma cell,CL:0001069,Enhancer activity assay,CAGE-seq, RNA-seq,Single-molecule fluorescence in situ hybridization (smFISH)
2019,30664627,C1 CAGE detects transcription start sites and enhancer activity at single-cell resolution,Homo sapiens,hg19,chr20,56293544,56293843,,PMEPA1,Enhancer,Active,Disease,lung adenocarcinoma,MONDO:0005032,DOID:3905,Lung,UBERON:0002048,A549 human alveolar basal epithelial adenocarcinoma,CVCL_0023,lung adenocarcinoma cell,CL:0001069,Enhancer activity assay,CAGE-seq, RNA-seq,Single-molecule fluorescence in situ hybridization (smFISH)
2019,30664627,C1 CAGE detects transcription start sites and enhancer activity at single-cell resolution,Homo sapiens,hg19,chr17,48105016,48105270,,PDK2,Enhancer,Active,Disease,lung adenocarcinoma,MONDO:0005032,DOID:3905,Lung,UBERON:0002048,A549 human alveolar basal epithelial adenocarcinoma,CVCL_0023,lung adenocarcinoma cell,CL:0001069,Enhancer activity assay,CAGE-seq, RNA-seq,Single-molecule fluorescence in situ hybridization (smFISH)
2016,26795348,Discordant Haplotype Sequencing Identifies Functional Variants at the 2q33 Breast Cancer Risk Locus,Homo sapiens,hg19,chr2,202123429,202123431,,CASP8,Enhancer,Silenced,Disease,breast carcinoma,MONDO:0006120,DOID:1612,Breast,UBERON:0000310,T-47D,CVCL_0553,breast carcinoma cell,CL:0000646,Functional perturbation assay,RNA-seq,RT-RT-qPCR
2016,26818267,Utility of next-generation RNA-sequencing in identifying chimeric transcription involving human endogenous retroviruses,Homo sapiens,hg19,chr11,5225000,5227000,GATA1,HBG1,Enhancer,Active,Disease,breast carcinoma,MONDO:0006120,DOID:1612,Breast,UBERON:0000310,T-47D,CVCL_0553,breast carcinoma cell,CL:0000646,TF binding assay,ChIP-seq,EMSA
2016,26814967,Active medulloblastoma enhancers reveal subgroup-specific cellular origins,Homo sapiens,hg19,chr1,165355703,165405703,,TGFBR1,Enhancer,Active,Disease,medulloblastoma,MONDO:0005146,DOID:0050902,Brain,UBERON:0000955,HD-MB03,CVCL_IT11,medulloblastoma cell,CL:0000127,Chromatin interaction assay,4C-seq,4C-RT-qPCR
2014,24667089,The PEG13-DMR and brain-specific enhancers dictate imprinted expression within the 8q24 intellectual disability risk locus,Homo sapiens,hg19,chr8,140948000,140952000,,KCNK9,Enhancer,Active,Disease,medulloblastoma,MONDO:0005146,DOID:0050902,Brain,UBERON:0000955,HD-MB03,CVCL_IT11,medulloblastoma cell,CL:0000127,Chromatin interaction assay,ChIA-PET,3C-RT-qPCR, Allele-specific RT-PCR, RT-RT-qPCR
2014,25248036,Evidence that breast cancer risk at the 2q35 locus is mediated through IGFBP5 regulation,Homo sapiens,hg19,chr2,217920100,217921400,,IGFBP5,Enhancer,Active,Disease,skin melanoma,MONDO:0005105,DOID:1909,Skin,UBERON:0000014,G361 melanoma,CVCL_1224,melanoma cell,CL:0002573,Enhancer activity assay,,Luciferase Reporter Assay
2014,25434007,A Rare Functional Noncoding Variant at the GWAS-Implicated MIR137/MIR2682 Locus Might Confer Risk to Schizophrenia and Bipolar Disorder,Homo sapiens,hg19,chr1,98515300,98515700,,MIR137,Enhancer,Active,Disease,breast carcinoma,MONDO:0006120,DOID:1612,Breast,UBERON:0000310,MCF7 human breast cancer,CVCL_0031,breast carcinoma cell,CL:0000646,Enhancer activity assay,,Luciferase Reporter Assay
2014,25434007,A Rare Functional Noncoding Variant at the GWAS-Implicated MIR137/MIR2682 Locus Might Confer Risk to Schizophrenia and Bipolar Disorder,Homo sapiens,hg19,chr1,98515300,98515700,,MIR2682,Enhancer,Active,Disease,neuroblastoma,MONDO:0005070,DOID:769,Brain,UBERON:0000955,SH-SY5Y human neuroblastoma,CVCL_0019,neuroblastoma cell,CL:0000031,Enhancer activity assay,,Luciferase Reporter Assay
2014,25453756,A role for non-coding variation in schizophrenia,Homo sapiens,hg19,chr12,2350700,2350812,,CACNA1C,Enhancer,Active,Disease,neuroblastoma,MONDO:0005070,DOID:769,Brain,UBERON:0000955,SH-SY5Y human neuroblastoma,CVCL_0019,neuroblastoma cell,CL:0000031,Enhancer activity assay,,Luciferase Reporter Assay
2009,19285986,Control elements in the neighboring ATPase gene influence spatiotemporal expression of the human Agouti-related protein,Homo sapiens,hg19,chr16,53808696,53808927,,AGRP,Enhancer,Active,Disease,acute myeloid leukemia,MONDO:0018874,DOID:9119,Hematopoietic,UBERON:0002405,OCI-M2,CVCL_1624,acute myeloid leukemia cell,CL:0001054,Enhancer activity assay,,Luciferase Reporter Assay
2025,39934429,An unusual transfusion-dependent hemoglobin H disease caused by a novel complex inverted duplication involving the ??-globin regulatory elements and ??-thalassemia-SEA deletion,Homo sapiens,hg19,chr16,164235,164590,,HBA1,Enhancer,Active,Disease,diffuse large B-cell lymphoma,MONDO:0005042,DOID:0050746,Lymph node,UBERON:0000029,DHL-4 cells,CVCL_1886,diffuse large B-cell lymphoma cell,CL:0000945,Enhancer activity assay, Functional perturbation assay,ATAC-seq,Luciferase Reporter Assay
2023,37165057,Identification of a genomic DNA sequence that quantitatively modulates KLF1 transcription factor expression in differentiating human hematopoietic cells,Homo sapiens,hg19,chrX,130258372,130259352,,KLF1,Enhancer,Active,Disease,acute myeloid leukemia,MONDO:0018874,DOID:9119,Peripheral Blood,UBERON:0000178,CD71+ erythroid cells,,erythroid progenitor cell,CL:0000038,Enhancer activity assay,,Luciferase Reporter Assay, qRT-PCR
2015,26679052,Inhibition of growth, migration and invasion of human bladder cancer cells by antrocin, a sesquiterpene lactone isolated from Antrodia cinnamomea, and its molecular mechanisms,Homo sapiens,hg19,chr16,55500100,55502100,C-FOS,MMP2,Enhancer,Active,Disease,acute myeloid leukemia,MONDO:0018874,DOID:9119,Bone Marrow,UBERON:0002371,JK1 human erythroleukemia cells,CVCL_2095,erythroleukemia cell,CL:0000765,Enhancer activity assay, TF binding assay, Functional perturbation assay,,Luciferase Reporter Assay, ChIP-RT-qPCR, RT-RT-qPCR, Western blot
2015,26679052,Inhibition of growth, migration and invasion of human bladder cancer cells by antrocin, a sesquiterpene lactone isolated from Antrodia cinnamomea, and its molecular mechanisms,Homo sapiens,hg19,chr16,55500100,55502100,C-FOS,MMP2,Enhancer,Active,Disease,bladder carcinoma,MONDO:0005094,DOID:4007,Bladder,UBERON:0001255,5637,CVCL_0126,bladder carcinoma cell,CL:0000066,Enhancer activity assay, TF binding assay, Functional perturbation assay,,Luciferase Reporter Assay, ChIP-RT-qPCR, RT-RT-qPCR, Western blot
2007,17283048,Beta-globin intergenic transcription and histone acetylation dependent on an enhancer,Homo sapiens,hg19,chr11,5224750,5226210,NFE2,HBE1,Enhancer,Active,Disease,bladder carcinoma,MONDO:0005094,DOID:4007,Bladder,UBERON:0001255,T24,CVCL_0554,bladder carcinoma cell,CL:0000066,Enhancer activity assay, TF binding assay, Functional perturbation assay,,ChIP-RT-qPCR, RT-RT-qPCR, RNase protection assay, RNA FISH, DNA FISH
2004,15371553,An insulator blocks spreading of histone acetylation and interferes with RNA polymerase II transfer between an enhancer and gene,Homo sapiens,hg19,chr11,5225400,5225774,NFE2,HBE1,Enhancer,Active,Disease,chronic myeloid leukemia,MONDO:0011998,DOID:8552,Bone Marrow,UBERON:0002371,K562,CVCL_0004,chronic myeloid leukemia cell,CL:0001054,Enhancer activity assay, TF binding assay, Functional perturbation assay,,ChIP-RT-qPCR, RT-RT-qPCR, RNase protection assay, DNase I hypersensitivity assay, Restriction enzyme accessibility assay
2004,15371553,An insulator blocks spreading of histone acetylation and interferes with RNA polymerase II transfer between an enhancer and gene,Homo sapiens,hg19,chr11,5224750,5226210,CBP; P300,HBE1,Enhancer,Active,Disease,chronic myeloid leukemia,MONDO:0011998,DOID:8552,Bone Marrow,UBERON:0002371,K562,CVCL_0004,chronic myeloid leukemia cell,CL:0001054,Enhancer activity assay, TF binding assay,,ChIP-RT-qPCR, RT-RT-qPCR, RNase protection assay
2023,36749647,Prdm6 drives ductus arteriosus closure by promoting ductus arteriosus smooth muscle cell identity and contractility,Homo sapiens,hg19,chr5,122453050,122453374,,PRDM6,Enhancer,Active,Disease,chronic myeloid leukemia,MONDO:0011998,DOID:8552,Bone Marrow,UBERON:0002371,K562,CVCL_0004,chronic myeloid leukemia cell,CL:0001054,Enhancer activity assay, TF binding assay,,Luciferase Reporter Assay, RT-RT-qPCR
2018,30487368,PGSE Is a Novel Enhancer Regulating the Proteoglycan Pathway of the Mammalian Golgi Stress Response,Homo sapiens,hg19,chr15,81090165,81090265,,GLCE,Enhancer,Active,Disease,cervical cancer,MONDO:0001156,DOID:2871,Cervix,UBERON:0000002,HeLa,CVCL_0030,cervical adenocarcinoma cell,CL:0000069,Enhancer activity assay,,qRT-PCR, and ChIP-qPCR
2018,30487368,PGSE Is a Novel Enhancer Regulating the Proteoglycan Pathway of the Mammalian Golgi Stress Response,Homo sapiens,hg19,chr15,81090285,81090415,,GLCE,Enhancer,Active,Disease,cervical cancer,MONDO:0001156,DOID:2871,Cervix,UBERON:0000002,HeLa,CVCL_0030,cervical adenocarcinoma cell,CL:0000069,Enhancer activity assay,,qRT-PCR, and ChIP-qPCR
2019,30755618,Whole-genome sequencing identifies ADGRG6 enhancer mutations and FRS2 duplications as angiogenesis-related drivers in bladder cancer,Homo sapiens,hg19,chr6,142706180,142706230,,ADGRG6,Enhancer,Active,Disease,bladder carcinoma,MONDO:0005094,DOID:4007,Bladder,UBERON:0001255,5637,CVCL_0126,bladder carcinoma cell,CL:0000066,Enhancer activity assay, Functional perturbation assay,RNA-seq,RT-RT-qPCR, Western blot
2019,30755618,Whole-genome sequencing identifies ADGRG6 enhancer mutations and FRS2 duplications as angiogenesis-related drivers in bladder cancer,Homo sapiens,hg19,chr6,142706180,142706230,,ADGRG6,Enhancer,Active,Disease,bladder carcinoma,MONDO:0005094,DOID:4007,Bladder,UBERON:0001255,SW780,CVCL_1729,bladder carcinoma cell,CL:0000066,Enhancer activity assay, Functional perturbation assay,RNA-seq,RT-RT-qPCR, Western blot
2025,40512334,Genomic Locus Tagged by Lung Function GWAS SNV rs12477314 (2q373) Acts as a Regulatory Region for a Systemic Inflammatory Phenotype,Homo sapiens,hg19,chr2,239866844,239871938,,PER2,Enhancer,Active,Disease,bladder carcinoma,MONDO:0005094,DOID:4007,Bladder,UBERON:0001255,SVHUC-1,CVCL_6903,bladder epithelial cell,CL:0000066,Functional perturbation assay,RNA-seq,RT-RT-qPCR
2025,40512334,Genomic Locus Tagged by Lung Function GWAS SNV rs12477314 (2q373) Acts as a Regulatory Region for a Systemic Inflammatory Phenotype,Homo sapiens,hg19,chr2,239884251,239900294,,PER2,Enhancer,Active,Disease,non-small cell lung carcinoma,MONDO:0005233,DOID:3908,Lung,UBERON:0002048,NCI-H460,CVCL_0459,non-small cell lung carcinoma cell,CL:0000066,Functional perturbation assay,RNA-seq,RT-RT-qPCR
2019,31078271,The SNP of rs6854845 suppresses transcription via the DNA looping structure alteration of super-enhancer in colon cells,Homo sapiens,hg19,chr4,76192040,76237727,,EREG,Enhancer,Active,Disease,non-small cell lung carcinoma,MONDO:0005233,DOID:3908,Lung,UBERON:0002048,NCI-H460,CVCL_0459,non-small cell lung carcinoma cell,CL:0000066,Enhancer activity assay, Chromatin interaction assay,Hi-C,ChIP-RT-qPCR, 3C, RT-RT-qPCR
2021,33982894,Lupus susceptibility region containing CDKN1B rs34330 mechanistically influences expression and function of multiple target genes, also linked to proliferation and apoptosis,Homo sapiens,hg19,chr12,12874700,12875275,IRF1,CDKN1B,Enhancer,Active,Disease,colorectal adenocarcinoma,MONDO:0005132,DOID:9256,Colon,UBERON:0001155,Caco-2,CVCL_0025,colorectal adenocarcinoma cell,CL:0000066,TF binding assay,,ChIP-RT-qPCR
2020,32318854,Evidence for craniofacial enhancer variation underlying nonsyndromic cleft lip and palate,Homo sapiens,hg19,chr14,61120199,61122451,,SIX1,Enhancer,Active,Disease,,,,Pharyngeal Arch,UBERON:0002539,Not available,,,,Enhancer activity assay,,Transgenic Reporter Assay
2003,12732147,A Global Control Region Defines a Chromosomal Regulatory Landscape Containing the HoxD Cluster,Homo sapiens,hg19,chr2,176760000,176800000,,HOXD13,Enhancer,Active,Disease,,,,Dorsal Root Ganglion,UBERON:0001685,Not available,,,,Enhancer activity assay, Functional perturbation assay,,Transgenic Reporter Assay, Southern blot
2018,29142074,STAT3 controls COL1A2 enhancer activation cooperatively with JunB, regulates type I collagen synthesis posttranscriptionally, and is essential for lung myofibroblast differentiation,Homo sapiens,hg19,chr7,94374796,94376944,,COL1A2,Enhancer,Active,Disease,,,,Genital tubercle,UBERON:0005876,TM4 cells,CVCL_5365,Sertoli cell,CL:0000216,Enhancer activity assay, TF binding assay,,qRT-PCR, and ChIP-qPCR
2018,29898989,Disruption of a -35kb enhancer impairs CTCF binding and MLH1 expression in colorectal cells,Homo sapiens,hg19,chr3,36999364,37001216,,MLH1,Enhancer,Active,Disease,colorectal carcinoma,MONDO:0005132,DOID:9256,Colon,UBERON:0001155,SW620,CVCL_0547,colorectal carcinoma cell,CL:0000066,Functional perturbation assay, Chromatin interaction assay,ChIA-PET, RNA-seq,qRT-PCR, and ChIP-qPCR
2018,29300379,The role of SMAD3 in the genetic predisposition to papillary thyroid carcinoma,Homo sapiens,hg19,chr15,67446922,67447122,,SMAD3,Enhancer,Active,Disease,colorectal carcinoma,MONDO:0005132,DOID:9256,Colon,UBERON:0001155,RKO,CVCL_0504,colorectal carcinoma cell,CL:0000066,Enhancer activity assay,,qRT-PCR, and ChIP-qPCR
2018,29300379,The role of SMAD3 in the genetic predisposition to papillary thyroid carcinoma,Homo sapiens,hg19,chr15,67446922,67447122,,SMAD3,Enhancer,Active,Disease,thyroid carcinoma,MONDO:0005075,DOID:3948,Thyroid,UBERON:0002046,TPC-1,CVCL_6298,thyroid carcinoma cell,CL:0000066,Enhancer activity assay,,qRT-PCR, and ChIP-qPCR
2018,29300379,The role of SMAD3 in the genetic predisposition to papillary thyroid carcinoma,Homo sapiens,hg19,chr15,67464177,67464377,,SMAD3,Enhancer,Active,Disease,thyroid carcinoma,MONDO:0005075,DOID:3948,Thyroid,UBERON:0002046,BCPAP,CVCL_0153,thyroid carcinoma cell,CL:0000066,Enhancer activity assay,,qRT-PCR, and ChIP-qPCR
2018,29300379,The role of SMAD3 in the genetic predisposition to papillary thyroid carcinoma,Homo sapiens,hg19,chr15,67464177,67464377,,SMAD3,Enhancer,Active,Disease,thyroid carcinoma,MONDO:0005075,DOID:3948,Thyroid,UBERON:0002046,TPC-1,CVCL_6298,thyroid carcinoma cell,CL:0000066,Enhancer activity assay,,qRT-PCR, and ChIP-qPCR
2019,31205537,LMO1 Super-Enhancer rs2168101 G>T Polymorphism Reduces Wilms Tumor Risk,Homo sapiens,hg19,chr11,8254932,8255884,,LMO1,Enhancer,Active,Disease,thyroid carcinoma,MONDO:0005075,DOID:3948,Thyroid,UBERON:0002046,BCPAP,CVCL_0153,thyroid carcinoma cell,CL:0000066,Enhancer expression quantitative trait locus assay,RNA-seq,TaqMan Genotyping Assay, RT-RT-qPCR
2020,32318854,Evidence for craniofacial enhancer variation underlying nonsyndromic cleft lip and palate,Homo sapiens,hg19,chr6,45847301,45850554,,RUNX2,Enhancer,Active,Disease,,,,Craniofacial Tissue,UBERON:0010368,,,,,Enhancer activity assay,,Transgenic Reporter Assay
2020,32318854,Evidence for craniofacial enhancer variation underlying nonsyndromic cleft lip and palate,Homo sapiens,hg19,chr7,18874272,18875369,,TWIST1,Enhancer,Active,Disease,,,,Nose,UBERON:0004339,,,,,Enhancer activity assay,,Transgenic Reporter Assay
2020,32318854,Evidence for craniofacial enhancer variation underlying nonsyndromic cleft lip and palate,Homo sapiens,hg19,chr7,93975962,93978880,,COL1A2,Enhancer,Active,Disease,,,,Pharyngeal Arch,UBERON:0002539,,,,,Enhancer activity assay,,Transgenic Reporter Assay
2016,26673704,Differential contribution of cis regulatory elements to higher order chromatin structure and expression of the CFTR locus,Homo sapiens,hg19,chr7,117085017,117086217,,CFTR,Enhancer,Active,Disease,,,,Pharyngeal Arch,UBERON:0002539,,,,,Enhancer activity assay, TF binding assay,DNase-seq,RT-RT-qPCR
2018,30250174,Identification of a limb enhancer that is removed by pathogenic deletions downstream of the SHOX gene,Homo sapiens,hg19,chrX,827128,827691,,SHOX,Enhancer,Active,Disease,lung adenocarcinoma,MONDO:0005032,DOID:3905,Lung,UBERON:0002048,Human lung adenocarcinoma cell,,lung adenocarcinoma cell,CL:0001069,Enhancer activity assay,,qRT-PCR, and ChIP-qPCR
2002,12399963,Disruption of the RanBP17/Hox11L2 region by recombination with the TCRbeta locus in acute lymphoblastic leukemias with t(5;14)(q34;q11),Homo sapiens,hg19,chr14,22420000,22422000,,HOX11L2,Enhancer,Active,Disease,B-cell acute lymphoblastic leukemia,MONDO:0004945,DOID:0080545,Blood,UBERON:0000178,Leukemic B Lymphoblasts,,B lymphoblast,CL:0000945,Enhancer activity assay, Chromatin interaction assay, Functional perturbation assay,,Southern Blot, PCR, Sequencing, FISH
2025,39934429,An unusual transfusion-dependent hemoglobin H disease caused by a novel complex inverted duplication involving the ??-globin regulatory elements and ??-thalassemia-SEA deletion,Homo sapiens,hg19,chr16,155136,155210,,HBA1,Enhancer,Active,Disease,T-cell acute lymphoblastic leukemia,MONDO:0004947,DOID:0050890,Blood,UBERON:0000178,Leukemic T Lymphoblasts,,T lymphoblast,CL:0002419,Functional perturbation assay,ATAC-seq,qRT-PCR, and ChIP-qPCR
2021,33850120,A compendium and comparative epigenomics analysis of cis-regulatory elements in the pig genome,Homo sapiens,hg19,chr2,106794728,106796527,,,Enhancer,Active,Disease,neuroblastoma,MONDO:0005070,DOID:769,Brain,UBERON:0000955,SK-N-SH,CVCL_0531,neuroblastoma cell,CL:0000031,Enhancer activity assay,,Transgenic Reporter Assay
2022,34987166,The importance of enhancer methylation for epigenetic regulation of tumorigenesis in squamous lung cancer,Homo sapiens,hg19,chr10,80919330,80952655,,SFTPD,SE,Silenced,Disease,lung squamous cell carcinoma,MONDO:0005089,DOID:3907,Lung,UBERON:0002048,Primary human LUSC tumor cells,,lung squamous cell carcinoma cell,CL:0000066,Enhancer activity assay, Chromatin interaction assay,Methylation EPIC Array, RNA-seq, ChIA-PET,qRT-PCR, and ChIP-qPCR
2022,34987166,The importance of enhancer methylation for epigenetic regulation of tumorigenesis in squamous lung cancer,Homo sapiens,hg19,chr3,41308601,41310601,,CTNNB1,Enhancer,Active,Disease,lung squamous cell carcinoma,MONDO:0005089,DOID:3907,Lung,UBERON:0002048,Primary human LUSC tumor cells,,lung squamous cell carcinoma cell,CL:0000066,Enhancer activity assay, Chromatin interaction assay,Methylation EPIC Array, RNA-seq, ChIA-PET,qRT-PCR, and ChIP-qPCR
2022,34987166,The importance of enhancer methylation for epigenetic regulation of tumorigenesis in squamous lung cancer,Homo sapiens,hg19,chr22,46105001,46107001,,WNT7B,Enhancer,Active,Disease,lung squamous cell carcinoma,MONDO:0005089,DOID:3907,Lung,UBERON:0002048,Primary human LUSC tumor cells,,lung squamous cell carcinoma cell,CL:0000066,Enhancer activity assay, Chromatin interaction assay,Methylation EPIC Array, RNA-seq, ChIA-PET,qRT-PCR, and ChIP-qPCR
2023,37580330,IHH enhancer variant within neighboring NHEJ1 intron causes microphthalmia anophthalmia and coloboma,Homo sapiens,hg19,chr2,219988763,219991870,,IHH,Enhancer,Active,Disease,lung squamous cell carcinoma,MONDO:0005089,DOID:3907,Lung,UBERON:0002048,Primary human LUSC tumor cells,,lung squamous cell carcinoma cell,CL:0000066,Enhancer activity assay,ATAC-seq,Transgenic Reporter Assay, Sanger Sequencing
2025,39677680,Epigenetic remodeling and 3D chromatin reorganization governed by NKX2-1 drive neuroendocrine prostate cancer,Homo sapiens,hg19,chr14,36356112,36635984,FOXA2,NKX2-1,Enhancer,Active,Disease,skin melanoma,MONDO:0005105,DOID:1909,Skin,UBERON:0000014,COLO829,CVCL_1137,melanoma cell,CL:0002573,Chromatin interaction assay, Functional perturbation assay,Hi-C, ChIP-seq, RNA-seq,CRISPR Knockout, qRT-PCR, Western blot
2026,41771871,Nucleotide-resolution mapping of regulatory elements via allelic readout of tiled base editing,Homo sapiens,hg19,chr16,28930687,28931032,MYB,CD19,Enhancer,Active,Disease,prostate cancer,MONDO:0008315,DOID:10283,Prostate,UBERON:0002367,LNCaP,CVCL_0395,prostate carcinoma cell,CL:0000066,Enhancer activity assay, TF binding assay, Functional perturbation assay,ChIP-seq, ATAC-seq, RNA-seq,CRISPR Knockout, Luciferase Reporter Assay, ChIP-RT-qPCR, qRT-PCR
2024,38968937,Progestogen-driven B7-H4 contributes to onco-fetal immune tolerance,Homo sapiens,hg19,chr1,110200000,110258000,,VTCN1,Enhancer,Active,Disease,B-cell acute lymphoblastic leukemia,MONDO:0004945,DOID:0080545,Blood,UBERON:0000178,NALM6,CVCL_0092,B lymphoblast,CL:0000945,Enhancer activity assay, Functional perturbation assay,ChIP-seq, RNA-seq,Luciferase Reporter Assay, CRISPR Knockout
2023,37904237,Landscape of enhancer disruption and functional screen in melanoma cells,Homo sapiens,hg19,chr10,89875711,89876693,,PTEN,Enhancer,Active,Disease,breast carcinoma,MONDO:0006120,DOID:1612,Breast,UBERON:0000310,T47D cells,CVCL_0553,breast carcinoma cell,CL:0000646,Enhancer activity assay, Functional perturbation assay,ChIP-seq, ATAC-seq, CRISPRi Screen,Luciferase Reporter Assay, CRISPRi, CRISPRa, RT-RT-qPCR, Western blot, Cell Apoptosis Assay, Colony Formation Assay
2017,29045844,Identification of focally amplified lineage-specific super-enhancers in human epithelial cancers,Homo sapiens,hg19,chr8,98253530,98257713,RBPJ,MYC,Enhancer,Active,Disease,skin melanoma,MONDO:0005105,DOID:1909,Skin,UBERON:0000014,Melanoma cell line,,melanoma cell,CL:0002573,Chromatin interaction assay,ChIP-seq,CRISPR Knockout, 4C-seq, RT-RT-qPCR
2017,29045844,Identification of focally amplified lineage-specific super-enhancers in human epithelial cancers,Homo sapiens,hg19,chr8,98310330,98314427,RBPJ,MYC,Enhancer,Active,Disease,acute lymphoblastic leukemia,MONDO:0004945,DOID:0080545,Blood,UBERON:0000178,SP-49,CVCL_1725,B lymphoblast,CL:0000945,Chromatin interaction assay,ChIP-seq,CRISPR Knockout, 4C-seq
2017,28973302,Pseudoexfoliation and Alzheimer's associated CLU risk variant, rs2279590, lies within an enhancer element and regulates CLU, EPHX2 and PTK2B gene expression,Homo sapiens,hg19,chr8,27610000,27610500,HSF1,CLU,Enhancer,Active,Disease,mantle cell lymphoma,MONDO:0005052,DOID:0050747,Blood,UBERON:0000178,Rec-1,CVCL_1884,B cell,CL:0000945,Enhancer perturbation assay,ChIP-seq,CRISPR Knockout, Luciferase Reporter Assay
2019,30649550,KDM3A regulates hippo pathway through enhancer activation in colorectal cancer,Homo sapiens,hg19,chr6,132265000,132266500,TEAD1,CTGF,Enhancer,Active,Disease,breast carcinoma,MONDO:0006120,DOID:1612,Breast,UBERON:0000310,MCF-7,CVCL_0031,breast carcinoma cell,CL:0000646,Functional perturbation assay, TF binding assay, Enhancer activity assay,ChIP-seq, RNA-seq,CRISPR knockout, ChIP-RT-qPCR, RT-RT-qPCR, Western blot, Co-IP
2019,30649550,KDM3A regulates hippo pathway through enhancer activation in colorectal cancer,Homo sapiens,hg19,chr1,85870000,85870500,TEAD1,CYR61,Enhancer,Active,Disease,colorectal carcinoma,MONDO:0005132,DOID:9256,Colon,UBERON:0001155,HCT116,CVCL_0291,colorectal carcinoma cell,CL:0000066,Functional perturbation assay, TF binding assay, Enhancer activity assay,ChIP-seq, RNA-seq,CRISPR knockout, ChIP-RT-qPCR, RT-RT-qPCR, Western blot, Co-IP
2019,30649550,KDM3A regulates hippo pathway through enhancer activation in colorectal cancer,Homo sapiens,hg19,chr1,85865000,85866500,TEAD1,CYR61,Enhancer,Active,Disease,colorectal carcinoma,MONDO:0005132,DOID:9256,Colon,UBERON:0001155,HCT116,CVCL_0291,colorectal carcinoma cell,CL:0000066,Functional perturbation assay, TF binding assay, Enhancer activity assay,ChIP-seq, RNA-seq,CRISPR knockout, ChIP-RT-qPCR, RT-RT-qPCR, Western blot, Co-IP
2019,30649550,KDM3A regulates hippo pathway through enhancer activation in colorectal cancer,Homo sapiens,hg19,chr1,85868000,85869500,TEAD1,CYR61,Enhancer,Active,Disease,colorectal carcinoma,MONDO:0005132,DOID:9256,Colon,UBERON:0001155,HCT116,CVCL_0291,colorectal carcinoma cell,CL:0000066,Functional perturbation assay, TF binding assay, Enhancer activity assay,ChIP-seq, RNA-seq,CRISPR knockout, ChIP-RT-qPCR, RT-RT-qPCR, Western blot, Co-IP
2013,24115442,An erythroid enhancer of BCL11A subject to genetic variation determines fetal hemoglobin level,Homo sapiens,hg19,chr2,60718043,60725451,GATA1,BCL11A,Enhancer,Active,Disease,colorectal carcinoma,MONDO:0005132,DOID:9256,Colon,UBERON:0001155,HCT116,CVCL_0291,colorectal carcinoma cell,CL:0000066,Enhancer activity assay, Functional perturbation assay, TF binding assay,ChIP-seq, RNA-seq,Luciferase reporter assay, CRISPR knockout, ChIP-RT-qPCR
2009,19966299,A beta-catenin/TCF-coordinated chromatin loop at MYC integrates 5' and 3' Wnt responsive enhancers,Homo sapiens,hg19,chr8,127737737,127738437,TCF4,MYC,Enhancer,Active,Disease,breast carcinoma,MONDO:0006120,DOID:1612,Breast,UBERON:0000310,MDA-MB-231,CVCL_0062,breast carcinoma cell,CL:0000646,Enhancer activity assay, TF binding assay, Chromatin interaction assay, Functional perturbation assay,ChIP-seq,Luciferase Reporter Assay, 3C, ChIP-RT-qPCR, RT-RT-qPCR, Western blot
2009,19966299,A beta-catenin/TCF-coordinated chromatin loop at MYC integrates 5' and 3' Wnt responsive enhancers,Homo sapiens,hg19,chr8,127737737,127738437,TCF4,MYC,Enhancer,Active,Disease,colorectal carcinoma,MONDO:0005132,DOID:9256,Colon,UBERON:0001155,HCT116,CVCL_0291,colorectal carcinoma cell,CL:0000066,Enhancer activity assay, TF binding assay, Chromatin interaction assay, Functional perturbation assay,ChIP-seq,Luciferase Reporter Assay, 3C, ChIP-RT-qPCR, RT-RT-qPCR, Western blot
2023,34185427,m6 A modification of lncRNA PCAT6 promotes bone metastasis in prostate cancer through IGF2BP2-mediated IGF1R mRNA stabilization,Homo sapiens,hg19,chr12,122510495,122510896,,MLXIP,Enhancer,Active,Disease,prostate cancer,MONDO:0008315,DOID:10283,Prostate,UBERON:0002367,P-90 PDX primary,,patient-derived xenograft cell,CL:0000066,Enhancer activity assay, Chromatin interaction assay, Functional perturbation assay,RNA-seq, ChIP-seq, 3C-seq,CRISPR Knockout, ChIP-RT-qPCR, qRT-PCR, Western blot
2020,33219226,Enhancer remodeling promotes tumor-initiating activity in NRF2-activated non-small cell lung cancers,Homo sapiens,hg19,chr19,15311000,15312500,NRF2; CEBPB; FOSL2,NOTCH3,Enhancer,Active,Disease,prostate cancer,MONDO:0008315,DOID:10283,Prostate,UBERON:0002367,P-90 PDX primary,,patient-derived xenograft cell,CL:0000066,Functional perturbation assay, TF binding assay,ChIP-seq, RNA-seq, ATAC-seq,CRISPR Knockout, ChIP-RT-qPCR, RT-RT-qPCR, Western blot
2020,33219226,Enhancer remodeling promotes tumor-initiating activity in NRF2-activated non-small cell lung cancers,Homo sapiens,hg19,chr19,15311000,15312500,NRF2; CEBPB; FOSL2,NOTCH3,Enhancer,Active,Disease,lung adenocarcinoma,MONDO:0005032,DOID:3905,Lung,UBERON:0002048,A549,CVCL_0023,lung adenocarcinoma cell,CL:0001069,Functional perturbation assay, TF binding assay,ChIP-seq, RNA-seq, ATAC-seq,CRISPR Knockout, ChIP-RT-qPCR, RT-RT-qPCR, Western blot
2020,33219226,Enhancer remodeling promotes tumor-initiating activity in NRF2-activated non-small cell lung cancers,Homo sapiens,hg19,chr19,15311000,15312500,NRF2; CEBPB; FOSL2,NOTCH3,Enhancer,Active,Disease,lung adenocarcinoma,MONDO:0005032,DOID:3905,Lung,UBERON:0002048,H460,CVCL_0459,lung adenocarcinoma cell,CL:0001069,Functional perturbation assay, TF binding assay,ChIP-seq, RNA-seq, ATAC-seq,CRISPR Knockout, ChIP-RT-qPCR, RT-RT-qPCR, Western blot
2019,31826955,FOXA1 upregulation promotes enhancer and transcriptional reprogramming in endocrine-resistant breast cancer,Homo sapiens,hg19,chr2,46550000,46555000,FOXA1,EPAS1,Enhancer,Active,Disease,lung adenocarcinoma,MONDO:0005032,DOID:3905,Lung,UBERON:0002048,H2023,CVCL_1512,lung adenocarcinoma cell,CL:0001069,Functional perturbation assay,ChIP-seq, RNA-seq,CRISPR Knockout, ChIP-RT-qPCR, RT-RT-qPCR, Western blot
2019,31826955,FOXA1 upregulation promotes enhancer and transcriptional reprogramming in endocrine-resistant breast cancer,Homo sapiens,hg19,chr2,46523219,46568173,FOXA1,EPAS1,Enhancer,Active,Disease,breast carcinoma,MONDO:0006120,DOID:1612,Breast,UBERON:0000310,MCF7L-TamR,,breast carcinoma cell,CL:0000646,Enhancer activity assay, Functional perturbation assay,ChIP-seq, RNA-seq,CRISPR Knockout, ChIP-RT-qPCR, RT-RT-qPCR, Western blot
2022,34980595,GFI1 Cooperates with IKZF1/IKAROS to Activate Gene Expression in T-cell Acute Lymphoblastic Leukemia,Homo sapiens,hg19,chr9,136398000,136402000,RUNX1,GFI1B,Enhancer,Active,Disease,breast carcinoma,MONDO:0006120,DOID:1612,Breast,UBERON:0000310,MCF7L-TamR,,breast carcinoma cell,CL:0000646,Enhancer activity assay,ChIP-seq, RNA-seq,Luciferase Reporter Assay, RT-RT-qPCR
2016,26829750,An oncogenic MYB feedback loop drives alternate cell fates in adenoid cystic carcinoma,Homo sapiens,hg19,chr6,135525000,135525800,MYB,MYB,Enhancer,Active,Disease,chronic myeloid leukemia,MONDO:0011998,DOID:8552,Bone marrow,UBERON:0002371,K562,CVCL_0004,chronic myeloid leukemia cell,CL:0001054,Enhancer activity assay, Chromatin interaction assay,RNA-seq, ChIP-seq,Luciferase Reporter Assay, 3C, FISH, RT-RT-qPCR
2016,26829750,An oncogenic MYB feedback loop drives alternate cell fates in adenoid cystic carcinoma,Homo sapiens,hg19,chr6,135530000,135530800,MYB,MYB,Enhancer,Active,Disease,salivary gland adenoid cystic carcinoma,MONDO:0015066,DOID:0080172,Salivary gland,UBERON:0001044,ACC patient-derived xenograft cell lines (ACCX2, ACCX9, ACCX12, ACCX19, ACCX22),,adenoid cystic carcinoma cell,CL:0000066,Enhancer activity assay, Chromatin interaction assay,RNA-seq, ChIP-seq,Luciferase Reporter Assay, 3C, FISH, RT-RT-qPCR
2016,26829750,An oncogenic MYB feedback loop drives alternate cell fates in adenoid cystic carcinoma,Homo sapiens,hg19,chr6,135485000,135485800,MYB,MYB,Enhancer,Active,Disease,salivary gland adenoid cystic carcinoma,MONDO:0015066,DOID:0080172,Salivary gland,UBERON:0001044,ACC patient-derived xenograft cell lines (ACCX2, ACCX9, ACCX12, ACCX19, ACCX22),,adenoid cystic carcinoma cell,CL:0000066,Enhancer activity assay, Chromatin interaction assay,RNA-seq, ChIP-seq,Luciferase Reporter Assay, 3C, FISH, RT-RT-qPCR
2016,26829750,An oncogenic MYB feedback loop drives alternate cell fates in adenoid cystic carcinoma,Homo sapiens,hg19,chr6,135495000,135495800,MYB,MYB,Enhancer,Active,Disease,salivary gland adenoid cystic carcinoma,MONDO:0015066,DOID:0080172,Salivary gland,UBERON:0001044,ACC patient-derived xenograft cell lines (ACCX2, ACCX9, ACCX12, ACCX19, ACCX22),,adenoid cystic carcinoma cell,CL:0000066,Enhancer activity assay, Chromatin interaction assay,RNA-seq, ChIP-seq,Luciferase Reporter Assay, 3C, FISH, RT-RT-qPCR
2016,26979803,Chromatin interactions and candidate genes at ten prostate cancer risk loci,Homo sapiens,hg19,chr8,128540000,128620000,AR,MYC,Enhancer,Active,Disease,salivary gland adenoid cystic carcinoma,MONDO:0015066,DOID:0080172,Salivary gland,UBERON:0001044,ACC patient-derived xenograft cell lines (ACCX2, ACCX9, ACCX12, ACCX19, ACCX22),,adenoid cystic carcinoma cell,CL:0000066,Chromatin interaction assay, TF binding assay,4C-seq, ChIP-seq, RNA-seq,qRT-PCR, and ChIP-qPCR
2016,26979803,Chromatin interactions and candidate genes at ten prostate cancer risk loci,Homo sapiens,hg19,chr8,128540000,128620000,AR,MYC,Enhancer,Active,Disease,prostate cancer,MONDO:0008315,DOID:10283,Prostate gland,UBERON:0002367,LNCaP,CVCL_0395,prostate carcinoma cell,CL:0000066,Chromatin interaction assay, TF binding assay,4C-seq, ChIP-seq, RNA-seq,qRT-PCR, and ChIP-qPCR
2014,24443471,Enhancer-targeted genome editing selectively blocks innate resistance to oncokinase inhibition,Homo sapiens,hg19,chr7,116735000,116735500,MITF,MET,Enhancer,Active,Disease,prostate cancer,MONDO:0008315,DOID:10283,Prostate gland,UBERON:0002367,C4-2B,CVCL_4784,prostate carcinoma cell,CL:0000066,Functional perturbation assay,ChIP-seq,3C, ChIP-RT-qPCR, CRISPR Knockout/CRISPRi, RT-RT-qPCR, Western blot
2016,26615198,Analysis of long-range interactions in primary human cells identifies cooperative CFTR regulatory elements,Homo sapiens,hg19,chr7,117342000,117345000,CTCF,CFTR,Enhancer,Active,Disease,skin melanoma,MONDO:0005105,DOID:1909,Skin,UBERON:0000014,COLO829,CVCL_1137,melanoma cell,CL:0002573,Chromatin interaction assay,Hi-C, ChIP-seq,Luciferase Reporter Assay
2014,24561613,CCL2-dependent infiltrating macrophages promote angiogenesis in progressive liver fibrosis,Homo sapiens,hg19,chr17,32565534,32566496,,CCL2,Enhancer,Active,Disease,skin melanoma,MONDO:0005105,DOID:1909,Skin,UBERON:0000014,SK-MEL28,CVCL_0526,melanoma cell,CL:0002573,Functional perturbation assay, Enhancer activity assay,ChIP-seq, RNA-seq,CRISPR Knockout, CRISPRi, ChIP-RT-qPCR, RT-RT-qPCR
2016,26814967,Active medulloblastoma enhancers reveal subgroup-specific cellular origins,Homo sapiens,hg19,chr9,101878420,101879420,,TGFBR1,Enhancer,Active,Disease,rhabdomyosarcoma,MONDO:0005085,DOID:3246,Muscle,UBERON:0001134,TE-671,CVCL_1758,rhabdomyosarcoma cell,CL:0000050,Chromatin interaction assay, Enhancer-target gene assignment assay,4C-seq, ChIP-seq, RNA-seq,RT-RT-qPCR
2015,26166704,Condensin I and II Complexes License Full Estrogen Receptor ?|??-Dependent Enhancer Activation,Homo sapiens,hg19,chr21,42880000,42880500,ESR1,TFF1,Enhancer,Active,Disease,medulloblastoma,MONDO:0005146,DOID:0050902,Brain,UBERON:0000955,HD-MB03,CVCL_IT11,medulloblastoma cell,CL:0000127,Chromatin interaction assay,ChIP-seq, RNA-seq,3C, ChIP-RT-qPCR, RT-RT-qPCR, Western blot
2014,24256810,Identification and characterization of functional risk variants for colorectal cancer mapping to chromosome 11q231,Homo sapiens,hg19,chr11,111153185,111154290,FOXA2,COLCA2,Enhancer,Active,Disease,breast carcinoma,MONDO:0006120,DOID:1612,Breast,UBERON:0000310,MCF-7,CVCL_0031,breast carcinoma cell,CL:0000646,Enhancer activity assay,ChIP-seq,Luciferase Reporter Assay, EMSA
2014,23698277,Aberrant TAL1 activation is mediated by an interchromosomal interaction in human T-cell acute lymphoblastic leukemia,Homo sapiens,hg19,chr1,47729000,47731000,TAL1,TAL1,Enhancer,Active,Disease,colorectal carcinoma,MONDO:0005132,DOID:9256,Colon,UBERON:0001155,SW480,CVCL_0546,colorectal carcinoma cell,CL:0000066,Enhancer activity assay, TF binding assay, Chromatin interaction assay, Functional perturbation assay,ChIP-seq, RNA-seq,Luciferase Reporter Assay, ChIP-RT-qPCR, RT-RT-qPCR, Western blot
2021,33671852,CRISPR Deletion of a SVA Retrotransposon Demonstrates Function as a cis-Regulatory Element at the TRPV1/TRPV3 Intergenic Region,Homo sapiens,hg19,chr17,3466973,3468374,,TRPV3,Enhancer,Active,Disease,chronic myeloid leukemia,MONDO:0011998,DOID:8552,Blood,UBERON:0000178,K562,CVCL_0004,chronic myeloid leukemia cell,CL:0001054,Functional perturbation assay, Enhancer activity assay,RNA-seq,CRISPR Knockout, CRISPRi, Luciferase Reporter Assay, RT-RT-qPCR
2020,32242051,H3K79me2/3 controls enhancer-promoter interactions and activation of the pan-cancer stem cell marker PROM1/CD133 in MLL-AF4 leukemia cells,Homo sapiens,hg19,chr4,15581130,15619993,MLL-AF4,TAPT1,Enhancer,Active,Disease,B-cell acute lymphoblastic leukemia,MONDO:0004945,DOID:0080545,Bone Marrow,UBERON:0002371,SEM,CVCL_0095,B lymphoblast,CL:0000945,Enhancer activity assay, Chromatin interaction assay, TF binding assay, Functional perturbation assay,ChIP-seq, ATAC-seq, 3C-seq (Capture-C), RNA-seq,ChIP-RT-qPCR, RT-RT-qPCR, Western blot
2020,32242051,H3K79me2/3 controls enhancer-promoter interactions and activation of the pan-cancer stem cell marker PROM1/CD133 in MLL-AF4 leukemia cells,Homo sapiens,hg19,chr4,15581130,15619993,MLL-AF4,TAPT1,Enhancer,Active,Disease,B-cell acute lymphoblastic leukemia,MONDO:0004945,DOID:0080545,Bone Marrow,UBERON:0002371,RS4,CVCL_1312,B lymphoblast,CL:0000945,Enhancer activity assay, Chromatin interaction assay, TF binding assay, Functional perturbation assay,ChIP-seq, ATAC-seq, 3C-seq (Capture-C), RNA-seq,ChIP-RT-qPCR, RT-RT-qPCR, Western blot
2020,32242051,H3K79me2/3 controls enhancer-promoter interactions and activation of the pan-cancer stem cell marker PROM1/CD133 in MLL-AF4 leukemia cells,Homo sapiens,hg19,chr4,15581130,15619993,MLL-AF4,TAPT1,Enhancer,Active,Disease,B-cell acute lymphoblastic leukemia,MONDO:0004945,DOID:0080545,Bone Marrow,UBERON:0002371,11,CVCL_1312,B lymphoblast,CL:0000945,Enhancer activity assay, Chromatin interaction assay, TF binding assay, Functional perturbation assay,ChIP-seq, ATAC-seq, 3C-seq (Capture-C), RNA-seq,ChIP-RT-qPCR, RT-RT-qPCR, Western blot
2020,33199677,Enhancer hijacking determines extrachromosomal circular MYCN amplicon architecture in neuroblastoma,Homo sapiens,hg19,chr2,16370000,16380000,PHOX2B; HAND2; GATA3,MYCN,Enhancer,Active,Disease,B-cell acute lymphoblastic leukemia,MONDO:0004945,DOID:0080545,Bone Marrow,UBERON:0002371,Primary MLL-AF4 ALL patient blasts,,B lymphoblast,CL:0000945,Enhancer activity assay, TF binding assay, Chromatin interaction assay,ChIP-seq, RNA-seq, ATAC-seq, 3C-seq,qRT-PCR, and ChIP-qPCR
2020,33199677,Enhancer hijacking determines extrachromosomal circular MYCN amplicon architecture in neuroblastoma,Homo sapiens,hg19,chr2,16370000,16380000,PHOX2B; HAND2; GATA3,MYCN,Enhancer,Active,Disease,neuroblastoma,MONDO:0005070,DOID:769,Adrenal gland,UBERON:0002369,Kelly,CVCL_1375,neuroblastoma cell,CL:0000031,Enhancer activity assay, TF binding assay, Chromatin interaction assay,ChIP-seq, RNA-seq, ATAC-seq, 3C-seq,qRT-PCR, and ChIP-qPCR
2020,33199677,Enhancer hijacking determines extrachromosomal circular MYCN amplicon architecture in neuroblastoma,Homo sapiens,hg19,chr2,29400000,29449999,PHOX2B; HAND2; GATA3,MYCN,Enhancer,Active,Disease,neuroblastoma,MONDO:0005070,DOID:769,Adrenal gland,UBERON:0002369,NGP,CVCL_2141,neuroblastoma cell,CL:0000031,Enhancer activity assay, TF binding assay, Chromatin interaction assay,ChIP-seq, RNA-seq, ATAC-seq, Hi-C,qRT-PCR, and ChIP-qPCR
2020,33199677,Enhancer hijacking determines extrachromosomal circular MYCN amplicon architecture in neuroblastoma,Homo sapiens,hg19,chr2,12600000,12649999,PHOX2B; HAND2; GATA3,MYCN,Enhancer,Active,Disease,neuroblastoma,MONDO:0005070,DOID:769,Adrenal gland,UBERON:0002369,IMR-5/75,CVCL_1378,neuroblastoma cell,CL:0000031,Enhancer activity assay, TF binding assay, Chromatin interaction assay,ChIP-seq, RNA-seq, ATAC-seq, Hi-C,qRT-PCR, and ChIP-qPCR
2023,36749647,Prdm6 drives ductus arteriosus closure by promoting ductus arteriosus smooth muscle cell identity and contractility,Homo sapiens,hg19,chr5,122452000,122454500,SRF; RBPJ; TEAD1,PRDM6,Enhancer,Active,Disease,neuroblastoma,MONDO:0005070,DOID:769,Adrenal gland,UBERON:0002369,CHP-212,CVCL_1125,neuroblastoma cell,CL:0000031,Enhancer activity assay, TF binding assay,ChIP-seq, RNA-seq, ATAC-seq,Luciferase Reporter Assay, ChIP-RT-qPCR, RT-RT-qPCR
2016,27149848,A Polymorphic Antioxidant Response Element Links NRF2/sMAF Binding to Enhanced MAPT Expression and Reduced Risk of Parkinsonian Disorders,Homo sapiens,hg19,chr17,44026548,44026648,NFE2L2,MAPT,Enhancer,Active,Disease,prostate cancer,MONDO:0008315,DOID:10283,Prostate gland,UBERON:0002367,LNCaP,CVCL_0395,prostate carcinoma cell,CL:0000066,Enhancer activity assay, TF binding assay,ChIP-seq, RNA-seq,Luciferase Reporter Assay, RT-RT-qPCR
2015,26300977,A chromosomal rearrangement in a child with severe speech and language disorder separates FOXP2 from a functional enhancer,Homo sapiens,hg19,chr7,114541370,114542201,,FOXP2,Enhancer,Active,Disease,chronic myeloid leukemia,MONDO:0011998,DOID:8552,Blood,UBERON:0000178,K-562,CVCL_0004,chronic myeloid leukemia cell,CL:0001054,Enhancer activity assay,ChIP-seq,Luciferase Reporter Assay
2016,26252164,FOXD3 promotes PAX3 expression in melanoma cells,Homo sapiens,hg19,chr2,222846900,222847900,,PAX3,Enhancer,Active,Disease,endometrial adenocarcinoma,MONDO:0005047,DOID:2870,Endometrium,UBERON:0001295,AN3CA,CVCL_0029,endometrial adenocarcinoma cell,CL:0000069,Transcription factor binding assay,Comparative genomics footprinting,Electrophoretic mobility shift assay
2010,20061391,Nuclear factor kappaB- and specificity protein 1-dependent p53-mediated bi-directional regulation of the human manganese superoxide dismutase gene,Homo sapiens,hg19,chr6,160101620,160102231,TP53,SOD2,Enhancer,Active,Disease,skin melanoma,MONDO:0005105,DOID:1909,Skin,UBERON:0000014,A375 melanoma,CVCL_0132,melanoma cell,CL:0002573,Enhancer activity assay,,Luciferase Reporter Assay, ChIP-RT-qPCR
2009,19285986,Control elements in the neighboring ATPase gene influence spatiotemporal expression of the human Agouti-related protein,Homo sapiens,hg19,chr16,53808493,53808714,,AGRP,Enhancer,Active,Disease,prostate cancer,MONDO:0008315,DOID:10283,Prostate,UBERON:0002367,PC-3,CVCL_0035,prostate carcinoma cell,CL:0000066,Enhancer activity assay,,Luciferase Reporter Assay
1996,8977525,Specific versus cooperative regulatory mechanisms of the cytokine genes that are clustered on the same chromosome,Homo sapiens,hg19,chr5,132002000,132008000,,CAT,Enhancer,Active,Disease,osteosarcoma,MONDO:0005087,DOID:3347,Bone,UBERON:0001474,MG63,CVCL_0426,osteosarcoma cell,CL:0000062,Enhancer activity assay,,CAT Reporter Assay, DNase I Hypersensitivity Assay, EMSA
2016,26960733,Constructing 3D interaction maps from 1D epigenomes,Homo sapiens,hg19,chr11,82630000,82650000,,C11ORF82,Enhancer,Active,Disease,T-cell acute lymphoblastic leukemia,MONDO:0004947,DOID:0050890,Blood,UBERON:0000178,Jurkat T Cells,CVCL_0065,T lymphoblast,CL:0002419,Chromatin interaction assay,Hi-C,3C-RT-qPCR
2013,23108396,H2AZ-dependent crosstalk between enhancer and promoter regulates Cyclin D1 expression,Homo sapiens,hg19,chr11,69470000,69470500,ESR1,CCND1,Enhancer,Active,Disease,Burkitt lymphoma,MONDO:0002483,DOID:8582,Lymph node,UBERON:0000029,Raji,CVCL_0511,Burkitt lymphoma cell,CL:0000945,Chromatin interaction assay,ChIP-seq,3C assay, RT-RT-qPCR
2010,19966299,A beta-catenin/TCF-coordinated chromatin loop at MYC integrates 5' and 3' Wnt responsive enhancers,Homo sapiens,hg19,chr8,128754000,128755000,TCF7L2,MYC,Enhancer,Active,Disease,breast carcinoma,MONDO:0006120,DOID:1612,Breast,UBERON:0000310,MDA-MB-231 cells,CVCL_0062,breast carcinoma cell,CL:0000646,Enhancer activity assay, Chromatin interaction assay, TF binding assay, Functional perturbation assay,,3C, Luciferase Reporter Assay, ChIP-RT-qPCR, shRNA Knockdown, RT-RT-qPCR, Western blot
2010,19966299,A beta-catenin/TCF-coordinated chromatin loop at MYC integrates 5' and 3' Wnt responsive enhancers,Homo sapiens,hg19,chr8,128754000,128755000,TCF7L2,MYC,Enhancer,Active,Disease,colorectal carcinoma,MONDO:0005132,DOID:9256,Colon,UBERON:0001155,HCT116,CVCL_0291,colorectal carcinoma cell,CL:0000066,Enhancer activity assay, Chromatin interaction assay, TF binding assay, Functional perturbation assay,,3C, Luciferase Reporter Assay, ChIP-RT-qPCR, shRNA Knockdown, RT-RT-qPCR, Western blot
2010,20093418,Glucocorticoid receptor activates poised FKBP51 locus through long-distance interactions,Homo sapiens,hg19,chr6,35566219,35566402,,FKBP5,Enhancer,Active,Disease,pancreatic ductal adenocarcinoma,MONDO:0005147,DOID:3490,Pancreas,UBERON:0001264,PANC1,CVCL_0480,pancreatic ductal adenocarcinoma cell,CL:0000066,Enhancer activity assay, Functional perturbation assay,,Luciferase Reporter Assay, RT-RT-qPCR
2010,20093418,Glucocorticoid receptor activates poised FKBP51 locus through long-distance interactions,Homo sapiens,hg19,chr6,35566219,35566402,,FKBP5,Enhancer,Active,Disease,lung adenocarcinoma,MONDO:0005032,DOID:3905,Lung,UBERON:0002048,A549,CVCL_0023,lung adenocarcinoma cell,CL:0001069,Enhancer activity assay, Functional perturbation assay,,Luciferase Reporter Assay, RT-RT-qPCR
2010,20093418,Glucocorticoid receptor activates poised FKBP51 locus through long-distance interactions,Homo sapiens,hg19,chr6,35566219,35566402,,FKBP5,Enhancer,Active,Disease,prostate cancer,MONDO:0008315,DOID:10283,Prostate,UBERON:0002367,VCaP,CVCL_2235,prostate carcinoma cell,CL:0000066,Enhancer activity assay, Functional perturbation assay,,Luciferase Reporter Assay, RT-RT-qPCR
2010,20093418,Glucocorticoid receptor activates poised FKBP51 locus through long-distance interactions,Homo sapiens,hg19,chr6,35505138,35511492,NR3C1,FKBP5,Enhancer,Active,Disease,lung adenocarcinoma,MONDO:0005032,DOID:3905,Lung,UBERON:0002048,A549,CVCL_0023,lung adenocarcinoma cell,CL:0001069,Enhancer activity assay,ChIP-seq,Luciferase Reporter Assay
2010,20093418,Glucocorticoid receptor activates poised FKBP51 locus through long-distance interactions,Homo sapiens,hg19,chr6,35616283,35622638,NR3C1,FKBP5,Enhancer,Active,Disease,lung adenocarcinoma,MONDO:0005032,DOID:3905,Lung,UBERON:0002048,A549 cell line,CVCL_0023,lung adenocarcinoma cell,CL:0001069,Enhancer activity assay,ChIP-seq,Luciferase Reporter Assay
2010,20093418,Glucocorticoid receptor activates poised FKBP51 locus through long-distance interactions,Homo sapiens,hg19,chr6,35636622,35642872,NR3C1,FKBP5,Enhancer,Active,Disease,lung adenocarcinoma,MONDO:0005032,DOID:3905,Lung,UBERON:0002048,A549 cell line,CVCL_0023,lung adenocarcinoma cell,CL:0001069,Enhancer activity assay,ChIP-seq,Luciferase Reporter Assay
2011,21822303,Sox2 expression in breast tumours and activation in breast cancer stem cells,Homo sapiens,hg19,chr3,181425707,181426096,,SOX2,Enhancer,Active,Disease,lung adenocarcinoma,MONDO:0005032,DOID:3905,Lung,UBERON:0002048,A549 cell line,CVCL_0023,lung adenocarcinoma cell,CL:0001069,Enhancer activity assay,,Luciferase Reporter Assay
2011,21822303,Sox2 expression in breast tumours and activation in breast cancer stem cells,Homo sapiens,hg19,chr3,181425707,181426096,,SOX2,Enhancer,Active,Disease,breast carcinoma,MONDO:0006120,DOID:1612,Breast,UBERON:0000310,MCF7,CVCL_0031,breast carcinoma cell,CL:0000646,Enhancer activity assay,,Luciferase Reporter Assay
2011,21454523,Cohesin Mediates Chromatin Interactions That Regulate Mammalian beta-globin Expression,Homo sapiens,hg19,chr11,5246500,5247000,RAD21,HBB,Enhancer,Active,Disease,breast carcinoma,MONDO:0006120,DOID:1612,Breast,UBERON:0000310,T47D,CVCL_0553,breast carcinoma cell,CL:0000646,Enhancer activity assay, Chromatin interaction assay, Functional perturbation assay,,3C, ChIP-loop, ChIP-RT-qPCR, siRNA Knockdown, RT-RT-qPCR
2015,26211970,Long-Range Modulation of PAG1 Expression by 8q21 Allergy Risk Variants,Homo sapiens,hg19,chr8,81274400,81275960,,PAG1,Enhancer,Active,Disease,chronic myeloid leukemia,MONDO:0011998,DOID:8552,Blood,UBERON:0000178,K562 erythroleukemia cells,CVCL_0004,chronic myeloid leukemia cell,CL:0001054,Enhancer activity assay,,Luciferase Reporter Assay
2016,27866707,A Functional Variant Associated with Atrial Fibrillation Regulates PITX2c Expression through TFAP2a,Homo sapiens,hg19,chr4,111552482,111553989,TFAP2A,PITX2C,Enhancer,Active,Disease,atrial fibrillation,MONDO:0004978,DOID:0060224,Heart,UBERON:0000948,HL-1,CVCL_0303,atrial cardiomyocyte,CL:0000746,Enhancer activity assay, TF binding assay, Functional perturbation assay,ChIP-seq,Luciferase reporter assay, Tol2-mediated zebrafish transgenic reporter assay, ChIP-qPCR, EMSA, CRISPR-Cas9 genome editing, RT-qPCR, Western blot
2016,27866707,A Functional Variant Associated with Atrial Fibrillation Regulates PITX2c Expression through TFAP2a,Homo sapiens,hg19,chr4,111553098,111553222,TFAP2A,PITX2C,Enhancer,Active,Disease,cervical cancer,MONDO:0001156,DOID:2871,Cervix,UBERON:0000002,HeLa,CVCL_0030,cervical adenocarcinoma cell,CL:0000069,Enhancer activity assay, TF binding assay, Functional perturbation assay, eRNA assay,ChIP-seq,Luciferase reporter assay, ChIP-qPCR, EMSA, CRISPR-Cas9 genome editing, RT-qPCR, Western blot, Allele-specific PCR
2016,27866707,A Functional Variant Associated with Atrial Fibrillation Regulates PITX2c Expression through TFAP2a,Homo sapiens,hg19,chr4,111553098,111553222,TFAP2A,PITX2C,Enhancer,Active,Disease,atrial fibrillation,MONDO:0004978,DOID:0060224,Heart,UBERON:0000948,HL-1,CVCL_0303,atrial cardiomyocyte,CL:0000746,Enhancer activity assay, TF binding assay, Functional perturbation assay, eRNA assay,ChIP-seq,Luciferase reporter assay, ChIP-qPCR, EMSA, CRISPR-Cas9 genome editing, RT-qPCR, Western blot, Allele-specific PCR
2016,26979803,Chromatin interactions and candidate genes at ten prostate cancer risk loci,Homo sapiens,hg19,chr10,51546800,51547317,AR; FOXA1; HOXB13; CTCF,AGAP7P,Enhancer,Active,Disease,cervical cancer,MONDO:0001156,DOID:2871,Cervix,UBERON:0000002,HeLa,CVCL_0030,cervical adenocarcinoma cell,CL:0000069,Enhancer activity assay, Chromatin interaction assay, TF binding assay,Capture 3C-seq, ChIP-seq, RNA-seq, SNP genotyping array,Luciferase reporter assay, Site-directed mutagenesis, 3C-qPCR, RT-qPCR
2016,26979803,Chromatin interactions and candidate genes at ten prostate cancer risk loci,Homo sapiens,hg19,chr10,51546800,51547317,AR; FOXA1; HOXB13; CTCF,ANTXRLP1,Enhancer,Active,Disease,prostate cancer,MONDO:0008315,DOID:10283,Prostate,UBERON:0002367,LNCaP,CVCL_0395,prostate carcinoma cell,CL:0000066,Enhancer activity assay, Chromatin interaction assay, TF binding assay,Capture 3C-seq, ChIP-seq, RNA-seq, SNP genotyping array,Luciferase reporter assay, Site-directed mutagenesis, 3C-qPCR, RT-qPCR
2016,26979803,Chromatin interactions and candidate genes at ten prostate cancer risk loci,Homo sapiens,hg19,chr10,51546800,51547317,AR; FOXA1; HOXB13; CTCF,,Enhancer,Active,Disease,prostate cancer,MONDO:0008315,DOID:10283,Prostate,UBERON:0002367,DU-145,CVCL_0105,prostate carcinoma cell,CL:0000066,Enhancer activity assay, Chromatin interaction assay, TF binding assay,Capture 3C-seq, ChIP-seq, RNA-seq, SNP genotyping array,Luciferase reporter assay, Site-directed mutagenesis, 3C-qPCR, RT-qPCR
2022,35766871,A risk variant for Barrett's esophagus and esophageal adenocarcinoma at chr8p231 affects enhancer activity and implicates multiple gene targets,Homo sapiens,hg19,chr8,11446898,11447336,KLF4; KLF1; KLF3; KLF9; KLF14; KLF16; ZEB1; RUNX1; RUNX2,CTSB,Enhancer,Active,Disease,esophageal adenocarcinoma,MONDO:0004973,DOID:0050861,Esophagus,UBERON:0001043,OE19,CVCL_1302,esophageal adenocarcinoma cell,CL:0000069,Enhancer activity assay, Functional perturbation assay,RNA-seq, ChIP-seq,Luciferase Reporter Assay, CRISPR Knockout, RT-qPCR
2016,26979803,Chromatin interactions and candidate genes at ten prostate cancer risk loci,Homo sapiens,hg19,chr8,128520000,128551676,AR; FOXA1; HOXB13; CTCF,MYC,Enhancer,Active,Disease,esophageal adenocarcinoma,MONDO:0004973,DOID:0050861,Stomach,UBERON:0000945,OE33,CVCL_1470,esophageal adenocarcinoma cell,CL:0000069,Chromatin interaction assay, TF binding assay, Gene expression assay,Capture 3C-seq, ChIP-seq, RNA-seq, SNP genotyping array,3C-qPCR, RT-qPCR
2016,26979803,Chromatin interactions and candidate genes at ten prostate cancer risk loci,Homo sapiens,hg19,chr8,128520000,128551676,AR; FOXA1; HOXB13; CTCF,PVT1,Enhancer,Active,Disease,prostate cancer,MONDO:0008315,DOID:10283,Prostate,UBERON:0002367,LNCaP,CVCL_0395,prostate carcinoma cell,CL:0000066,Chromatin interaction assay, TF binding assay, Gene expression assay,Capture 3C-seq, ChIP-seq, RNA-seq, SNP genotyping array,3C-qPCR, RT-qPCR
2016,26979803,Chromatin interactions and candidate genes at ten prostate cancer risk loci,Homo sapiens,hg19,chr8,128520000,128551676,AR; FOXA1; HOXB13; CTCF,PCAT1,Enhancer,Active,Disease,prostate cancer,MONDO:0008315,DOID:10283,Prostate,UBERON:0002367,DU-145,CVCL_0105,prostate carcinoma cell,CL:0000066,Chromatin interaction assay, TF binding assay, Gene expression assay,Capture 3C-seq, ChIP-seq, RNA-seq, SNP genotyping array,3C-qPCR, RT-qPCR
2016,26979803,Chromatin interactions and candidate genes at ten prostate cancer risk loci,Homo sapiens,hg19,chr2,85750614,85811383,AR; FOXA1; HOXB13; CTCF,USP39,Enhancer,Active,Disease,prostate cancer,MONDO:0008315,DOID:10283,Prostate,UBERON:0002367,DU-145,CVCL_0105,prostate carcinoma cell,CL:0000066,Chromatin interaction assay, TF binding assay, Gene expression assay,Capture 3C-seq, ChIP-seq, RNA-seq, SNP genotyping array,3C-qPCR, RT-qPCR
2016,26979803,Chromatin interactions and candidate genes at ten prostate cancer risk loci,Homo sapiens,hg19,chr1,204518514,204561889,AR; FOXA1; HOXB13; CTCF,NFASC,Enhancer,Active,Disease,prostate cancer,MONDO:0008315,DOID:10283,Prostate,UBERON:0002367,LNCaP,CVCL_0395,prostate carcinoma cell,CL:0000066,Chromatin interaction assay, TF binding assay, Gene expression assay,Capture 3C-seq, ChIP-seq, RNA-seq, SNP genotyping array,3C-qPCR, RT-qPCR
2016,26979803,Chromatin interactions and candidate genes at ten prostate cancer risk loci,Homo sapiens,hg19,chr1,204518514,204561889,AR; FOXA1; HOXB13; CTCF,PPP1R15B,Enhancer,Active,Disease,prostate cancer,MONDO:0008315,DOID:10283,Prostate,UBERON:0002367,DU-145,CVCL_0105,prostate carcinoma cell,CL:0000066,Chromatin interaction assay, TF binding assay, Gene expression assay,Capture 3C-seq, ChIP-seq, RNA-seq, SNP genotyping array,3C-qPCR, RT-qPCR
2020,32772967,Disruption of super-enhancer-driven tumor suppressor gene RCAN14 expression promotes the malignancy of breast carcinoma,Homo sapiens,hg19,chr21,36179867,36180107,RUNX3; BRD4,RCAN1.4,Enhancer,Active,Disease,breast carcinoma,MONDO:0006120,DOID:1612,Breast,UBERON:0000310,MDA-MB-231,CVCL_0062,breast carcinoma cell,CL:0000646,Enhancer activity assay, TF binding assay, Functional perturbation assay,ChIP-seq, RNA-seq,Luciferase Reporter Assay, ChIP-qPCR, RT-qPCR, Site-directed Mutagenesis, Western blot
2020,32772967,Disruption of super-enhancer-driven tumor suppressor gene RCAN14 expression promotes the malignancy of breast carcinoma,Homo sapiens,hg19,chr21,36179867,36180107,RUNX3; BRD4,RCAN1.4,Enhancer,Active,Disease,breast carcinoma,MONDO:0006120,DOID:1612,Breast,UBERON:0000310,BT549,CVCL_1082,breast carcinoma cell,CL:0000646,Enhancer activity assay, TF binding assay, Functional perturbation assay,ChIP-seq, RNA-seq,Luciferase Reporter Assay, ChIP-qPCR, RT-qPCR, Site-directed Mutagenesis, Western blot
2020,32772967,Disruption of super-enhancer-driven tumor suppressor gene RCAN14 expression promotes the malignancy of breast carcinoma,Homo sapiens,hg19,chr21,36179867,36180107,RUNX3; BRD4,RCAN1.4,Enhancer,Active,Disease,breast carcinoma,MONDO:0006120,DOID:1612,Breast,UBERON:0000310,SUM149,CVCL_UE57,breast carcinoma cell,CL:0000646,Enhancer activity assay, TF binding assay, Functional perturbation assay,ChIP-seq, RNA-seq,Luciferase Reporter Assay, ChIP-qPCR, RT-qPCR, Site-directed Mutagenesis, Western blot
2020,32772967,Disruption of super-enhancer-driven tumor suppressor gene RCAN14 expression promotes the malignancy of breast carcinoma,Homo sapiens,hg19,chr21,36179867,36180107,RUNX3; BRD4,RCAN1.4,Enhancer,Active,Disease,breast carcinoma,MONDO:0006120,DOID:1612,Breast,UBERON:0000310,SUM159,CVCL_UE59,breast carcinoma cell,CL:0000646,Enhancer activity assay, TF binding assay, Functional perturbation assay,ChIP-seq, RNA-seq,Luciferase Reporter Assay, ChIP-qPCR, RT-qPCR, Site-directed Mutagenesis, Western blot
2020,32772967,Disruption of super-enhancer-driven tumor suppressor gene RCAN14 expression promotes the malignancy of breast carcinoma,Homo sapiens,hg19,chr21,36179867,36180107,RUNX3; BRD4,RCAN1.4,Enhancer,Active,Disease,breast carcinoma,MONDO:0006120,DOID:1612,Breast,UBERON:0000310,HCC1395,CVCL_UC79,breast carcinoma cell,CL:0000646,Enhancer activity assay, TF binding assay, Functional perturbation assay,ChIP-seq, RNA-seq,Luciferase Reporter Assay, ChIP-qPCR, RT-qPCR, Site-directed Mutagenesis, Western blot
2013,24086551,Identification of an Enhancer That Increases miR-200b~200a~429 Gene Expression in Breast Cancer Cells,Homo sapiens,hg19,chr1,1092486,1093650,ZEB1,MIR200B,Enhancer,Active,Disease,breast carcinoma,MONDO:0006120,DOID:1612,Breast,UBERON:0000310,MDA-MB-231 cells,CVCL_0062,breast carcinoma cell,CL:0000646,Enhancer activity assay,ChIP-seq,Dual-luciferase reporter assay, ChIP-qPCR, RT-qPCR
2016,26979803,Chromatin interactions and candidate genes at ten prostate cancer risk loci,Homo sapiens,hg19,chr2,20850000,20880000,,C2ORF43,Enhancer,Active,Disease,prostate cancer,MONDO:0008315,DOID:10283,Prostate,UBERON:0002367,LNCaP,CVCL_0395,prostate carcinoma cell,CL:0000066,Chromatin interaction assay, Gene expression assay,Capture 3C-seq, RNA-seq, SNP genotyping array,RT-qPCR
2016,26979803,Chromatin interactions and candidate genes at ten prostate cancer risk loci,Homo sapiens,hg19,chr2,20850000,20880000,,HS1BP3,Enhancer,Active,Disease,prostate cancer,MONDO:0008315,DOID:10283,Prostate,UBERON:0002367,DU-145,CVCL_0105,prostate carcinoma cell,CL:0000066,Chromatin interaction assay, Gene expression assay,Capture 3C-seq, RNA-seq, SNP genotyping array,RT-qPCR
2016,26979803,Chromatin interactions and candidate genes at ten prostate cancer risk loci,Homo sapiens,hg19,chr6,122800000,122850000,,RFX6,Enhancer,Active,Disease,prostate cancer,MONDO:0008315,DOID:10283,Prostate,UBERON:0002367,LNCaP,CVCL_0395,prostate carcinoma cell,CL:0000066,Chromatin interaction assay, Gene expression assay,Capture 3C-seq, RNA-seq, SNP genotyping array,RT-qPCR
2016,26979803,Chromatin interactions and candidate genes at ten prostate cancer risk loci,Homo sapiens,hg19,chr6,122800000,122850000,,GPRC6A,Enhancer,Active,Disease,prostate cancer,MONDO:0008315,DOID:10283,Prostate,UBERON:0002367,DU-145,CVCL_0105,prostate carcinoma cell,CL:0000066,Chromatin interaction assay, Gene expression assay,Capture 3C-seq, RNA-seq, SNP genotyping array,RT-qPCR
2016,27848966,17q21 asthma-risk variants switch CTCF binding and regulate IL-2 production by T cells,Homo sapiens,hg19,chr17,38065200,38065700,CTCF; IRF1; PAX4; TCF3,ORMDL3,Enhancer,Active,Disease,asthma,MONDO:0004607,DOID:2841,Blood,UBERON:0000178,Primary CD4+ T cells,,CD4-positive T cell,CL:0000624,Enhancer activity assay, TF binding assay, Chromatin interaction assay, Functional perturbation assay,ChIP-seq, 4C-seq, RNA-seq, DNase-seq,ChIP-qPCR, Allele-specific ChIP, RT-qPCR, siRNA knockdown, Flow cytometry, Cytokine ELISA, Sanger sequencing
2016,27848966,17q21 asthma-risk variants switch CTCF binding and regulate IL-2 production by T cells,Homo sapiens,hg19,chr17,38065200,38065700,CTCF; IRF1; PAX4; TCF3,GSDMB,Enhancer,Active,Disease,asthma,MONDO:0004607,DOID:2841,Lymphoid tissue,UBERON:0001745,CD8+ T cells,,CD8-positive T cell,CL:0000625,Enhancer activity assay, TF binding assay, Chromatin interaction assay, Functional perturbation assay,ChIP-seq, 4C-seq, RNA-seq, DNase-seq,ChIP-qPCR, Allele-specific ChIP, RT-qPCR, siRNA knockdown, Flow cytometry, Cytokine ELISA, Sanger sequencing
2016,27848966,17q21 asthma-risk variants switch CTCF binding and regulate IL-2 production by T cells,Homo sapiens,hg19,chr17,38065200,38065700,CTCF; IRF1; PAX4; TCF3,,Enhancer,Active,Disease,asthma,MONDO:0004607,DOID:2841,Blood,UBERON:0000178,B cells,,B cell,CL:0000945,Enhancer activity assay, TF binding assay, Chromatin interaction assay, Functional perturbation assay,ChIP-seq, 4C-seq, RNA-seq, DNase-seq,ChIP-qPCR, Allele-specific ChIP, RT-qPCR, siRNA knockdown, Flow cytometry, Cytokine ELISA, Sanger sequencing
2016,27848966,17q21 asthma-risk variants switch CTCF binding and regulate IL-2 production by T cells,Homo sapiens,hg19,chr17,38065200,38065700,CTCF; IRF1; PAX4; TCF3,,Enhancer,Active,Disease,asthma,MONDO:0004607,DOID:2841,Blood,UBERON:0000178,NK cells,,NK cell,CL:0000623,Enhancer activity assay, TF binding assay, Chromatin interaction assay, Functional perturbation assay,ChIP-seq, 4C-seq, RNA-seq, DNase-seq,ChIP-qPCR, Allele-specific ChIP, RT-qPCR, siRNA knockdown, Flow cytometry, Cytokine ELISA, Sanger sequencing
2016,27848966,17q21 asthma-risk variants switch CTCF binding and regulate IL-2 production by T cells,Homo sapiens,hg19,chr17,38065200,38065700,CTCF; IRF1; PAX4; TCF3,,Enhancer,Active,Disease,asthma,MONDO:0004607,DOID:2841,Blood,UBERON:0000178,HUT-78,CVCL_0337,T lymphoma cell,CL:0002419,Enhancer activity assay, TF binding assay, Chromatin interaction assay, Functional perturbation assay,ChIP-seq, 4C-seq, RNA-seq, DNase-seq,ChIP-qPCR, Allele-specific ChIP, RT-qPCR, siRNA knockdown, Flow cytometry, Cytokine ELISA, Sanger sequencing
2016,27848966,17q21 asthma-risk variants switch CTCF binding and regulate IL-2 production by T cells,Homo sapiens,hg19,chr17,38022100,38022900,,ORMDL3,Enhancer,Active,Disease,asthma,MONDO:0004607,DOID:2841,Blood,UBERON:0000178,Primary CD4+ T cells,,CD4-positive T cell,CL:0000624,Chromatin interaction assay, Enhancer activity assay, Gene expression assay,4C-seq, ChIP-seq, RNA-seq, DNase-seq,RT-qPCR, Flow cytometry, Cytokine ELISA
2016,27848966,17q21 asthma-risk variants switch CTCF binding and regulate IL-2 production by T cells,Homo sapiens,hg19,chr17,38022100,38022900,,ORMDL3,Enhancer,Active,Disease,asthma,MONDO:0004607,DOID:2841,Lymphoid tissue,UBERON:0001745,HUT-78,CVCL_0337,T lymphoma cell,CL:0002419,Chromatin interaction assay, Enhancer activity assay, Gene expression assay,4C-seq, ChIP-seq, RNA-seq, DNase-seq,RT-qPCR, Flow cytometry, Cytokine ELISA
2013,23598529,REST negatively and ISGF3 positively regulates the human STAT1 gene in melanoma,Homo sapiens,hg19,chr2,191800000,191801000,IRF1,STAT1,Enhancer,Active,Disease,skin melanoma,MONDO:0005105,DOID:1909,Skin,UBERON:0000014,Melanoma cells,,melanoma cell,CL:0002573,Enhancer activity assay, TF binding assay,ChIP-seq,Luciferase reporter assay, ChIP-qPCR, RT-qPCR, Western blot
2013,23659698,Finding of IFN gene enhancers and their core sequences,Homo sapiens,hg19,chr12,68544280,68544520,,IFNG,Enhancer,Active,Disease,cervical cancer,MONDO:0001156,DOID:2871,Cervix,UBERON:0000002,HeLa cells,CVCL_0030,cervical adenocarcinoma cell,CL:0000069,Enhancer activity assay,,Luciferase reporter assay
2013,23872150,Estrogen modulates plasminogen promoter activity,Homo sapiens,hg19,chr6,161085524,161086263,,PLG,Enhancer,Active,Disease,hepatocellular carcinoma,MONDO:0007256,DOID:684,Liver,UBERON:0002107,HepG2 cells,CVCL_0027,hepatocellular carcinoma cell,CL:0000182,Enhancer activity assay,,Luciferase reporter assay, RT-qPCR
2013,23872150,Estrogen modulates plasminogen promoter activity,Homo sapiens,hg19,chr6,161092630,161095030,,PLG,Enhancer,Active,Disease,hepatocellular carcinoma,MONDO:0007256,DOID:684,Liver,UBERON:0002107,HepG2 cells,CVCL_0027,hepatocellular carcinoma cell,CL:0000182,Enhancer activity assay,,Luciferase reporter assay, RT-qPCR
2013,23644027,Two novel and functional DNA sequence variants within an upstream enhancer of the human NKX2-5 gene in ventricular septal defects,Homo sapiens,hg19,chr5,17483518,17484083,,NKX2-5,Enhancer,Active,Disease,ventricular septal defect,MONDO:0007222,DOID:1192,Heart,UBERON:0000948,HEK293 cells,CVCL_0045,embryonic kidney cell,CL:0002139,Enhancer activity assay,,Luciferase reporter assay
2016,27354268,Dissection of the major hematopoietic quantitative trait locus in chromosome 6q233 identifies miR-3662 as a novel player in hematopoiesis and acute myeloid leukemia,Homo sapiens,hg19,chr6,135418600,135418700,GATA1,MYB,Enhancer,Active,Disease,acute myeloid leukemia,MONDO:0018874,DOID:9119,Bone marrow,UBERON:0002371,Primary human hematopoietic progenitor cells,,hematopoietic progenitor cell,CL:0000837,Enhancer activity assay, TF binding assay, Functional perturbation assay,Targeted RNA-seq,CRISPR knockout, EMSA, RT-qPCR, Luciferase reporter assay, ChIP-qPCR, Western blot, Colony formation assay
2016,27354268,Dissection of the major hematopoietic quantitative trait locus in chromosome 6q233 identifies miR-3662 as a novel player in hematopoiesis and acute myeloid leukemia,Homo sapiens,hg19,chr6,135418600,135418700,GATA1,MIR3662,Enhancer,Active,Disease,acute myeloid leukemia,MONDO:0018874,DOID:9119,Bone marrow,UBERON:0002371,KG-1a,CVCL_1824,acute myeloid leukemia cell,CL:0001054,Enhancer activity assay, TF binding assay, Functional perturbation assay,Targeted RNA-seq,CRISPR knockout, EMSA, RT-qPCR, Luciferase reporter assay, ChIP-qPCR, Western blot, Colony formation assay
2016,27354268,Dissection of the major hematopoietic quantitative trait locus in chromosome 6q233 identifies miR-3662 as a novel player in hematopoiesis and acute myeloid leukemia,Homo sapiens,hg19,chr6,135418600,135418700,GATA1,,Enhancer,Active,Disease,acute myeloid leukemia,MONDO:0018874,DOID:9119,Bone marrow,UBERON:0002371,Kasumi-1,CVCL_0589,acute myeloid leukemia cell,CL:0001054,Enhancer activity assay, TF binding assay, Functional perturbation assay,Targeted RNA-seq,CRISPR knockout, EMSA, RT-qPCR, Luciferase reporter assay, ChIP-qPCR, Western blot, Colony formation assay
2016,27354268,Dissection of the major hematopoietic quantitative trait locus in chromosome 6q233 identifies miR-3662 as a novel player in hematopoiesis and acute myeloid leukemia,Homo sapiens,hg19,chr6,135418600,135418700,GATA1,,Enhancer,Active,Disease,acute myeloid leukemia,MONDO:0018874,DOID:9119,Bone marrow,UBERON:0002371,MV4-11,CVCL_0064,acute myeloid leukemia cell,CL:0001054,Enhancer activity assay, TF binding assay, Functional perturbation assay,Targeted RNA-seq,CRISPR knockout, EMSA, RT-qPCR, Luciferase reporter assay, ChIP-qPCR, Western blot, Colony formation assay
2020,32242051,H3K79me2/3 controls enhancer-promoter interactions and activation of the pan-cancer stem cell marker PROM1/CD133 in MLL-AF4 leukemia cells,Homo sapiens,hg19,chr4,15450000,15579703,MLL-AF4; EZH2; WILD-TYPE MLL,PROM1,Enhancer,Active,Disease,B-cell acute lymphoblastic leukemia,MONDO:0004945,DOID:0080545,Bone marrow,UBERON:0002371,SEM,CVCL_0095,B lymphoblast,CL:0000945,Enhancer activity assay, Chromatin interaction assay, TF binding assay, Functional perturbation assay,ChIP-seq, ATAC-seq, Capture-C, RNA-seq,ChIP-qPCR, RT-qPCR, Western blot
2020,32242051,H3K79me2/3 controls enhancer-promoter interactions and activation of the pan-cancer stem cell marker PROM1/CD133 in MLL-AF4 leukemia cells,Homo sapiens,hg19,chr4,15450000,15579703,MLL-AF4; EZH2; WILD-TYPE MLL,PROM1,Enhancer,Active,Disease,B-cell acute lymphoblastic leukemia,MONDO:0004945,DOID:0080545,Bone marrow,UBERON:0002371,RS4,CVCL_1312,B lymphoblast,CL:0000945,Enhancer activity assay, Chromatin interaction assay, TF binding assay, Functional perturbation assay,ChIP-seq, ATAC-seq, Capture-C, RNA-seq,ChIP-qPCR, RT-qPCR, Western blot
2020,32242051,H3K79me2/3 controls enhancer-promoter interactions and activation of the pan-cancer stem cell marker PROM1/CD133 in MLL-AF4 leukemia cells,Homo sapiens,hg19,chr4,15450000,15579703,MLL-AF4; EZH2; WILD-TYPE MLL,PROM1,Enhancer,Active,Disease,B-cell acute lymphoblastic leukemia,MONDO:0004945,DOID:0080545,Bone marrow,UBERON:0002371,11,CVCL_1312,B lymphoblast,CL:0000945,Enhancer activity assay, Chromatin interaction assay, TF binding assay, Functional perturbation assay,ChIP-seq, ATAC-seq, Capture-C, RNA-seq,ChIP-qPCR, RT-qPCR, Western blot
2020,32242051,H3K79me2/3 controls enhancer-promoter interactions and activation of the pan-cancer stem cell marker PROM1/CD133 in MLL-AF4 leukemia cells,Homo sapiens,hg19,chr4,15450000,15579703,MLL-AF4; EZH2; WILD-TYPE MLL,PROM1,Enhancer,Active,Disease,B-cell acute lymphoblastic leukemia,MONDO:0004945,DOID:0080545,Bone marrow,UBERON:0002371,Primary MLL-AF4 ALL patient blasts,,B lymphoblast,CL:0000945,Enhancer activity assay, Chromatin interaction assay, TF binding assay, Functional perturbation assay,ChIP-seq, ATAC-seq, Capture-C, RNA-seq,ChIP-qPCR, RT-qPCR, Western blot
2020,32242051,H3K79me2/3 controls enhancer-promoter interactions and activation of the pan-cancer stem cell marker PROM1/CD133 in MLL-AF4 leukemia cells,Homo sapiens,hg19,chr4,15450000,15579703,MLL-AF4; EZH2; WILD-TYPE MLL,PROM1,Enhancer,Active,Disease,acute monocytic leukemia,MONDO:0005025,DOID:0080147,Bone marrow,UBERON:0002371,THP-1,CVCL_0006,acute monocytic leukemia cell,CL:0000576,Enhancer activity assay, Chromatin interaction assay, TF binding assay, Functional perturbation assay,ChIP-seq, ATAC-seq, Capture-C, RNA-seq,ChIP-qPCR, RT-qPCR, Western blot
2020,32242051,H3K79me2/3 controls enhancer-promoter interactions and activation of the pan-cancer stem cell marker PROM1/CD133 in MLL-AF4 leukemia cells,Homo sapiens,hg19,chr4,15450000,15579703,MLL-AF4; EZH2; WILD-TYPE MLL,PROM1,Enhancer,Active,Disease,B-cell acute lymphoblastic leukemia,MONDO:0004945,DOID:0080545,Bone marrow,UBERON:0002371,RCH-ACV,CVCL_1321,B lymphoblast,CL:0000945,Enhancer activity assay, Chromatin interaction assay, TF binding assay, Functional perturbation assay,ChIP-seq, ATAC-seq, Capture-C, RNA-seq,ChIP-qPCR, RT-qPCR, Western blot
2020,32242051,H3K79me2/3 controls enhancer-promoter interactions and activation of the pan-cancer stem cell marker PROM1/CD133 in MLL-AF4 leukemia cells,Homo sapiens,hg19,chr4,15450000,15579703,MLL-AF4; EZH2; WILD-TYPE MLL,PROM1,Enhancer,Active,Disease,acute myeloid leukemia,MONDO:0018874,DOID:9119,Bone marrow,UBERON:0002371,ML-2,CVCL_1439,acute myeloid leukemia cell,CL:0001054,Enhancer activity assay, Chromatin interaction assay, TF binding assay, Functional perturbation assay,ChIP-seq, ATAC-seq, Capture-C, RNA-seq,ChIP-qPCR, RT-qPCR, Western blot
2017,28446439,PAX3-FOXO1 establishes myogenic super enhancers and confers BET bromodomain vulnerability,Homo sapiens,hg19,chr2,29880537,29880842,PAX3-FOXO1,ALK,Enhancer,Active,Disease,alveolar rhabdomyosarcoma,MONDO:0005080,DOID:3246,Skeletal muscle,UBERON:0001134,RH4,CVCL_0041,rhabdomyosarcoma cell,CL:0000050,Enhancer activity assay, Super-enhancer profiling,ChIP-seq, RNA-seq,Luciferase Reporter Assay, CRISPR Knockout
2017,28446439,PAX3-FOXO1 establishes myogenic super enhancers and confers BET bromodomain vulnerability,Homo sapiens,hg19,chr2,29880537,29880842,PAX3-FOXO1,ALK,Enhancer,Active,Disease,alveolar rhabdomyosarcoma,MONDO:0005080,DOID:3246,Skeletal muscle,UBERON:0001134,SCMC,CVCL_UC63,rhabdomyosarcoma cell,CL:0000050,Enhancer activity assay, Super-enhancer profiling,ChIP-seq, RNA-seq,Luciferase Reporter Assay, CRISPR Knockout
2017,28446439,PAX3-FOXO1 establishes myogenic super enhancers and confers BET bromodomain vulnerability,Homo sapiens,hg19,chr2,29880537,29880842,PAX3-FOXO1,ALK,Enhancer,Active,Disease,alveolar rhabdomyosarcoma,MONDO:0005080,DOID:3246,Skeletal muscle,UBERON:0001134,RH4 tumor cells,,rhabdomyosarcoma cell,CL:0000050,Enhancer activity assay, Super-enhancer profiling,ChIP-seq, RNA-seq,Luciferase Reporter Assay, CRISPR Knockout
2017,29035388,A novel HER2 gene body enhancer contributes to HER2 expression,Homo sapiens,hg19,chr17,37900000,37900500,TFAP2C,ERBB2,Enhancer,Active,Disease,breast adenocarcinoma,MONDO:0004982,DOID:1612,Breast,UBERON:0000310,SKBR3 breast cancer cell line,CVCL_0033,breast adenocarcinoma cell,CL:0000646,Enhancer functional assay, TF binding assay,ChIP-seq,Luciferase Reporter Assay, CRISPR Knockout
2019,31019297,NAD metabolic dependency in cancer is shaped by gene amplification and enhancer remodeling,Homo sapiens,hg19,chr7,105856018,105860658,MYC,NAMPT,Enhancer,Active,Disease,lung adenocarcinoma,MONDO:0005032,DOID:3905,Lung,UBERON:0002048,H460,CVCL_0459,lung adenocarcinoma cell,CL:0001069,Enhancer activity assay, Functional perturbation assay, TF binding assay,ChIP-seq,Luciferase Reporter Assay, CRISPR Knockout, CRISPRi, ChIP-qPCR, RT-qPCR
2019,31019297,NAD metabolic dependency in cancer is shaped by gene amplification and enhancer remodeling,Homo sapiens,hg19,chr7,105856018,105860658,MYC,NAMPT,Enhancer,Active,Disease,glioblastoma,MONDO:0005142,DOID:3070,Brain,UBERON:0000955,U87-MG,CVCL_0022,glioblastoma cell,CL:0000127,Enhancer activity assay, Functional perturbation assay, TF binding assay,ChIP-seq,Luciferase Reporter Assay, CRISPR Knockout, CRISPRi, ChIP-qPCR, RT-qPCR
2019,31019297,NAD metabolic dependency in cancer is shaped by gene amplification and enhancer remodeling,Homo sapiens,hg19,chr7,105856018,105860658,MYC,NAMPT,Enhancer,Active,Disease,colorectal carcinoma,MONDO:0005132,DOID:9256,Colon,UBERON:0001155,HCT116,CVCL_0291,colorectal carcinoma cell,CL:0000066,Enhancer activity assay, Functional perturbation assay, TF binding assay,ChIP-seq,Luciferase Reporter Assay, CRISPR Knockout, CRISPRi, ChIP-qPCR, RT-qPCR
2020,32817485,Global epigenomic analysis of KSHV-infected primary effusion lymphoma identifies functional MYC superenhancers and enhancer RNAs,Homo sapiens,hg19,chr8,129278315,129283315,,MYC,Enhancer,Active,Disease,primary effusion lymphoma,MONDO:0005125,DOID:0050748,Lymph node,UBERON:0000029,TRExBCBL1-RTA cells,CVCL_J648,B lymphoma cell,CL:0000945,Enhancer activity assay, Functional perturbation assay, Chromatin interaction assay,ChIP-seq, RNA-seq, 4C-seq,CRISPR Knockout, CRISPRi, RT-qPCR, ChIP-qPCR
2020,32817485,Global epigenomic analysis of KSHV-infected primary effusion lymphoma identifies functional MYC superenhancers and enhancer RNAs,Homo sapiens,hg19,chr8,129234315,129239315,,MYC,Enhancer,Active,Disease,primary effusion lymphoma,MONDO:0005125,DOID:0050748,Lymph node,UBERON:0000029,TRExBCBL1-RTA cells,CVCL_J648,B lymphoma cell,CL:0000945,Enhancer activity assay, Functional perturbation assay, Chromatin interaction assay,ChIP-seq, RNA-seq, 4C-seq,CRISPR Knockout, CRISPRi, RT-qPCR, ChIP-qPCR
2020,32817485,Global epigenomic analysis of KSHV-infected primary effusion lymphoma identifies functional MYC superenhancers and enhancer RNAs,Homo sapiens,hg19,chr8,129254315,129259315,,MYC,Enhancer,Active,Disease,primary effusion lymphoma,MONDO:0005125,DOID:0050748,Lymph node,UBERON:0000029,TRExBCBL1-RTA cells,CVCL_J648,B lymphoma cell,CL:0000945,Enhancer activity assay, Functional perturbation assay, Chromatin interaction assay,ChIP-seq, RNA-seq, 4C-seq,CRISPR Knockout, CRISPRi, RT-qPCR, ChIP-qPCR
2020,32416589,Miswired Enhancer Logic Drives a Cancer of the Muscle Lineage,Homo sapiens,hg19,chr13,40800660,40848941,MYOG,FOXO1,Enhancer,Active,Disease,alveolar rhabdomyosarcoma,MONDO:0005080,DOID:3246,Skeletal muscle,UBERON:0001134,RH4,CVCL_0041,rhabdomyosarcoma cell,CL:0000050,Enhancer activity assay, Functional perturbation assay, Chromatin interaction assay, TF binding assay,ChIP-seq, 3C-seq, 4C-seq, RNA-seq,CRISPR Knockout, ChIP-qPCR, RT-qPCR, Sanger Sequencing
2020,32416589,Miswired Enhancer Logic Drives a Cancer of the Muscle Lineage,Homo sapiens,hg19,chr13,40800660,40848941,MYOG,FOXO1,Enhancer,Active,Disease,alveolar rhabdomyosarcoma,MONDO:0005080,DOID:3246,Skeletal muscle,UBERON:0001134,RH30 rhabdomyosarcoma cell lines,CVCL_1648,rhabdomyosarcoma cell,CL:0000050,Enhancer activity assay, Functional perturbation assay, Chromatin interaction assay, TF binding assay,ChIP-seq, 3C-seq, 4C-seq, RNA-seq,CRISPR Knockout, ChIP-qPCR, RT-qPCR, Sanger Sequencing
2018,30012865,Identification of a Novel Enhancer/Chromatin Opening Element Associated with High-Level ?|??-Globin Gene Expression,Homo sapiens,hg19,chr11,5279732,5280272,EGR1,HBG2,Enhancer,Active,Disease,chronic myeloid leukemia,MONDO:0011998,DOID:8552,Bone marrow,UBERON:0002371,K562,CVCL_0004,chronic myeloid leukemia cell,CL:0001054,Functional perturbation assay, Enhancer activity assay,ChIP-seq, RNA-seq,qRT-PCR, and ChIP-qPCR
2020,31905229,Ligand dependent gene regulation by transient ER?|?? clustered enhancers,Homo sapiens,hg19,chr21,42660000,42661000,ESR1,TFF1,Enhancer,Active,Disease,breast adenocarcinoma,MONDO:0004982,DOID:1612,Breast,UBERON:0000310,MCF-7 breast cancer cell line,CVCL_0031,breast adenocarcinoma cell,CL:0000646,Functional perturbation assay, Chromatin interaction assay,ChIP-seq, 5C, ChIA-PET,CRISPR Knockout, RT-qPCR, ImmunoFISH
2020,31905229,Ligand dependent gene regulation by transient ER?|?? clustered enhancers,Homo sapiens,hg19,chr21,42660000,42661000,ESR1,TFF2,Enhancer,Active,Disease,breast adenocarcinoma,MONDO:0004982,DOID:1612,Breast,UBERON:0000310,MCF-7 breast cancer cell line,CVCL_0031,breast adenocarcinoma cell,CL:0000646,Functional perturbation assay, Chromatin interaction assay,ChIP-seq, 5C, ChIA-PET,CRISPR Knockout, RT-qPCR, ImmunoFISH
2020,31905229,Ligand dependent gene regulation by transient ER?|?? clustered enhancers,Homo sapiens,hg19,chr21,42660000,42661000,ESR1,TFF3,Enhancer,Active,Disease,breast adenocarcinoma,MONDO:0004982,DOID:1612,Breast,UBERON:0000310,MCF-7 breast cancer cell line,CVCL_0031,breast adenocarcinoma cell,CL:0000646,Functional perturbation assay, Chromatin interaction assay,ChIP-seq, 5C, ChIA-PET,CRISPR Knockout, RT-qPCR, ImmunoFISH
2020,31905229,Ligand dependent gene regulation by transient ER?|?? clustered enhancers,Homo sapiens,hg19,chr2,10860000,10861000,ESR1,GREB1,Enhancer,Active,Disease,breast adenocarcinoma,MONDO:0004982,DOID:1612,Breast,UBERON:0000310,MCF-7 breast cancer cell line,CVCL_0031,breast adenocarcinoma cell,CL:0000646,Functional perturbation assay,ChIP-seq,CRISPRi, RT-qPCR
2018,29385519,Genomic dissection of enhancers uncovers principles of combinatorial regulation and cell type-specific wiring of enhancer-promoter contacts,Homo sapiens,hg19,chr5,172131000,172132000,NR3C1,DUSP1,Enhancer,Active,Disease,osteosarcoma,MONDO:0005087,DOID:3347,Bone,UBERON:0001474,U2OS,CVCL_0042,osteosarcoma cell,CL:0000062,Enhancer activity assay, Chromatin interaction assay,ChIP-seq, Hi-C,qRT-PCR, and ChIP-qPCR
2018,29385519,Genomic dissection of enhancers uncovers principles of combinatorial regulation and cell type-specific wiring of enhancer-promoter contacts,Homo sapiens,hg19,chr5,172131000,172132000,NR3C1,DUSP1,Enhancer,Active,Disease,lung adenocarcinoma,MONDO:0005032,DOID:3905,Lung,UBERON:0002048,A549 cell lines,CVCL_0023,lung adenocarcinoma cell,CL:0001069,Enhancer activity assay, Chromatin interaction assay,ChIP-seq, Hi-C,qRT-PCR, and ChIP-qPCR
2016,26751173,Functional genetic screens for enhancer elements in the human genome using CRISPR-Cas9,Homo sapiens,hg19,chr6,36633000,36637000,,CDKN1A,Enhancer,Active,Disease,transformed fibroblast,,,Skin,UBERON:0000014,BJ-RASG12V transformed fibroblast cell line,,transformed fibroblast,CL:0000057,Genetic perturbation screen,CRISPR-Cas9 pooled screen sequencing,Luciferase Reporter Assay
2018,30119690,Functional CRISPR screen identifies AP1-associated enhancer regulating FOXF1 to modulate oncogene-induced senescence,Homo sapiens,hg19,chr16,84000000,84001000,FOS,FOXF1,Enhancer,Active,Disease,oncogene-induced cellular senescence,MONDO:0024500,,Skin,UBERON:0000014,BJ foreskin fibroblasts,CVCL_3653,fibroblast,CL:0000057,Functional perturbation assay, Senescence assay,ChIP-seq, RNA-seq,qRT-PCR, and ChIP-qPCR
2020,32352029,BCL9/STAT3 regulation of transcriptional enhancer networks promote DCIS progression,Homo sapiens,hg19,chr17,45414208,45414987,,ITGB3,Enhancer,Active,Disease,ductal carcinoma in situ of breast,MONDO:0006539,,Breast,UBERON:0000310,DCIS.COM,CVCL_UE18,breast ductal carcinoma cell,CL:0000646,Enhancer activity assay, TF binding assay, Functional perturbation assay,ChIP-exo, RNA-seq, RPPA,ChIP-qPCR, shRNA Knockdown, RT-qPCR, Western blot, In vivo Invasion Assay
2020,32352029,BCL9/STAT3 regulation of transcriptional enhancer networks promote DCIS progression,Homo sapiens,hg19,chr17,45436112,45436891,,ITGB3,Enhancer,Active,Disease,ductal carcinoma in situ of breast,MONDO:0006539,,Breast,UBERON:0000310,DCIS.COM,CVCL_UE18,breast ductal carcinoma cell,CL:0000646,Enhancer activity assay, TF binding assay, Functional perturbation assay,ChIP-exo, RNA-seq, RPPA,ChIP-qPCR, shRNA Knockdown, RT-qPCR, Western blot, In vivo Invasion Assay
2016,26754925,IER5 generates a novel hypo-phosphorylated active form of HSF1 and contributes to tumorigenesis,Homo sapiens,hg19,chr6,31777438,31777648,,HSPA1A,Enhancer,Active,Disease,non-small cell lung carcinoma,MONDO:0005233,DOID:3908,Lung,UBERON:0002048,H1299,CVCL_0060,non-small cell lung carcinoma cell,CL:0000066,Enhancer activity assay,Gene Expression Microarray,Luciferase Reporter Assay, RT-RT-qPCR
2020,33199729,Gene duplication, rather than epigenetic changes, drives FGF4 overexpression in KIT/PDGFRA/SDH/RAS-P WT GIST,Homo sapiens,hg19,chr11,70030000,70079999,,FGF4,Enhancer,Active,Disease,gastrointestinal stromal tumor,MONDO:0005047,DOID:9253,Small intestine,UBERON:0002108,Primary GIST tumour cells (SDH-deficient GIST),,gastrointestinal stromal tumor cell,CL:0000066,Chromatin interaction assay, Enhancer activity assay,RNA-seq, ChIP-seq,Sanger sequencing, bisulfite sequencing, RT-qPCR
2020,33199729,Gene duplication, rather than epigenetic changes, drives FGF4 overexpression in KIT/PDGFRA/SDH/RAS-P WT GIST,Homo sapiens,hg19,chr11,70030000,70079999,,FGF4,Enhancer,Active,Disease,gastrointestinal stromal tumor,MONDO:0005047,DOID:9253,Small intestine,UBERON:0002108,quadruple WT GIST,,gastrointestinal stromal tumor cell,CL:0000066,Chromatin interaction assay, Enhancer activity assay,RNA-seq, ChIP-seq,Sanger sequencing, bisulfite sequencing, RT-qPCR
2020,33199729,Gene duplication, rather than epigenetic changes, drives FGF4 overexpression in KIT/PDGFRA/SDH/RAS-P WT GIST,Homo sapiens,hg19,chr11,70030000,70079999,,FGF4,Enhancer,Active,Disease,gastrointestinal stromal tumor,MONDO:0005047,DOID:9253,Small intestine,UBERON:0002108,KIT mutant GIST),,gastrointestinal stromal tumor cell,CL:0000066,Chromatin interaction assay, Enhancer activity assay,RNA-seq, ChIP-seq,Sanger sequencing, bisulfite sequencing, RT-qPCR
2024,38934080,Core regions in immunoglobulin heavy chain enhancers essential for survival of non-Hodgkin lymphoma cells are identified by a CRISPR interference screen,Homo sapiens,hg19,chr14,106032312,106033352,,MYC,Enhancer,Active,Disease,Burkitt lymphoma,MONDO:0002483,DOID:8582,Blood,UBERON:0000178,Burkitt lymphoma cell line,,Burkitt lymphoma cell,CL:0000945,Functional perturbation assay,CRISPR screen,RT-RT-qPCR, Western blot
2019,31231131,Ascl1-induced Wnt11 regulates neuroendocrine differentiation, cell proliferation, and E-cadherin expression in small-cell lung cancer,Homo sapiens,hg19,chr11,75928700,75928930,ASCL1,WNT11,Enhancer,Active,Disease,small cell lung carcinoma,MONDO:0005020,DOID:5409,Lung,UBERON:0002048,H889,CVCL_1599,small cell lung carcinoma cell,CL:0000066,Enhancer activity assay, TF binding assay, Functional perturbation assay,ChIP-seq, RNA-seq,ChIP-RT-qPCR, qRT-PCR, Western blot
2016,27693352,Enhancer variants drive gene regulatory network dysfunction in Hirschsprung disease,Homo sapiens,hg19,chr10,43552395,43553394,GATA2,RET,Enhancer,Active,Disease,neuroblastoma,MONDO:0005070,DOID:769,Adrenal gland,UBERON:0002369,Neuroblastoma cell,,neuroblastoma cell,CL:0000031,Enhancer activity assay, TF binding assay,ChIP-seq, DNase-seq,Luciferase Reporter Assay, EMSA
2018,29378668,Genome-wide analysis reveals a role for TDG in estrogen receptor-mediated enhancer RNA transcription and 3-dimensional reorganization,Homo sapiens,hg19,chr2,11643000,11644000,ESR1,GREB1,Enhancer,Active,Disease,breast carcinoma,MONDO:0006120,DOID:1612,Breast,UBERON:0000310,MCF7,CVCL_0031,breast carcinoma cell,CL:0000646,Enhancer activity assay, chromatin interaction assay,ChIP-seq, ChIA-PET,qRT-PCR, and ChIP-qPCR
2014,25394790,Oncogene regulation An oncogenic super-enhancer formed through somatic mutation of a noncoding intergenic element,Homo sapiens,hg19,chr1,129180000,129181000,MYB,TAL1,Enhancer,Active,Disease,T-cell acute lymphoblastic leukemia,MONDO:0004947,DOID:0050890,Blood,UBERON:0000178,T-ALL,,T lymphoblast,CL:0002419,Enhancer activity assay, TF binding assay,ChIP-seq,Luciferase Reporter Assay, ChIP-RT-qPCR
2021,34146516,Functional annotation of the 2q35 breast cancer risk locus implicates a structural variant in influencing activity of a long-range enhancer element,Homo sapiens,hg19,chr2,218305944,218306443,,IGFBP5,Enhancer,Active,Disease,breast carcinoma,MONDO:0006120,DOID:1612,Breast,UBERON:0000310,MDA-MB-231,CVCL_0062,breast carcinoma cell,CL:0000646,Enhancer activity assay,,Luciferase Reporter Assay
2018,29326336,ARID5B as a critical downstream target of the TAL1 complex that activates the oncogenic transcriptional program and promotes T-cell leukemogenesis,Homo sapiens,hg19,chr8,130180000,130181000,ARID5B,MYC,Enhancer,Active,Disease,T-cell acute lymphoblastic leukemia,MONDO:0004947,DOID:0050890,Blood,UBERON:0000178,Jurkat,CVCL_0065,T lymphoblast,CL:0002419,Enhancer activity assay, functional perturbation assay,ChIP-seq, ChIA-PET,qRT-PCR, and ChIP-qPCR
2018,29326336,ARID5B as a critical downstream target of the TAL1 complex that activates the oncogenic transcriptional program and promotes T-cell leukemogenesis,Homo sapiens,hg19,chr8,130180000,130181000,ARID5B,MYC,Enhancer,Active,Disease,T-cell acute lymphoblastic leukemia,MONDO:0004947,DOID:0050890,Blood,UBERON:0000178,CCRF-CEM,CVCL_0207,T lymphoblast,CL:0002419,Enhancer activity assay, functional perturbation assay,ChIP-seq, ChIA-PET,qRT-PCR, and ChIP-qPCR
2018,30008316,Targeted enhancer activation by a subunit of the Integrator complex,Homo sapiens,hg19,chr16,29018500,29021500,,CD84,Enhancer,Active,Disease,acute myeloid leukemia,MONDO:0018874,DOID:9119,Bone marrow,UBERON:0002371,HL-60,CVCL_0002,acute myeloid leukemia cell,CL:0001054,Functional perturbation assay,ChIP-seq, RNA-seq,qRT-PCR, and ChIP-qPCR
2018,30008316,Targeted enhancer activation by a subunit of the Integrator complex,Homo sapiens,hg19,chr5,149400000,149401000,EGR1,CSF1R,Enhancer,Active,Disease,acute myeloid leukemia,MONDO:0018874,DOID:9119,Bone marrow,UBERON:0002371,HL-60,CVCL_0002,acute myeloid leukemia cell,CL:0001054,Functional perturbation assay,ChIP-seq, RNA-seq,qRT-PCR, and ChIP-qPCR
2018,29113912,Arid1a regulates response to anti-angiogenic therapy in advanced hepatocellular carcinoma,Homo sapiens,hg19,chr8,67740000,67741000,,ANGPT2,Enhancer,Active,Disease,hepatocellular carcinoma,MONDO:0007256,DOID:684,Liver,UBERON:0002107,Primary Human Hepatocellular Carcinoma Cells,,hepatocellular carcinoma cell,CL:0000182,Enhancer activity assay, TF binding assay,ChIP-seq, RNA-seq,qRT-PCR, and ChIP-qPCR
2020,31087647,Fine-mapping of the 4q3122 locus identifies potential causal variants and enhancers for premenopausal breast cancer risk,Homo sapiens,hg19,chr4,145678450,145679450,FOS,EDNRA,Enhancer,Active,Disease,breast carcinoma,MONDO:0006120,DOID:1612,Breast,UBERON:0000310,MCF10A-Er-Src,,breast carcinoma cell,CL:0000646,TF binding assay, Enhancer activity assay,ChIP-seq, RNA-seq,ChIP-RT-qPCR, RT-RT-qPCR
2020,31087647,Fine-mapping of the 4q3122 locus identifies potential causal variants and enhancers for premenopausal breast cancer risk,Homo sapiens,hg19,chr4,145682300,145683300,FOS,EDNRA,Enhancer,Active,Disease,breast carcinoma,MONDO:0006120,DOID:1612,Breast,UBERON:0000310,MCF10A-Er-Src,,breast carcinoma cell,CL:0000646,TF binding assay, Enhancer activity assay,ChIP-seq, RNA-seq,ChIP-RT-qPCR, RT-RT-qPCR
2023,37060567,Elevated enhancer-oncogene contacts and higher oncogene expression levels by recurrent CTCF inactivating mutations in acute T cell leukemia,Homo sapiens,hg19,chr14,98602411,98675204,CTCF,TLX3,Enhancer,Active,Disease,T-cell acute lymphoblastic leukemia,MONDO:0004947,DOID:0050890,Blood,UBERON:0000178,HPB-ALL cells,CVCL_1921,T lymphoblast,CL:0002419,Chromatin interaction assay, Functional perturbation assay,ChIP-seq, Hi-C, 4C-seq,qRT-PCR, and ChIP-qPCR
2023,37060567,Elevated enhancer-oncogene contacts and higher oncogene expression levels by recurrent CTCF inactivating mutations in acute T cell leukemia,Homo sapiens,hg19,chr14,98602411,98675204,CTCF,TLX3,Enhancer,Active,Disease,T-cell acute lymphoblastic leukemia,MONDO:0004947,DOID:0050890,Blood,UBERON:0000178,Primary Human T-ALL Cells,,T lymphoblast,CL:0002419,Chromatin interaction assay, Functional perturbation assay,ChIP-seq, Hi-C, 4C-seq,qRT-PCR, and ChIP-qPCR
2020,31773361,Genetic Predisposition to Glioma Mediated by a MAPKAP1 Enhancer Variant,Homo sapiens,hg19,chr9,128335472,128336978,NFIC,MAPKAP1,Enhancer,Active,Disease,glioblastoma,MONDO:0005142,DOID:3070,Brain,UBERON:0000955,U251 Glioma Cell Line,CVCL_0021,glioblastoma cell,CL:0000127,Enhancer activity assay, TF binding assay,RNA-seq,Luciferase Reporter Assay, EMSA, ChIP-RT-qPCR, RT-RT-qPCR
2020,31773361,Genetic Predisposition to Glioma Mediated by a MAPKAP1 Enhancer Variant,Homo sapiens,hg19,chr9,128335472,128336978,NFIC,MAPKAP1,Enhancer,Active,Disease,glioblastoma,MONDO:0005142,DOID:3070,Brain,UBERON:0000955,Primary Glioma Tissue,,glioblastoma cell,CL:0000127,Enhancer activity assay, TF binding assay,RNA-seq,Luciferase Reporter Assay, EMSA, ChIP-RT-qPCR, RT-RT-qPCR
2020,32732264,Cross-species analysis of enhancer logic using deep learning,Homo sapiens,hg19,chr12,105795404,105795904,,APPL2,Enhancer,Silenced,Disease,skin melanoma,MONDO:0005105,DOID:1909,Skin,UBERON:0000014,Human melanoma cell,,melanoma cell,CL:0002573,Enhancer activity assay, TF binding assay,ATAC-seq, RNA-seq,Luciferase Reporter Assay, RT-RT-qPCR, Western blot
2021,33620092,Androgen receptor enhancer amplification in matched patient-derived xenografts of primary and castrate-resistant prostate cancer,Homo sapiens,hg19,chrX,66110000,66116000,AR,AR,Enhancer,Active,Disease,prostate cancer,MONDO:0008315,DOID:10283,Prostate,UBERON:0002367,Prostate cancer epithelial cells,,prostate carcinoma cell,CL:0000066,Enhancer activity assay, TF binding assay,ChIP-seq, RNA-seq,RT-RT-qPCR, Western blot
2021,33620092,Androgen receptor enhancer amplification in matched patient-derived xenografts of primary and castrate-resistant prostate cancer,Homo sapiens,hg19,chrX,66110000,66116000,AR,AR,Enhancer,Active,Disease,prostate cancer,MONDO:0008315,DOID:10283,Prostate,UBERON:0002367,PDX cells,,patient-derived xenograft cell,CL:0000066,Enhancer activity assay, TF binding assay,ChIP-seq, RNA-seq,RT-RT-qPCR, Western blot
2015,26258633,Genome-wide association between YAP/TAZ/TEAD and AP-1 at enhancers drives oncogenic growth,Homo sapiens,hg19,chr17,38670000,38770000,,TOP2A,Enhancer,Active,Disease,breast carcinoma,MONDO:0006120,DOID:1612,Breast,UBERON:0000310,MDA-MB-231,CVCL_0062,breast carcinoma cell,CL:0000646,Chromatin interaction assay,Hi-C,3C
2025,40512334,Genomic Locus Tagged by Lung Function GWAS SNV rs12477314 (2q373) Acts as a Regulatory Region for a Systemic Inflammatory Phenotype,Homo sapiens,hg19,chr2,239866844,239871938,,MULTIPLE (CXCL2,Enhancer,Active,Disease,non-small cell lung carcinoma,MONDO:0005233,DOID:3908,Lung,UBERON:0002048,NCI-H460,CVCL_0459,non-small cell lung carcinoma cell,CL:0000066,Functional perturbation assay,RNA-seq,CRISPR Knockout, RT-RT-qPCR, Sanger sequencing
2015,26422397,SATB1 Mediates Long-Range Chromatin Interactions,Homo sapiens,hg19,chr18,60983148,60983597,SATB1,PMAIP1,Enhancer,Active,Disease,T-cell acute lymphoblastic leukemia,MONDO:0004947,DOID:0050890,Blood,UBERON:0000178,Jurkat,CVCL_0065,T lymphoblast,CL:0002419,Chromatin interaction, expression validation,3C, ChIP-qPCR, RT-qPCR,qRT-PCR, and ChIP-qPCR
2015,26422397,SATB1 Mediates Long-Range Chromatin Interactions,Homo sapiens,hg19,chr18,60790200,60790400,SATB1,BCL2,Enhancer,Active,Disease,T-cell acute lymphoblastic leukemia,MONDO:0004947,DOID:0050890,Blood,UBERON:0000178,Jurkat,CVCL_0065,T lymphoblast,CL:0002419,Chromatin interaction, expression validation,3C, ChIP-qPCR, RT-qPCR,qRT-PCR, and ChIP-qPCR
2015,26422397,SATB1 Mediates Long-Range Chromatin Interactions,Homo sapiens,hg19,chr18,64156800,64157000,SATB1,PMAIP1,Enhancer,Silenced,Disease,T-cell acute lymphoblastic leukemia,MONDO:0004947,DOID:0050890,Blood,UBERON:0000178,Jurkat,CVCL_0065,T lymphoblast,CL:0002419,Chromatin interaction, repression validation,3C, ChIP-qPCR, RT-qPCR,qRT-PCR, and ChIP-qPCR
2015,26211391,Correlation of the Osteoarthritis Susceptibility Variants That Map to Chromosome 20q13 With an Expression Quantitative Trait Locus Operating on NCOA3 and With Functional Variation at the Polymorphism rs116855380,Homo sapiens,hg19,chr20,46120155,46120433,,NCOA3,Enhancer,Silenced,Disease,chondrosarcoma,MONDO:0005172,DOID:3369,Articular cartilage,UBERON:0002418,SW1353,CVCL_0543,chondrosarcoma cell,CL:0000138,Enhancer activity assay, TF binding assay, Functional perturbation assay,,Luciferase Reporter Assay, EMSA, RT-RT-qPCR, Western blot, siRNA-mediated gene knockdown
2014,24512546,FOXA1 promotes tumor cell proliferation through AR involving the Notch pathway in endometrial cancer,Homo sapiens,hg19,chr8,128753000,128754000,AR,MYC,Enhancer,Active,Disease,endometrial adenocarcinoma,MONDO:0005047,DOID:2870,Endometrium,UBERON:0001295,MFE-296,CVCL_1406,endometrial adenocarcinoma cell,CL:0000069,Enhancer activity assay,ChIP-seq,Luciferase Reporter Assay, RT-RT-qPCR
2010,20453196,8q24 prostate, breast, and colon cancer risk loci show tissue-specific long-range interaction with MYC,Homo sapiens,hg19,chr8,128173203,128174158,P300,MYC,Enhancer,Active,Disease,prostate cancer,MONDO:0008315,DOID:10283,Prostate,UBERON:0002367,LNCaP,CVCL_0395,prostate carcinoma cell,CL:0000066,Enhancer activity assay, Chromatin interaction assay, TF binding assay,,ChIP-RT-qPCR, 3C
2025,39853740,Mechanisms of enhancer-driven oncogene activation in human cancers,Homo sapiens,hg38,chr8,128805000,128807000,,MYC,Enhancer,Active,Disease,colorectal carcinoma,MONDO:0005132,DOID:9256,Colon,UBERON:0001155,COLO 320DM cells,CVCL_0219,colorectal carcinoma cell,CL:0000066,Enhancer activity assay, Functional perturbation assay,Hi-C, ChIP-seq, RNA-seq,Luciferase reporter assay, CRISPRi
2023,37373188,STAT3-Mediated Promoter-Enhancer Interaction Up-Regulates Inhibitor of DNA Binding 1 (ID1) to Promote Colon Cancer Progression,Homo sapiens,hg38,chr20,31595392,31597085,STAT3,ID1,Enhancer,Active,Disease,colorectal carcinoma,MONDO:0005132,DOID:9256,Colon,UBERON:0001155,HCT116,CVCL_0291,colorectal carcinoma cell,CL:0000066,Enhancer activity assay, TF binding assay, Chromatin interaction assay, Functional perturbation assay,ChIP-seq, RNA-seq, GRO-seq,Luciferase Reporter Assay, ChIP-RT-qPCR, CRISPR Knockout, qRT-PCR, Western blot, 3C Assay
2024,39107271,DKK1-SE recruits AP1 to activate the target gene DKK1 thereby promoting pancreatic cancer progression,Homo sapiens,hg38,chr10,52430000,52490000,JUND; FOSL2,DKK1,Enhancer,Active,Disease,pancreatic ductal adenocarcinoma,MONDO:0005147,DOID:3490,Pancreas,UBERON:0001264,PANC-1,CVCL_0480,pancreatic ductal adenocarcinoma cell,CL:0000066,Enhancer activity assay, TF binding assay, Chromatin interaction assay, Functional perturbation assay,ChIP-seq, Hi-C, ATAC-seq, RNA-seq, DNase-seq,Luciferase Reporter Assay, CRISPR Knockout, CRISPRi, ChIP-RT-qPCR, RT-RT-qPCR, Western blot, DNA pull-down assay
2024,39107271,DKK1-SE recruits AP1 to activate the target gene DKK1 thereby promoting pancreatic cancer progression,Homo sapiens,hg38,chr10,52430000,52490000,JUND; FOSL2,DKK1,Enhancer,Active,Disease,pancreatic ductal adenocarcinoma,MONDO:0005147,DOID:3490,Pancreas,UBERON:0001264,HPAC,CVCL_1492,pancreatic ductal adenocarcinoma cell,CL:0000066,Enhancer activity assay, TF binding assay, Chromatin interaction assay, Functional perturbation assay,ChIP-seq, Hi-C, ATAC-seq, RNA-seq, DNase-seq,Luciferase Reporter Assay, CRISPR Knockout, CRISPRi, ChIP-RT-qPCR, RT-RT-qPCR, Western blot, DNA pull-down assay
2024,39107271,DKK1-SE recruits AP1 to activate the target gene DKK1 thereby promoting pancreatic cancer progression,Homo sapiens,hg38,chr10,52430000,52490000,JUND; FOSL2,DKK1,Enhancer,Active,Disease,pancreatic ductal adenocarcinoma,MONDO:0005147,DOID:3490,Pancreas,UBERON:0001264,AsPC-1,CVCL_0152,pancreatic ductal adenocarcinoma cell,CL:0000066,Enhancer activity assay, TF binding assay, Chromatin interaction assay, Functional perturbation assay,ChIP-seq, Hi-C, ATAC-seq, RNA-seq, DNase-seq,Luciferase Reporter Assay, CRISPR Knockout, CRISPRi, ChIP-RT-qPCR, RT-RT-qPCR, Western blot, DNA pull-down assay
2019,31775028,Global Analysis of Enhancer Targets Reveals Convergent Enhancer-Driven Regulatory Modules,Homo sapiens,hg38,chr6,135323137,135323537,,MYB,Enhancer,Active,Disease,chronic myeloid leukemia,MONDO:0011998,DOID:8552,Blood,UBERON:0000178,K562,CVCL_0004,chronic myeloid leukemia cell,CL:0001054,Enhancer activity assay, Functional perturbation assay, Chromatin interaction assay,scRNA-seq, RNA-seq, Hi-C, ChIP-seq, ATAC-seq,CRISPRi, RT-RT-qPCR
2023,36803948,eRNA profiling uncovers the enhancer landscape of oesophageal adenocarcinoma and reveals new deregulated pathways,Homo sapiens,hg38,chr17,41792666,41793322,KLF5,JUP,Enhancer,Active,Disease,esophageal adenocarcinoma,MONDO:0004973,DOID:0050861,Esophagus,UBERON:0001043,OE19,CVCL_1302,esophageal adenocarcinoma cell,CL:0000069,Enhancer activity assay, TF binding assay, Chromatin interaction assay, Functional perturbation assay,ATAC-seq, RNA-seq, ChIP-seq, Hi-C,Luciferase Reporter Assay, CRISPR knockout/CRISPRi, RT-RT-qPCR, Western blot
2023,36803948,eRNA profiling uncovers the enhancer landscape of oesophageal adenocarcinoma and reveals new deregulated pathways,Homo sapiens,hg38,chr17,41792666,41793322,KLF5,JUP,Enhancer,Active,Disease,esophageal adenocarcinoma,MONDO:0004973,DOID:0050861,Esophagus,UBERON:0001043,CP-A,CVCL_6920,esophageal adenocarcinoma cell,CL:0000069,Enhancer activity assay, TF binding assay, Chromatin interaction assay, Functional perturbation assay,ATAC-seq, RNA-seq, ChIP-seq, Hi-C,Luciferase Reporter Assay, CRISPR knockout/CRISPRi, RT-RT-qPCR, Western blot
2023,36803948,eRNA profiling uncovers the enhancer landscape of oesophageal adenocarcinoma and reveals new deregulated pathways,Homo sapiens,hg38,chr17,41792666,41793322,KLF5,GRB7,Enhancer,Active,Disease,esophageal adenocarcinoma,MONDO:0004973,DOID:0050861,Esophagus,UBERON:0001043,OE19,CVCL_1302,esophageal adenocarcinoma cell,CL:0000069,Enhancer activity assay, TF binding assay, Chromatin interaction assay, Functional perturbation assay,ATAC-seq, RNA-seq, ChIP-seq, Hi-C,Luciferase Reporter Assay, CRISPR knockout/CRISPRi, RT-RT-qPCR, Western blot
2023,36803948,eRNA profiling uncovers the enhancer landscape of oesophageal adenocarcinoma and reveals new deregulated pathways,Homo sapiens,hg38,chr17,41792666,41793322,KLF5,GRB7,Enhancer,Active,Disease,esophageal adenocarcinoma,MONDO:0004973,DOID:0050861,Esophagus,UBERON:0001043,CP-A,CVCL_6920,esophageal adenocarcinoma cell,CL:0000069,Enhancer activity assay, TF binding assay, Chromatin interaction assay, Functional perturbation assay,ATAC-seq, RNA-seq, ChIP-seq, Hi-C,Luciferase Reporter Assay, CRISPR knockout/CRISPRi, RT-RT-qPCR, Western blot
2022,34571027,An enhancer-driven stem cell-like program mediated by SOX9 blocks intestinal differentiation in colorectal cancer,Homo sapiens,hg38,chr17,79804321,79805871,SOX9,SOX9,Enhancer,Active,Disease,colorectal carcinoma,MONDO:0005132,DOID:9256,Colon,UBERON:0001155,HT29,CVCL_0320,colorectal carcinoma cell,CL:0000066,Enhancer activity assay, Functional perturbation assay,ChIP-seq, ATAC-seq, RNA-seq,Luciferase Reporter Assay, CRISPRi, RT-RT-qPCR
2021,34819668,ecDNA hubs drive cooperative intermolecular oncogene expression,Homo sapiens,hg38,chr8,128804981,128806980,,MYC,Enhancer,Active,Disease,colorectal carcinoma,MONDO:0005132,DOID:9256,Colon,UBERON:0001155,COLO320-DM,CVCL_0219,colorectal carcinoma cell,CL:0000066,Enhancer activity assay, Functional perturbation assay,ATAC-seq, ChIP-seq, Hi-C,CRISPRi, Luciferase Reporter Assay, FISH, RT-RT-qPCR
2020,32958950,Transcription imparts architecture, function and logic to enhancer units,Homo sapiens,hg38,chr8,128747000,128748000,,MYC,Enhancer,Active,Disease,chronic myeloid leukemia,MONDO:0011998,DOID:8552,Blood,UBERON:0000178,K562,CVCL_0004,chronic myeloid leukemia cell,CL:0001054,Enhancer activity assay, Functional perturbation assay,ChIP-seq, ATAC-seq, RNA-seq,Luciferase Reporter Assay, CRISPR Knockout, RT-RT-qPCR
2025,40830415,Systematic decoding of functional enhancer connectomes and risk variants in human glioma,Homo sapiens,hg38,chr20,63680288,63681605,MEIS1,SOX18,Enhancer,Active,Disease,glioblastoma,MONDO:0005142,DOID:3070,Brain,UBERON:0000955,U251 cells,CVCL_0021,glioblastoma cell,CL:0000127,Enhancer activity assay, TF binding assay, Chromatin interaction assay, Functional perturbation assay,ChIP-seq, RNA-seq, Hi-C,Luciferase reporter assay, ChIP-RT-qPCR, CRISPR knockout, CRISPRi, RT-RT-qPCR
2025,40830415,Systematic decoding of functional enhancer connectomes and risk variants in human glioma,Homo sapiens,hg38,chr20,63680288,63681605,MEIS1,SOX18,Enhancer,Active,Disease,glioblastoma,MONDO:0005142,DOID:3070,Brain,UBERON:0000955,LN229 cells,CVCL_0393,glioblastoma cell,CL:0000127,Enhancer activity assay, TF binding assay, Chromatin interaction assay, Functional perturbation assay,ChIP-seq, RNA-seq, Hi-C,Luciferase reporter assay, ChIP-RT-qPCR, CRISPR knockout, CRISPRi, RT-RT-qPCR
2025,40830415,Systematic decoding of functional enhancer connectomes and risk variants in human glioma,Homo sapiens,hg38,chr20,63680288,63681605,MEIS1,SOX18,Enhancer,Active,Disease,glioblastoma,MONDO:0005142,DOID:3070,Brain,UBERON:0000955,U87 cells,CVCL_0022,glioblastoma cell,CL:0000127,Enhancer activity assay, TF binding assay, Chromatin interaction assay, Functional perturbation assay,ChIP-seq, RNA-seq, Hi-C,Luciferase reporter assay, ChIP-RT-qPCR, CRISPR knockout, CRISPRi, RT-RT-qPCR
2025,40133308,Identification of a SNAI1 enhancer RNA that drives cancer cell plasticity,Homo sapiens,hg38,chr20,50027744,50030383,SMAD3,SNAI1,Enhancer,Active,Disease,breast carcinoma,MONDO:0006120,DOID:1612,Breast,UBERON:0000310,MDA-MB-231,CVCL_0062,breast carcinoma cell,CL:0000646,Enhancer activity assay, TF binding assay, Chromatin interaction assay, Functional perturbation assay,RNA-seq, 4C-seq, ChIP-seq, 3C-seq,Luciferase Reporter Assay, CRISPR Knockout, CRISPRa, CRISPRi, ChIP-RT-qPCR, RT-RT-qPCR, Western blot
2025,40133308,Identification of a SNAI1 enhancer RNA that drives cancer cell plasticity,Homo sapiens,hg38,chr20,50027744,50030383,SMAD3,SNAI1,Enhancer,Active,Disease,lung adenocarcinoma,MONDO:0005032,DOID:3905,Lung,UBERON:0002048,A549,CVCL_0023,lung adenocarcinoma cell,CL:0001069,Enhancer activity assay, TF binding assay, Chromatin interaction assay, Functional perturbation assay,RNA-seq, 4C-seq, ChIP-seq, 3C-seq,Luciferase Reporter Assay, CRISPR Knockout, CRISPRa, CRISPRi, ChIP-RT-qPCR, RT-RT-qPCR, Western blot
2024,38849954,An oncogenic enhancer promotes melanoma progression via regulating ETV4 expression,Homo sapiens,hg38,chr17,59785798,59787315,STAT3,ETV4,Enhancer,Active,Disease,skin melanoma,MONDO:0005105,DOID:1909,Skin,UBERON:0000014,A375,CVCL_0132,melanoma cell,CL:0002573,Enhancer activity assay, TF binding assay, Chromatin interaction assay, Functional perturbation assay,ChIP-seq, RNA-seq, Hi-C,Luciferase Reporter Assay, CRISPR Knockout, qRT-PCR, Western blot
2023,37641131,SMC3 epigenetic silencing regulates Rab27a expression and drives pancreatic cancer progression,Homo sapiens,hg38,chr15,54022001,54022500,,RAB27A,Enhancer,Active,Disease,pancreatic ductal adenocarcinoma,MONDO:0005147,DOID:3490,Pancreas,UBERON:0001264,MIA PaCa-2,CVCL_0428,pancreatic ductal adenocarcinoma cell,CL:0000066,Enhancer activity assay, TF binding assay, Chromatin interaction assay, Functional perturbation assay,Hi-C, ChIP-seq, RNA-seq,Luciferase Reporter Assay, ChIP-RT-qPCR, CRISPR Knockout, qRT-PCR, Western blot
2025,41129262,The hematopoietic stem cell MYB enhancer is essential for and recurrently amplified during T cell leukemogenesis,Homo sapiens,hg38,chr7,27200782,27261018,ETS1,MYB,Enhancer,Active,Disease,acute monocytic leukemia,MONDO:0005025,DOID:0080147,Bone marrow,UBERON:0002371,THP-6,CVCL_3507,acute monocytic leukemia cell,CL:0000576,Enhancer activity assay, TF binding assay, Functional perturbation assay, Chromatin interaction assay,ChIP-seq, ATAC-seq, Hi-C, RNA-seq,Luciferase Reporter Assay, CRISPR Knockout, CRISPRi, ChIP-RT-qPCR, qRT-PCR, Western blot
2024,39316719,Focal deletions of a promoter tether activate the IRX3 oncogene in T-cell acute lymphoblastic leukemia,Homo sapiens,hg38,chr21,43745000,43747000,,TFF1,Enhancer,Active,Disease,breast carcinoma,MONDO:0006120,DOID:1612,Breast,UBERON:0000310,MCF7,CVCL_0031,breast carcinoma cell,CL:0000646,Enhancer activity assay, Functional perturbation assay, TF binding assay, Chromatin interaction assay,ChIP-seq, GRO-seq, Hi-C, ChIA-PET, RNA-seq,CRISPR Knockout, RT-RT-qPCR, 4C-seq, ChIP-RT-qPCR
2025,40082405,Enhancer transcription profiling reveals an enhancer RNA-driven ferroptosis and new therapeutic opportunities in prostate cancer,Homo sapiens,hg38,chr3,46453226,46459225,HNRNPF; AR,LTF,Enhancer,Active,Disease,prostate cancer,MONDO:0008315,DOID:10283,Prostate,UBERON:0002367,LNCaP,CVCL_0395,prostate carcinoma cell,CL:0000066,Functional perturbation assay, Enhancer activity assay, Chromatin interaction assay, TF binding assay,ATAC-seq, RNA-seq, ChIP-seq, 3C-seq,Luciferase Reporter Assay, ChIP-RT-qPCR, RT-RT-qPCR, Western blot, FISH
2025,40082405,Enhancer transcription profiling reveals an enhancer RNA-driven ferroptosis and new therapeutic opportunities in prostate cancer,Homo sapiens,hg38,chr3,46453226,46459225,HNRNPF; AR,LTF,Enhancer,Active,Disease,prostate cancer,MONDO:0008315,DOID:10283,Prostate,UBERON:0002367,22Rv1,CVCL_1045,prostate carcinoma cell,CL:0000066,Functional perturbation assay, Enhancer activity assay, Chromatin interaction assay, TF binding assay,ATAC-seq, RNA-seq, ChIP-seq, 3C-seq,Luciferase Reporter Assay, ChIP-RT-qPCR, RT-RT-qPCR, Western blot, FISH
2022,35676472,The renal lineage factor PAX8 controls oncogenic signalling in kidney cancer,Homo sapiens,hg38,chr11,69419632,69420080,PAX8,CCND1,Enhancer,Active,Disease,renal cell carcinoma,MONDO:0005086,DOID:4450,Kidney,UBERON:0002113,786-O,CVCL_1051,kidney cancer cell,CL:0001066,Enhancer activity assay, Functional perturbation assay,ChIP-seq, ATAC-seq, RNA-seq,CRISPRi, Luciferase Reporter Assay, ChIP-RT-qPCR
2019,31775028,Global Analysis of Enhancer Targets Reveals Convergent Enhancer-Driven Regulatory Modules,Homo sapiens,hg38,chr6,135321297,135321697,,MYB,Enhancer,Active,Disease,chronic myeloid leukemia,MONDO:0011998,DOID:8552,Blood,UBERON:0000178,K562,CVCL_0004,chronic myeloid leukemia cell,CL:0001054,Enhancer activity assay, Functional perturbation assay,scRNA-seq, RNA-seq, Hi-C, ChIP-seq,CRISPRi, RT-RT-qPCR
2023,37749132,Genome-wide enhancer-gene regulatory maps link causal variants to target genes underlying human cancer risk,Homo sapiens,hg38,chr20,48682144,48683144,ZEB1,PREX1,Enhancer,Active,Disease,colorectal carcinoma,MONDO:0005132,DOID:9256,Colon,UBERON:0001155,SW480,CVCL_0546,colorectal carcinoma cell,CL:0000066,Enhancer activity assay, Functional perturbation assay,ATAC-seq, ChIP-seq,Luciferase Reporter Assay, CRISPR Knockout
2023,37756562,Super Enhancer-Regulated LncRNA LINC01089 Induces Alternative Splicing of DIAPH3 to Drive Hepatocellular Carcinoma Metastasis,Homo sapiens,hg38,chr12,121799763,121803094,E2F1,LINC01089,Enhancer,Active,Disease,hepatocellular carcinoma,MONDO:0007256,DOID:684,Liver,UBERON:0002107,SK-Hep-1,CVCL_0525,hepatocellular carcinoma cell,CL:0000182,Enhancer activity assay, TF binding assay, Functional perturbation assay,ChIP-seq, ATAC-seq, RNA-seq,Luciferase Reporter Assay, CRISPR Knockout, CRISPRi, ChIP-RT-qPCR, RT-RT-qPCR
2023,37756562,Super Enhancer-Regulated LncRNA LINC01089 Induces Alternative Splicing of DIAPH3 to Drive Hepatocellular Carcinoma Metastasis,Homo sapiens,hg38,chr12,121799763,121803094,E2F1,LINC01089,Enhancer,Active,Disease,hepatocellular carcinoma,MONDO:0007256,DOID:684,Liver,UBERON:0002107,HepG2,CVCL_0027,hepatocellular carcinoma cell,CL:0000182,Enhancer activity assay, TF binding assay, Functional perturbation assay,ChIP-seq, ATAC-seq, RNA-seq,Luciferase Reporter Assay, CRISPR Knockout, CRISPRi, ChIP-RT-qPCR, RT-RT-qPCR
2023,37756562,Super Enhancer-Regulated LncRNA LINC01089 Induces Alternative Splicing of DIAPH3 to Drive Hepatocellular Carcinoma Metastasis,Homo sapiens,hg38,chr12,121799763,121803094,E2F1,LINC01089,Enhancer,Active,Disease,hepatocellular carcinoma,MONDO:0007256,DOID:684,Liver,UBERON:0002107,Huh7,CVCL_0336,hepatocellular carcinoma cell,CL:0000182,Enhancer activity assay, TF binding assay, Functional perturbation assay,ChIP-seq, ATAC-seq, RNA-seq,Luciferase Reporter Assay, CRISPR Knockout, CRISPRi, ChIP-RT-qPCR, RT-RT-qPCR
2023,37756562,Super Enhancer-Regulated LncRNA LINC01089 Induces Alternative Splicing of DIAPH3 to Drive Hepatocellular Carcinoma Metastasis,Homo sapiens,hg38,chr12,121799763,121803094,E2F1,LINC01089,Enhancer,Active,Disease,hepatocellular carcinoma,MONDO:0007256,DOID:684,Liver,UBERON:0002107,SNU387,CVCL_0250,hepatocellular carcinoma cell,CL:0000182,Enhancer activity assay, TF binding assay, Functional perturbation assay,ChIP-seq, ATAC-seq, RNA-seq,Luciferase Reporter Assay, CRISPR Knockout, CRISPRi, ChIP-RT-qPCR, RT-RT-qPCR
2023,37756562,Super enhancer-regulated lncRNA LINC01089 induces alternative splicing of DIAPH3 to drive hepatocellular carcinoma metastasis,Homo sapiens,hg38,chr12,121803095,121805690,,LINC01089,Enhancer,Active,Disease,hepatocellular carcinoma,MONDO:0007256,DOID:684,Liver,UBERON:0002107,SK-Hep-1,CVCL_0525,hepatocellular carcinoma cell,CL:0000182,Enhancer activity assay, Functional perturbation assay,ChIP-seq, ATAC-seq, RNA-seq,Luciferase Reporter Assay, CRISPR Knockout, CRISPRi, RT-RT-qPCR
2023,37756562,Super enhancer-regulated lncRNA LINC01089 induces alternative splicing of DIAPH3 to drive hepatocellular carcinoma metastasis,Homo sapiens,hg38,chr12,121803095,121805690,,LINC01089,Enhancer,Active,Disease,hepatocellular carcinoma,MONDO:0007256,DOID:684,Liver,UBERON:0002107,HepG2,CVCL_0027,hepatocellular carcinoma cell,CL:0000182,Enhancer activity assay, Functional perturbation assay,ChIP-seq, ATAC-seq, RNA-seq,Luciferase Reporter Assay, CRISPR Knockout, CRISPRi, RT-RT-qPCR
2023,37756562,Super enhancer-regulated lncRNA LINC01089 induces alternative splicing of DIAPH3 to drive hepatocellular carcinoma metastasis,Homo sapiens,hg38,chr12,121803095,121805690,,LINC01089,Enhancer,Active,Disease,hepatocellular carcinoma,MONDO:0007256,DOID:684,Liver,UBERON:0002107,Huh7,CVCL_0336,hepatocellular carcinoma cell,CL:0000182,Enhancer activity assay, Functional perturbation assay,ChIP-seq, ATAC-seq, RNA-seq,Luciferase Reporter Assay, CRISPR Knockout, CRISPRi, RT-RT-qPCR
2023,37756562,Super enhancer-regulated lncRNA LINC01089 induces alternative splicing of DIAPH3 to drive hepatocellular carcinoma metastasis,Homo sapiens,hg38,chr12,121803095,121805690,,LINC01089,Enhancer,Active,Disease,hepatocellular carcinoma,MONDO:0007256,DOID:684,Liver,UBERON:0002107,SNU387,CVCL_0250,hepatocellular carcinoma cell,CL:0000182,Enhancer activity assay, Functional perturbation assay,ChIP-seq, ATAC-seq, RNA-seq,Luciferase Reporter Assay, CRISPR Knockout, CRISPRi, RT-RT-qPCR
2025,40758996,Integrated Omics and Multicohort Analyses Identify an Enhancer Variant Linking Ferroptosis to Precision Therapy in Prostate Cancer,Homo sapiens,hg38,chr10,46073046,46074046,ZNF384,NCOA4,Enhancer,Active,Disease,prostate cancer,MONDO:0008315,DOID:10283,Prostate,UBERON:0002367,LNCaP cells,CVCL_0395,prostate carcinoma cell,CL:0000066,Enhancer activity assay, TF binding assay, Chromatin interaction assay, Functional perturbation assay,ATAC-seq, RNA-seq, Hi-C,Luciferase reporter assay, ChIP-RT-qPCR, 3C-RT-qPCR, CRISPR knockout, CRISPRi, RT-RT-qPCR
2025,40758996,Integrated Omics and Multicohort Analyses Identify an Enhancer Variant Linking Ferroptosis to Precision Therapy in Prostate Cancer,Homo sapiens,hg38,chr10,46073046,46074046,ZNF384,NCOA4,Enhancer,Active,Disease,prostate cancer,MONDO:0008315,DOID:10283,Prostate,UBERON:0002367,C4-2 cells,CVCL_4784,prostate carcinoma cell,CL:0000066,Enhancer activity assay, TF binding assay, Chromatin interaction assay, Functional perturbation assay,ATAC-seq, RNA-seq, Hi-C,Luciferase reporter assay, ChIP-RT-qPCR, 3C-RT-qPCR, CRISPR knockout, CRISPRi, RT-RT-qPCR
2025,40758996,Integrated Omics and Multicohort Analyses Identify an Enhancer Variant Linking Ferroptosis to Precision Therapy in Prostate Cancer,Homo sapiens,hg38,chr10,46073046,46074046,ZNF384,NCOA4,Enhancer,Active,Disease,prostate cancer,MONDO:0008315,DOID:10283,Prostate,UBERON:0002367,DU145 cells,CVCL_0105,prostate carcinoma cell,CL:0000066,Enhancer activity assay, TF binding assay, Chromatin interaction assay, Functional perturbation assay,ATAC-seq, RNA-seq, Hi-C,Luciferase reporter assay, ChIP-RT-qPCR, 3C-RT-qPCR, CRISPR knockout, CRISPRi, RT-RT-qPCR
2025,41139207,MAPK3 Modulates Enhancer-Promoter Interactions of SKAP2 in Acute Myeloid Leukemia,Homo sapiens,hg38,chr17,41245000,41246000,CTCF,SKAP2,Enhancer,Active,Disease,acute myeloid leukemia,MONDO:0018874,DOID:9119,Bone marrow,UBERON:0002371,KASUMI-1 cells,CVCL_0589,acute myeloid leukemia cell,CL:0001054,Enhancer activity assay, Chromatin interaction assay, Functional perturbation assay, TF binding assay,ChIP-seq, RNA-seq,CRISPR knockout, 3C-RT-qPCR, ChIP-RT-qPCR, RT-RT-qPCR, Western blot
2025,41139207,MAPK3 Modulates Enhancer-Promoter Interactions of SKAP2 in Acute Myeloid Leukemia,Homo sapiens,hg38,chr17,41245000,41246000,CTCF,SKAP2,Enhancer,Active,Disease,acute myeloid leukemia,MONDO:0018874,DOID:9119,Bone marrow,UBERON:0002371,KG1a cells,CVCL_1824,acute myeloid leukemia cell,CL:0001054,Enhancer activity assay, Chromatin interaction assay, Functional perturbation assay, TF binding assay,ChIP-seq, RNA-seq,CRISPR knockout, 3C-RT-qPCR, ChIP-RT-qPCR, RT-RT-qPCR, Western blot
2025,41139207,MAPK3 Modulates Enhancer-Promoter Interactions of SKAP2 in Acute Myeloid Leukemia,Homo sapiens,hg38,chr17,41245000,41246000,CTCF,SKAP2,Enhancer,Active,Disease,acute myeloid leukemia,MONDO:0018874,DOID:9119,Bone marrow,UBERON:0002371,HL-60 cells,CVCL_0002,acute myeloid leukemia cell,CL:0001054,Enhancer activity assay, Chromatin interaction assay, Functional perturbation assay, TF binding assay,ChIP-seq, RNA-seq,CRISPR knockout, 3C-RT-qPCR, ChIP-RT-qPCR, RT-RT-qPCR, Western blot
2025,41139207,MAPK3 Modulates Enhancer-Promoter Interactions of SKAP2 in Acute Myeloid Leukemia,Homo sapiens,hg38,chr17,41245000,41246000,CTCF,SKAP2,Enhancer,Active,Disease,acute myeloid leukemia,MONDO:0018874,DOID:9119,Bone marrow,UBERON:0002371,NB4 cells,CVCL_0005,acute promyelocytic leukemia cell,CL:0001054,Enhancer activity assay, Chromatin interaction assay, Functional perturbation assay, TF binding assay,ChIP-seq, RNA-seq,CRISPR knockout, 3C-RT-qPCR, ChIP-RT-qPCR, RT-RT-qPCR, Western blot
2025,41139207,MAPK3 Modulates Enhancer-Promoter Interactions of SKAP2 in Acute Myeloid Leukemia,Homo sapiens,hg38,chr17,41268000,41269000,CTCF,SKAP2,Enhancer,Active,Disease,acute myeloid leukemia,MONDO:0018874,DOID:9119,Bone marrow,UBERON:0002371,KASUMI-1 cells,CVCL_0589,acute myeloid leukemia cell,CL:0001054,Enhancer activity assay, Chromatin interaction assay, Functional perturbation assay, TF binding assay,ChIP-seq, RNA-seq,CRISPR knockout, 3C-RT-qPCR, ChIP-RT-qPCR, RT-RT-qPCR, Western blot
2025,41139207,MAPK3 Modulates Enhancer-Promoter Interactions of SKAP2 in Acute Myeloid Leukemia,Homo sapiens,hg38,chr17,41268000,41269000,CTCF,SKAP2,Enhancer,Active,Disease,acute myeloid leukemia,MONDO:0018874,DOID:9119,Bone marrow,UBERON:0002371,KG1a cells,CVCL_1824,acute myeloid leukemia cell,CL:0001054,Enhancer activity assay, Chromatin interaction assay, Functional perturbation assay, TF binding assay,ChIP-seq, RNA-seq,CRISPR knockout, 3C-RT-qPCR, ChIP-RT-qPCR, RT-RT-qPCR, Western blot
2025,41139207,MAPK3 Modulates Enhancer-Promoter Interactions of SKAP2 in Acute Myeloid Leukemia,Homo sapiens,hg38,chr17,41268000,41269000,CTCF,SKAP2,Enhancer,Active,Disease,acute myeloid leukemia,MONDO:0018874,DOID:9119,Bone marrow,UBERON:0002371,HL-60 cells,CVCL_0002,acute myeloid leukemia cell,CL:0001054,Enhancer activity assay, Chromatin interaction assay, Functional perturbation assay, TF binding assay,ChIP-seq, RNA-seq,CRISPR knockout, 3C-RT-qPCR, ChIP-RT-qPCR, RT-RT-qPCR, Western blot
2025,41139207,MAPK3 Modulates Enhancer-Promoter Interactions of SKAP2 in Acute Myeloid Leukemia,Homo sapiens,hg38,chr17,41268000,41269000,CTCF,SKAP2,Enhancer,Active,Disease,acute myeloid leukemia,MONDO:0018874,DOID:9119,Bone marrow,UBERON:0002371,NB4 cells,CVCL_0005,acute promyelocytic leukemia cell,CL:0001054,Enhancer activity assay, Chromatin interaction assay, Functional perturbation assay, TF binding assay,ChIP-seq, RNA-seq,CRISPR knockout, 3C-RT-qPCR, ChIP-RT-qPCR, RT-RT-qPCR, Western blot
2021,34362881,Aberrant super-enhancer-driven oncogene ENC1 promotes the radio-resistance of breast carcinoma,Homo sapiens,hg38,chr5,74684243,74687892,TCF4,ENC1,Enhancer,Active,Disease,breast carcinoma,MONDO:0006120,DOID:1612,Breast,UBERON:0000310,MDA-MB-231,CVCL_0062,breast carcinoma cell,CL:0000646,Enhancer activity assay, TF binding assay, Functional perturbation assay,ChIP-seq, RNA-seq,Luciferase Reporter Assay, ChIP-RT-qPCR, CRISPR Knockout, RT-RT-qPCR, Western blot
2021,34362881,Aberrant super-enhancer-driven oncogene ENC1 promotes the radio-resistance of breast carcinoma,Homo sapiens,hg38,chr5,74684243,74687892,TCF4,ENC1,Enhancer,Active,Disease,breast carcinoma,MONDO:0006120,DOID:1612,Breast,UBERON:0000310,Breast cancer cell,,breast carcinoma cell,CL:0000646,Enhancer activity assay, TF binding assay, Functional perturbation assay,ChIP-seq, RNA-seq,Luciferase Reporter Assay, ChIP-RT-qPCR, CRISPR Knockout, RT-RT-qPCR, Western blot
2021,34362881,Aberrant super-enhancer-driven oncogene ENC1 promotes the radio-resistance of breast carcinoma,Homo sapiens,hg38,chr5,74684243,74687892,TCF4,ENC1,Enhancer,Active,Disease,breast carcinoma,MONDO:0006120,DOID:1612,Breast,UBERON:0000310,Breast cancer drug-resistant cell,,breast carcinoma cell,CL:0000646,Enhancer activity assay, TF binding assay, Functional perturbation assay,ChIP-seq, RNA-seq,Luciferase Reporter Assay, ChIP-RT-qPCR, CRISPR Knockout, RT-RT-qPCR, Western blot
2026,41328346,Enhancer-mediated NR2F2 recruitment activates BGN to promote tumor growth and shape tumor microenvironment in papillary thyroid cancer,Homo sapiens,hg38,chr17,48298123,48299123,NR2F2,BGN,Enhancer,Active,Disease,thyroid carcinoma,MONDO:0005075,DOID:3948,Thyroid,UBERON:0002046,Thyroid carcinoma cell,,thyroid carcinoma cell,CL:0000066,Enhancer activity assay, TF binding assay, Chromatin interaction assay, Functional perturbation assay,ChIP-seq, RNA-seq, 3C-seq,Luciferase Reporter Assay, CRISPRi, ChIP-RT-qPCR, RT-RT-qPCR, Western blot
2023,36609474,A distal super-enhancer activates oncogenic ETS2 via recruiting MECOM in inflammatory bowel disease and colorectal cancer,Homo sapiens,hg38,chr21,40149729,40317726,MECOM,ETS2,Enhancer,Active,Disease,colorectal carcinoma,MONDO:0005132,DOID:9256,Colon,UBERON:0001155,SW480,CVCL_0546,colorectal carcinoma cell,CL:0000066,Enhancer activity assay, Chromatin interaction assay, TF binding assay, Functional perturbation assay,ChIP-seq, RNA-seq, Hi-C, CUT&Tag, 5' CAGE,CRISPRi, 3C assay, CUT&Tag-RT-qPCR, RT-RT-qPCR, Western blot
2023,36609474,A distal super-enhancer activates oncogenic ETS2 via recruiting MECOM in inflammatory bowel disease and colorectal cancer,Homo sapiens,hg38,chr21,40149729,40317726,MECOM,ETS2,Enhancer,Active,Disease,colorectal carcinoma,MONDO:0005132,DOID:9256,Colon,UBERON:0001155,HCT116,CVCL_0291,colorectal carcinoma cell,CL:0000066,Enhancer activity assay, Chromatin interaction assay, TF binding assay, Functional perturbation assay,ChIP-seq, RNA-seq, Hi-C, CUT&Tag, 5' CAGE,CRISPRi, 3C assay, CUT&Tag-RT-qPCR, RT-RT-qPCR, Western blot
2024,38720882,Integrated enhancer regulatory network by enhancer-promoter looping in gastric cancer,Homo sapiens,hg38,chr6,135220000,135225000,TCF7,MYB,Enhancer,Active,Disease,gastric adenocarcinoma,MONDO:0005050,DOID:3717,Stomach,UBERON:0000945,MKN45,CVCL_0434,gastric adenocarcinoma cell,CL:0000066,Chromatin interaction assay, Functional perturbation assay, TF binding assay,ChIP-seq, RNA-seq, Hi-C, ATAC-seq, 3C-seq,CRISPRi, 4C-seq, ChIP-RT-qPCR, RT-RT-qPCR, Western blot
2026,41328346,Enhancer-mediated NR2F2 recruitment activates BGN to promote tumor growth and shape tumor microenvironment in papillary thyroid cancer,Homo sapiens,hg38,chrX,153492724,153500546,NR2F2,BGN,Enhancer,Active,Disease,thyroid carcinoma,MONDO:0005075,DOID:3948,Thyroid,UBERON:0002046,Thyroid carcinoma cell,,thyroid carcinoma cell,CL:0000066,Enhancer activity assay, TF binding assay, Chromatin interaction assay, Functional perturbation assay,ChIP-seq, RNA-seq,Luciferase Reporter Assay, ChIP-RT-qPCR, CRISPRi, 3C assay, RT-RT-qPCR, Western blot
2021,34040254,Enhancer release and retargeting activates disease-susceptibility genes,Homo sapiens,hg38,chr21,43745000,43747000,ESR1,TFF1,Enhancer,Active,Disease,breast carcinoma,MONDO:0006120,DOID:1612,Breast,UBERON:0000310,MCF-7,CVCL_0031,breast carcinoma cell,CL:0000646,Enhancer activity assay, Functional perturbation assay, TF binding assay, Chromatin interaction assay,ChIP-seq, GRO-seq, Hi-C, ChIA-PET, RNA-seq,CRISPR Knockout, RT-RT-qPCR, 4C-seq, ChIP-RT-qPCR
2023,37346447,STAT3-Mediated Promoter-Enhancer Interaction Up-Regulates Inhibitor of DNA Binding 1 (ID1) to Promote Colon Cancer Progression,Homo sapiens,hg38,chr20,31595392,31597085,STAT3,ID1,Enhancer,Active,Disease,colorectal carcinoma,MONDO:0005132,DOID:9256,Colon,UBERON:0001155,HCT116,CVCL_0291,colorectal carcinoma cell,CL:0000066,Enhancer functional validation, TF binding assay, Chromatin loop analysis, Functional perturbation assay,ChIP-seq, GRO-seq,CRISPR-Cas9 deletion, Dual-luciferase reporter assay, 3C-RT-qPCR, ChIP-RT-qPCR, RT-RT-qPCR, Western blot, Immunohistochemistry, Colony formation assay, CCK-8 assay, Xenograft tumorigenesis
2023,37346447,STAT3-Mediated Promoter-Enhancer Interaction Up-Regulates Inhibitor of DNA Binding 1 (ID1) to Promote Colon Cancer Progression,Homo sapiens,hg38,chr20,31595392,31597085,STAT3,ID1,Enhancer,Active,Disease,colorectal carcinoma,MONDO:0005132,DOID:9256,Colon,UBERON:0001155,LoVo,CVCL_0399,colorectal carcinoma cell,CL:0000066,Enhancer functional validation, TF binding assay, Chromatin loop analysis, Functional perturbation assay,ChIP-seq, GRO-seq,CRISPR-Cas9 deletion, Dual-luciferase reporter assay, 3C-RT-qPCR, ChIP-RT-qPCR, RT-RT-qPCR, Western blot, Immunohistochemistry, Colony formation assay, CCK-8 assay, Xenograft tumorigenesis
2022,36301402,The Tumor Invasion Paradox in Cancer Stem Cell-Driven Solid Tumors,Homo sapiens,hg38,chr16,46972034,46973080,,KBTBD7,Enhancer,Active,Disease,acute myeloid leukemia,MONDO:0018874,DOID:9119,Bone marrow,UBERON:0002371,Kasumi-1,CVCL_0589,acute myeloid leukemia cell,CL:0001054,Enhancer activity assay, Functional perturbation assay,Hi-C, ATAC-seq, CUT&Tag, RNA-seq,Luciferase Reporter Assay, CRISPRi, RT-RT-qPCR
2021,35575404,Molecular Mechanisms of ARID5B-Mediated Genetic Susceptibility to Acute Lymphoblastic Leukemia,Homo sapiens,hg38,chr10,61960755,61962481,MEF2C,ARID5B,Enhancer,Active,Disease,B-cell acute lymphoblastic leukemia,MONDO:0004945,DOID:0080545,Blood,UBERON:0000178,Nalm6,CVCL_0092,B lymphoblast,CL:0000945,Enhancer activity assay, TF binding assay, Functional perturbation assay,ChIP-seq, ATAC-seq, RNA-seq,Luciferase Reporter Assay, ChIP-RT-qPCR, CRISPR Knockout, CRISPRi, RT-RT-qPCR, Western blot
2024,38636893,CDK5RAP3 is a novel super-enhancer-driven gene activated by master TFs and regulates ER-Phagy in neuroblastoma,Homo sapiens,hg38,chr17,47970000,47975000,MEIS2; HAND2,CDK5RAP3,Enhancer,Active,Disease,neuroblastoma,MONDO:0005070,DOID:769,Adrenal gland,UBERON:0002369,SK-N-BE(2),CVCL_0528,neuroblastoma cell,CL:0000031,Enhancer activity assay, TF binding assay, Chromatin interaction assay, Functional perturbation assay,ChIP-seq, Hi-C, CUT&Tag, RNA-seq,Luciferase Reporter Assay, 3C-RT-qPCR, CUT&RUN-RT-qPCR, CRISPRi, RT-RT-qPCR, Western blot
2024,38636893,CDK5RAP3 is a novel super-enhancer-driven gene activated by master TFs and regulates ER-Phagy in neuroblastoma,Homo sapiens,hg38,chr17,47940000,48020000,MEIS2; HAND2,CDK5RAP3,Enhancer,Active,Disease,neuroblastoma,MONDO:0005070,DOID:769,Adrenal gland,UBERON:0002369,SK-N-BE(2),CVCL_0528,neuroblastoma cell,CL:0000031,Enhancer activity assay, TF binding assay, Chromatin interaction assay, Functional perturbation assay,ChIP-seq, Hi-C, CUT&Tag, RNA-seq,Luciferase Reporter Assay, 3C-RT-qPCR, CUT&RUN-RT-qPCR, CRISPRi, RT-RT-qPCR, Western blot
2024,39107271,DKK1-SE recruits AP1 to activate the target gene DKK1 thereby promoting pancreatic cancer progression,Homo sapiens,hg38,chr10,52442551,52444237,JUND; FOSL2,DKK1,Enhancer,Active,Disease,pancreatic ductal adenocarcinoma,MONDO:0005147,DOID:3490,Pancreas,UBERON:0001264,PANC-1,CVCL_0480,pancreatic ductal adenocarcinoma cell,CL:0000066,Enhancer activity assay, TF binding assay, Functional perturbation assay,ChIP-seq, ATAC-seq, RNA-seq, DNase-seq,Luciferase Reporter Assay, CRISPRi, CRISPR Knockout, ChIP-RT-qPCR, RT-RT-qPCR, Western blot, DNA pull-down assay
2024,39107271,DKK1-SE recruits AP1 to activate the target gene DKK1 thereby promoting pancreatic cancer progression,Homo sapiens,hg38,chr10,52442551,52444237,JUND; FOSL2,DKK1,Enhancer,Active,Disease,pancreatic ductal adenocarcinoma,MONDO:0005147,DOID:3490,Pancreas,UBERON:0001264,HPAC,CVCL_1492,pancreatic ductal adenocarcinoma cell,CL:0000066,Enhancer activity assay, TF binding assay, Functional perturbation assay,ChIP-seq, ATAC-seq, RNA-seq, DNase-seq,Luciferase Reporter Assay, CRISPRi, CRISPR Knockout, ChIP-RT-qPCR, RT-RT-qPCR, Western blot, DNA pull-down assay
2024,39107271,DKK1-SE recruits AP1 to activate the target gene DKK1 thereby promoting pancreatic cancer progression,Homo sapiens,hg38,chr10,52442551,52444237,JUND; FOSL2,DKK1,Enhancer,Active,Disease,pancreatic ductal adenocarcinoma,MONDO:0005147,DOID:3490,Pancreas,UBERON:0001264,AsPC-1,CVCL_0152,pancreatic ductal adenocarcinoma cell,CL:0000066,Enhancer activity assay, TF binding assay, Functional perturbation assay,ChIP-seq, ATAC-seq, RNA-seq, DNase-seq,Luciferase Reporter Assay, CRISPRi, CRISPR Knockout, ChIP-RT-qPCR, RT-RT-qPCR, Western blot, DNA pull-down assay
2024,39107271,DKK1-SE recruits AP1 to activate the target gene DKK1 thereby promoting pancreatic cancer progression,Homo sapiens,hg38,chr10,52485607,52487433,,DKK1,Enhancer,Active,Disease,pancreatic ductal adenocarcinoma,MONDO:0005147,DOID:3490,Pancreas,UBERON:0001264,PANC-1,CVCL_0480,pancreatic ductal adenocarcinoma cell,CL:0000066,Enhancer activity assay, Functional perturbation assay,ChIP-seq, ATAC-seq, RNA-seq,Luciferase Reporter Assay, CRISPRi, RT-RT-qPCR
2024,39107271,DKK1-SE recruits AP1 to activate the target gene DKK1 thereby promoting pancreatic cancer progression,Homo sapiens,hg38,chr10,52485607,52487433,,DKK1,Enhancer,Active,Disease,pancreatic ductal adenocarcinoma,MONDO:0005147,DOID:3490,Pancreas,UBERON:0001264,HPAC,CVCL_1492,pancreatic ductal adenocarcinoma cell,CL:0000066,Enhancer activity assay, Functional perturbation assay,ChIP-seq, ATAC-seq, RNA-seq,Luciferase Reporter Assay, CRISPRi, RT-RT-qPCR
2020,31770110,A stress-responsive enhancer induces dynamic drug resistance in acute myeloid leukemia,Homo sapiens,hg38,chr7,87574094,87575396,,ABCB1,Enhancer,Active,Disease,acute myeloid leukemia,MONDO:0018874,DOID:9119,Bone Marrow,UBERON:0002371,Primary AML blasts,,myeloid leukemia cell,CL:0001054,Functional perturbation assay, TF binding assay, Enhancer activity assay, Chromatin interaction assay,ChIP-seq, RNA-seq, 4C-seq,CRISPRi, ChIP-RT-qPCR, RT-RT-qPCR, Flow Cytometry
2025,40405227,HBV sequence integrated to enhancer acting as oncogenic driver epigenetically promotes hepatocellular carcinoma development,Homo sapiens,hg38,chr13,26191020,26272468,,CDK8,Enhancer,Active,Disease,hepatocellular carcinoma,MONDO:0007256,DOID:684,Liver,UBERON:0002107,Huh7,CVCL_0336,hepatocellular carcinoma cell,CL:0000182,Enhancer activity assay, Functional perturbation assay, TF binding assay,ChIP-seq, RNA-seq,Luciferase Reporter Assay, ChIP-RT-qPCR, CRISPR Knockout, RT-RT-qPCR, Western blot
2023,38086419,Cell type directed design of synthetic enhancers,Homo sapiens,hg38,chr6,396104,396604,SOX10,IRF4,Enhancer,Active,Disease,skin melanoma,MONDO:0005105,DOID:1909,Skin,UBERON:0000014,Human melanoma cell,,melanoma cell,CL:0002573,Enhancer activity assay, TF binding assay, Functional perturbation assay,ChIP-seq, RNA-seq, ATAC-seq,Luciferase Reporter Assay, CRISPRi, CRISPR Knockout, RT-RT-qPCR, ChIP-RT-qPCR
2019,31775028,Global Analysis of Enhancer Targets Reveals Convergent Enhancer-Driven Regulatory Modules,Homo sapiens,hg38,chr5,54325645,54326045,,ARL15,Enhancer,Active,Disease,chronic myeloid leukemia,MONDO:0011998,DOID:8552,Blood,UBERON:0000178,K562,CVCL_0004,chronic myeloid leukemia cell,CL:0001054,Enhancer activity assay, Functional perturbation assay,scRNA-seq, RNA-seq, ATAC-seq, ChIP-seq,CRISPRi, RT-RT-qPCR
2023,36803948,eRNA profiling uncovers the enhancer landscape of oesophageal adenocarcinoma and reveals new deregulated pathways,Homo sapiens,hg38,chr19,29844909,29845562,KLF5,CCNE1,Enhancer,Active,Disease,esophageal adenocarcinoma,MONDO:0004973,DOID:0050861,Esophagus,UBERON:0001043,OE19,CVCL_1302,esophageal adenocarcinoma cell,CL:0000069,Enhancer activity assay, TF binding assay, Functional perturbation assay,ATAC-seq, RNA-seq, ChIP-seq,Luciferase Reporter Assay, CRISPR knockout/CRISPRi, RT-RT-qPCR, Western blot
2023,36803948,eRNA profiling uncovers the enhancer landscape of oesophageal adenocarcinoma and reveals new deregulated pathways,Homo sapiens,hg38,chr19,29844909,29845562,KLF5,CCNE1,Enhancer,Active,Disease,esophageal adenocarcinoma,MONDO:0004973,DOID:0050861,Esophagus,UBERON:0001043,CP-A,CVCL_6920,esophageal adenocarcinoma cell,CL:0000069,Enhancer activity assay, TF binding assay, Functional perturbation assay,ATAC-seq, RNA-seq, ChIP-seq,Luciferase Reporter Assay, CRISPR knockout/CRISPRi, RT-RT-qPCR, Western blot
2022,36159594,A novel oncogenic enhancer of estrogen receptor-positive breast cancer,Homo sapiens,hg38,chr8,127668529,127669329,ESR1,MYC,Enhancer,Active,Disease,breast carcinoma,MONDO:0006120,DOID:1612,Breast,UBERON:0000310,MCF7,CVCL_0031,breast carcinoma cell,CL:0000646,Enhancer activity assay, Functional perturbation assay,ChIP-seq,CRISPR Knockout, Luciferase Reporter Assay
2022,36516256,PAX5 epigenetically orchestrates CD58 transcription and modulates blinatumomab response in acute lymphoblastic leukemia,Homo sapiens,hg38,chr1,116544766,116545360,PAX5,CD58,Enhancer,Active,Disease,B-cell acute lymphoblastic leukemia,MONDO:0004945,DOID:0080545,Blood,UBERON:0000178,Nalm6,CVCL_0092,B lymphoblast,CL:0000945,Enhancer activity assay, TF binding assay, Functional perturbation assay,ChIP-seq, ATAC-seq, RNA-seq,Luciferase Reporter Assay, ChIP-RT-qPCR, CRISPR Knockout, CRISPRi, RT-RT-qPCR
2022,36516256,PAX5 epigenetically orchestrates CD58 transcription and modulates blinatumomab response in acute lymphoblastic leukemia,Homo sapiens,hg38,chr1,116544766,116545360,PAX5,CD58,Enhancer,Active,Disease,B-cell acute lymphoblastic leukemia,MONDO:0004945,DOID:0080545,Blood,UBERON:0000178,697,CVCL_0097,B lymphoblast,CL:0000945,Enhancer activity assay, TF binding assay, Functional perturbation assay,ChIP-seq, ATAC-seq, RNA-seq,Luciferase Reporter Assay, ChIP-RT-qPCR, CRISPR Knockout, CRISPRi, RT-RT-qPCR
2025,41314977,Blocking PCSK9 suppresses hepatocellular carcinoma immune escape by decreasing FLI1-mediated SPP1 and PD-L1 expression,Homo sapiens,hg38,chr4,88008000,88010000,FLI1,SPP1,Enhancer,Active,Disease,hepatocellular carcinoma,MONDO:0007256,DOID:684,Liver,UBERON:0002107,HepG2 cells,CVCL_0027,hepatocellular carcinoma cell,CL:0000182,Enhancer activity assay, TF binding assay, Functional perturbation assay,RNA-seq, ChIP-seq, scRNA-seq,Luciferase reporter assay, CUT&Tag, ChIP-RT-qPCR, CRISPR knockout, RT-RT-qPCR, Western blot
2025,41314977,Blocking PCSK9 suppresses hepatocellular carcinoma immune escape by decreasing FLI1-mediated SPP1 and PD-L1 expression,Homo sapiens,hg38,chr4,88008000,88010000,FLI1,SPP1,Enhancer,Active,Disease,hepatocellular carcinoma,MONDO:0007256,DOID:684,Liver,UBERON:0002107,Huh-7 cells,CVCL_0336,hepatocellular carcinoma cell,CL:0000182,Enhancer activity assay, TF binding assay, Functional perturbation assay,RNA-seq, ChIP-seq, scRNA-seq,Luciferase reporter assay, CUT&Tag, ChIP-RT-qPCR, CRISPR knockout, RT-RT-qPCR, Western blot
2025,41314977,Blocking PCSK9 suppresses hepatocellular carcinoma immune escape by decreasing FLI1-mediated SPP1 and PD-L1 expression,Homo sapiens,hg38,chr4,88008000,88010000,FLI1,SPP1,Enhancer,Active,Disease,hepatocellular carcinoma,MONDO:0007256,DOID:684,Liver,UBERON:0002107,H22 cells,CVCL_0321,hepatocellular carcinoma cell,CL:0000182,Enhancer activity assay, TF binding assay, Functional perturbation assay,RNA-seq, ChIP-seq, scRNA-seq,Luciferase reporter assay, CUT&Tag, ChIP-RT-qPCR, CRISPR knockout, RT-RT-qPCR, Western blot
2025,41314977,Blocking PCSK9 suppresses hepatocellular carcinoma immune escape by decreasing FLI1-mediated SPP1 and PD-L1 expression,Homo sapiens,hg38,chr4,88008000,88010000,FLI1,SPP1,Enhancer,Active,Disease,hepatocellular carcinoma,MONDO:0007256,DOID:684,Liver,UBERON:0002107,Hepa1-6 cells,CVCL_0327,hepatocellular carcinoma cell,CL:0000182,Enhancer activity assay, TF binding assay, Functional perturbation assay,RNA-seq, ChIP-seq, scRNA-seq,Luciferase reporter assay, CUT&Tag, ChIP-RT-qPCR, CRISPR knockout, RT-RT-qPCR, Western blot
2025,41314977,Blocking PCSK9 suppresses hepatocellular carcinoma immune escape by decreasing FLI1-mediated SPP1 and PD-L1 expression,Homo sapiens,hg38,chr9,5450500,5452500,FLI1,CD274,Enhancer,Active,Disease,hepatocellular carcinoma,MONDO:0007256,DOID:684,Liver,UBERON:0002107,HepG2 cells,CVCL_0027,hepatocellular carcinoma cell,CL:0000182,Enhancer activity assay, TF binding assay, Functional perturbation assay,RNA-seq, ChIP-seq, scRNA-seq,Luciferase reporter assay, CUT&Tag, ChIP-RT-qPCR, CRISPR knockout, RT-RT-qPCR, Western blot
2025,41314977,Blocking PCSK9 suppresses hepatocellular carcinoma immune escape by decreasing FLI1-mediated SPP1 and PD-L1 expression,Homo sapiens,hg38,chr9,5450500,5452500,FLI1,CD274,Enhancer,Active,Disease,hepatocellular carcinoma,MONDO:0007256,DOID:684,Liver,UBERON:0002107,Huh-7 cells,CVCL_0336,hepatocellular carcinoma cell,CL:0000182,Enhancer activity assay, TF binding assay, Functional perturbation assay,RNA-seq, ChIP-seq, scRNA-seq,Luciferase reporter assay, CUT&Tag, ChIP-RT-qPCR, CRISPR knockout, RT-RT-qPCR, Western blot
2025,41314977,Blocking PCSK9 suppresses hepatocellular carcinoma immune escape by decreasing FLI1-mediated SPP1 and PD-L1 expression,Homo sapiens,hg38,chr9,5450500,5452500,FLI1,CD274,Enhancer,Active,Disease,hepatocellular carcinoma,MONDO:0007256,DOID:684,Liver,UBERON:0002107,H22 cells,CVCL_0321,hepatocellular carcinoma cell,CL:0000182,Enhancer activity assay, TF binding assay, Functional perturbation assay,RNA-seq, ChIP-seq, scRNA-seq,Luciferase reporter assay, CUT&Tag, ChIP-RT-qPCR, CRISPR knockout, RT-RT-qPCR, Western blot
2025,41314977,Blocking PCSK9 suppresses hepatocellular carcinoma immune escape by decreasing FLI1-mediated SPP1 and PD-L1 expression,Homo sapiens,hg38,chr9,5450500,5452500,FLI1,CD274,Enhancer,Active,Disease,hepatocellular carcinoma,MONDO:0007256,DOID:684,Liver,UBERON:0002107,Hepa1-6 cells,CVCL_0327,hepatocellular carcinoma cell,CL:0000182,Enhancer activity assay, TF binding assay, Functional perturbation assay,RNA-seq, ChIP-seq, scRNA-seq,Luciferase reporter assay, CUT&Tag, ChIP-RT-qPCR, CRISPR knockout, RT-RT-qPCR, Western blot
2022,35676472,The renal lineage factor PAX8 controls oncogenic signalling in kidney cancer,Homo sapiens,hg38,chr11,69419632,69420080,PAX8,CCND1,Enhancer,Active,Disease,osteosarcoma,MONDO:0005087,DOID:3347,Bone,UBERON:0001474,OS-LM1,,osteosarcoma cell,CL:0000062,Enhancer activity assay, TF binding assay, Functional perturbation assay,ChIP-seq, ATAC-seq, RNA-seq,Luciferase Reporter Assay, CRISPRi, ChIP-RT-qPCR, RT-RT-qPCR, EMSA
2020,31753848,A super enhancer controls expression and chromatin architecture within the MHC class II locus,Homo sapiens,hg38,chr6,32553535,32609681,CTCF,HLA-DRB1,Enhancer,Active,Disease,Burkitt lymphoma,MONDO:0002483,DOID:8582,Blood,UBERON:0000178,Human Burkitt lymphoma cell,,Burkitt lymphoma cell,CL:0000945,Enhancer activity assay, Chromatin interaction assay, Functional perturbation assay, TF binding assay,ChIP-seq, RNA-seq, 3C-seq,CRISPR knockout, ChIP-RT-qPCR, RT-RT-qPCR, Flow cytometry
2019,31594934,Transcriptional landscape and clinical utility of enhancer RNAs for eRNA-targeted therapy in cancer,Homo sapiens,hg38,chr10,5419501,5420500,,NET1,Enhancer,Active,Disease,breast carcinoma,MONDO:0006120,DOID:1612,Breast,UBERON:0000310,MCF7 Breast Cancer,CVCL_0031,breast carcinoma cell,CL:0000646,Enhancer activity assay, Chromatin interaction assay, Functional perturbation assay,RNA-seq, ChIP-seq, Hi-C, ChIA-PET, GRO-seq,CRISPR Activation (CRISPRa), LNA-Mediated Knockdown, RT-RT-qPCR, Cell Proliferation Assay
2024,39294132,Multiplex, single-cell CRISPRa screening for cell type specific regulatory elements,Homo sapiens,hg38,chr9,132901234,132902345,,ANXA1,Enhancer,Active,Disease,chronic myeloid leukemia,MONDO:0011998,DOID:8552,Blood,UBERON:0000178,K562,CVCL_0004,chronic myeloid leukemia cell,CL:0001054,Functional perturbation assay, Enhancer activity assay,scRNA-seq, ATAC-seq, ChIP-seq,CRISPR Knockout, CRISPRi, qRT-PCR
2024,39294132,Multiplex, single-cell CRISPRa screening for cell type specific regulatory elements,Homo sapiens,hg38,chr12,10123456,10124567,,ASIC1,Enhancer,Active,Disease,chronic myeloid leukemia,MONDO:0011998,DOID:8552,Blood,UBERON:0000178,K562,CVCL_0004,chronic myeloid leukemia cell,CL:0001054,Functional perturbation assay, Enhancer activity assay,scRNA-seq, ATAC-seq, ChIP-seq,CRISPR Knockout, CRISPRi, qRT-PCR
2026,41634025,Escherichia coli promotes colorectal cancer metastasis by maintaining enhancer-promoter loops through releasing neutrophil extracellular traps,Homo sapiens,hg38,chr2,75000000,75020000,STAT3,TNS1,Enhancer,Active,Disease,colorectal carcinoma,MONDO:0005132,DOID:9256,Colon,UBERON:0001155,MC38,CVCL_B288,mouse colorectal carcinoma cell,CL:0000066,Chromatin interaction assay, TF binding assay, Functional perturbation assay,Hi-C, HiChIP, ChIP-seq, RNA-seq,ChIP-RT-qPCR, CRISPR Knockout, qRT-PCR, Western blot
2023,37641131,SMC3 epigenetic silencing regulates Rab27a expression and drives pancreatic cancer progression,Homo sapiens,hg38,chr15,54023501,54024000,,RAB27A,Enhancer,Active,Disease,pancreatic ductal adenocarcinoma,MONDO:0005147,DOID:3490,Pancreas,UBERON:0001264,MIA PaCa-2,CVCL_0428,pancreatic ductal adenocarcinoma cell,CL:0000066,TF binding assay, Chromatin interaction assay, Functional perturbation assay,Hi-C, ChIP-seq, RNA-seq,ChIP-RT-qPCR, CRISPR Knockout, qRT-PCR, Western blot
2024,39107271,DKK1-SE recruits AP1 to activate the target gene DKK1 thereby promoting pancreatic cancer progression,Homo sapiens,hg38,chr10,52472214,52473981,,DKK1,Enhancer,Silenced,Disease,pancreatic ductal adenocarcinoma,MONDO:0005147,DOID:3490,Pancreas,UBERON:0001264,PANC-1,CVCL_0480,pancreatic ductal adenocarcinoma cell,CL:0000066,Enhancer activity assay,ChIP-seq, ATAC-seq,Luciferase Reporter Assay, CRISPRi
2024,39107271,DKK1-SE recruits AP1 to activate the target gene DKK1 thereby promoting pancreatic cancer progression,Homo sapiens,hg38,chr10,52472214,52473981,,DKK1,Enhancer,Silenced,Disease,pancreatic ductal adenocarcinoma,MONDO:0005147,DOID:3490,Pancreas,UBERON:0001264,HPAC,CVCL_1492,pancreatic ductal adenocarcinoma cell,CL:0000066,Enhancer activity assay,ChIP-seq, ATAC-seq,Luciferase Reporter Assay, CRISPRi
2024,39107271,DKK1-SE recruits AP1 to activate the target gene DKK1 thereby promoting pancreatic cancer progression,Homo sapiens,hg38,chr10,52472214,52473981,,DKK1,Enhancer,Silenced,Disease,pancreatic ductal adenocarcinoma,MONDO:0005147,DOID:3490,Pancreas,UBERON:0001264,AsPC-1,CVCL_0152,pancreatic ductal adenocarcinoma cell,CL:0000066,Enhancer activity assay,ChIP-seq, ATAC-seq,Luciferase Reporter Assay, CRISPRi
2024,39107271,DKK1-SE recruits AP1 to activate the target gene DKK1 thereby promoting pancreatic cancer progression,Homo sapiens,hg38,chr10,52488538,52489405,CTCF,DKK1,Enhancer,Silenced,Disease,pancreatic ductal adenocarcinoma,MONDO:0005147,DOID:3490,Pancreas,UBERON:0001264,PANC-1,CVCL_0480,pancreatic ductal adenocarcinoma cell,CL:0000066,Enhancer activity assay, Insulator activity assay, TF binding assay, Functional perturbation assay,ChIP-seq, ATAC-seq,Luciferase Reporter Assay, CRISPRi, ChIP-RT-qPCR
2024,39107271,DKK1-SE recruits AP1 to activate the target gene DKK1 thereby promoting pancreatic cancer progression,Homo sapiens,hg38,chr10,52488538,52489405,CTCF,DKK1,Enhancer,Silenced,Disease,pancreatic ductal adenocarcinoma,MONDO:0005147,DOID:3490,Pancreas,UBERON:0001264,HPAC,CVCL_1492,pancreatic ductal adenocarcinoma cell,CL:0000066,Enhancer activity assay, Insulator activity assay, TF binding assay, Functional perturbation assay,ChIP-seq, ATAC-seq,Luciferase Reporter Assay, CRISPRi, ChIP-RT-qPCR
2024,39107271,DKK1-SE recruits AP1 to activate the target gene DKK1 thereby promoting pancreatic cancer progression,Homo sapiens,hg38,chr10,52488538,52489405,CTCF,DKK1,Enhancer,Silenced,Disease,pancreatic ductal adenocarcinoma,MONDO:0005147,DOID:3490,Pancreas,UBERON:0001264,AsPC-1,CVCL_0152,pancreatic ductal adenocarcinoma cell,CL:0000066,Enhancer activity assay, Insulator activity assay, TF binding assay, Functional perturbation assay,ChIP-seq, ATAC-seq,Luciferase Reporter Assay, CRISPRi, ChIP-RT-qPCR
2024,39012147,Super-enhancer-driven FOSL1-TCOF1 axis promotes triple-negative breast cancer progression,Homo sapiens,hg38,chr11,65200000,65240000,FOSL1,FOSL1,SE,Active,Disease,breast carcinoma,MONDO:0006120,DOID:1612,Breast,UBERON:0000310,MDA-MB-231,CVCL_0062,breast carcinoma cell,CL:0000646,Enhancer activity assay, TF binding assay, Functional perturbation assay,ChIP-seq, RNA-seq,Luciferase Reporter Assay, ChIP-RT-qPCR, CRISPRi, qRT-PCR, Western blot
2024,39012147,Super-enhancer-driven FOSL1-TCOF1 axis promotes triple-negative breast cancer progression,Homo sapiens,hg38,chr11,65200000,65240000,FOSL1,FOSL1,SE,Active,Disease,breast carcinoma,MONDO:0006120,DOID:1612,Breast,UBERON:0000310,BT549,CVCL_1082,breast carcinoma cell,CL:0000646,Enhancer activity assay, TF binding assay, Functional perturbation assay,ChIP-seq, RNA-seq,Luciferase Reporter Assay, ChIP-RT-qPCR, CRISPRi, qRT-PCR, Western blot
2024,39012147,Super-enhancer-driven FOSL1-TCOF1 axis promotes triple-negative breast cancer progression,Homo sapiens,hg38,chr11,65200000,65240000,FOSL1,FOSL1,SE,Active,Disease,breast carcinoma,MONDO:0006120,DOID:1612,Breast,UBERON:0000310,MDA-MB-468,CVCL_0419,breast carcinoma cell,CL:0000646,Enhancer activity assay, TF binding assay, Functional perturbation assay,ChIP-seq, RNA-seq,Luciferase Reporter Assay, ChIP-RT-qPCR, CRISPRi, qRT-PCR, Western blot
2024,39012147,Super-enhancer-driven FOSL1-TCOF1 axis promotes triple-negative breast cancer progression,Homo sapiens,hg38,chr11,65200000,65240000,FOSL1,FOSL1,SE,Active,Disease,breast carcinoma,MONDO:0006120,DOID:1612,Breast,UBERON:0000310,HCC1806,CVCL_1258,breast carcinoma cell,CL:0000646,Enhancer activity assay, TF binding assay, Functional perturbation assay,ChIP-seq, RNA-seq,Luciferase Reporter Assay, ChIP-RT-qPCR, CRISPRi, qRT-PCR, Western blot
2019,30511964,Targeting FOXA1-mediated repression of TGF-?? signaling suppresses castration-resistant prostate cancer progression,Homo sapiens,hg38,chr14,75664000,75664749,FOXA1,TGFB3,Enhancer,Silenced,Disease,prostate cancer,MONDO:0008315,DOID:10283,Prostate,UBERON:0002367,LNCaP,CVCL_0395,prostate carcinoma cell,CL:0000066,Functional perturbation assay,ChIP-seq, RNA-seq,CRISPR Knockout/CRISPRi, RT-RT-qPCR
2019,31775028,Global Analysis of Enhancer Targets Reveals Convergent Enhancer-Driven Regulatory Modules,Homo sapiens,hg38,chr11,33941648,33942048,,LMO2,Enhancer,Active,Disease,chronic myeloid leukemia,MONDO:0011998,DOID:8552,Blood,UBERON:0000178,K562,CVCL_0004,chronic myeloid leukemia cell,CL:0001054,Enhancer activity assay, Functional perturbation assay,scRNA-seq, RNA-seq, ChIP-seq,CRISPRi, RT-RT-qPCR
2019,31775028,Global Analysis of Enhancer Targets Reveals Convergent Enhancer-Driven Regulatory Modules,Homo sapiens,hg38,chr11,33944788,33945188,,LMO2,Enhancer,Active,Disease,chronic myeloid leukemia,MONDO:0011998,DOID:8552,Blood,UBERON:0000178,K562,CVCL_0004,chronic myeloid leukemia cell,CL:0001054,Enhancer activity assay, Functional perturbation assay,scRNA-seq, RNA-seq, ChIP-seq,CRISPRi, RT-RT-qPCR
2019,31775028,Global Analysis of Enhancer Targets Reveals Convergent Enhancer-Driven Regulatory Modules,Homo sapiens,hg38,chr12,54304291,54304691,,NFE2,Enhancer,Active,Disease,chronic myeloid leukemia,MONDO:0011998,DOID:8552,Blood,UBERON:0000178,K562,CVCL_0004,chronic myeloid leukemia cell,CL:0001054,Enhancer activity assay, Functional perturbation assay,scRNA-seq, RNA-seq, ChIP-seq,CRISPRi, RT-RT-qPCR
2023,37094986,YY1 complex in M2 macrophage promotes prostate cancer progression by upregulating IL-6,Homo sapiens,hg38,chr7,22755717,22757217,YY1,IL6,Enhancer,Active,Disease,prostate cancer,MONDO:0008315,DOID:10283,Tumor microenvironment,UBERON:0002367,M2 macrophage,,macrophage,CL:0000235,Enhancer activity assay, Functional perturbation assay,ChIP-seq, RNA-seq,Luciferase Reporter Assay, CRISPR Knockout, ChIP-RT-qPCR
2023,36095844,EVI1 drives leukemogenesis through aberrant ERG activation,Homo sapiens,hg38,chr21,38376000,38377000,EVI1,ERG,Enhancer,Active,Disease,acute myeloid leukemia,MONDO:0018874,DOID:9119,Bone Marrow,UBERON:0002371,Acute Myeloid Leukemia Cells,,myeloid leukemia cell,CL:0001054,Functional validation, TF binding,ChIP-seq, ATAC-seq, RNA-seq,CRISPR KO, shRNA KD, RT-RT-qPCR, Western blot, Transgenic reporter assay
2023,36095844,EVI1 drives leukemogenesis through aberrant ERG activation,Homo sapiens,hg38,chr21,38376000,38377000,EVI1,ERG,Enhancer,Active,Disease,acute myeloid leukemia,MONDO:0018874,DOID:9119,Bone Marrow,UBERON:0002371,HNT-34,CVCL_1295,myeloid leukemia cell,CL:0001054,Functional validation, TF binding,ChIP-seq, ATAC-seq, RNA-seq,CRISPR KO, shRNA KD, RT-RT-qPCR, Western blot, Transgenic reporter assay
2020,32679107,IL6 STAT3 signaling hijacks ER enhancers to drive breast cancer metastasis,Homo sapiens,hg38,chr19,45409200,45410200,STAT3,BCL3,Enhancer,Active,Disease,breast carcinoma,MONDO:0006120,DOID:1612,Breast,UBERON:0000310,MCF7,CVCL_0031,breast carcinoma cell,CL:0000646,Functional perturbation assay,ChIP-seq, RNA-seq,CRISPR Knockout
2025,40164603,Enhancer RNA transcription pinpoints functional genetic variants linked to asthma,Homo sapiens,hg38,chr12,56075734,56076734,NR3C1,GCNT1,Enhancer,Active,Disease,lung adenocarcinoma,MONDO:0005032,DOID:3905,Lung,UBERON:0002048,BEAS-2B cells,CVCL_0168,bronchial epithelial cell,CL:0002591,Enhancer activity assay, TF binding assay, Functional perturbation assay, Chromatin interaction assay,GRO-seq, Micro-C, ChIP-seq,Luciferase reporter assay, CRISPR knockout, CRISPRi, RT-RT-qPCR
2025,40222483,HDAC4 Super-Enhancer Drives CEBPB-Mediated TWIST2 Transcription to Promote Chemoresistance in LUAD,Homo sapiens,hg38,chr2,239200000,239250000,CEBPB,TWIST2,Enhancer,Active,Disease,lung adenocarcinoma,MONDO:0005032,DOID:3905,Lung,UBERON:0002048,SPC-A1/DTX cells,CVCL_0285,lung adenocarcinoma cell,CL:0001069,Enhancer activity assay, TF binding assay, Functional perturbation assay,ChIP-seq, RNA-seq,CRISPR knockout, Luciferase reporter assay, ChIP-RT-qPCR, RT-RT-qPCR, Western blot
2025,40222483,HDAC4 Super-Enhancer Drives CEBPB-Mediated TWIST2 Transcription to Promote Chemoresistance in LUAD,Homo sapiens,hg38,chr2,239200000,239250000,CEBPB,TWIST2,Enhancer,Active,Disease,non-small cell lung carcinoma,MONDO:0005233,DOID:3908,Lung,UBERON:0002048,H1299/DTX cells,CVCL_0060,non-small cell lung carcinoma cell,CL:0000066,Enhancer activity assay, TF binding assay, Functional perturbation assay,ChIP-seq, RNA-seq,CRISPR knockout, Luciferase reporter assay, ChIP-RT-qPCR, RT-RT-qPCR, Western blot
2024,38720882,Integrated enhancer regulatory network by enhancer-promoter looping in gastric cancer,Homo sapiens,hg38,chr6,135581000,135583000,TCF7,MYB,Enhancer,Active,Disease,gastric adenocarcinoma,MONDO:0005050,DOID:3717,Stomach,UBERON:0000945,MKN45,CVCL_0434,gastric adenocarcinoma cell,CL:0000066,Enhancer activity assay, Functional perturbation assay, Chromatin interaction assay,HiChIP, ChIP-seq, RNA-seq, ATAC-seq,CRISPR Knockout/CRISPRi, RT-RT-qPCR, ChIP-RT-qPCR
2020,31753848,A super enhancer controls expression and chromatin architecture within the MHC class II locus,Homo sapiens,hg38,chr6,32543534,32553534,CIITA,HLA-DRB1,Enhancer,Active,Disease,,,,Lymphoid tissue,UBERON:0001745,Not available,,,,Functional perturbation assay, Chromatin interaction assay, Enhancer activity assay,ChIP-seq, RNA-seq,CRISPR Knockout, ChIP-RT-qPCR, RT-RT-qPCR, 3C, Flow Cytometry
2020,31753848,A super enhancer controls expression and chromatin architecture within the MHC class II locus,Homo sapiens,hg38,chr6,32570000,32573500,CIITA; CTCF,HLA-DRB1,Enhancer,Active,Disease,,,,Lymphoid tissue,UBERON:0001745,Not available,,,,Functional perturbation assay, Chromatin interaction assay, Enhancer activity assay,ChIP-seq, RNA-seq,CRISPR Knockout, ChIP-RT-qPCR, RT-RT-qPCR, 3C, Flow Cytometry
2025,39796169,Defining Mechanistic Links Between the Non-Coding Variant rs17673553 in CLEC16A and Lupus Susceptibility,Homo sapiens,hg38,chr16,11075000,11075280,CTCF; STAT3; GATA3,CLEC16A,Enhancer,Active,Disease,Burkitt lymphoma,MONDO:0002483,DOID:8582,Lymph node,UBERON:0000029,Namalwa (B-lymphocyte),CVCL_0128,Burkitt lymphoma cell,CL:0000945,Enhancer activity assay, TF binding assay, Functional perturbation assay,ChIP-seq, RNA-seq, Luciferase Reporter Assay,CRISPR Knockout, siRNA Knockdown, RT-RT-qPCR, CRISPRa (dCas9-VPR, dCas9-TET1), CRISPRi (dCas9-DNMT3A, dCas9-MeCP2), Western blot
2024,38504114,Multicenter integrated analysis of noncoding CRISPRi screens,Homo sapiens,hg38,chrX,48641136,48641797,,GATA1,Enhancer,Active,Disease,chronic myeloid leukemia,MONDO:0011998,DOID:8552,Blood,UBERON:0000178,K562,CVCL_0004,chronic myeloid leukemia cell,CL:0001054,Functional perturbation assay, Enhancer activity assay,CRISPRi screening, RNA-seq, ATAC-seq, ChIP-seq,FlowFISH, HCR-FlowFISH
2024,38504114,Multicenter integrated analysis of noncoding CRISPRi screens,Homo sapiens,hg38,chrX,48658755,48659455,,GATA1,Enhancer,Active,Disease,chronic myeloid leukemia,MONDO:0011998,DOID:8552,Blood,UBERON:0000178,K562,CVCL_0004,chronic myeloid leukemia cell,CL:0001054,Functional perturbation assay, Enhancer activity assay,CRISPRi screening, RNA-seq, ATAC-seq, ChIP-seq,FlowFISH, HCR-FlowFISH
2024,38504114,Multicenter integrated analysis of noncoding CRISPRi screens,Homo sapiens,hg38,chr11,61815000,61817000,,FADS2,Enhancer,Active,Disease,chronic myeloid leukemia,MONDO:0011998,DOID:8552,Blood,UBERON:0000178,K562,CVCL_0004,chronic myeloid leukemia cell,CL:0001054,Functional perturbation assay, Enhancer activity assay,CRISPRi screening, RNA-seq, ATAC-seq, ChIP-seq,HCR-FlowFISH
2024,38504114,Multicenter integrated analysis of noncoding CRISPRi screens,Homo sapiens,hg38,chr11,61820000,61822000,,FADS2,Enhancer,Active,Disease,chronic myeloid leukemia,MONDO:0011998,DOID:8552,Blood,UBERON:0000178,K562,CVCL_0004,chronic myeloid leukemia cell,CL:0001054,Functional perturbation assay, Enhancer activity assay,CRISPRi screening, RNA-seq, ATAC-seq, ChIP-seq,HCR-FlowFISH
2024,38965263,TWEAK/Fn14 signalling driven superenhancer reprogramming promotes pro-metastatic metabolic rewiring in triple-negative breast cancer,Homo sapiens,hg38,chr7,108960000,108961000,MAFG,NAMPT,Enhancer,Active,Disease,breast carcinoma,MONDO:0006120,DOID:1612,Breast,UBERON:0000310,MDA-MB-231,CVCL_0062,breast carcinoma cell,CL:0000646,Enhancer activity assay, TF binding assay, Chromatin interaction assay, Functional perturbation assay,ChIP-seq, ATAC-seq, RNA-seq, HiChIP,CRISPR Knockout, ChIP-RT-qPCR, qRT-PCR, Western blot
2025,39799319,Mir-483-5p-mediated activating of IGF2/H19 enhancer up-regulates IGF2/H19 expression via chromatin loops to promote the malignant progression of hepatocellular carcinoma,Homo sapiens,hg38,chr11,1985000,2005000,,IGF2,Enhancer,Active,Disease,hepatocellular carcinoma,MONDO:0007256,DOID:684,Liver,UBERON:0002107,Huh-7,CVCL_0336,hepatocellular carcinoma cell,CL:0000182,Enhancer activity assay, TF binding assay, Chromatin interaction assay, Functional perturbation assay,ChIP-seq, RNA-seq,Luciferase Reporter Assay, 3C-RT-qPCR, ChIP-RT-qPCR, qRT-PCR, Western blot
2025,40611281,LNP-enclosed NamiRNA inhibits pancreatic cancer proliferation and migration via dual pathways,Homo sapiens,hg38,chr12,6933000,6941000,,PTPN6,Enhancer,Active,Disease,pancreatic ductal adenocarcinoma,MONDO:0005147,DOID:3490,Pancreas,UBERON:0001264,MIA PaCa-2,CVCL_0428,pancreatic ductal adenocarcinoma cell,CL:0000066,Enhancer activity assay, Functional perturbation assay, TF binding assay,ChIP-seq, RNA-seq,Luciferase Reporter Assay, CRISPR Knockout, ChIP-RT-qPCR, qRT-PCR, Western blot
2022,35039581,Targeting of non-coding RNAs encoded by novel MYC enhancers inhibits the proliferation of human hepatic carcinoma cells in vitro,Homo sapiens,hg38,chr8,128556059,128557653,,MYC,Enhancer,Active,Disease,hepatocellular carcinoma,MONDO:0007256,DOID:684,Liver,UBERON:0002107,HepG2,CVCL_0027,hepatocellular carcinoma cell,CL:0000182,Enhancer activity assay, Functional perturbation assay,ChIP-seq, GRO-seq,Luciferase Reporter Assay, CRISPR Knockout, qRT-PCR
2023,37932451,CRISPR-Cas9-based functional interrogation of unconventional translatome reveals human cancer dependency on cryptic non-canonical open reading frames,Homo sapiens,hg38,chr6,36679000,36688000,,CDKN1A,Enhancer,Silenced,Disease,colorectal carcinoma,MONDO:0005132,DOID:9256,Colon,UBERON:0001155,HCT-116,CVCL_0291,colorectal carcinoma cell,CL:0000066,Enhancer activity assay, TF binding assay, Functional perturbation assay,ChIP-seq, RNA-seq,ChIP-RT-qPCR, qRT-PCR, CRISPR Knockout, Western blot
2023,37932451,CRISPR-Cas9-based functional interrogation of unconventional translatome reveals human cancer dependency on cryptic non-canonical open reading frames,Homo sapiens,hg38,chr9,22004000,22010000,,CDKN2B,Enhancer,Silenced,Disease,colorectal carcinoma,MONDO:0005132,DOID:9256,Colon,UBERON:0001155,HCT-116,CVCL_0291,colorectal carcinoma cell,CL:0000066,Enhancer activity assay, TF binding assay, Functional perturbation assay,ChIP-seq, RNA-seq,ChIP-RT-qPCR, qRT-PCR, CRISPR Knockout, Western blot
2024,39316719,Focal deletions of a promoter tether activate the IRX3 oncogene in T-cell acute lymphoblastic leukemia,Homo sapiens,hg38,chr8,127750000,127752000,,MYC,Enhancer,Active,Disease,breast carcinoma,MONDO:0006120,DOID:1612,Breast,UBERON:0000310,MCF7,CVCL_0031,breast carcinoma cell,CL:0000646,Enhancer activity assay, Functional perturbation assay, Chromatin interaction assay,Hi-C, ChIA-PET, GRO-seq, RNA-seq,CRISPRi, RT-RT-qPCR
2023,36350827,ETV6 Deficiency Unlocks ERG-Dependent Microsatellite Enhancers to Drive Aberrant Gene Activation in B-Lymphoblastic Leukemia,Homo sapiens,hg38,chr1,150509075,150512075,ERG,TNS1,Enhancer,Active,Disease,acute myeloid leukemia,MONDO:0018874,DOID:9119,Blood,UBERON:0000178,UoCB6,,umbilical cord blood hematopoietic cell,CL:0001029,Enhancer activity assay, TF binding assay, Functional perturbation assay,ChIP-seq, RNA-seq, ATAC-seq,CRISPRi, RT-RT-qPCR, Western blot
2023,36350827,ETV6 Deficiency Unlocks ERG-Dependent Microsatellite Enhancers to Drive Aberrant Gene Activation in B-Lymphoblastic Leukemia,Homo sapiens,hg38,chr1,150509075,150512075,ERG,TNS1,Enhancer,Active,Disease,acute myeloid leukemia,MONDO:0018874,DOID:9119,Blood,UBERON:0000178,Human AML cell,,myeloid leukemia cell,CL:0001054,Enhancer activity assay, TF binding assay, Functional perturbation assay,ChIP-seq, RNA-seq, ATAC-seq,CRISPRi, RT-RT-qPCR, Western blot
2023,36350827,ETV6 Deficiency Unlocks ERG-Dependent Microsatellite Enhancers to Drive Aberrant Gene Activation in B-Lymphoblastic Leukemia,Homo sapiens,hg38,chr1,9081898,9084898,ERG,KCNN1,Enhancer,Active,Disease,acute myeloid leukemia,MONDO:0018874,DOID:9119,Blood,UBERON:0000178,UoCB6,,umbilical cord blood hematopoietic cell,CL:0001029,Enhancer activity assay, TF binding assay, Functional perturbation assay,ChIP-seq, RNA-seq, ATAC-seq,CRISPRi, RT-RT-qPCR, Western blot
2023,36350827,ETV6 Deficiency Unlocks ERG-Dependent Microsatellite Enhancers to Drive Aberrant Gene Activation in B-Lymphoblastic Leukemia,Homo sapiens,hg38,chr1,9081898,9084898,ERG,KCNN1,Enhancer,Active,Disease,acute myeloid leukemia,MONDO:0018874,DOID:9119,Blood,UBERON:0000178,Human AML cell,,myeloid leukemia cell,CL:0001054,Enhancer activity assay, TF binding assay, Functional perturbation assay,ChIP-seq, RNA-seq, ATAC-seq,CRISPRi, RT-RT-qPCR, Western blot
2023,36350827,ETV6 Deficiency Unlocks ERG-Dependent Microsatellite Enhancers to Drive Aberrant Gene Activation in B-Lymphoblastic Leukemia,Homo sapiens,hg38,chr12,94191892,94194892,ERG,EPOR,Enhancer,Active,Disease,acute myeloid leukemia,MONDO:0018874,DOID:9119,Blood,UBERON:0000178,UoCB6,,umbilical cord blood hematopoietic cell,CL:0001029,Enhancer activity assay, TF binding assay, Functional perturbation assay,ChIP-seq, RNA-seq, ATAC-seq,CRISPRi, CRISPR Knockout, RT-RT-qPCR, Western blot
2023,36350827,ETV6 Deficiency Unlocks ERG-Dependent Microsatellite Enhancers to Drive Aberrant Gene Activation in B-Lymphoblastic Leukemia,Homo sapiens,hg38,chr12,94191892,94194892,ERG,EPOR,Enhancer,Active,Disease,acute myeloid leukemia,MONDO:0018874,DOID:9119,Blood,UBERON:0000178,Human AML cell,,myeloid leukemia cell,CL:0001054,Enhancer activity assay, TF binding assay, Functional perturbation assay,ChIP-seq, RNA-seq, ATAC-seq,CRISPRi, CRISPR Knockout, RT-RT-qPCR, Western blot
2023,36350827,ETV6 Deficiency Unlocks ERG-Dependent Microsatellite Enhancers to Drive Aberrant Gene Activation in B-Lymphoblastic Leukemia,Homo sapiens,hg38,chr12,99975069,99978069,ERG,WBP1L,Enhancer,Active,Disease,acute myeloid leukemia,MONDO:0018874,DOID:9119,Blood,UBERON:0000178,UoCB6,,umbilical cord blood hematopoietic cell,CL:0001029,Enhancer activity assay, TF binding assay, Functional perturbation assay,ChIP-seq, RNA-seq, ATAC-seq,CRISPRi, RT-RT-qPCR, Western blot
2023,36350827,ETV6 Deficiency Unlocks ERG-Dependent Microsatellite Enhancers to Drive Aberrant Gene Activation in B-Lymphoblastic Leukemia,Homo sapiens,hg38,chr12,99975069,99978069,ERG,WBP1L,Enhancer,Active,Disease,acute myeloid leukemia,MONDO:0018874,DOID:9119,Blood,UBERON:0000178,Human AML cell,,myeloid leukemia cell,CL:0001054,Enhancer activity assay, TF binding assay, Functional perturbation assay,ChIP-seq, RNA-seq, ATAC-seq,CRISPRi, RT-RT-qPCR, Western blot
2023,36350827,ETV6 Deficiency Unlocks ERG-Dependent Microsatellite Enhancers to Drive Aberrant Gene Activation in B-Lymphoblastic Leukemia,Homo sapiens,hg38,chr14,52051517,52054517,ERG,MIB1,Enhancer,Active,Disease,acute myeloid leukemia,MONDO:0018874,DOID:9119,Blood,UBERON:0000178,UoCB6,,umbilical cord blood hematopoietic cell,CL:0001029,Enhancer activity assay, TF binding assay, Functional perturbation assay,ChIP-seq, RNA-seq, ATAC-seq,CRISPRi, RT-RT-qPCR, Western blot
2023,36350827,ETV6 Deficiency Unlocks ERG-Dependent Microsatellite Enhancers to Drive Aberrant Gene Activation in B-Lymphoblastic Leukemia,Homo sapiens,hg38,chr14,52051517,52054517,ERG,MIB1,Enhancer,Active,Disease,acute myeloid leukemia,MONDO:0018874,DOID:9119,Blood,UBERON:0000178,Human AML cell,,myeloid leukemia cell,CL:0001054,Enhancer activity assay, TF binding assay, Functional perturbation assay,ChIP-seq, RNA-seq, ATAC-seq,CRISPRi, RT-RT-qPCR, Western blot
2023,36350827,ETV6 Deficiency Unlocks ERG-Dependent Microsatellite Enhancers to Drive Aberrant Gene Activation in B-Lymphoblastic Leukemia,Homo sapiens,hg38,chr6,136564545,136567545,ERG,PIK3C3,Enhancer,Active,Disease,acute myeloid leukemia,MONDO:0018874,DOID:9119,Blood,UBERON:0000178,UoCB6,,umbilical cord blood hematopoietic cell,CL:0001029,Enhancer activity assay, TF binding assay, Functional perturbation assay,ChIP-seq, RNA-seq, ATAC-seq,CRISPRi, RT-RT-qPCR, Western blot
2023,36350827,ETV6 Deficiency Unlocks ERG-Dependent Microsatellite Enhancers to Drive Aberrant Gene Activation in B-Lymphoblastic Leukemia,Homo sapiens,hg38,chr6,136564545,136567545,ERG,PIK3C3,Enhancer,Active,Disease,acute myeloid leukemia,MONDO:0018874,DOID:9119,Blood,UBERON:0000178,Human AML cell,,myeloid leukemia cell,CL:0001054,Enhancer activity assay, TF binding assay, Functional perturbation assay,ChIP-seq, RNA-seq, ATAC-seq,CRISPRi, RT-RT-qPCR, Western blot
2021,35122059,TNF-??-producing macrophages determine subtype identity and prognosis via AP1 enhancer reprogramming in pancreatic cancer,Homo sapiens,hg38,chr1,58751000,58752500,CJUN,CJUN,Enhancer,Active,Disease,pancreatic ductal adenocarcinoma,MONDO:0005147,DOID:3490,Pancreas,UBERON:0001264,PANC-1,CVCL_0480,pancreatic ductal adenocarcinoma cell,CL:0000066,TF binding assay, Functional perturbation assay,ChIP-seq, ATAC-seq, RNA-seq, i4C-seq,ChIP-RT-qPCR, siRNA Knockdown, JQ1 Inhibition Assay, RT-RT-qPCR, Western blot
2021,35122059,TNF-??-producing macrophages determine subtype identity and prognosis via AP1 enhancer reprogramming in pancreatic cancer,Homo sapiens,hg38,chr1,58751000,58752500,CJUN,CJUN,Enhancer,Active,Disease,pancreatic ductal adenocarcinoma,MONDO:0005147,DOID:3490,Pancreas,UBERON:0001264,AsPC-1,CVCL_0152,pancreatic ductal adenocarcinoma cell,CL:0000066,TF binding assay, Functional perturbation assay,ChIP-seq, ATAC-seq, RNA-seq, i4C-seq,ChIP-RT-qPCR, siRNA Knockdown, JQ1 Inhibition Assay, RT-RT-qPCR, Western blot
2021,35122059,TNF-??-producing macrophages determine subtype identity and prognosis via AP1 enhancer reprogramming in pancreatic cancer,Homo sapiens,hg38,chr1,58751000,58752500,CJUN,CJUN,Enhancer,Active,Disease,pancreatic ductal adenocarcinoma,MONDO:0005147,DOID:3490,Pancreas,UBERON:0001264,primary PDAC cells,,pancreatic ductal adenocarcinoma cell,CL:0000066,TF binding assay, Functional perturbation assay,ChIP-seq, ATAC-seq, RNA-seq, i4C-seq,ChIP-RT-qPCR, siRNA Knockdown, JQ1 Inhibition Assay, RT-RT-qPCR, Western blot
2021,35122059,TNF-??-producing macrophages determine subtype identity and prognosis via AP1 enhancer reprogramming in pancreatic cancer,Homo sapiens,hg38,chr10,17275000,17276500,CJUN,VIM,Enhancer,Active,Disease,pancreatic ductal adenocarcinoma,MONDO:0005147,DOID:3490,Pancreas,UBERON:0001264,AsPC-1,CVCL_0152,pancreatic ductal adenocarcinoma cell,CL:0000066,Enhancer activity assay, TF binding assay, Functional perturbation assay,ChIP-seq, ATAC-seq, RNA-seq,Luciferase Reporter Assay, ChIP-RT-qPCR, cJUN Overexpression Assay, RT-RT-qPCR, Western blot
2021,35122059,TNF-??-producing macrophages determine subtype identity and prognosis via AP1 enhancer reprogramming in pancreatic cancer,Homo sapiens,hg38,chr10,17275000,17276500,CJUN,VIM,Enhancer,Active,Disease,pancreatic ductal adenocarcinoma,MONDO:0005147,DOID:3490,Pancreas,UBERON:0001264,primary PDAC cells,,pancreatic ductal adenocarcinoma cell,CL:0000066,Enhancer activity assay, TF binding assay, Functional perturbation assay,ChIP-seq, ATAC-seq, RNA-seq,Luciferase Reporter Assay, ChIP-RT-qPCR, cJUN Overexpression Assay, RT-RT-qPCR, Western blot
2025,40781158,ALDH1A3 promotes aggressive basal-like pancreatic cancer through an AP-1/RUNX2 enhancer network,Homo sapiens,hg38,chr6,45296454,45506241,,RUNX2,Enhancer,Active,Disease,pancreatic ductal adenocarcinoma,MONDO:0005147,DOID:3490,Pancreas,UBERON:0001264,PANC-1,CVCL_0480,pancreatic ductal adenocarcinoma cell,CL:0000066,Enhancer activity assay, Functional perturbation assay, TF binding assay,ATAC-seq, CUT&Tag, RNA-seq,Luciferase Reporter Assay, CRISPR Knockout, RT-RT-qPCR, Western blot, CCK-8 Assay
2025,40781158,ALDH1A3 promotes aggressive basal-like pancreatic cancer through an AP-1/RUNX2 enhancer network,Homo sapiens,hg38,chr6,45296454,45506241,,RUNX2,Enhancer,Active,Disease,pancreatic ductal adenocarcinoma,MONDO:0005147,DOID:3490,Pancreas,UBERON:0001264,Pancreatic adenocarcinoma cell,,pancreatic ductal adenocarcinoma cell,CL:0000066,Enhancer activity assay, Functional perturbation assay, TF binding assay,ATAC-seq, CUT&Tag, RNA-seq,Luciferase Reporter Assay, CRISPR Knockout, RT-RT-qPCR, Western blot, CCK-8 Assay
2024,38453563,KMT2C and KMT2D aberrations in breast cancer,Homo sapiens,hg38,chr7,128740000,128741500,,TFF1,Enhancer,Active,Disease,breast carcinoma,MONDO:0006120,DOID:1612,Breast,UBERON:0000310,MCF7 cells,CVCL_0031,breast carcinoma cell,CL:0000646,Enhancer activity assay,ChIP-seq, RNA-seq,Luciferase Reporter Assay, ChIP-RT-qPCR
2022,36301402,The Tumor Invasion Paradox in Cancer Stem Cell-Driven Solid Tumors,Homo sapiens,hg38,chr18,70411815,70460159,,RTTN,Enhancer,Silenced,Disease,acute myeloid leukemia,MONDO:0018874,DOID:9119,Bone marrow,UBERON:0002371,Kasumi-1,CVCL_0589,acute myeloid leukemia cell,CL:0001054,Chromatin interaction assay, Functional perturbation assay,Hi-C, 4C-seq, CUT&Tag, RNA-seq,CRISPR Knockout, DNA FISH, RT-RT-qPCR
2024,38636893,CDK5RAP3 is a novel super-enhancer-driven gene activated by master TFs and regulates ER-Phagy in neuroblastoma,Homo sapiens,hg38,chr17,47950000,47955000,MEIS2; HAND2,CDK5RAP3,Enhancer,Active,Disease,neuroblastoma,MONDO:0005070,DOID:769,Adrenal gland,UBERON:0002369,SK-N-BE(2),CVCL_0528,neuroblastoma cell,CL:0000031,Enhancer activity assay, TF binding assay, Chromatin interaction assay,ChIP-seq, Hi-C, CUT&Tag, RNA-seq,Luciferase Reporter Assay, 3C-RT-qPCR, CUT&RUN-RT-qPCR, RT-RT-qPCR, Western blot
2024,38636893,CDK5RAP3 is a novel super-enhancer-driven gene activated by master TFs and regulates ER-Phagy in neuroblastoma,Homo sapiens,hg38,chr17,47985000,47990000,MEIS2; HAND2,CDK5RAP3,Enhancer,Active,Disease,neuroblastoma,MONDO:0005070,DOID:769,Adrenal gland,UBERON:0002369,SK-N-BE(2),CVCL_0528,neuroblastoma cell,CL:0000031,Enhancer activity assay, TF binding assay, Chromatin interaction assay,ChIP-seq, Hi-C, CUT&Tag, RNA-seq,Luciferase Reporter Assay, 3C-RT-qPCR, CUT&RUN-RT-qPCR, RT-RT-qPCR, Western blot
2020,32933554,Cancer-specific CTCF binding facilitates oncogenic transcriptional dysregulation,Homo sapiens,hg38,chr1,158000000,158500000,CTCF,CD1A,Enhancer,Active,Disease,T-cell acute lymphoblastic leukemia,MONDO:0004947,DOID:0050890,Blood,UBERON:0000178,Jurkat,CVCL_0065,T lymphoblast,CL:0002419,Enhancer activity assay, Chromatin interaction assay, TF binding assay, Functional perturbation assay,ChIP-seq, Hi-C, ATAC-seq, RNA-seq,ChIP-RT-qPCR, qRT-PCR, Western blot
2021,34092790,Genome-wide detection of enhancer-hijacking events from chromatin interaction data in rearranged genomes,Homo sapiens,hg38,chr14,37278706,37279509,,ETV1,Enhancer,Active,Disease,prostate cancer,MONDO:0008315,DOID:10283,Prostate,UBERON:0002367,LNCaP,CVCL_0395,prostate carcinoma cell,CL:0000066,Functional perturbation assay, Chromatin interaction assay,Hi-C, DNase-seq, RNA-seq,CRISPR Knockout, qRT-PCR
2021,34092790,Genome-wide detection of enhancer-hijacking events from chromatin interaction data in rearranged genomes,Homo sapiens,hg38,chr14,37246515,37246652,,ETV1,Enhancer,Active,Disease,prostate cancer,MONDO:0008315,DOID:10283,Prostate,UBERON:0002367,LNCaP,CVCL_0395,prostate carcinoma cell,CL:0000066,Functional perturbation assay, Chromatin interaction assay,Hi-C, DNase-seq, RNA-seq,CRISPR Knockout, qRT-PCR
2023,38049665,Noncoding mutations cause super-enhancer retargeting resulting in protein synthesis dysregulation during B cell lymphoma progression,Homo sapiens,hg38,chr9,36980000,37150820,,PAX5,SE,Active,Disease,diffuse large B-cell lymphoma,MONDO:0005042,DOID:0050746,Lymph node,UBERON:0000029,SUDHL10,CVCL_1744,diffuse large B-cell lymphoma cell,CL:0000945,Chromatin interaction assay, Functional perturbation assay,ChIP-seq, RNA-seq, Hi-C, 4C-seq,CRISPR Knockout, qRT-PCR, FISH
2024,39271656,Exploring the transcriptional cooperation between RUNX2 and its associated elncRNA RAIN,Homo sapiens,hg38,chr10,3773382,3787964,RUNX2,KLF6,Enhancer,Active,Disease,thyroid carcinoma,MONDO:0005075,DOID:3948,Thyroid,UBERON:0002046,TPC1,CVCL_6298,thyroid carcinoma cell,CL:0000066,Enhancer activity assay, Chromatin interaction assay, Functional perturbation assay,ChIRP-seq, RNA-seq, ChIP-seq,CRISPRi, RT-RT-qPCR, RIP assay, Western blot
2024,39271656,Exploring the transcriptional cooperation between RUNX2 and its associated elncRNA RAIN,Homo sapiens,hg38,chr10,3773382,3787964,RUNX2,KLF6,Enhancer,Active,Disease,thyroid carcinoma,MONDO:0005075,DOID:3948,Thyroid,UBERON:0002046,MDA-T41,CVCL_UC55,thyroid carcinoma cell,CL:0000066,Enhancer activity assay, Chromatin interaction assay, Functional perturbation assay,ChIRP-seq, RNA-seq, ChIP-seq,CRISPRi, RT-RT-qPCR, RIP assay, Western blot
2024,39107271,DKK1-SE recruits AP1 to activate the target gene DKK1 thereby promoting pancreatic cancer progression,Homo sapiens,hg38,chr10,52443227,52444237,JUND; FOSL2,DKK1,Enhancer,Active,Disease,pancreatic ductal adenocarcinoma,MONDO:0005147,DOID:3490,Pancreas,UBERON:0001264,PANC-1,CVCL_0480,pancreatic ductal adenocarcinoma cell,CL:0000066,Enhancer activity assay, TF binding assay,ChIP-seq, ATAC-seq, RNA-seq,Luciferase Reporter Assay, ChIP-RT-qPCR, RT-RT-qPCR, DNA pull-down assay
2024,39107271,DKK1-SE recruits AP1 to activate the target gene DKK1 thereby promoting pancreatic cancer progression,Homo sapiens,hg38,chr10,52443227,52444237,JUND; FOSL2,DKK1,Enhancer,Active,Disease,pancreatic ductal adenocarcinoma,MONDO:0005147,DOID:3490,Pancreas,UBERON:0001264,HPAC,CVCL_1492,pancreatic ductal adenocarcinoma cell,CL:0000066,Enhancer activity assay, TF binding assay,ChIP-seq, ATAC-seq, RNA-seq,Luciferase Reporter Assay, ChIP-RT-qPCR, RT-RT-qPCR, DNA pull-down assay
2024,39107271,DKK1-SE recruits AP1 to activate the target gene DKK1 thereby promoting pancreatic cancer progression,Homo sapiens,hg38,chr10,52443227,52444237,JUND; FOSL2,DKK1,Enhancer,Active,Disease,pancreatic ductal adenocarcinoma,MONDO:0005147,DOID:3490,Pancreas,UBERON:0001264,AsPC-1,CVCL_0152,pancreatic ductal adenocarcinoma cell,CL:0000066,Enhancer activity assay, TF binding assay,ChIP-seq, ATAC-seq, RNA-seq,Luciferase Reporter Assay, ChIP-RT-qPCR, RT-RT-qPCR, DNA pull-down assay
2024,38454021,MYC activity at enhancers drives prognostic transcriptional programs through an epigenetic switch,Homo sapiens,hg38,chr7,54978916,55304142,MYC,EGFR,Enhancer,Active,Disease,breast carcinoma,MONDO:0006120,DOID:1612,Breast,UBERON:0000310,BT549 (TNBC),CVCL_1082,breast carcinoma cell,CL:0000646,Chromatin interaction assay, Functional perturbation assay,ChIP-seq, Hi-C, RNA-seq,siRNA knockdown, RT-RT-qPCR
2024,39271656,Exploring the transcriptional cooperation between RUNX2 and its associated elncRNA RAIN,Homo sapiens,hg38,chr6,45407433,45444666,RUNX2,RUNX2,Enhancer,Active,Disease,thyroid carcinoma,MONDO:0005075,DOID:3948,Thyroid,UBERON:0002046,TPC1,CVCL_6298,thyroid carcinoma cell,CL:0000066,Enhancer activity assay, Chromatin interaction assay, Functional perturbation assay,ChIP-seq, RNA-seq,ChIP-RT-qPCR, qRT-PCR, Western blot, CRISPR Knockout, CRISPRi
2024,39271656,Exploring the transcriptional cooperation between RUNX2 and its associated elncRNA RAIN,Homo sapiens,hg38,chr6,45407433,45444666,RUNX2,RUNX2,Enhancer,Active,Disease,thyroid carcinoma,MONDO:0005075,DOID:3948,Thyroid,UBERON:0002046,MDA-T41,CVCL_UC55,thyroid carcinoma cell,CL:0000066,Enhancer activity assay, Chromatin interaction assay, Functional perturbation assay,ChIP-seq, RNA-seq,ChIP-RT-qPCR, qRT-PCR, Western blot, CRISPR Knockout, CRISPRi
2020,32933554,Cancer-specific CTCF binding facilitates oncogenic transcriptional dysregulation,Homo sapiens,hg38,chr1,158000000,158500000,CTCF; NOTCH1,,Enhancer,Active,Disease,T-cell acute lymphoblastic leukemia,MONDO:0004947,DOID:0050890,Blood,UBERON:0000178,Jurkat,CVCL_0065,T lymphoblast,CL:0002419,Enhancer activity assay, TF binding assay, Chromatin interaction assay, Functional perturbation assay,ChIP-seq, Hi-C, ATAC-seq, RNA-seq,RT-RT-qPCR, Western blot
2020,32933554,Cancer-specific CTCF binding facilitates oncogenic transcriptional dysregulation,Homo sapiens,hg38,chr1,158000000,158500000,CTCF; NOTCH1,,Enhancer,Active,Disease,T-cell acute lymphoblastic leukemia,MONDO:0004947,DOID:0050890,Lymphoid tissue,UBERON:0001745,CUTLL1,CVCL_2075,T lymphoblast,CL:0002419,Enhancer activity assay, TF binding assay, Chromatin interaction assay, Functional perturbation assay,ChIP-seq, Hi-C, ATAC-seq, RNA-seq,RT-RT-qPCR, Western blot
2020,32933554,Cancer-specific CTCF binding facilitates oncogenic transcriptional dysregulation,Homo sapiens,hg38,chr1,158000000,158500000,CTCF; NOTCH1,,Enhancer,Active,Disease,T-cell acute lymphoblastic leukemia,MONDO:0004947,DOID:0050890,Blood,UBERON:0000178,Primary T-ALL patient,,T lymphoblast,CL:0002419,Enhancer activity assay, TF binding assay, Chromatin interaction assay, Functional perturbation assay,ChIP-seq, Hi-C, ATAC-seq, RNA-seq,RT-RT-qPCR, Western blot
2021,34078608,Epigenomic landscape and 3D genome structure in pediatric high-grade glioma,Homo sapiens,hg38,chr2,15000000,16800000,,MYCN,Enhancer,Active,Disease,diffuse intrinsic pontine glioma,MONDO:0006049,DOID:0080941,Pons,UBERON:0000988,DIPG cell line,,diffuse intrinsic pontine glioma cell,CL:0000127,Chromatin interaction assay, Enhancer activity assay,Hi-C, ChIP-seq, ATAC-seq, RNA-seq,RT-RT-qPCR
2018,29339538,E6 Protein Expressed by High-Risk HPV Activates Super-Enhancers of the EGFR and c-MET Oncogenes by Destabilizing the Histone Demethylase KDM5C,Homo sapiens,hg38,chr7,55016139,55018139,,EGFR,Enhancer,Active,Disease,cervical cancer,MONDO:0001156,DOID:2871,Cervix,UBERON:0000002,CaSki cell,CVCL_1100,cervical adenocarcinoma cell,CL:0000069,Enhancer functional perturbation, Chromatin interaction assay,ChIP-seq, RNA-seq,3C, RT-RT-qPCR
2019,31360115,Inhibition of super enhancer downregulates the expression of KLF5 in basal-like breast cancers,Homo sapiens,hg38,chr13,73607397,74169928,,KLF5,Enhancer,Active,Disease,breast carcinoma,MONDO:0006120,DOID:1612,Breast,UBERON:0000310,HCC1806,CVCL_1258,breast carcinoma cell,CL:0000646,Functional perturbation assay, Enhancer activity assay, TF binding assay,ChIP-seq,CRISPRi, RT-RT-qPCR, Western blot, SRB Cell Viability Assay, Flow Cytometry Cell Cycle Analysis, EdU Incorporation Assay
2019,31360115,Inhibition of super enhancer downregulates the expression of KLF5 in basal-like breast cancers,Homo sapiens,hg38,chr13,73607397,74169928,,KLF5,Enhancer,Active,Disease,breast carcinoma,MONDO:0006120,DOID:1612,Breast,UBERON:0000310,HCC1937,CVCL_0290,breast carcinoma cell,CL:0000646,Functional perturbation assay, Enhancer activity assay, TF binding assay,ChIP-seq,CRISPRi, RT-RT-qPCR, Western blot, SRB Cell Viability Assay, Flow Cytometry Cell Cycle Analysis, EdU Incorporation Assay
2019,31767869,LncRNA REG1CP promotes tumorigenesis through an enhancer complex to recruit FANCJ helicase for REG3A transcription,Homo sapiens,hg38,chr2,79272263,79272447,,REG3A,Enhancer,Active,Disease,colorectal carcinoma,MONDO:0005132,DOID:9256,Colon,UBERON:0001155,LIM1215,CVCL_2049,colorectal carcinoma cell,CL:0000066,Enhancer activity assay, TF binding assay, Functional perturbation assay,RNA-seq, ChIP-seq,Luciferase Reporter Assay, ChIP-RT-qPCR, RT-RT-qPCR, Western blot, EMSA, shRNA Knockdown
2019,31767869,LncRNA REG1CP promotes tumorigenesis through an enhancer complex to recruit FANCJ helicase for REG3A transcription,Homo sapiens,hg38,chr2,79272263,79272447,,REG3A,Enhancer,Active,Disease,colorectal carcinoma,MONDO:0005132,DOID:9256,Colon,UBERON:0001155,HT-29,CVCL_0320,colorectal carcinoma cell,CL:0000066,Enhancer activity assay, TF binding assay, Functional perturbation assay,RNA-seq, ChIP-seq,Luciferase Reporter Assay, ChIP-RT-qPCR, RT-RT-qPCR, Western blot, EMSA, shRNA Knockdown
2019,31767869,LncRNA REG1CP promotes tumorigenesis through an enhancer complex to recruit FANCJ helicase for REG3A transcription,Homo sapiens,hg38,chr2,79272263,79272447,,REG3A,Enhancer,Active,Disease,colorectal carcinoma,MONDO:0005132,DOID:9256,Colon,UBERON:0001155,SW480,CVCL_0546,colorectal carcinoma cell,CL:0000066,Enhancer activity assay, TF binding assay, Functional perturbation assay,RNA-seq, ChIP-seq,Luciferase Reporter Assay, ChIP-RT-qPCR, RT-RT-qPCR, Western blot, EMSA, shRNA Knockdown
2019,31767869,LncRNA REG1CP promotes tumorigenesis through an enhancer complex to recruit FANCJ helicase for REG3A transcription,Homo sapiens,hg38,chr2,79272263,79272447,,REG3A,Enhancer,Active,Disease,colorectal carcinoma,MONDO:0005132,DOID:9256,Colon,UBERON:0001155,COLO 205,CVCL_0218,colorectal carcinoma cell,CL:0000066,Enhancer activity assay, TF binding assay, Functional perturbation assay,RNA-seq, ChIP-seq,Luciferase Reporter Assay, ChIP-RT-qPCR, RT-RT-qPCR, Western blot, EMSA, shRNA Knockdown
2023,36803948,eRNA profiling uncovers the enhancer landscape of oesophageal adenocarcinoma and reveals new deregulated pathways,Homo sapiens,hg38,chr20,43657287,43657942,,MYBL2,Enhancer,Active,Disease,esophageal adenocarcinoma,MONDO:0004973,DOID:0050861,Esophagus,UBERON:0001043,OE19,CVCL_1302,esophageal adenocarcinoma cell,CL:0000069,Enhancer activity assay, Functional perturbation assay,ATAC-seq, RNA-seq,Luciferase Reporter Assay, CRISPR knockout/CRISPRi, RT-RT-qPCR, Western blot
2023,36803948,eRNA profiling uncovers the enhancer landscape of oesophageal adenocarcinoma and reveals new deregulated pathways,Homo sapiens,hg38,chr20,43657287,43657942,,MYBL2,Enhancer,Active,Disease,esophageal adenocarcinoma,MONDO:0004973,DOID:0050861,Esophagus,UBERON:0001043,CP-A,CVCL_6920,esophageal adenocarcinoma cell,CL:0000069,Enhancer activity assay, Functional perturbation assay,ATAC-seq, RNA-seq,Luciferase Reporter Assay, CRISPR knockout/CRISPRi, RT-RT-qPCR, Western blot
2023,36632223,Enhancer RNA promotes resistance to radiotherapy in bone-metastatic prostate cancer by m6A modification,Homo sapiens,hg38,chr12,122502280,122506427,,PSMD9,Enhancer,Active,Disease,prostate cancer,MONDO:0008315,DOID:10283,Bone,UBERON:0001474,PC3,CVCL_0035,prostate carcinoma cell,CL:0000066,Enhancer activity assay, Chromatin interaction assay, TF binding assay,RNA-seq, MeRIP-seq, ChIP-seq, Capture Hi-C,3C assay, CLIP, RT-RT-qPCR, Western blot
2023,36632223,Enhancer RNA promotes resistance to radiotherapy in bone-metastatic prostate cancer by m6A modification,Homo sapiens,hg38,chr12,122502280,122506427,,PSMD9,Enhancer,Active,Disease,prostate cancer,MONDO:0008315,DOID:10283,Bone,UBERON:0001474,C4-2B,CVCL_4784,prostate carcinoma cell,CL:0000066,Enhancer activity assay, Chromatin interaction assay, TF binding assay,RNA-seq, MeRIP-seq, ChIP-seq, Capture Hi-C,3C assay, CLIP, RT-RT-qPCR, Western blot
2023,36632223,Enhancer RNA promotes resistance to radiotherapy in bone-metastatic prostate cancer by m6A modification,Homo sapiens,hg38,chr12,122502280,122506427,,PSMD9,Enhancer,Active,Disease,prostate cancer,MONDO:0008315,DOID:10283,Bone,UBERON:0001474,P-90,,prostate carcinoma cell,CL:0000066,Enhancer activity assay, Chromatin interaction assay, TF binding assay,RNA-seq, MeRIP-seq, ChIP-seq, Capture Hi-C,3C assay, CLIP, RT-RT-qPCR, Western blot
2026,41651436,Targeting super-enhancer-driven MAB21L2 suppresses neuroblastoma growth and migration,Homo sapiens,hg38,chr13,150570000,150600000,,MAB21L2,Enhancer,Active,Disease,neuroblastoma,MONDO:0005070,DOID:769,Adrenal gland,UBERON:0002369,SK-N-BE(2) cells,CVCL_0528,neuroblastoma cell,CL:0000031,Functional perturbation assay,ChIP-seq, RNA-seq,Luciferase reporter assay, RT-RT-qPCR, Western blot
2025,40890402,p300/CBP is an essential driver of pathogenic enhancer activity and gene expression in Ewing sarcoma,Homo sapiens,hg38,chr20,21548504,21587972,,NKX2-2,Enhancer,Active,Disease,Ewing sarcoma,MONDO:0003368,DOID:3368,Bone,UBERON:0001474,A673 cells,CVCL_0080,Ewing sarcoma cell,CL:0000050,Enhancer activity assay, Functional perturbation assay,ChIP-seq, RNA-seq,CRISPR knockout, ChIP-RT-qPCR, RT-RT-qPCR
2025,40038738,Super-enhancer-hijacking RBBP7 potentiates metastasis and stemness of breast cancer via recruiting NuRD complex subunit LSD1,Homo sapiens,hg38,chr11,10200000,10205000,,SOX2,Enhancer,Active,Disease,breast carcinoma,MONDO:0006120,DOID:1612,Breast,UBERON:0000310,MCF-7 cells,CVCL_0031,breast carcinoma cell,CL:0000646,Super-enhancer activity assay, Functional perturbation assay,ChIP-seq, RNA-seq,CRISPR knockout, ChIP-RT-qPCR, RT-RT-qPCR
2025,40067892,BTSCs exosomes derived NamiRNA-enhancer network of miR-151a-3p mediates a positive feedback loop and promotes the progression of glioma via FAK phosphorylation,Homo sapiens,hg38,chr5,58919038,58919746,,PDE4D,Enhancer,Active,Disease,glioblastoma,MONDO:0005142,DOID:3070,Brain,UBERON:0000955,U251 glioma cells,CVCL_0021,glioblastoma cell,CL:0000127,Enhancer activity assay, Functional perturbation assay,RNA-seq,Luciferase reporter assay, CRISPR knockout, RT-RT-qPCR, Western blot
2025,40167268,Enhancer Extrachromosomal Circular DNA ANKRD28 Elicits Drug Resistance via POU2F2-Mediated Transcriptional Network in Multiple Myeloma,Homo sapiens,hg38,chr3,15768491,15768703,POU2F2,JUNB,Enhancer,Active,Disease,multiple myeloma,MONDO:0005178,DOID:9538,Blood,UBERON:0000178,Multiple myeloma cells,,plasma cell,CL:0000945,Enhancer activity assay,ATAC-seq, ChIP-seq, CUT&Tag,CRISPR knockout, CRISPRi, ChIP-RT-qPCR, FISH
2025,40167268,Enhancer Extrachromosomal Circular DNA ANKRD28 Elicits Drug Resistance via POU2F2-Mediated Transcriptional Network in Multiple Myeloma,Homo sapiens,hg38,chr3,15768491,15768703,POU2F2,IKZF3,Enhancer,Active,Disease,multiple myeloma,MONDO:0005178,DOID:9538,Blood,UBERON:0000178,Multiple myeloma cells,,plasma cell,CL:0000945,Enhancer activity assay,ATAC-seq, ChIP-seq, CUT&Tag,CRISPR knockout, CRISPRi, ChIP-RT-qPCR, FISH
2025,40167268,Enhancer Extrachromosomal Circular DNA ANKRD28 Elicits Drug Resistance via POU2F2-Mediated Transcriptional Network in Multiple Myeloma,Homo sapiens,hg38,chr3,15768491,15768703,POU2F2,RUNX3,Enhancer,Active,Disease,multiple myeloma,MONDO:0005178,DOID:9538,Blood,UBERON:0000178,Multiple myeloma cells,,plasma cell,CL:0000945,Enhancer activity assay,ATAC-seq, ChIP-seq, CUT&Tag,CRISPR knockout, CRISPRi, ChIP-RT-qPCR, FISH
2025,40167268,Enhancer Extrachromosomal Circular DNA ANKRD28 Elicits Drug Resistance via POU2F2-Mediated Transcriptional Network in Multiple Myeloma,Homo sapiens,hg38,chr3,15768491,15768703,POU2F2,BCL2,Enhancer,Active,Disease,multiple myeloma,MONDO:0005178,DOID:9538,Blood,UBERON:0000178,Multiple myeloma cells,,plasma cell,CL:0000945,Enhancer activity assay,ATAC-seq, ChIP-seq, CUT&Tag,CRISPR knockout, CRISPRi, ChIP-RT-qPCR, FISH
2025,40220379,Bclaf1 mediates super-enhancer-driven activation of POLR2A to enhance chromatin accessibility in nitrosamine-induced esophageal carcinogenesis,Homo sapiens,hg38,chr17,40250000,40251000,BCLAF1,POLR2A,Enhancer,Active,Disease,esophageal squamous cell carcinoma,MONDO:0005082,DOID:3748,Esophagus,UBERON:0001043,MNNG-M cells,CVCL_1360,esophageal squamous cell carcinoma cell,CL:0000069,Enhancer activity assay, TF binding assay, Functional perturbation assay,ATAC-seq, CUT&Tag, ChIP-seq,Luciferase reporter assay, ChIP-RT-qPCR, RT-RT-qPCR, Western blot
2025,40220379,Bclaf1 mediates super-enhancer-driven activation of POLR2A to enhance chromatin accessibility in nitrosamine-induced esophageal carcinogenesis,Homo sapiens,hg38,chr17,40250000,40251000,BCLAF1,POLR2A,Enhancer,Active,Disease,esophageal squamous cell carcinoma,MONDO:0005082,DOID:3748,Esophagus,UBERON:0001043,KYSE-150 cells,CVCL_1341,esophageal squamous cell carcinoma cell,CL:0000069,Enhancer activity assay, TF binding assay, Functional perturbation assay,ATAC-seq, CUT&Tag, ChIP-seq,Luciferase reporter assay, ChIP-RT-qPCR, RT-RT-qPCR, Western blot
2025,40220379,Bclaf1 mediates super-enhancer-driven activation of POLR2A to enhance chromatin accessibility in nitrosamine-induced esophageal carcinogenesis,Homo sapiens,hg38,chr17,40252000,40253000,BCLAF1,POLR2A,Enhancer,Active,Disease,esophageal squamous cell carcinoma,MONDO:0005082,DOID:3748,Esophagus,UBERON:0001043,MNNG-M cells,CVCL_1360,esophageal squamous cell carcinoma cell,CL:0000069,Enhancer activity assay, TF binding assay, Functional perturbation assay,ATAC-seq, CUT&Tag, ChIP-seq,Luciferase reporter assay, ChIP-RT-qPCR, RT-RT-qPCR, Western blot
2025,40220379,Bclaf1 mediates super-enhancer-driven activation of POLR2A to enhance chromatin accessibility in nitrosamine-induced esophageal carcinogenesis,Homo sapiens,hg38,chr17,40252000,40253000,BCLAF1,POLR2A,Enhancer,Active,Disease,esophageal squamous cell carcinoma,MONDO:0005082,DOID:3748,Esophagus,UBERON:0001043,KYSE-150 cells,CVCL_1341,esophageal squamous cell carcinoma cell,CL:0000069,Enhancer activity assay, TF binding assay, Functional perturbation assay,ATAC-seq, CUT&Tag, ChIP-seq,Luciferase reporter assay, ChIP-RT-qPCR, RT-RT-qPCR, Western blot
2021,34078608,Epigenomic landscape and 3D genome structure in pediatric high-grade glioma,Homo sapiens,hg38,chr21,32900000,33260000,OLIG2,OLIG2,Enhancer,Active,Disease,diffuse intrinsic pontine glioma,MONDO:0006049,DOID:0080941,Pons,UBERON:0000988,Human diffuse intrinsic pontine glioma cell,,diffuse intrinsic pontine glioma cell,CL:0000127,Chromatin interaction assay, Enhancer activity assay, Functional perturbation assay,Hi-C, ChIP-seq, ATAC-seq, RNA-seq,RT-RT-qPCR, Western blot
2022,34937944,Targeting SWI/SNF ATPases in enhancer-addicted prostate cancer,Homo sapiens,hg38,chrX,66800000,67800000,AR,AR,SE,Active,Disease,prostate cancer,MONDO:0008315,DOID:10283,Prostate,UBERON:0002367,Human prostate carcinoma cell,,prostate carcinoma cell,CL:0000066,Enhancer activity assay, TF binding assay, Chromatin interaction assay, Functional perturbation assay,ATAC-seq, ChIP-seq, RNA-seq, HiChIP,qRT-PCR, Western blot, Immunohistochemistry, Cell Viability Assay, In Vivo Xenograft Assay
2023,37945900,Circular extrachromosomal DNA promotes tumor heterogeneity in high-risk medulloblastoma,Homo sapiens,hg38,chr8,127330655,127330840,,MYC,SE,Active,Disease,medulloblastoma,MONDO:0005146,DOID:0050902,Brain,UBERON:0000955,D458,CVCL_1160,medulloblastoma cell,CL:0000127,Enhancer activity assay, Functional perturbation assay, Chromatin interaction assay,Hi-C, ATAC-seq, RNA-seq,CRISPRi, qRT-PCR, FISH
2023,37945900,Circular extrachromosomal DNA promotes tumor heterogeneity in high-risk medulloblastoma,Homo sapiens,hg38,chr8,127330840,127330927,,MYC,SE,Active,Disease,medulloblastoma,MONDO:0005146,DOID:0050902,Brain,UBERON:0000955,D458,CVCL_1160,medulloblastoma cell,CL:0000127,Enhancer activity assay, Functional perturbation assay, Chromatin interaction assay,Hi-C, ATAC-seq, RNA-seq,CRISPRi, qRT-PCR, FISH
2023,37945900,Circular extrachromosomal DNA promotes tumor heterogeneity in high-risk medulloblastoma,Homo sapiens,hg38,chr8,127330927,127331000,,MYC,SE,Active,Disease,medulloblastoma,MONDO:0005146,DOID:0050902,Brain,UBERON:0000955,D458,CVCL_1160,medulloblastoma cell,CL:0000127,Enhancer activity assay, Functional perturbation assay, Chromatin interaction assay,Hi-C, ATAC-seq, RNA-seq,CRISPRi, qRT-PCR, FISH
2024,38943090,A specific super-enhancer actuated by berberine regulates EGFR-mediated RAS-RAF1-MEK1/2-ERK1/2 pathway to induce nasopharyngeal carcinoma autophagy,Homo sapiens,hg38,chr7,54960823,54970827,,EGFR,SE,Active,Disease,nasopharyngeal carcinoma,MONDO:0005350,DOID:9260,Nasopharynx,UBERON:0001729,S18,CVCL_6847,nasopharyngeal carcinoma cell,CL:0000069,Enhancer activity assay, Functional perturbation assay,ChIP-seq, RNA-seq,CRISPR Knockout, qRT-PCR, Western blot
2024,38992040,The transcriptional co-repressor Runx1t1 is essential for MYCN-driven neuroblastoma tumorigenesis,Homo sapiens,hg38,chr2,44294900,44295100,HAND2,NTRK1,Enhancer,Active,Disease,neuroblastoma,MONDO:0005070,DOID:769,Adrenal gland,UBERON:0002369,KELLY,CVCL_1375,neuroblastoma cell,CL:0000031,Enhancer activity assay, TF binding assay, Functional perturbation assay,ChIP-seq, RNA-seq, ATAC-seq,ChIP-RT-qPCR, CRISPR Knockout, qRT-PCR, Western blot
2024,38992040,The transcriptional co-repressor Runx1t1 is essential for MYCN-driven neuroblastoma tumorigenesis,Homo sapiens,hg38,chr4,13816600,13816900,,RUNX1T1,Enhancer,Active,Disease,neuroblastoma,MONDO:0005070,DOID:769,Adrenal gland,UBERON:0002369,KELLY,CVCL_1375,neuroblastoma cell,CL:0000031,Enhancer activity assay, TF binding assay, Functional perturbation assay,ChIP-seq, RNA-seq, ATAC-seq,ChIP-RT-qPCR, CRISPR Knockout, qRT-PCR, Western blot
2025,41028522,HSF1-DBC1 axis drives prostate cancer progression by activating a metastatic transcriptional program,Homo sapiens,hg38,chr22,24114000,24116000,HSF1,MMP11,SE,Active,Disease,prostate cancer,MONDO:0008315,DOID:10283,Prostate,UBERON:0002367,SM1 (mCRPC cell line),,prostate carcinoma cell,CL:0000066,Enhancer activity assay, TF binding assay, Functional perturbation assay,ChIP-seq, RNA-seq,CRISPR Knockout, qRT-PCR, Western blot, Transwell Migration Assay, Transwell Invasion Assay
2022,35039581,Targeting of non-coding RNAs encoded by novel MYC enhancers inhibits the proliferation of human hepatic carcinoma cells in vitro,Homo sapiens,hg38,chr8,128556457,128556814,,MYC,Enhancer,Active,Disease,hepatocellular carcinoma,MONDO:0007256,DOID:684,Liver,UBERON:0002107,Huh7,CVCL_0336,hepatocellular carcinoma cell,CL:0000182,Functional perturbation assay,ChIP-seq, GRO-seq,CRISPR Knockout, qRT-PCR
2022,35349489,FOXK2 promotes ovarian cancer stemness by regulating the unfolded protein response pathway,Homo sapiens,hg38,chr17,64082103,64082506,FOXK2,ERN1,Enhancer,Active,Disease,ovarian carcinoma,MONDO:0005140,DOID:2394,Ovary,UBERON:0000992,OVCAR5,CVCL_0484,ovarian carcinoma cell,CL:0000069,Enhancer activity assay, TF binding assay, Functional perturbation assay,ChIP-seq, RNA-seq, ATAC-seq,ChIP-RT-qPCR, CRISPR-dCas9, qRT-PCR, Western blot
2022,34859522,The enhancer rare germline variation rs548071605 contributes to lung cancer development,Homo sapiens,hg38,chr22,30195717,30197444,RELA,LIF,Enhancer,Active,Disease,lung adenocarcinoma,MONDO:0005032,DOID:3905,Lung,UBERON:0002048,A-549,CVCL_0023,lung adenocarcinoma cell,CL:0001069,Enhancer activity assay, TF binding assay,ChIP-seq,Luciferase Reporter Assay, ChIP-RT-qPCR
2024,39107271,DKK1-SE recruits AP1 to activate the target gene DKK1 thereby promoting pancreatic cancer progression,Homo sapiens,hg38,chr10,52443566,52444237,AP1,DKK1,Enhancer,Active,Disease,pancreatic ductal adenocarcinoma,MONDO:0005147,DOID:3490,Pancreas,UBERON:0001264,PANC-1,CVCL_0480,pancreatic ductal adenocarcinoma cell,CL:0000066,Enhancer activity assay,ChIP-seq, ATAC-seq,Luciferase Reporter Assay
2024,39107271,DKK1-SE recruits AP1 to activate the target gene DKK1 thereby promoting pancreatic cancer progression,Homo sapiens,hg38,chr10,52443566,52444237,AP1,DKK1,Enhancer,Active,Disease,pancreatic ductal adenocarcinoma,MONDO:0005147,DOID:3490,Pancreas,UBERON:0001264,HPAC,CVCL_1492,pancreatic ductal adenocarcinoma cell,CL:0000066,Enhancer activity assay,ChIP-seq, ATAC-seq,Luciferase Reporter Assay
2024,39107271,DKK1-SE recruits AP1 to activate the target gene DKK1 thereby promoting pancreatic cancer progression,Homo sapiens,hg38,chr10,52443566,52444237,AP1,DKK1,Enhancer,Active,Disease,pancreatic ductal adenocarcinoma,MONDO:0005147,DOID:3490,Pancreas,UBERON:0001264,AsPC-1,CVCL_0152,pancreatic ductal adenocarcinoma cell,CL:0000066,Enhancer activity assay,ChIP-seq, ATAC-seq,Luciferase Reporter Assay
2024,38454021,MYC activity at enhancers drives prognostic transcriptional programs through an epigenetic switch,Homo sapiens,hg38,chr1,13820000,13840000,MYC,PRDM2,Enhancer,Active,Disease,breast carcinoma,MONDO:0006120,DOID:1612,Breast,UBERON:0000310,BT549 (TNBC),CVCL_1082,breast carcinoma cell,CL:0000646,TF binding assay, Gene expression correlation,ChIP-seq, ATAC-seq, RNA-seq,qRT-PCR, and ChIP-qPCR
2024,39012147,Super-enhancer-driven FOSL1-TCOF1 axis promotes triple-negative breast cancer progression,Homo sapiens,hg38,chr5,171390000,171400000,FOSL1,TCOF1,SE,Active,Disease,breast carcinoma,MONDO:0006120,DOID:1612,Breast,UBERON:0000310,MDA-MB-231,CVCL_0062,breast carcinoma cell,CL:0000646,Enhancer activity assay, TF binding assay, Functional perturbation assay,ChIP-seq, RNA-seq,Luciferase Reporter Assay, ChIP-RT-qPCR, qRT-PCR, Western blot
2021,35122059,TNF-??-producing macrophages determine subtype identity and prognosis via AP1 enhancer reprogramming in pancreatic cancer,Homo sapiens,hg38,chr1,58765000,58766500,CJUN,CJUN,Enhancer,Active,Disease,pancreatic ductal adenocarcinoma,MONDO:0005147,DOID:3490,Pancreas,UBERON:0001264,PANC-1,CVCL_0480,pancreatic ductal adenocarcinoma cell,CL:0000066,TF binding assay, Functional perturbation assay,ChIP-seq, ATAC-seq, RNA-seq,ChIP-RT-qPCR, siRNA Knockdown, JQ1 Inhibition Assay, RT-RT-qPCR, Western blot
2021,35122059,TNF-??-producing macrophages determine subtype identity and prognosis via AP1 enhancer reprogramming in pancreatic cancer,Homo sapiens,hg38,chr1,58765000,58766500,CJUN,CJUN,Enhancer,Active,Disease,pancreatic ductal adenocarcinoma,MONDO:0005147,DOID:3490,Pancreas,UBERON:0001264,AsPC-1,CVCL_0152,pancreatic ductal adenocarcinoma cell,CL:0000066,TF binding assay, Functional perturbation assay,ChIP-seq, ATAC-seq, RNA-seq,ChIP-RT-qPCR, siRNA Knockdown, JQ1 Inhibition Assay, RT-RT-qPCR, Western blot
2021,35122059,TNF-??-producing macrophages determine subtype identity and prognosis via AP1 enhancer reprogramming in pancreatic cancer,Homo sapiens,hg38,chr1,58765000,58766500,CJUN,CJUN,Enhancer,Active,Disease,pancreatic ductal adenocarcinoma,MONDO:0005147,DOID:3490,Pancreas,UBERON:0001264,primary PDAC cells,,pancreatic ductal adenocarcinoma cell,CL:0000066,TF binding assay, Functional perturbation assay,ChIP-seq, ATAC-seq, RNA-seq,ChIP-RT-qPCR, siRNA Knockdown, JQ1 Inhibition Assay, RT-RT-qPCR, Western blot
2021,35122059,TNF-??-producing macrophages determine subtype identity and prognosis via AP1 enhancer reprogramming in pancreatic cancer,Homo sapiens,hg38,chr1,58770000,58771500,CJUN,CJUN,Enhancer,Active,Disease,pancreatic ductal adenocarcinoma,MONDO:0005147,DOID:3490,Pancreas,UBERON:0001264,PANC-1,CVCL_0480,pancreatic ductal adenocarcinoma cell,CL:0000066,TF binding assay, Functional perturbation assay,ChIP-seq, ATAC-seq, RNA-seq,ChIP-RT-qPCR, siRNA Knockdown, JQ1 Inhibition Assay, RT-RT-qPCR, Western blot
2021,35122059,TNF-??-producing macrophages determine subtype identity and prognosis via AP1 enhancer reprogramming in pancreatic cancer,Homo sapiens,hg38,chr1,58770000,58771500,CJUN,CJUN,Enhancer,Active,Disease,pancreatic ductal adenocarcinoma,MONDO:0005147,DOID:3490,Pancreas,UBERON:0001264,AsPC-1,CVCL_0152,pancreatic ductal adenocarcinoma cell,CL:0000066,TF binding assay, Functional perturbation assay,ChIP-seq, ATAC-seq, RNA-seq,ChIP-RT-qPCR, siRNA Knockdown, JQ1 Inhibition Assay, RT-RT-qPCR, Western blot
2021,35122059,TNF-??-producing macrophages determine subtype identity and prognosis via AP1 enhancer reprogramming in pancreatic cancer,Homo sapiens,hg38,chr1,58770000,58771500,CJUN,CJUN,Enhancer,Active,Disease,pancreatic ductal adenocarcinoma,MONDO:0005147,DOID:3490,Pancreas,UBERON:0001264,primary PDAC cells,,pancreatic ductal adenocarcinoma cell,CL:0000066,TF binding assay, Functional perturbation assay,ChIP-seq, ATAC-seq, RNA-seq,ChIP-RT-qPCR, siRNA Knockdown, JQ1 Inhibition Assay, RT-RT-qPCR, Western blot
2021,35122059,TNF-??-producing macrophages determine subtype identity and prognosis via AP1 enhancer reprogramming in pancreatic cancer,Homo sapiens,hg38,chr17,31254200,31255700,CJUN,CCL2,Enhancer,Active,Disease,pancreatic ductal adenocarcinoma,MONDO:0005147,DOID:3490,Pancreas,UBERON:0001264,PANC-1,CVCL_0480,pancreatic ductal adenocarcinoma cell,CL:0000066,TF binding assay, Functional perturbation assay,ChIP-seq, ATAC-seq, RNA-seq,ChIP-RT-qPCR, siRNA Knockdown, RT-RT-qPCR, Western blot, ELISA
2021,35122059,TNF-??-producing macrophages determine subtype identity and prognosis via AP1 enhancer reprogramming in pancreatic cancer,Homo sapiens,hg38,chr17,31254200,31255700,CJUN,CCL2,Enhancer,Active,Disease,pancreatic ductal adenocarcinoma,MONDO:0005147,DOID:3490,Pancreas,UBERON:0001264,AsPC-1,CVCL_0152,pancreatic ductal adenocarcinoma cell,CL:0000066,TF binding assay, Functional perturbation assay,ChIP-seq, ATAC-seq, RNA-seq,ChIP-RT-qPCR, siRNA Knockdown, RT-RT-qPCR, Western blot, ELISA
2021,35122059,TNF-??-producing macrophages determine subtype identity and prognosis via AP1 enhancer reprogramming in pancreatic cancer,Homo sapiens,hg38,chr17,31254200,31255700,CJUN,CCL2,Enhancer,Active,Disease,pancreatic ductal adenocarcinoma,MONDO:0005147,DOID:3490,Pancreas,UBERON:0001264,primary PDAC cells,,pancreatic ductal adenocarcinoma cell,CL:0000066,TF binding assay, Functional perturbation assay,ChIP-seq, ATAC-seq, RNA-seq,ChIP-RT-qPCR, siRNA Knockdown, RT-RT-qPCR, Western blot, ELISA
2021,35122059,TNF-??-producing macrophages determine subtype identity and prognosis via AP1 enhancer reprogramming in pancreatic cancer,Homo sapiens,hg38,chr17,31255800,31256300,CJUN,CCL2,Enhancer,Active,Disease,pancreatic ductal adenocarcinoma,MONDO:0005147,DOID:3490,Pancreas,UBERON:0001264,PANC-1,CVCL_0480,pancreatic ductal adenocarcinoma cell,CL:0000066,TF binding assay, Functional perturbation assay,ChIP-seq, ATAC-seq, RNA-seq,ChIP-RT-qPCR, siRNA Knockdown, RT-RT-qPCR, Western blot, ELISA
2021,35122059,TNF-??-producing macrophages determine subtype identity and prognosis via AP1 enhancer reprogramming in pancreatic cancer,Homo sapiens,hg38,chr17,31255800,31256300,CJUN,CCL2,Enhancer,Active,Disease,pancreatic ductal adenocarcinoma,MONDO:0005147,DOID:3490,Pancreas,UBERON:0001264,AsPC-1,CVCL_0152,pancreatic ductal adenocarcinoma cell,CL:0000066,TF binding assay, Functional perturbation assay,ChIP-seq, ATAC-seq, RNA-seq,ChIP-RT-qPCR, siRNA Knockdown, RT-RT-qPCR, Western blot, ELISA
2021,35122059,TNF-??-producing macrophages determine subtype identity and prognosis via AP1 enhancer reprogramming in pancreatic cancer,Homo sapiens,hg38,chr17,31255800,31256300,CJUN,CCL2,Enhancer,Active,Disease,pancreatic ductal adenocarcinoma,MONDO:0005147,DOID:3490,Pancreas,UBERON:0001264,primary PDAC cells,,pancreatic ductal adenocarcinoma cell,CL:0000066,TF binding assay, Functional perturbation assay,ChIP-seq, ATAC-seq, RNA-seq,ChIP-RT-qPCR, siRNA Knockdown, RT-RT-qPCR, Western blot, ELISA
2018,29364907,HPV integration hijacks and multimerizes a cellular enhancer to generate a viral-cellular super-enhancer that drives high viral oncogene expression,Homo sapiens,hg38,chr2,28389994,28391994,,FOSL2,Enhancer,Active,Disease,cervical cancer,MONDO:0001156,DOID:2871,Cervix,UBERON:0000002,Cervical-derived cell line 20861,,cervical carcinoma cell,CL:0000069,Enhancer functional characterization, Chromatin interaction assay,ChIP-seq, RNA-seq,3C, ChIP-RT-qPCR, FISH, Immunofluorescence, RT-RT-qPCR
2018,29162563,FOXF1 Defines the Core-Regulatory Circuitry in Gastrointestinal Stromal Tumor,Homo sapiens,hg38,chr16,86507790,86509790,,FOXF1,Enhancer,Active,Disease,gastrointestinal stromal tumor,MONDO:0005047,DOID:9253,Gastrointestinal tract,UBERON:0005408,Gastrointestinal stromal tumor cells,,gastrointestinal stromal tumor cell,CL:0000066,Super-enhancer regulatory network analysis, Chromatin interaction assay,ChIP-seq, ATAC-seq,3C, ChIP-RT-qPCR, RT-RT-qPCR
2023,37168287,A genomic enhancer signature associates with hepatocellular carcinoma prognosis,Homo sapiens,hg38,chr5,1294000,1297400,HNF4A,TERT,Enhancer,Active,Disease,hepatocellular carcinoma,MONDO:0007256,DOID:684,Liver,UBERON:0002107,HCC cells,,hepatocellular carcinoma cell,CL:0000182,Enhancer activity assay, TF binding assay,ChIP-seq, RNA-seq,Luciferase Reporter Assay, ChIP-RT-qPCR
2023,36788209,BRD7 inhibits enhancer activity and expression of BIRC2 to suppress tumor growth and metastasis in nasopharyngeal carcinoma,Homo sapiens,hg38,chr11,102245603,102246344,,BIRC2,Enhancer,Active,Disease,nasopharyngeal carcinoma,MONDO:0005350,DOID:9260,Nasopharynx,UBERON:0008338,5-8F,CVCL_6846,nasopharyngeal carcinoma cell,CL:0000069,Enhancer activity assay, TF binding assay, Functional perturbation assay,ChIP-seq, RNA-seq,Luciferase Reporter Assay, ChIP-RT-qPCR, RT-RT-qPCR, Western blot
2023,36788209,BRD7 inhibits enhancer activity and expression of BIRC2 to suppress tumor growth and metastasis in nasopharyngeal carcinoma,Homo sapiens,hg38,chr11,102245603,102246344,,BIRC2,Enhancer,Active,Disease,nasopharyngeal carcinoma,MONDO:0005350,DOID:9260,Nasopharynx,UBERON:0008338,HNE1,CVCL_6845,nasopharyngeal carcinoma cell,CL:0000069,Enhancer activity assay, TF binding assay, Functional perturbation assay,ChIP-seq, RNA-seq,Luciferase Reporter Assay, ChIP-RT-qPCR, RT-RT-qPCR, Western blot
2025,39511411,Super-enhancer MYCNOS-SE promotes chemoresistance in small cell lung cancer by recruiting transcription factors CTCF and KLF15,Homo sapiens,hg38,chr2,16000000,16002000,CTCF,MYCNOS,Enhancer,Active,Disease,small cell lung carcinoma,MONDO:0005020,DOID:5409,Lung,UBERON:0002048,H446 cells,CVCL_0049,small cell lung carcinoma cell,CL:0000066,Super-enhancer activity assay,ChIP-seq, ATAC-seq,Luciferase reporter assay, RT-RT-qPCR
2025,40216980,Dynamic interaction of MYC enhancer RNA with YEATS2 protein regulates MYC gene transcription in pancreatic cancer,Homo sapiens,hg38,chr8,127247000,127248000,,MYC,Enhancer,Active,Disease,pancreatic ductal adenocarcinoma,MONDO:0005147,DOID:3490,Pancreas,UBERON:0001264,MIAPaCa-2 cells,CVCL_0428,pancreatic ductal adenocarcinoma cell,CL:0000066,Enhancer activity assay, Functional perturbation assay,RNA-seq, ChIP-seq, ATAC-seq,ChIP-RT-qPCR, RT-RT-qPCR, Western blot, shRNA knockdown
2025,40216980,Dynamic interaction of MYC enhancer RNA with YEATS2 protein regulates MYC gene transcription in pancreatic cancer,Homo sapiens,hg38,chr8,127247000,127248000,,MYC,Enhancer,Active,Disease,pancreatic ductal adenocarcinoma,MONDO:0005147,DOID:3490,Pancreas,UBERON:0001264,AsPC-1 cells,CVCL_0152,pancreatic ductal adenocarcinoma cell,CL:0000066,Enhancer activity assay, Functional perturbation assay,RNA-seq, ChIP-seq, ATAC-seq,ChIP-RT-qPCR, RT-RT-qPCR, Western blot, shRNA knockdown
2022,35849129,Systematic comparison of CRISPR-based transcriptional activators uncovers gene-regulatory features of enhancer-promoter interactions,Homo sapiens,hg38,chr11,5225000,5226000,,HBG1,Enhancer,Active,Disease,cervical cancer,MONDO:0001156,DOID:2871,Cervix,UBERON:0000002,HeLa,CVCL_0030,cervical adenocarcinoma cell,CL:0000069,Functional perturbation assay,CUT&RUN,CRISPR Knockout, CRISPRi, RT-RT-qPCR, 3C-RT-qPCR, Western blot
2022,35849129,Systematic comparison of CRISPR-based transcriptional activators uncovers gene-regulatory features of enhancer-promoter interactions,Homo sapiens,hg38,chr11,5225000,5226000,,HBG1,Enhancer,Active,Disease,chronic myeloid leukemia,MONDO:0011998,DOID:8552,Blood,UBERON:0000178,K562,CVCL_0004,chronic myeloid leukemia cell,CL:0001054,Functional perturbation assay,CUT&RUN,CRISPR Knockout, CRISPRi, RT-RT-qPCR, 3C-RT-qPCR, Western blot
2022,35849129,Systematic comparison of CRISPR-based transcriptional activators uncovers gene-regulatory features of enhancer-promoter interactions,Homo sapiens,hg38,chr11,5225000,5226000,,HBG1,Enhancer,Active,Disease,osteosarcoma,MONDO:0005087,DOID:3347,Bone,UBERON:0001474,SaOS-2,CVCL_0548,osteosarcoma cell,CL:0000062,Functional perturbation assay,CUT&RUN,CRISPR Knockout, CRISPRi, RT-RT-qPCR, 3C-RT-qPCR, Western blot
2024,38110836,Engrailed-1 promotes pancreatic cancer metastasis,Homo sapiens,hg38,chr2,11000000,11002000,EN1,EN1,Enhancer,Active,Disease,pancreatic ductal adenocarcinoma,MONDO:0005147,DOID:3490,Pancreas,UBERON:0001264,CFPAC1,CVCL_0019,pancreatic ductal adenocarcinoma cell,CL:0000066,Enhancer activity assay,ChIP-seq, RNA-seq,Luciferase Reporter Assay, ChIP-RT-qPCR
2024,39122682,Super-enhancer acquisition drives PPP1R15B expression in multiple myeloma,Homo sapiens,hg38,chr1,204379236,204380236,CEBPB,PPP1R15B,Enhancer,Active,Disease,multiple myeloma,MONDO:0005178,DOID:9538,Bone Marrow,UBERON:0002371,NCI-H929 cells,CVCL_1600,plasma cell,CL:0000945,Super enhancer activity assay, Functional perturbation assay,ChIP-seq, RNA-seq, HiChIP,Luciferase Reporter Assay, ChIP-RT-qPCR
2024,38513139,RUNX1 C-terminal mutations impair blood cell differentiation by perturbing specific enhancer-promoter networks,Homo sapiens,hg38,chr8,128740000,128750000,RUNX1; RUNX1R320*; FOXK2,MYC,Enhancer,Active,Disease,chronic myeloid leukemia,MONDO:0011998,DOID:8552,Blood,UBERON:0000178,K562,CVCL_0004,chronic myeloid leukemia cell,CL:0001054,Enhancer activity assay, TF binding assay, Chromatin interaction assay, Functional perturbation assay,ChIP-seq, GRID-seq, RNA-seq,CUT&RUN-RT-qPCR, shRNA Knockdown, RT-RT-qPCR, Western blot
2021,34040254,Enhancer release and retargeting activates disease-susceptibility genes,Homo sapiens,hg38,chr8,127750000,127752000,,MYC,Enhancer,Active,Disease,breast carcinoma,MONDO:0006120,DOID:1612,Breast,UBERON:0000310,MCF-7,CVCL_0031,breast carcinoma cell,CL:0000646,Enhancer activity assay, Functional perturbation assay, Chromatin interaction assay,Hi-C, ChIA-PET, GRO-seq, RNA-seq,CRISPRi, RT-RT-qPCR
2021,34078608,Epigenomic landscape and 3D genome structure in pediatric high-grade glioma,Homo sapiens,hg38,chr15,56000000,58000000,TCF12,TCF12,Enhancer,Active,Disease,diffuse intrinsic pontine glioma,MONDO:0006049,DOID:0080941,Pons,UBERON:0000988,Human diffuse intrinsic pontine glioma cell,,diffuse intrinsic pontine glioma cell,CL:0000127,Chromatin interaction assay, Enhancer activity assay, Copy number variation analysis,Hi-C, ChIP-seq, RNA-seq,RT-RT-qPCR
2021,34078608,Epigenomic landscape and 3D genome structure in pediatric high-grade glioma,Homo sapiens,hg38,chr18,59350000,59950000,FOSL2,CCBE1,Enhancer,Active,Disease,glioblastoma,MONDO:0005142,DOID:3070,Pons,UBERON:0000988,Human glioblastoma cell,,glioblastoma cell,CL:0000127,Chromatin interaction assay, Enhancer activity assay,Hi-C, ChIP-seq, RNA-seq,RT-RT-qPCR
2021,33453283,Androglobin gene expression patterns and FOXJ1-dependent regulation indicate its functional association with ciliogenesis,Homo sapiens,hg38,chr6,146700000,146701000,,ADGB,Enhancer,Active,Disease,breast carcinoma,MONDO:0006120,DOID:1612,Breast,UBERON:0000310,Human breast adenocarcinoma cell,,breast adenocarcinoma cell,CL:0000646,Enhancer activity assay,ChIP-seq,Luciferase Reporter Assay
2021,33453283,Androglobin gene expression patterns and FOXJ1-dependent regulation indicate its functional association with ciliogenesis,Homo sapiens,hg38,chr6,146775000,146776000,,ADGB,Enhancer,Active,Disease,breast carcinoma,MONDO:0006120,DOID:1612,Breast,UBERON:0000310,Human breast adenocarcinoma cell,,breast adenocarcinoma cell,CL:0000646,Enhancer activity assay,ChIP-seq,Luciferase Reporter Assay
2023,37346447,STAT3-Mediated Promoter-Enhancer Interaction Up-Regulates Inhibitor of DNA Binding 1 (ID1) to Promote Colon Cancer Progression,Homo sapiens,hg38,chr20,31599000,31602000,,ID1,Enhancer,Silenced,Disease,colorectal carcinoma,MONDO:0005132,DOID:9256,Colon,UBERON:0001155,HCT116,CVCL_0291,colorectal carcinoma cell,CL:0000066,Putative enhancer screening,ChIP-seq, GRO-seq,Dual-luciferase reporter assay
2023,37346447,STAT3-Mediated Promoter-Enhancer Interaction Up-Regulates Inhibitor of DNA Binding 1 (ID1) to Promote Colon Cancer Progression,Homo sapiens,hg38,chr20,31599000,31602000,,ID1,Enhancer,Silenced,Disease,colorectal carcinoma,MONDO:0005132,DOID:9256,Colon,UBERON:0001155,LoVo,CVCL_0399,colorectal carcinoma cell,CL:0000066,Putative enhancer screening,ChIP-seq, GRO-seq,Dual-luciferase reporter assay
2023,38040699,SMARCB1 loss activates patient-specific distal oncogenic enhancers in malignant rhabdoid tumors,Homo sapiens,hg38,chr8,126800000,126900000,,MYC,SE,Active,Disease,malignant rhabdoid tumor,MONDO:0018669,DOID:0050776,Kidney,UBERON:0002113,MRT patient-derived organoids (P103),,malignant rhabdoid tumor cell,CL:0000066,Chromatin interaction assay, Enhancer activity assay, TF binding assay, Functional perturbation assay,Hi-C, 3C-seq, ATAC-seq, ChIP-seq, RNA-seq,3C-RT-qPCR, qRT-PCR, Western blot
2023,38040699,SMARCB1 loss activates patient-specific distal oncogenic enhancers in malignant rhabdoid tumors,Homo sapiens,hg38,chr8,128840000,128890000,,MYC,SE,Active,Disease,malignant rhabdoid tumor,MONDO:0018669,DOID:0050776,Kidney,UBERON:0002113,MRT patient-derived organoids (P103),,malignant rhabdoid tumor cell,CL:0000066,Chromatin interaction assay, Enhancer activity assay, TF binding assay, Functional perturbation assay,Hi-C, 3C-seq, ATAC-seq, ChIP-seq, RNA-seq,3C-RT-qPCR, qRT-PCR, Western blot
2023,38040699,SMARCB1 loss activates patient-specific distal oncogenic enhancers in malignant rhabdoid tumors,Homo sapiens,hg38,chr8,129440000,129740000,,MYC,SE,Active,Disease,malignant rhabdoid tumor,MONDO:0018669,DOID:0050776,Kidney,UBERON:0002113,MRT patient-derived organoids (P60),,malignant rhabdoid tumor cell,CL:0000066,Chromatin interaction assay, Enhancer activity assay, TF binding assay, Functional perturbation assay,3C-seq, ATAC-seq, ChIP-seq, RNA-seq,3C-RT-qPCR, qRT-PCR, Western blot
2025,40765356,Epigenetic remodeling and 3D chromatin reorganization governed by NKX2-1 drive neuroendocrine prostate cancer,Homo sapiens,hg38,chr12,102818723,103538731,ASCL1,ASCL1,Enhancer,Active,Disease,prostate cancer,MONDO:0008315,DOID:10283,Prostate,UBERON:0002367,LuCaP93 PDX,,patient-derived xenograft prostate carcinoma cell,CL:0000066,Chromatin interaction assay, Functional perturbation assay,Hi-C, ChIP-seq, RNA-seq,siRNA Knockdown, qRT-PCR, Western blot
2024,38454021,MYC activity at enhancers drives prognostic transcriptional programs through an epigenetic switch,Homo sapiens,hg38,chr20,54119731,54198946,MYC; ESR1,CYP24A1,Enhancer,Active,Disease,breast carcinoma,MONDO:0006120,DOID:1612,Breast,UBERON:0000310,MCF7 (ER+),CVCL_0031,breast carcinoma cell,CL:0000646,TF binding assay, Functional perturbation assay,ChIP-seq, RNA-seq,Fulvestrant treatment, RT-RT-qPCR
2023,37563118,Enhancer remodeling activates NOTCH3 signaling to confer chemoresistance in advanced nasopharyngeal carcinoma,Homo sapiens,hg38,chr1,39000000,39645000,,HEYL,Enhancer,Active,Disease,nasopharyngeal carcinoma,MONDO:0005350,DOID:9260,Nasopharynx,UBERON:0001714,CNE-2,CVCL_6889,nasopharyngeal carcinoma cell,CL:0000069,Enhancer activity assay, Functional perturbation assay,ChIP-seq, RNA-seq,ChIP-RT-qPCR, RT-RT-qPCR, Western blot
2025,40405227,HBV sequence integrated to enhancer acting as oncogenic driver epigenetically promotes hepatocellular carcinoma development,Homo sapiens,hg38,chr1,207851706,207940358,,CD34,Enhancer,Active,Disease,hepatocellular carcinoma,MONDO:0007256,DOID:684,Liver,UBERON:0002107,Huh7,CVCL_0336,hepatocellular carcinoma cell,CL:0000182,Enhancer activity assay, Functional perturbation assay,ChIP-seq, RNA-seq,ChIP-RT-qPCR, RT-RT-qPCR
2025,40405227,HBV sequence integrated to enhancer acting as oncogenic driver epigenetically promotes hepatocellular carcinoma development,Homo sapiens,hg38,chr17,50132536,50229638,,COL1A1,Enhancer,Active,Disease,hepatocellular carcinoma,MONDO:0007256,DOID:684,Liver,UBERON:0002107,Huh7,CVCL_0336,hepatocellular carcinoma cell,CL:0000182,Enhancer activity assay, Functional perturbation assay,ChIP-seq, RNA-seq,ChIP-RT-qPCR, RT-RT-qPCR
2025,40405227,HBV sequence integrated to enhancer acting as oncogenic driver epigenetically promotes hepatocellular carcinoma development,Homo sapiens,hg38,chr4,121743874,121852009,,CCNA2,Enhancer,Active,Disease,hepatocellular carcinoma,MONDO:0007256,DOID:684,Liver,UBERON:0002107,Huh7,CVCL_0336,hepatocellular carcinoma cell,CL:0000182,Enhancer activity assay, Functional perturbation assay,ChIP-seq, RNA-seq,ChIP-RT-qPCR, RT-RT-qPCR
2025,40405227,HBV sequence integrated to enhancer acting as oncogenic driver epigenetically promotes hepatocellular carcinoma development,Homo sapiens,hg38,chr5,1230131,1337133,,TERT,Enhancer,Active,Disease,hepatocellular carcinoma,MONDO:0007256,DOID:684,Liver,UBERON:0002107,Huh7,CVCL_0336,hepatocellular carcinoma cell,CL:0000182,Enhancer activity assay, Functional perturbation assay,ChIP-seq, RNA-seq,ChIP-RT-qPCR, RT-RT-qPCR
2020,33176148,ARID1A Mutations Promote P300-Dependent Endometrial Invasion through Super-Enhancer Hyperacetylation,Homo sapiens,hg38,chr7,100772345,100778921,,SERPINE1,Enhancer,Active,Disease,endometriosis,MONDO:0005302,DOID:289,Endometrium,UBERON:0001295,12Z human endometriosis epithelial cells,CVCL_UG04,endometriotic epithelial cell,CL:0000066,Enhancer activity assay, TF binding assay, Functional perturbation assay,ChIP-seq, RNA-seq, ATAC-seq, CUT&RUN,siRNA Knockdown, RT-RT-qPCR, Western blot
2025,41027000,ER stress upregulates S100A11 in steatohepatitis models via epigenetic modifications within the lipotoxicity-influenced enhancer,Homo sapiens,hg38,chr1,152019738,152021345,XBP1,S100A11,Enhancer,Active,Disease,hepatocellular carcinoma,MONDO:0007256,DOID:684,Liver,UBERON:0002107,Huh7 cells,CVCL_0336,hepatocellular carcinoma cell,CL:0000182,Enhancer activity assay,RNA-seq, ATAC-seq,Luciferase reporter assay, ChIP-RT-qPCR, RT-RT-qPCR
2025,39905017,Multi-locus CRISPRi targeting with a single truncated guide RNA,Homo sapiens,hg38,chr1,28883749,28884318,,EPB41,Enhancer,Active,Disease,chronic myeloid leukemia,MONDO:0011998,DOID:8552,Bone Marrow,UBERON:0002371,K562,CVCL_0004,chronic myeloid leukemia cell,CL:0001054,Functional perturbation assay,,CRISPRi, qRT-PCR
2024,39271656,Exploring the transcriptional cooperation between RUNX2 and its associated elncRNA RAIN,Homo sapiens,hg38,chr5,151674321,151709808,RUNX2,SPARC,Enhancer,Active,Disease,thyroid carcinoma,MONDO:0005075,DOID:3948,Thyroid,UBERON:0002046,TPC1,CVCL_6298,thyroid carcinoma cell,CL:0000066,Enhancer activity assay, TF binding assay, Chromatin interaction assay,ChIRP-seq, RNA-seq, ChIP-seq,RT-RT-qPCR, RIP assay, Western blot
2024,39271656,Exploring the transcriptional cooperation between RUNX2 and its associated elncRNA RAIN,Homo sapiens,hg38,chr5,151674321,151709808,RUNX2,SPARC,Enhancer,Active,Disease,thyroid carcinoma,MONDO:0005075,DOID:3948,Thyroid,UBERON:0002046,MDA-T41,CVCL_UC55,thyroid carcinoma cell,CL:0000066,Enhancer activity assay, TF binding assay, Chromatin interaction assay,ChIRP-seq, RNA-seq, ChIP-seq,RT-RT-qPCR, RIP assay, Western blot
2024,39271656,Exploring the transcriptional cooperation between RUNX2 and its associated elncRNA RAIN,Homo sapiens,hg38,chr1,218337520,218379240,RUNX2,TGFB2,Enhancer,Active,Disease,thyroid carcinoma,MONDO:0005075,DOID:3948,Thyroid,UBERON:0002046,TPC1,CVCL_6298,thyroid carcinoma cell,CL:0000066,Enhancer activity assay, TF binding assay, Chromatin interaction assay,ChIRP-seq, RNA-seq, ChIP-seq,RT-RT-qPCR, RIP assay, Western blot
2024,39271656,Exploring the transcriptional cooperation between RUNX2 and its associated elncRNA RAIN,Homo sapiens,hg38,chr1,218337520,218379240,RUNX2,TGFB2,Enhancer,Active,Disease,thyroid carcinoma,MONDO:0005075,DOID:3948,Thyroid,UBERON:0002046,MDA-T41,CVCL_UC55,thyroid carcinoma cell,CL:0000066,Enhancer activity assay, TF binding assay, Chromatin interaction assay,ChIRP-seq, RNA-seq, ChIP-seq,RT-RT-qPCR, RIP assay, Western blot
2024,39316719,Focal deletions of a promoter tether activate the IRX3 oncogene in T-cell acute lymphoblastic leukemia,Homo sapiens,hg38,chr16,54926631,54929466,,H3K27AC,Enhancer,Active,Disease,T-cell acute lymphoblastic leukemia,MONDO:0004947,DOID:0050890,Blood,UBERON:0000178,T-ALL cells,,T lymphoblast,CL:0002419,Chromatin conformation capture, Histone modification ChIP-sequencing,UMI-4C, H3K27ac HiChIP, H3K27ac ChIP-seq,qRT-PCR, and ChIP-qPCR
2026,41843552,Functional interrogation of candidate cis-regulatory elements at the LDLR locus,Homo sapiens,hg38,chr19,11090422,11091028,,LDLR,Enhancer,Active,Disease,hepatocellular carcinoma,MONDO:0007256,DOID:684,Liver,UBERON:0002107,HuH7 cells,CVCL_0336,hepatocellular carcinoma cell,CL:0000182,Functional perturbation assay,CRISPR screen,CRISPR knockout, CRISPRi, RT-RT-qPCR
2022,35849129,Systematic comparison of CRISPR-based transcriptional activators uncovers gene-regulatory features of enhancer-promoter interactions,Homo sapiens,hg38,chr11,17710000,17711000,,MYOD1,Enhancer,Active,Disease,cervical cancer,MONDO:0001156,DOID:2871,Cervix,UBERON:0000002,HeLa,CVCL_0030,cervical adenocarcinoma cell,CL:0000069,Functional perturbation assay,,CRISPR Knockout, CRISPRi, RT-RT-qPCR
2022,35849129,Systematic comparison of CRISPR-based transcriptional activators uncovers gene-regulatory features of enhancer-promoter interactions,Homo sapiens,hg38,chr11,17710000,17711000,,MYOD1,Enhancer,Active,Disease,chronic myeloid leukemia,MONDO:0011998,DOID:8552,Blood,UBERON:0000178,K562,CVCL_0004,chronic myeloid leukemia cell,CL:0001054,Functional perturbation assay,,CRISPR Knockout, CRISPRi, RT-RT-qPCR
2022,35849129,Comparison of dCas9-based transcriptional activators at human enhancer-promoter pairs,Homo sapiens,hg38,chr6,31130000,31131000,,POU5F1,Enhancer,Active,Disease,cervical cancer,MONDO:0001156,DOID:2871,Cervix,UBERON:0000002,HeLa,CVCL_0030,cervical adenocarcinoma cell,CL:0000069,Functional perturbation assay,,CRISPR Knockout, CRISPRi, RT-RT-qPCR
2022,35849129,Comparison of dCas9-based transcriptional activators at human enhancer-promoter pairs,Homo sapiens,hg38,chr6,31130000,31131000,,POU5F1,Enhancer,Active,Disease,chronic myeloid leukemia,MONDO:0011998,DOID:8552,Blood,UBERON:0000178,K562,CVCL_0004,chronic myeloid leukemia cell,CL:0001054,Functional perturbation assay,,CRISPR Knockout, CRISPRi, RT-RT-qPCR
2023,37430065,The Mediator complex regulates enhancer-promoter interactions,Homo sapiens,hg38,chr1,7995001,8260000,,ERRFI1,Enhancer,Active,Disease,colorectal carcinoma,MONDO:0005132,DOID:9256,Colon,UBERON:0001155,Human colorectal carcinoma cell,,colorectal carcinoma cell,CL:0000066,Chromatin interaction assay, Functional perturbation assay,Capture-C, Micro-Capture-C, ChIP-seq, CUT&Tag, ATAC-seq, TT-seq,Western blot
2023,37430065,The Mediator complex regulates enhancer-promoter interactions,Homo sapiens,hg38,chr12,65260000,66115000,,HMGA2,Enhancer,Active,Disease,colorectal carcinoma,MONDO:0005132,DOID:9256,Colon,UBERON:0001155,Human colorectal carcinoma cell,,colorectal carcinoma cell,CL:0000066,Chromatin interaction assay, Functional perturbation assay,Capture-C, Micro-Capture-C, Tiled-MCC, ChIP-seq, CUT&Tag, ATAC-seq, TT-seq,Western blot
2023,37430065,The Mediator complex regulates enhancer-promoter interactions,Homo sapiens,hg38,chr17,40880001,41560000,,KRT19,Enhancer,Active,Disease,colorectal carcinoma,MONDO:0005132,DOID:9256,Colon,UBERON:0001155,Human colorectal carcinoma cell,,colorectal carcinoma cell,CL:0000066,Chromatin interaction assay, Functional perturbation assay,Capture-C, Micro-Capture-C, ChIP-seq, CUT&Tag, ATAC-seq, TT-seq,Western blot
2023,37430065,The Mediator complex regulates enhancer-promoter interactions,Homo sapiens,hg38,chr2,181380000,182280000,,ITPRID2,Enhancer,Active,Disease,colorectal carcinoma,MONDO:0005132,DOID:9256,Colon,UBERON:0001155,Human colorectal carcinoma cell,,colorectal carcinoma cell,CL:0000066,Chromatin interaction assay, Functional perturbation assay,Capture-C, Micro-Capture-C, Tiled-MCC, ChIP-seq, CUT&Tag, ATAC-seq, TT-seq,Western blot
2023,37430065,The Mediator complex regulates enhancer-promoter interactions,Homo sapiens,hg38,chr8,126650000,129950000,,MYC,Enhancer,Active,Disease,colorectal carcinoma,MONDO:0005132,DOID:9256,Colon,UBERON:0001155,Human colorectal carcinoma cell,,colorectal carcinoma cell,CL:0000066,Chromatin interaction assay, Functional perturbation assay,Capture-C, Micro-Capture-C, Tiled-MCC, ChIP-seq, CUT&Tag, ATAC-seq, TT-seq,Western blot
2023,37430065,The Mediator complex regulates enhancer-promoter interactions,Homo sapiens,hg38,chr9,21096000,22491000,,MTAP,Enhancer,Active,Disease,colorectal carcinoma,MONDO:0005132,DOID:9256,Colon,UBERON:0001155,Human colorectal carcinoma cell,,colorectal carcinoma cell,CL:0000066,Chromatin interaction assay, Functional perturbation assay,Capture-C, Micro-Capture-C, Tiled-MCC, ChIP-seq, CUT&Tag, ATAC-seq, TT-seq,Western blot
2022,34049825,Epigenome editing of the CFTR-locus for treatment of Cystic Fibrosis,Homo sapiens,hg38,chr7,117523000,117524000,,CFTR,Enhancer,Active,Disease,colorectal carcinoma,MONDO:0005132,DOID:9256,Colon,UBERON:0001155,HT29,CVCL_0320,colorectal carcinoma cell,CL:0000066,Functional perturbation assay,,CRISPR Knockout, CRISPRi, RT-RT-qPCR, Western blot
2024,38404767,Germline PDCD1 and CD274 variants modulate clinical outcomes and immune-related adverse events in NSCLC patients treated with immune checkpoint inhibitors,Homo sapiens,hg38,chr9,5451500,5451650,CEBPA,CD274,Enhancer,Active,Disease,non-small cell lung carcinoma,MONDO:0005233,DOID:3908,Lung,UBERON:0002048,NSCLC cell lines,,non-small cell lung carcinoma cell,CL:0000066,Enhancer activity assay, TF binding assay,RNA-seq,Luciferase Reporter Assay, ChIP-RT-qPCR, EMSA
2025,40765356,Epigenetic remodeling and 3D chromatin reorganization governed by NKX2-1 drive neuroendocrine prostate cancer,Homo sapiens,hg38,chr7,27089386,27207428,FOXA2,HOXA1,SE,Active,Disease,prostate cancer,MONDO:0008315,DOID:10283,Prostate,UBERON:0002367,LuNE,,prostate carcinoma cell,CL:0000066,Enhancer activity assay, Functional perturbation assay,ChIP-seq, RNA-seq,Western blot, qRT-PCR, CCK-8 Assay
2023,36959177,Mena regulates nesprin-2 to control actin-nuclear lamina associations, trans-nuclear membrane signalling and gene expression,Homo sapiens,hg38,chr3,157437977,157438893,,PTX3,Enhancer,Silenced,Disease,cutaneous squamous cell carcinoma,MONDO:0005058,DOID:1749,Skin,UBERON:0000014,Met4 cSCC cells,CVCL_UE24,cutaneous squamous cell carcinoma cell,CL:0000066,Chromatin interaction assay, Functional perturbation assay,DamID-seq, RNA-seq,CRISPR Knockout, qRT-PCR
2018,29563176,The first enhancer in an enhancer chain safeguards subsequent enhancer-promoter contacts from a distance,Homo sapiens,hg38,chr16,67559907,67561907,,CTCF,Enhancer,Active,Disease,chronic myeloid leukemia,MONDO:0011998,DOID:8552,Blood,UBERON:0000178,K562 cells,CVCL_0004,chronic myeloid leukemia cell,CL:0001054,Enhancer chain 3D regulation study, Chromatin interaction assay,,3C, RT-RT-qPCR
2026,41827844,MGMT Promoter and Enhancer Methylation in Melanoma Brain Metastases and Glioblastoma: Shared and Distinct Features,Homo sapiens,hg38,chr10,128906630,128909942,,MGMT,Enhancer,Active,Disease,glioblastoma,MONDO:0005142,DOID:3070,Brain,UBERON:0000955,Primary tumor tissue,,glioblastoma cell,CL:0000127,Enhancer activity assay, Functional perturbation assay,,Transgenic reporter assay, CRISPR knockout
2026,41843552,Functional interrogation of candidate cis-regulatory elements at the LDLR locus,Homo sapiens,hg38,chr19,11090550,11090678,,LDLR,Enhancer,Active,Disease,hepatocellular carcinoma,MONDO:0007256,DOID:684,Liver,UBERON:0002107,HuH7 cells,CVCL_0336,hepatocellular carcinoma cell,CL:0000182,Enhancer activity assay,MPRA,Luciferase reporter assay
2025,40301309,Drug-induced cis-regulatory elements in human hepatocytes affect molecular phenotypes associated with adverse reactions,Homo sapiens,hg38,chr2,233768020,233768954,,UGT1A1,Enhancer,Active,Disease,hepatocellular carcinoma,MONDO:0007256,DOID:684,Liver,UBERON:0002107,HepaRG cells,CVCL_5J53,hepatocellular carcinoma cell,CL:0000182,Enhancer activity assay,CAGE,CRISPRi
2023,37591883,High-sensitive nascent transcript sequencing reveals BRD4-specific control of widespread enhancer and target gene transcription,Homo sapiens,hg38,chr19,40464709,40464990,,,Enhancer,Active,Disease,chronic myeloid leukemia,MONDO:0011998,DOID:8552,Blood,UBERON:0000178,K-562,CVCL_0004,chronic myeloid leukemia cell,CL:0001054,Enhancer identification, Transcriptional regulation assay,HiS-NET-seq, ChIP-Rx, GRO-cap,Dual-luciferase reporter assay
2023,37591883,High-sensitive nascent transcript sequencing reveals BRD4-specific control of widespread enhancer and target gene transcription,Homo sapiens,hg38,chr1,244970941,244971645,,,Enhancer,Active,Disease,chronic myeloid leukemia,MONDO:0011998,DOID:8552,Blood,UBERON:0000178,K-562,CVCL_0004,chronic myeloid leukemia cell,CL:0001054,Enhancer identification, Transcriptional regulation assay,HiS-NET-seq, ChIP-Rx, GRO-cap,Dual-luciferase reporter assay
2023,37591883,High-sensitive nascent transcript sequencing reveals BRD4-specific control of widespread enhancer and target gene transcription,Homo sapiens,hg38,chr21,46325282,46325509,,,Enhancer,Active,Disease,chronic myeloid leukemia,MONDO:0011998,DOID:8552,Blood,UBERON:0000178,K-562,CVCL_0004,chronic myeloid leukemia cell,CL:0001054,Enhancer identification, Transcriptional regulation assay,HiS-NET-seq, ChIP-Rx, GRO-cap,Dual-luciferase reporter assay
2023,37591883,High-sensitive nascent transcript sequencing reveals BRD4-specific control of widespread enhancer and target gene transcription,Homo sapiens,hg38,chr19,48872999,48873182,,,Enhancer,Active,Disease,chronic myeloid leukemia,MONDO:0011998,DOID:8552,Blood,UBERON:0000178,K-562,CVCL_0004,chronic myeloid leukemia cell,CL:0001054,Enhancer identification, Transcriptional regulation assay,HiS-NET-seq, ChIP-Rx, GRO-cap,Dual-luciferase reporter assay
2023,37591883,High-sensitive nascent transcript sequencing reveals BRD4-specific control of widespread enhancer and target gene transcription,Homo sapiens,hg38,chr19,46786236,46786920,,,Enhancer,Active,Disease,chronic myeloid leukemia,MONDO:0011998,DOID:8552,Blood,UBERON:0000178,K-562,CVCL_0004,chronic myeloid leukemia cell,CL:0001054,Enhancer identification, Transcriptional regulation assay,HiS-NET-seq, ChIP-Rx, GRO-cap,Dual-luciferase reporter assay
2023,37591883,High-sensitive nascent transcript sequencing reveals BRD4-specific control of widespread enhancer and target gene transcription,Homo sapiens,hg38,chr1,42958018,42958389,,,Enhancer,Active,Disease,chronic myeloid leukemia,MONDO:0011998,DOID:8552,Blood,UBERON:0000178,K-562,CVCL_0004,chronic myeloid leukemia cell,CL:0001054,Enhancer identification, Transcriptional regulation assay,HiS-NET-seq, ChIP-Rx, GRO-cap,Dual-luciferase reporter assay
2023,37591883,High-sensitive nascent transcript sequencing reveals BRD4-specific control of widespread enhancer and target gene transcription,Homo sapiens,hg38,chr17,51121344,51122474,,,Enhancer,Active,Disease,chronic myeloid leukemia,MONDO:0011998,DOID:8552,Blood,UBERON:0000178,K-562,CVCL_0004,chronic myeloid leukemia cell,CL:0001054,Enhancer identification, Transcriptional regulation assay,HiS-NET-seq, ChIP-Rx, GRO-cap,Dual-luciferase reporter assay
2023,37591883,High-sensitive nascent transcript sequencing reveals BRD4-specific control of widespread enhancer and target gene transcription,Homo sapiens,hg38,chr19,43754969,43756655,,,Enhancer,Active,Disease,chronic myeloid leukemia,MONDO:0011998,DOID:8552,Blood,UBERON:0000178,K-562,CVCL_0004,chronic myeloid leukemia cell,CL:0001054,Enhancer identification, Transcriptional regulation assay,HiS-NET-seq, ChIP-Rx, GRO-cap,Dual-luciferase reporter assay
2023,37591883,High-sensitive nascent transcript sequencing reveals BRD4-specific control of widespread enhancer and target gene transcription,Homo sapiens,hg38,chr17,74875718,74876890,,,Enhancer,Active,Disease,chronic myeloid leukemia,MONDO:0011998,DOID:8552,Blood,UBERON:0000178,K-562,CVCL_0004,chronic myeloid leukemia cell,CL:0001054,Enhancer identification, Transcriptional regulation assay,HiS-NET-seq, ChIP-Rx, GRO-cap,Dual-luciferase reporter assay
2023,37591883,High-sensitive nascent transcript sequencing reveals BRD4-specific control of widespread enhancer and target gene transcription,Homo sapiens,hg38,chr6,28895115,28896348,,,Enhancer,Active,Disease,Burkitt lymphoma,MONDO:0002483,DOID:8582,Lymph node,UBERON:0000029,Namalwa (B-lymphocyte),CVCL_0128,Burkitt lymphoma cell,CL:0000945,Enhancer identification, Transcriptional regulation assay,HiS-NET-seq, ChIP-Rx, GRO-cap,Dual-luciferase reporter assay
2023,37664846,The NR2F2-HAND2 signaling axis regulates progesterone actions in the uterus at early pregnancy,Homo sapiens,hg38,chr4,173516002,173519662,,HAND2,Enhancer,Active,Disease,meningioma,MONDO:0005149,DOID:3565,Meninges,UBERON:0002360,Patient-derived meningioma primary cells,,meningioma cell,CL:0000127,Enhancer activity assay, Functional perturbation assay,,CRISPR Activation (CRISPRa), qRT-PCR
2025,39870618,Genetic coupling of enhancer activity and connectivity in gene expression control,Homo sapiens,hg38,chr14,24058261,24058761,CTCF,PCK2,Enhancer,Active,Disease,glioblastoma,MONDO:0005142,DOID:3070,Brain,UBERON:0000955,U373MG,CVCL_2219,glioblastoma cell,CL:0000127,Chromatin interaction assay, TF binding assay,ATAC-seq, Capture Hi-C,ChIP-RT-qPCR, 4C-seq
2019,31300060,CCAAT/enhancer-binding protein delta regulates the stemness of glioma stem-like cells through activating PDGFA expression upon inflammatory stimulation,Homo sapiens,hg38,chr7,5509938,5510616,CEBPD,PDGFA,Enhancer,Active,Disease,glioblastoma,MONDO:0005142,DOID:3070,Brain,UBERON:0000955,T98G,CVCL_0556,glioblastoma cell,CL:0000127,Enhancer activity assay, TF binding assay, Functional perturbation assay,Microarray, RNA-seq,Luciferase Reporter Assay, ChIP-RT-qPCR, siRNA Knockdown, shRNA Knockdown, RT-RT-qPCR, Western blot, Immunohistochemistry
2019,31300060,CCAAT/enhancer-binding protein delta regulates the stemness of glioma stem-like cells through activating PDGFA expression upon inflammatory stimulation,Homo sapiens,hg38,chr7,5509938,5510616,CEBPD,PDGFA,Enhancer,Active,Disease,glioblastoma,MONDO:0005142,DOID:3070,Brain,UBERON:0000955,primary glioblastoma cells (PT#3),,glioblastoma cell,CL:0000127,Enhancer activity assay, TF binding assay, Functional perturbation assay,Microarray, RNA-seq,Luciferase Reporter Assay, ChIP-RT-qPCR, siRNA Knockdown, shRNA Knockdown, RT-RT-qPCR, Western blot, Immunohistochemistry
2019,31300060,CCAAT/enhancer-binding protein delta regulates the stemness of glioma stem-like cells through activating PDGFA expression upon inflammatory stimulation,Homo sapiens,hg38,chr7,5509938,5510616,CEBPD,PDGFA,Enhancer,Active,Disease,glioblastoma,MONDO:0005142,DOID:3070,Brain,UBERON:0000955,glioma stem-like cells (GSCs),,glioma stem cell,CL:0000127,Enhancer activity assay, TF binding assay, Functional perturbation assay,Microarray, RNA-seq,Luciferase Reporter Assay, ChIP-RT-qPCR, siRNA Knockdown, shRNA Knockdown, RT-RT-qPCR, Western blot, Immunohistochemistry
2017,29227829,A long noncoding RNA from the HBS1L-MYB intergenic region on chr6q23 regulates human fetal hemoglobin expression,Homo sapiens,hg38,chr6,135178878,135180878,,MYB,Enhancer,Active,Disease,osteosarcoma,MONDO:0005087,DOID:3347,Bone,UBERON:0001474,Osteosarcoma cells,,osteosarcoma cell,CL:0000062,Enhancer functional validation, Chromatin interaction assay,,3C, RT-RT-qPCR, Western blot
2020,31937612,Targeting Super-Enhancer-Associated Oncogenes in Osteosarcoma with THZ2, a Covalent CDK7 Inhibitor,Homo sapiens,hg38,chr5,69232027,69234027,,CDK7,Enhancer,Active,Disease,chronic myeloid leukemia,MONDO:0011998,DOID:8552,Bone marrow,UBERON:0002371,Leukemia cell lines,,chronic myeloid leukemia cell,CL:0001054,Super-enhancer targeting therapy study, Chromatin interaction assay,,3C, RT-RT-qPCR, Western blot
2019,31890812,Expression analysis data of BCL11A and ??-globin genes in KU812 and KG-1 cell lines after CRISPR/Cas9-mediated BCL11A enhancer deletion,Homo sapiens,hg38,chr2,60447611,60449611,,BCL11A,Enhancer,Active,Disease,lung carcinoma,MONDO:0005061,DOID:1324,Lung,UBERON:0002048,Lung carcinoma cells,,lung carcinoma cell,CL:0000066,Enhancer CRISPR perturbation study, Chromatin interaction assay,,3C, RT-RT-qPCR
2019,31127282,Acute depletion of CTCF directly affects MYC regulation through loss of enhancer-promoter looping,Homo sapiens,hg38,chr16,67559749,67561749,,CTCF,Enhancer,Active,Disease,breast carcinoma,MONDO:0006120,DOID:1612,Breast,UBERON:0000310,Breast carcinoma cells,,breast carcinoma cell,CL:0000646,CTCF 3D genome regulation study, Chromatin interaction assay,,3C, RT-RT-qPCR
2025,40164603,Enhancer RNA transcription pinpoints functional genetic variants linked to asthma,Homo sapiens,hg38,chr5,143200112,143200889,,NR3C1,Enhancer,Silenced,Disease,hepatocellular carcinoma,MONDO:0007256,DOID:684,Liver,UBERON:0002107,HepaRG cells,CVCL_5J53,hepatocellular carcinoma cell,CL:0000182,Enhancer activity assay,PRO-seq,Luciferase reporter assay
2025,40301309,Drug-induced cis-regulatory elements in human hepatocytes affect molecular phenotypes associated with adverse reactions,Homo sapiens,hg38,chr20,54107388,54107945,,CYP24A1,Enhancer,Active,Disease,glioblastoma,MONDO:0005142,DOID:3070,Brain,UBERON:0000955,DBTRG-05MG cells,CVCL_1166,glioblastoma cell,CL:0000127,Super-enhancer activity assay,CAGE,Luciferase reporter assay
2025,39889913,Enhancer RNA from STAT3 locus affects temozolomide chemoresistance of glioblastoma cells,Homo sapiens,hg38,chr17,42409879,42412035,,STAT3,Enhancer,Active,Disease,pancreatic ductal adenocarcinoma,MONDO:0005147,DOID:3490,Pancreas,UBERON:0001264,PANC-1,CVCL_0480,pancreatic ductal adenocarcinoma cell,CL:0000066,Enhancer activity assay,,Luciferase reporter assay, RT-RT-qPCR
2025,40781158,ALDH1A3 promotes aggressive basal-like pancreatic cancer through an AP-1/RUNX2 enhancer network,Homo sapiens,hg38,chr17,20128500,20157500,,MAP2K3,Enhancer,Active,Disease,pancreatic ductal adenocarcinoma,MONDO:0005147,DOID:3490,Pancreas,UBERON:0001264,PANC-1,CVCL_0480,pancreatic ductal adenocarcinoma cell,CL:0000066,TF binding assay, Enhancer activity assay,CUT&Tag, RNA-seq,RT-RT-qPCR, Western blot
2025,40781158,ALDH1A3 promotes aggressive basal-like pancreatic cancer through an AP-1/RUNX2 enhancer network,Homo sapiens,hg38,chr4,103422500,103651500,,NFKB1,Enhancer,Active,Disease,pancreatic ductal adenocarcinoma,MONDO:0005147,DOID:3490,Pancreas,UBERON:0001264,PANC-1,CVCL_0480,pancreatic ductal adenocarcinoma cell,CL:0000066,TF binding assay, Enhancer activity assay,CUT&Tag, RNA-seq,RT-RT-qPCR, Western blot
2025,40781158,ALDH1A3 promotes aggressive basal-like pancreatic cancer through an AP-1/RUNX2 enhancer network,Homo sapiens,hg38,chr4,75314500,75378500,,EREG,Enhancer,Active,Disease,pancreatic ductal adenocarcinoma,MONDO:0005147,DOID:3490,Pancreas,UBERON:0001264,PANC-1,CVCL_0480,pancreatic ductal adenocarcinoma cell,CL:0000066,TF binding assay, Enhancer activity assay,CUT&Tag, RNA-seq,RT-RT-qPCR, Western blot
2024,39333082,A cell type-aware framework for nominating non-coding variants in Mendelian regulatory disorders,Homo sapiens,hg38,chr22,27493955,27497536,,MN1,Enhancer,Active,Disease,pancreatic ductal adenocarcinoma,MONDO:0005147,DOID:3490,Pancreas,UBERON:0001264,BxPC-3,CVCL_0186,pancreatic ductal adenocarcinoma cell,CL:0000066,Enhancer activity assay, Chromatin interaction assay,scATAC-seq, scRNA-seq, scCUT&Tag,Transgenic Reporter Assay
2025,40611281,LNP-enclosed NamiRNA inhibits pancreatic cancer proliferation and migration via dual pathways,Homo sapiens,hg38,chr12,6955000,6975000,,PTPN6,Enhancer,Active,Disease,hepatocellular carcinoma,MONDO:0007256,DOID:684,Liver,UBERON:0002107,HepG2,CVCL_0027,hepatocellular carcinoma cell,CL:0000182,Enhancer activity assay, TF binding assay,ChIP-seq,ChIP-RT-qPCR, qRT-PCR
2022,36263180,HDAC5-mediated Smad7 silencing through MEF2A is critical for fibroblast activation and hypertrophic scar formation,Homo sapiens,hg38,chr18,48949564,48951076,MEF2A,SMAD7,Enhancer,Active,Disease,hepatocellular carcinoma,MONDO:0007256,DOID:684,Liver,UBERON:0002107,HuH7 cells,CVCL_0336,hepatocellular carcinoma cell,CL:0000182,Enhancer activity assay, TF binding assay,,Luciferase Reporter Assay, ChIP-RT-qPCR
2026,41843552,Functional interrogation of candidate cis-regulatory elements at the LDLR locus,Homo sapiens,hg38,chr19,11090150,11090715,,LDLR,Enhancer,Active,Disease,tongue squamous cell carcinoma,MONDO:0005084,DOID:8648,Tongue,UBERON:0001723,SCC25,CVCL_1682,tongue squamous cell carcinoma cell,CL:0000069,Enhancer activity assay,,Transgenic reporter assay
2024,38443991,KLF7 regulates super-enhancer-driven IGF2BP2 overexpression to promote the progression of head and neck squamous cell carcinoma,Homo sapiens,hg38,chr3,185824281,185824602,KLF7,IGF2BP2,Enhancer,Active,Disease,tongue squamous cell carcinoma,MONDO:0005084,DOID:8648,Tongue,UBERON:0001723,CAL27,CVCL_1107,tongue squamous cell carcinoma cell,CL:0000069,Enhancer activity assay, TF binding assay,,Luciferase Reporter Assay, ChIP-RT-qPCR, RT-RT-qPCR, Western blot
2023,36639729,Therapeutic adenine base editing of human hematopoietic stem cells,Homo sapiens,hg38,chr11,5227000,5227060,,HBG2,Enhancer,Silenced,Disease,glioblastoma,MONDO:0005142,DOID:3070,Brain,UBERON:0000955,Primary tumor tissue,,glioblastoma cell,CL:0000127,Functional perturbation assay, Enhancer activity assay,RNA-seq,Adenine base editing, RT-RT-qPCR, RP-HPLC
2026,41827844,MGMT Promoter and Enhancer Methylation in Melanoma Brain Metastases and Glioblastoma: Shared and Distinct Features,Homo sapiens,hg38,chr10,128568604,128569741,,MGMT,Enhancer,Active,Disease,glioblastoma,MONDO:0005142,DOID:3070,Brain,UBERON:0000955,Primary tumor tissue,,glioblastoma cell,CL:0000127,Enhancer activity assay,,Transgenic reporter assay
2026,41827844,MGMT Promoter and Enhancer Methylation in Melanoma Brain Metastases and Glioblastoma: Shared and Distinct Features,Homo sapiens,hg38,chr10,129033193,129034911,,MGMT,Enhancer,Active,Disease,glioblastoma,MONDO:0005142,DOID:3070,Brain,UBERON:0000955,Primary tumor tissue,,glioblastoma cell,CL:0000127,Enhancer activity assay,,Transgenic reporter assay
2024,39223609,Enhlink infers distal and context-specific enhancer-promoter linkages,Homo sapiens,hg38,chr12,110907461,110909456,,MYL2,Enhancer,Active,Disease,breast carcinoma,MONDO:0006120,DOID:1612,Breast,UBERON:0000310,MCF-7,CVCL_0031,breast carcinoma cell,CL:0000646,Enhancer activity assay,,qRT-PCR, and ChIP-qPCR
2024,37906431,Metabolomic Rewiring Promotes Endocrine Therapy Resistance in Breast Cancer,Homo sapiens,hg38,chr21,42879000,42881000,ESR1,TFF1,Enhancer,Active,Disease,breast carcinoma,MONDO:0006120,DOID:1612,Breast,UBERON:0000310,T47D,CVCL_0553,breast carcinoma cell,CL:0000646,Functional perturbation assay, Enhancer activity assay, Chromatin interaction assay,Hi-C, ChIP-seq, RNA-seq,CRISPR Knockout, CRISPRi, Luciferase Reporter Assay, RT-RT-qPCR, Western blot
2024,37906431,Metabolomic Rewiring Promotes Endocrine Therapy Resistance in Breast Cancer,Homo sapiens,hg38,chr21,42879000,42881000,ESR1,TFF3,Enhancer,Active,Disease,breast carcinoma,MONDO:0006120,DOID:1612,Breast,UBERON:0000310,MCF-7,CVCL_0031,breast carcinoma cell,CL:0000646,Functional perturbation assay, Enhancer activity assay, Chromatin interaction assay,Hi-C, ChIP-seq, RNA-seq,CRISPR Knockout, CRISPRi, Luciferase Reporter Assay, RT-RT-qPCR, Western blot
2024,37906431,Metabolomic Rewiring Promotes Endocrine Therapy Resistance in Breast Cancer,Homo sapiens,hg38,chr6,39090000,39092000,ESR1,KCNK5,Enhancer,Active,Disease,breast carcinoma,MONDO:0006120,DOID:1612,Breast,UBERON:0000310,T47D,CVCL_0553,breast carcinoma cell,CL:0000646,Functional perturbation assay, Enhancer activity assay, Chromatin interaction assay,Hi-C, ChIP-seq, RNA-seq,CRISPR Knockout, CRISPRi, Luciferase Reporter Assay, RT-RT-qPCR, Western blot
2024,37906431,Metabolomic Rewiring Promotes Endocrine Therapy Resistance in Breast Cancer,Homo sapiens,hg38,chr6,39090000,39092000,ESR1,KCNK5,Enhancer,Active,Disease,breast carcinoma,MONDO:0006120,DOID:1612,Breast,UBERON:0000310,MCF-7,CVCL_0031,breast carcinoma cell,CL:0000646,Functional perturbation assay, Enhancer activity assay, Chromatin interaction assay,Hi-C, ChIP-seq, RNA-seq,CRISPR Knockout, CRISPRi, Luciferase Reporter Assay, RT-RT-qPCR, Western blot
2024,37906431,Metabolomic Rewiring Promotes Endocrine Therapy Resistance in Breast Cancer,Homo sapiens,hg38,chr11,61600000,61602000,ESR1,P2RY2,Enhancer,Active,Disease,breast carcinoma,MONDO:0006120,DOID:1612,Breast,UBERON:0000310,T47D,CVCL_0553,breast carcinoma cell,CL:0000646,Functional perturbation assay, Enhancer activity assay, Chromatin interaction assay,Hi-C, ChIP-seq, RNA-seq,CRISPR Knockout, CRISPRi, Luciferase Reporter Assay, RT-RT-qPCR, Western blot
2024,37906431,Metabolomic Rewiring Promotes Endocrine Therapy Resistance in Breast Cancer,Homo sapiens,hg38,chr11,61600000,61602000,ESR1,P2RY2,Enhancer,Active,Disease,breast carcinoma,MONDO:0006120,DOID:1612,Breast,UBERON:0000310,MCF-7,CVCL_0031,breast carcinoma cell,CL:0000646,Functional perturbation assay, Enhancer activity assay, Chromatin interaction assay,Hi-C, ChIP-seq, RNA-seq,CRISPR Knockout, CRISPRi, Luciferase Reporter Assay, RT-RT-qPCR, Western blot
2024,37906431,Metabolomic Rewiring Promotes Endocrine Therapy Resistance in Breast Cancer,Homo sapiens,hg38,chr11,101800000,101802000,ESR1,PGR,Enhancer,Active,Disease,breast carcinoma,MONDO:0006120,DOID:1612,Breast,UBERON:0000310,T47D,CVCL_0553,breast carcinoma cell,CL:0000646,Functional perturbation assay, Enhancer activity assay, Chromatin interaction assay,Hi-C, ChIP-seq, RNA-seq,CRISPR Knockout, CRISPRi, Luciferase Reporter Assay, RT-RT-qPCR, Western blot
2024,38417378,Identification of a distal enhancer regulating hedgehog interacting protein gene in human lung epithelial cells,Homo sapiens,hg38,chr4,144579000,144586000,SMAD3,HHIP,Enhancer,Active,Disease,acute myeloid leukemia,MONDO:0018874,DOID:9119,Bone marrow,UBERON:0002371,Kasumi-1,CVCL_0589,acute myeloid leukemia cell,CL:0001054,Enhancer activity assay, TF binding assay, Chromatin interaction assay, Functional perturbation assay,snATAC-seq, Hi-C, ChIP-seq,Luciferase Reporter Assay, ChIP-RT-qPCR, CRISPR Knockout/CRISPRi, RT-RT-qPCR, Western blot, 3C-RT-qPCR
2022,36301402,The Tumor Invasion Paradox in Cancer Stem Cell-Driven Solid Tumors,Homo sapiens,hg38,chr15,40931917,40933388,,NSMCE3,Enhancer,Active,Disease,T-cell acute lymphoblastic leukemia,MONDO:0004947,DOID:0050890,Blood,UBERON:0000178,Jurkat,CVCL_0065,T lymphoblast,CL:0002419,Enhancer activity assay, Functional perturbation assay,Hi-C, ATAC-seq, CUT&Tag, RNA-seq,Luciferase Reporter Assay, CRISPRi, RT-RT-qPCR
2025,41129262,The hematopoietic stem cell MYB enhancer is essential and recurrently amplified during T-cell leukemogenesis,Homo sapiens,hg38,chr6,135323327,135323580,ETS1,MYB,Enhancer,Active,Disease,hepatocellular carcinoma,MONDO:0007256,DOID:684,Liver,UBERON:0002107,HepG2,CVCL_0027,hepatocellular carcinoma cell,CL:0000182,Enhancer activity assay, Functional perturbation assay,ATAC-seq, ChIP-seq, RNA-seq,Luciferase Reporter Assay, CRISPRi, RT-RT-qPCR
2024,38493444,Integrative regulation of hLMR1 by dietary and genetic factors in nonalcoholic fatty liver disease and hyperlipidemia,Homo sapiens,hg38,chr16,81157582,81157701,SREBP1C,HLMR1,Enhancer,Active,Disease,T-cell acute lymphoblastic leukemia,MONDO:0004947,DOID:0050890,Blood,UBERON:0000178,Jurkat cells,CVCL_0065,T lymphoblast,CL:0002419,Enhancer activity assay, TF binding assay, Functional perturbation assay,ChIP-seq, RNA-seq,Luciferase Reporter Assay, ChIP-RT-qPCR, CRISPR Base Editing, RT-RT-qPCR
2024,39196225,A transcriptional enhancer regulates cardiac maturation,Homo sapiens,hg38,chr1,154149500,154150000,MEF2A,ACTN2,Enhancer,Active,Disease,Burkitt lymphoma,MONDO:0002483,DOID:8582,Blood,UBERON:0000178,Raji,CVCL_0511,Burkitt lymphoma cell,CL:0000945,Enhancer activity assay, TF binding assay,ChIP-seq, ATAC-seq, RNA-seq,Luciferase Reporter Assay, ChIP-RT-qPCR, CRISPR Knockout, RT-RT-qPCR
2024,37994973,rs10924104 in the expression enhancer motif of CD58 confers susceptibility to human autoimmune diseases,Homo sapiens,hg38,chr1,116506181,116506381,ZNF35,CD58,Enhancer,Active,Disease,acute monocytic leukemia,MONDO:0005025,DOID:0080147,Blood,UBERON:0000178,THP-1,CVCL_0006,acute monocytic leukemia cell,CL:0000576,Enhancer activity assay, TF binding assay, Chromatin interaction assay, Functional perturbation assay,Hi-C,Luciferase Reporter Assay, CRISPR Knockout, ChIP-RT-qPCR, EMSA, RT-RT-qPCR
2024,38862995,Mechanism of ERBB2 gene overexpression by the formation of super-enhancer with genomic structural abnormalities in lung adenocarcinoma without clinically actionable genetic alterations,Homo sapiens,hg38,chr17,39611085,39689899,,ERBB2,Enhancer,Active,Disease,hepatocellular carcinoma,MONDO:0007256,DOID:684,Liver,UBERON:0002107,HepG2,CVCL_0027,hepatocellular carcinoma cell,CL:0000182,Enhancer activity assay, Chromatin interaction assay, Functional perturbation assay,ChIP-seq, WGS, Hi-C, RNA-seq,CRISPR Knockout, RT-RT-qPCR, FACS, Western blot
2022,36224171,Lineage-selective super enhancers mediate core regulatory circuitry during adipogenic and osteogenic differentiation of human mesenchymal stem cells,Homo sapiens,hg38,chr21,36282225,36337655,,RUNX1,Enhancer,Active,Disease,acute myeloid leukemia,MONDO:0018874,DOID:9119,Bone marrow,UBERON:0002371,Kasumi-1,CVCL_0589,acute myeloid leukemia cell,CL:0001054,Functional perturbation assay, Chromatin interaction assay,ChIP-seq, Hi-C,CRISPR knockout, RT-RT-qPCR
2022,36301402,The Tumor Invasion Paradox in Cancer Stem Cell-Driven Solid Tumors,Homo sapiens,hg38,chr2,212609118,212811039,,IKZF2,Enhancer,Silenced,Disease,cervical cancer,MONDO:0001156,DOID:2871,Cervix,UBERON:0000002,SiHa,CVCL_0032,cervical squamous cell carcinoma cell,CL:0000069,Chromatin interaction assay, Functional perturbation assay,Hi-C, 4C-seq, CUT&Tag, RNA-seq,CRISPRi, DNA FISH, RT-RT-qPCR
2025,39964764,Super-enhancer-driven EFNA1 fuels tumor progression in cervical cancer via the FOSL2-Src/AKT/STAT3 axis,Homo sapiens,hg38,chr1,155100545,155103815,FOSL2,EFNA1,Enhancer,Active,Disease,thyroid carcinoma,MONDO:0005075,DOID:3948,Thyroid,UBERON:0002046,TPC1,CVCL_6298,thyroid carcinoma cell,CL:0000066,Enhancer activity assay, Functional perturbation assay, Chromatin interaction assay,ChIP-seq,Luciferase Reporter Assay, CRISPR Knockout, CRISPRi, ChIP-RT-qPCR
2024,39271656,Exploring the transcriptional cooperation between RUNX2 and its associated elncRNA RAIN,Homo sapiens,hg38,chr7,13905623,13926156,RUNX2,ETV1,Enhancer,Active,Disease,thyroid carcinoma,MONDO:0005075,DOID:3948,Thyroid,UBERON:0002046,MDA-T41,CVCL_UC55,thyroid carcinoma cell,CL:0000066,Enhancer activity assay, Chromatin interaction assay, Functional perturbation assay,ChIRP-seq, RNA-seq, ChIP-seq,CRISPRi, RT-RT-qPCR, RIP assay, Western blot
2024,39271656,Exploring the transcriptional cooperation between RUNX2 and its associated elncRNA RAIN,Homo sapiens,hg38,chr7,13905623,13926156,RUNX2,ETV1,Enhancer,Active,Disease,multiple myeloma,MONDO:0005178,DOID:9538,Blood,UBERON:0000178,Multiple myeloma cells,,plasma cell,CL:0000945,Enhancer activity assay, Chromatin interaction assay, Functional perturbation assay,ChIRP-seq, RNA-seq, ChIP-seq,CRISPRi, RT-RT-qPCR, RIP assay, Western blot
2025,39870618,Genetic coupling of enhancer activity and connectivity in gene expression control,Homo sapiens,hg38,chr15,39315234,39315720,,THBS1,Enhancer,Active,Disease,glioblastoma,MONDO:0005142,DOID:3070,Brain,UBERON:0000955,U251TR glioblastoma cells,CVCL_V635,glioblastoma cell,CL:0000127,Enhancer activity assay, Chromatin interaction assay, Functional perturbation assay,ATAC-seq, Capture Hi-C, RNA-seq,CRISPRi, 4C-seq, qRT-PCR
2025,40971821,Co-activation of super enhancer complex SOX2 and HDAC1 confers temozolomide resistance by promoting PDGFB transcription in glioblastoma,Homo sapiens,hg38,chr22,43901526,43904612,SOX2,PDGFB,Enhancer,Active,Disease,chronic myeloid leukemia,MONDO:0011998,DOID:8552,Blood,UBERON:0000178,K562,CVCL_0004,chronic myeloid leukemia cell,CL:0001054,Super-enhancer activity assay, Functional perturbation assay,CUT&Tag, RNA-seq,Luciferase reporter assay, CRISPRi, ChIP-RT-qPCR
2024,38513139,RUNX1 C-terminal mutations impair blood cell differentiation by perturbing specific enhancer-promoter networks,Homo sapiens,hg38,chr8,128747000,128748000,RUNX1; RUNX1R320*; FOXK2,MYC,Enhancer,Active,Disease,colorectal carcinoma,MONDO:0005132,DOID:9256,Colon,UBERON:0001155,HCT116,CVCL_0291,colorectal carcinoma cell,CL:0000066,Enhancer activity assay, TF binding assay, Chromatin interaction assay, Functional perturbation assay,ChIP-seq, GRID-seq, RNA-seq,CUT&RUN-RT-qPCR, shRNA Knockdown, RT-RT-qPCR, Western blot
2023,37373188,STAT3-Mediated Promoter-Enhancer Interaction Up-Regulates Inhibitor of DNA Binding 1 (ID1) to Promote Colon Cancer Progression,Homo sapiens,hg38,chr20,31606000,31608500,,ID1,Enhancer,Active,Disease,colorectal carcinoma,MONDO:0005132,DOID:9256,Colon,UBERON:0001155,LoVo,CVCL_0399,colorectal carcinoma cell,CL:0000066,Putative enhancer screening,ChIP-seq, GRO-seq,Dual-luciferase reporter assay
2025,39443808,Chromatin remodelling drives immune cell-fibroblast communication in heart failure,Homo sapiens,hg38,chr2,113580000,113585000,,IL1B,Enhancer,Active,Disease,osteosarcoma,MONDO:0005087,DOID:3347,Bone,UBERON:0001474,U2OS osteosarcoma,CVCL_0042,osteosarcoma cell,CL:0000062,Enhancer activity assay,scATAC-seq,FISH
2024,38592784,Intergenic sequences harboring potential enhancer elements contribute to Axenfeld-Rieger syndrome by regulating PITX2,Homo sapiens,hg38,chr4,111399594,111399691,,PITX2,Enhancer,Active,Disease,hepatocellular carcinoma,MONDO:0007256,DOID:684,Liver,UBERON:0002107,HepG2,CVCL_0027,hepatocellular carcinoma cell,CL:0000182,TF binding assay, Functional perturbation assay,RNA-seq,ChIP-RT-qPCR, RT-RT-qPCR, Western blot
2022,41793551,Functional characterization of the GWAS lead SNP rs888663 and effects of GDF15 SNPs on GDF15 levels in gestational hypertension and preeclampsia,Homo sapiens,hg38,chr19,18373265,18374622,,GDF15,Enhancer,Active,Disease,neuroblastoma,MONDO:0005070,DOID:769,Adrenal gland,UBERON:0002369,SK-N-BE(2),CVCL_0528,neuroblastoma cell,CL:0000031,Enhancer activity assay,,Luciferase Reporter Assay
2024,38636893,CDK5RAP3 is a novel super-enhancer-driven gene activated by master TFs and regulates ER-Phagy in neuroblastoma,Homo sapiens,hg38,chr17,48005000,48010000,MEIS2; HAND2,CDK5RAP3,Enhancer,Active,Disease,prostate cancer,MONDO:0008315,DOID:10283,Prostate,UBERON:0002367,LuCaP PDX,,patient-derived xenograft prostate carcinoma cell,CL:0000066,Enhancer activity assay, TF binding assay,ChIP-seq, CUT&Tag, RNA-seq,Luciferase Reporter Assay, CUT&RUN-RT-qPCR, RT-RT-qPCR, Western blot
2025,39677680,Epigenetic remodeling and 3D chromatin reorganization governed by NKX2-1 drive neuroendocrine prostate cancer,Homo sapiens,hg38,chr20,20025052,20648767,FOXA2,INSM1,Enhancer,Active,Disease,prostate cancer,MONDO:0008315,DOID:10283,Prostate,UBERON:0002367,LNCaP,CVCL_0395,prostate carcinoma cell,CL:0000066,Chromatin interaction assay,Hi-C, ChIP-seq, RNA-seq,qRT-PCR
2025,39677680,Epigenetic remodeling and 3D chromatin reorganization governed by NKX2-1 drive neuroendocrine prostate cancer,Homo sapiens,hg38,chr17,48704466,48768465,AR,HOXB13,SE,Active,Disease,prostate cancer,MONDO:0008315,DOID:10283,Prostate,UBERON:0002367,LNCaP,CVCL_0395,prostate carcinoma cell,CL:0000066,Enhancer activity assay, Functional perturbation assay,ChIP-seq, RNA-seq,Western blot, qRT-PCR
2025,39677680,Epigenetic remodeling and 3D chromatin reorganization governed by NKX2-1 drive neuroendocrine prostate cancer,Homo sapiens,hg38,chr3,128453265,128528579,AR,GATA2,SE,Active,Disease,prostate cancer,MONDO:0008315,DOID:10283,Prostate,UBERON:0002367,LNCaP,CVCL_0395,prostate carcinoma cell,CL:0000066,Enhancer activity assay, Functional perturbation assay,ChIP-seq, RNA-seq,Western blot, qRT-PCR
2023,37488417,Dynamic network-guided CRISPRi screen identifies CTCF-loop-constrained nonlinear enhancer gene regulatory activity during cell state transitions,Homo sapiens,hg38,chr12,7439885,7440355,OCT4,SOX2,NANOG,NANOG,Enhancer,Active,Disease,prostate adenocarcinoma,MONDO:0008315,DOID:10283,Prostate,UBERON:0002367,LNCaP prostate cancer cell line,CVCL_0395,prostate adenocarcinoma cell,CL:0000066,CRISPR interference-based functional screen,CRISPRi screen, RNA-seq, ATAC-seq, ChIP-seq, Hi-C,RT-qPCR, flow cytometry, FACS
2023,37488417,Dynamic network-guided CRISPRi screen identifies CTCF-loop-constrained nonlinear enhancer gene regulatory activity during cell state transitions,Homo sapiens,hg38,chr8,54268115,54268740,EOMES,GATA6,SOX17,MIXL1,SOX17,Enhancer,Active,Disease,medulloblastoma,MONDO:0005146,DOID:0050902,Cerebellum,UBERON:0002037,D283 cells,CVCL_1155,medulloblastoma cell,CL:0000127,CRISPR interference-based functional screen,CRISPRi screen, RNA-seq, ATAC-seq, ChIP-seq, Hi-C,RT-qPCR, flow cytometry, FACS
2021,33863876,Deletion of CTCF sites in the SHH locus alters enhancer-promoter interactions and leads to acheiropodia,Homo sapiens,hg38,chr7,156790916,156792095,,SHH,Enhancer,Active,Disease,cervical cancer,MONDO:0001156,DOID:2871,Cervix,UBERON:0000002,HeLa cells,CVCL_0030,cervical adenocarcinoma cell,CL:0000069,,Enhancer activity assay, Chromatin interaction assay,4C-seq, ChIP-seq
2018,31513772,The Nuclear Matrix Protein SAFA Surveils Viral RNA and Facilitates Immunity by Activating Antiviral Enhancers and Super-enhancers,Homo sapiens,hg38,chr9,21074270,21076270,,IFNB1,Enhancer,Active,Disease,prostate cancer,MONDO:0008315,DOID:10283,Prostate,UBERON:0002367,LuNE,,prostate carcinoma cell,CL:0000066,Antiviral immune enhancer activation study, Chromatin interaction assay,,3C, Immunofluorescence, RT-RT-qPCR, Western blot
2024,39677680,Epigenetic remodeling and 3D chromatin reorganization governed by NKX2-1 drive neuroendocrine prostate cancer,Homo sapiens,hg38,chr8,127675276,128081453,FOXA2,MYC,SE,Active,Disease,prostate cancer,MONDO:0008315,DOID:10283,Prostate,UBERON:0002367,LuNE,,prostate carcinoma cell,CL:0000066,Enhancer activity assay, Functional perturbation assay,ChIP-seq, RNA-seq,Western blot, qRT-PCR
2024,39677680,Epigenetic remodeling and 3D chromatin reorganization governed by NKX2-1 drive neuroendocrine prostate cancer,Homo sapiens,hg38,chr9,14296620,14326255,FOXA2,NFIB,SE,Active,Disease,Kaposi sarcoma,MONDO:0005082,DOID:8632,Skin,UBERON:0000014,Human Kaposi sarcoma cell line,CVCL_8250,Kaposi sarcoma cell,CL:0002581,Enhancer activity assay, Functional perturbation assay,ChIP-seq, RNA-seq,Western blot, qRT-PCR
2018,29909987,A Somatically Acquired Enhancer of the Androgen Receptor Is a Noncoding Driver in Advanced Prostate Cancer,Homo sapiens,hg38,chrX,67541571,67543571,AR,EIF4A3,Enhancer,Active,Disease,Kaposi sarcoma,MONDO:0005082,DOID:8632,Skin,UBERON:0000014,Human Kaposi sarcoma cell line,CVCL_8250,Kaposi sarcoma cell,CL:0002581,Enhancer activity assay, TF binding assay, Functional perturbation assay,ChIP-seq,3C, CRISPR-Cas9, ChIP-RT-qPCR, RT-PCR, RT-RT-qPCR
1993,29958106,CBF?|??-SMMHC Inhibition Triggers Apoptosis by Disrupting MYC Chromatin Dynamics in Acute Myeloid Leukemia,Homo sapiens,hg38,chr21,34785412,34787412,RUNX1,RUNX1,Enhancer,Active,Disease,colorectal carcinoma,MONDO:0005132,DOID:9256,Colon,UBERON:0001155,LS180 colon carcinoma cell line,CVCL_0397,colorectal carcinoma cell,CL:0000066,Enhancer activity assay, Chromatin interaction assay,ChIP-seq, RNA-seq, ATAC-seq,3C, RT-PCR, RT-RT-qPCR
2010,20236932,A Downstream Intergenic Cluster of Regulatory Enhancers Contributes to the Induction of CYP24A1 Expression by 1,25-Dihydroxyvitamin D3,Homo sapiens,hg38,chr20,52173000,52174500,VDR,CYP24A1,Enhancer,Active,Disease,colorectal carcinoma,MONDO:0005132,DOID:9256,Colon,UBERON:0001155,LS180 colon carcinoma cell line,CVCL_0397,colorectal carcinoma cell,CL:0000066,Enhancer activity assay, TF binding assay, Chromatin interaction assay,ChIP-seq, ChIP-chip, RNA-seq,Luciferase Reporter Assay, ChIP-RT-qPCR, RT-RT-qPCR, 3C
2010,20236932,A Downstream Intergenic Cluster of Regulatory Enhancers Contributes to the Induction of CYP24A1 Expression by 1,25-Dihydroxyvitamin D3,Homo sapiens,hg38,chr20,52157000,52158500,VDR,CYP24A1,Enhancer,Active,Disease,Kaposi sarcoma,MONDO:0005082,DOID:8632,Skin,UBERON:0000014,Kaposi sarcoma cell line,CVCL_8250,Kaposi sarcoma cell,CL:0002581,Enhancer activity assay, TF binding assay, Chromatin interaction assay,ChIP-seq, ChIP-chip, RNA-seq,Luciferase Reporter Assay, ChIP-RT-qPCR, RT-RT-qPCR, 3C
2025,41388312,Nuclear PD-L1 drives IFN-?|??-promoted lung metastasis of triple-negative breast cancer via POLR2A-mediated transcriptional activation of LY6E,Homo sapiens,hg38,chr8,143015000,143025000,,LY6E,Enhancer,Active,Disease,lung adenocarcinoma,MONDO:0005032,DOID:3905,Lung,UBERON:0002048,A549 cell line,CVCL_0023,lung adenocarcinoma cell,CL:0001069,Enhancer activity assay, TF binding assay,ChIP-seq, RNA-seq,Luciferase Reporter Assay, ChIP-RT-qPCR, RT-RT-qPCR, Western blot
2011,30097539,Glucocorticoid receptor recruits to enhancers and drives activation by motif-directed binding,Homo sapiens,hg38,chr3,133743162,133745162,NR3C1,NR3C1,Enhancer,Active,Disease,T-cell acute lymphoblastic leukemia,MONDO:0004947,DOID:0050890,Blood,UBERON:0000178,Jurkat cell line,CVCL_0065,T lymphoblast,CL:0002419,Enhancer activity assay, TF binding assay,ChIP-seq, RNA-seq, DNase-seq,3C, RT-PCR, RT-RT-qPCR
2014,23698277,Aberrant TAL1 activation is mediated by an interchromosomal interaction in human T-cell acute lymphoblastic leukemia,Homo sapiens,hg38,chr16,15600300,15601300,MAF,TAL1,Enhancer,Active,Disease,prostate cancer,MONDO:0008315,DOID:10283,Prostate,UBERON:0002367,VCaP,CVCL_2235,prostate carcinoma cell,CL:0000066,Enhancer activity assay, TF binding assay, Chromatin interaction assay, Functional perturbation assay,4C-seq, ChIP-seq,Luciferase reporter assay, ChIP-RT-qPCR, 3C, RT-RT-qPCR, shRNA knockdown, Western blot
2009,19433513,Long-range activation of FKBP51 transcription by the androgen receptor via distal intronic enhancers,Homo sapiens,hg38,chr6,35687716,35687816,AR,FKBP5,Enhancer,Active,Disease,prostate cancer,MONDO:0008315,DOID:10283,Prostate,UBERON:0002367,LNCaP cell lines,CVCL_0395,prostate carcinoma cell,CL:0000066,Enhancer activity assay, TF binding assay, Functional perturbation assay,ChIP-seq, RNA-seq,Luciferase Reporter Assay, ChIP-RT-qPCR, RT-RT-qPCR
2009,19433513,Long-range activation of FKBP51 transcription by the androgen receptor via distal intronic enhancers,Homo sapiens,hg38,chr6,35687716,35687816,AR,FKBP5,Enhancer,Active,Disease,prostate cancer,MONDO:0008315,DOID:10283,Prostate,UBERON:0002367,VCaP,CVCL_2235,prostate carcinoma cell,CL:0000066,Enhancer activity assay, TF binding assay, Functional perturbation assay,ChIP-seq, RNA-seq,Luciferase Reporter Assay, ChIP-RT-qPCR, RT-RT-qPCR
2009,19433513,Long-range activation of FKBP51 transcription by the androgen receptor via distal intronic enhancers,Homo sapiens,hg38,chr6,35717716,35717816,AR,FKBP5,Enhancer,Active,Disease,prostate cancer,MONDO:0008315,DOID:10283,Prostate,UBERON:0002367,LNCaP cell lines,CVCL_0395,prostate carcinoma cell,CL:0000066,Enhancer activity assay, TF binding assay, Functional perturbation assay,ChIP-seq, RNA-seq,Luciferase Reporter Assay, ChIP-RT-qPCR, RT-RT-qPCR
2009,19433513,Long-range activation of FKBP51 transcription by the androgen receptor via distal intronic enhancers,Homo sapiens,hg38,chr6,35717716,35717816,AR,FKBP5,Enhancer,Active,Disease,prostate cancer,MONDO:0008315,DOID:10283,Prostate,UBERON:0002367,VCaP,CVCL_2235,prostate carcinoma cell,CL:0000066,Enhancer activity assay, TF binding assay, Functional perturbation assay,ChIP-seq, RNA-seq,Luciferase Reporter Assay, ChIP-RT-qPCR, RT-RT-qPCR
2009,19433513,Long-range activation of FKBP51 transcription by the androgen receptor via distal intronic enhancers,Homo sapiens,hg38,chr6,35747716,35747816,AR,FKBP5,Enhancer,Active,Disease,prostate cancer,MONDO:0008315,DOID:10283,Prostate,UBERON:0002367,LNCaP cell lines,CVCL_0395,prostate carcinoma cell,CL:0000066,Enhancer activity assay, TF binding assay, Functional perturbation assay,ChIP-seq, RNA-seq,Luciferase Reporter Assay, ChIP-RT-qPCR, RT-RT-qPCR
2009,19433513,Long-range activation of FKBP51 transcription by the androgen receptor via distal intronic enhancers,Homo sapiens,hg38,chr6,35747716,35747816,AR,FKBP5,Enhancer,Active,Disease,prostate cancer,MONDO:0008315,DOID:10283,Prostate,UBERON:0002367,VCaP,CVCL_2235,prostate carcinoma cell,CL:0000066,Enhancer activity assay, TF binding assay, Functional perturbation assay,ChIP-seq, RNA-seq,Luciferase Reporter Assay, ChIP-RT-qPCR, RT-RT-qPCR
2009,19433513,Long-range activation of FKBP51 transcription by the androgen receptor via distal intronic enhancers,Homo sapiens,hg38,chr6,35757716,35757816,AR,FKBP5,Enhancer,Active,Disease,prostate cancer,MONDO:0008315,DOID:10283,Prostate,UBERON:0002367,LNCaP cell lines,CVCL_0395,prostate carcinoma cell,CL:0000066,Enhancer activity assay, TF binding assay, Functional perturbation assay,ChIP-seq, RNA-seq,Luciferase Reporter Assay, ChIP-RT-qPCR, RT-RT-qPCR
2009,19433513,Long-range activation of FKBP51 transcription by the androgen receptor via distal intronic enhancers,Homo sapiens,hg38,chr6,35757716,35757816,AR,FKBP5,Enhancer,Active,Disease,small cell lung carcinoma,MONDO:0005020,DOID:5409,Lung,UBERON:0002048,SCLC cell line,CVCL_1599,small cell lung carcinoma cell,CL:0000066,Enhancer activity assay, TF binding assay, Functional perturbation assay,ChIP-seq, RNA-seq,Luciferase Reporter Assay, ChIP-RT-qPCR, RT-RT-qPCR
2015,29945888,POU2F3 is a master regulator of a tuft cell-like variant of small cell lung cancer,Homo sapiens,hg38,chr11,120233455,120235455,POU2F3; ASCL1; NEUROD1; INSM1,POU2F3,Enhancer,Active,Disease,T-cell acute lymphoblastic leukemia,MONDO:0004947,DOID:0050890,Blood,UBERON:0000178,Jurkat human CD4+ T leukemia cell line,CVCL_0065,T lymphoblast,CL:0002419,Enhancer activity assay, TF binding assay,ChIP-seq, RNA-seq,3C, FISH, Immunofluorescence, RT-PCR, Western blot, RT-RT-qPCR
2016,26957309,Comprehensive benchmarking reveals H2BK20 acetylation as a distinctive signature of cell-state-specific enhancers and promoters,Homo sapiens,hg38,chr13,39700000,39750000,,CD4+ T CELL-SPECIFIC FUNCTIONAL GENES,Enhancer,Active,Disease,colorectal carcinoma,MONDO:0005132,DOID:9256,Colon,UBERON:0001155,HCT116 cell line,CVCL_0291,colorectal carcinoma cell,CL:0000066,Enhancer activity assay,ChIP-seq,Luciferase reporter assay
2012,22645302,Dynamic change of chromatin conformation in response to hypoxia enhances the expression of GLUT3 (SLC2A3) by cooperative interaction of hypoxia-inducible factor 1 and KDM3A,Homo sapiens,hg38,chr12,4818572,4820072,HIF1A,SLC2A3,Enhancer,Active,Disease,neuroepithelioma,MONDO:0005357,DOID:2157,Brain,UBERON:0000955,SK-N-MC cell line,CVCL_0530,neuroepithelioma cell,CL:0000031,Chromatin interaction assay, Enhancer activity assay,ChIP-seq, 3C-seq,Luciferase reporter assay, ChIP-RT-qPCR, RT-RT-qPCR
2018,30552336,Human sex reversal is caused by duplication or deletion of core enhancers upstream of SOX9,Homo sapiens,hg38,chr17,72118256,72120256,SOX9,SOX9,Enhancer,Active,Disease,osteosarcoma,MONDO:0005087,DOID:3347,Bone,UBERON:0001474,LM8-C3H cell line,CVCL_UP52,osteosarcoma cell,CL:0000062,Enhancer activity assay, TF binding assay,ChIP-seq,3C, RT-PCR, RT-RT-qPCR
2018,29927026,Novel lymphoid enhancer-binding factor 1-cytoglobin axis promotes extravasation of osteosarcoma cells into the lungs,Homo sapiens,hg38,chr4,108044908,108046908,,CYGB,Enhancer,Active,Disease,breast carcinoma,MONDO:0006120,DOID:1612,Breast,UBERON:0000310,MCF-7 cells,CVCL_0031,breast carcinoma cell,CL:0000646,Enhancer activity assay, Functional perturbation assay,,3C, CRISPR-Cas9, RT-PCR, Western blot, RT-RT-qPCR
2013,23273978,eRNAs Are Required for p53-Dependent Enhancer Activity and Gene Transcription,Homo sapiens,hg38,chr1,117752000,117754000,TP53,PAPPA,Enhancer,Active,Disease,breast carcinoma,MONDO:0006120,DOID:1612,Breast,UBERON:0000310,MCF-7 cells,CVCL_0031,breast carcinoma cell,CL:0000646,Enhancer activity assay,4C-seq,Luciferase reporter assay, ChIP-RT-qPCR, RT-RT-qPCR
2013,23273978,eRNAs Are Required for p53-Dependent Enhancer Activity and Gene Transcription,Homo sapiens,hg38,chr1,179369000,179374000,TP53,IER5,Enhancer,Active,Disease,prostate cancer,MONDO:0008315,DOID:10283,Prostate,UBERON:0002367,LNCaP,CVCL_0395,prostate carcinoma cell,CL:0000066,Enhancer activity assay,4C-seq,Luciferase reporter assay, ChIP-RT-qPCR, RT-RT-qPCR
2009,19680443,Functional Enhancers at the Gene-Poor 8q24 Cancer-Linked Locus,Homo sapiens,hg38,chr8,128600697,128601159,AR; FOXA1,MYC,Enhancer,Active,Disease,cervical cancer,MONDO:0001156,DOID:2871,Cervix,UBERON:0000002,HeLa,CVCL_0030,cervical adenocarcinoma cell,CL:0000069,Enhancer activity assay, TF binding assay,ChIP-chip,Luciferase Reporter Assay, ChIP-RT-qPCR, EMSA
2007,17277777,Distinct and predictive chromatin signatures of transcriptional promoters and enhancers in the human genome,Homo sapiens,hg38,chr5,131784596,131785596,,SLC22A5,Enhancer,Active,Disease,cervical cancer,MONDO:0001156,DOID:2871,Cervix,UBERON:0000002,HeLa,CVCL_0030,cervical adenocarcinoma cell,CL:0000069,Reporter gene assay,ChIP-chip,Luciferase reporter assay
2007,17277777,Distinct and predictive chromatin signatures of transcriptional promoters and enhancers in the human genome,Homo sapiens,hg38,chr5,131790596,131791596,,STAT1,Enhancer,Active,Disease,cervical cancer,MONDO:0001156,DOID:2871,Cervix,UBERON:0000002,HeLa,CVCL_0030,cervical adenocarcinoma cell,CL:0000069,Reporter gene assay,ChIP-chip,Luciferase reporter assay
2007,17277777,Distinct and predictive chromatin signatures of transcriptional promoters and enhancers in the human genome,Homo sapiens,hg38,chr7,115940408,115941408,,STAT1,Enhancer,Active,Disease,cervical cancer,MONDO:0001156,DOID:2871,Cervix,UBERON:0000002,HeLa,CVCL_0030,cervical adenocarcinoma cell,CL:0000069,Reporter gene assay,ChIP-chip,Luciferase reporter assay
1999,28637769,Potential contribution of tandem circadian enhancers to nonlinear oscillations in clock gene expression,Homo sapiens,hg38,chr11,45846943,45846959,,CRY2,Enhancer,Active,Disease,breast carcinoma,MONDO:0006120,DOID:1612,Breast,UBERON:0000310,MCF-7 cells,CVCL_0031,breast carcinoma cell,CL:0000646,Enhancer activity assay,,Luciferase reporter assay
2014,24797517,The Histone Lysine Demethylase JMJD3/KDM6B Is Recruited to p53 Bound Promoters and Enhancer Elements in a p53 Dependent Manner,Homo sapiens,hg38,chr6,36633472,36634972,TP53,CDKN1A,Enhancer,Active,Disease,cervical cancer,MONDO:0001156,DOID:2871,Cervix,UBERON:0000002,HeLa,CVCL_0030,cervical adenocarcinoma cell,CL:0000069,Functional perturbation assay,ChIP-seq,ChIP-RT-qPCR, RT-RT-qPCR, Western blot
2007,17277777,Distinct and predictive chromatin signatures of transcriptional promoters and enhancers in the human genome,Homo sapiens,hg38,chr5,131784000,131784700,,SLC22A5,Enhancer,Active,Disease,cervical cancer,MONDO:0001156,DOID:2871,Cervix,UBERON:0000002,HeLa,CVCL_0030,cervical adenocarcinoma cell,CL:0000069,Enhancer activity assay,ChIP-chip,Luciferase Reporter Assay, RT-RT-qPCR
2007,17277777,Distinct and predictive chromatin signatures of transcriptional promoters and enhancers in the human genome,Homo sapiens,hg38,chr5,131790800,131791300,,,Enhancer,Active,Disease,cervical cancer,MONDO:0001156,DOID:2871,Cervix,UBERON:0000002,HeLa,CVCL_0030,cervical adenocarcinoma cell,CL:0000069,Enhancer activity assay,ChIP-chip,Luciferase Reporter Assay, RT-RT-qPCR
2007,17277777,Distinct and predictive chromatin signatures of transcriptional promoters and enhancers in the human genome,Homo sapiens,hg38,chr7,115940600,115941200,,,Enhancer,Active,Disease,cervical cancer,MONDO:0001156,DOID:2871,Cervix,UBERON:0000002,HeLa,CVCL_0030,cervical adenocarcinoma cell,CL:0000069,Enhancer activity assay,ChIP-chip,Luciferase Reporter Assay, RT-RT-qPCR
2007,17277777,Distinct and predictive chromatin signatures of transcriptional promoters and enhancers in the human genome,Homo sapiens,hg38,chr9,129176100,129176800,,,Enhancer,Active,Disease,cervical cancer,MONDO:0001156,DOID:2871,Cervix,UBERON:0000002,HeLa,CVCL_0030,cervical adenocarcinoma cell,CL:0000069,Enhancer activity assay,ChIP-chip,Luciferase Reporter Assay, RT-RT-qPCR
2007,17637499,mNotch1 signaling and erythropoietin cooperate in erythroid differentiation of multipotent progenitor cells and upregulate beta-globin,Homo sapiens,hg38,chr11,5246250,5246637,,HBB,Enhancer,Active,Disease,chronic myeloid leukemia,MONDO:0011998,DOID:8552,Bone marrow,UBERON:0002371,K562,CVCL_0004,chronic myeloid leukemia cell,CL:0001054,Enhancer activity assay,,Luciferase Reporter Assay
2007,17637499,mNotch1 signaling and erythropoietin cooperate in erythroid differentiation of multipotent progenitor cells and upregulate beta-globin,Homo sapiens,hg38,chr11,5246250,5246637,,HBB,Enhancer,Active,Disease,esophageal squamous cell carcinoma,MONDO:0005082,DOID:3748,Esophagus,UBERON:0001043,KYSE-30,CVCL_1351,esophageal squamous cell carcinoma cell,CL:0000069,Enhancer activity assay,,Luciferase Reporter Assay
2007,17715390,Tissue-specific histone modification and transcription factor binding in alpha globin gene expression,Homo sapiens,hg38,chr16,110000,115000,,HBA1,Enhancer,Active,Disease,chronic myeloid leukemia,MONDO:0011998,DOID:8552,Bone Marrow,UBERON:0002371,K562,CVCL_0004,chronic myeloid leukemia cell,CL:0001054,Enhancer activity assay, TF binding assay, Functional perturbation assay,ChIP-chip, RNA-seq,ChIP-RT-qPCR, RT-RT-qPCR
2007,17715390,Tissue-specific histone modification and transcription factor binding in alpha globin gene expression,Homo sapiens,hg38,chr16,118000,123000,,HBA1,Enhancer,Active,Disease,chronic myeloid leukemia,MONDO:0011998,DOID:8552,Bone Marrow,UBERON:0002371,K562,CVCL_0004,chronic myeloid leukemia cell,CL:0001054,Enhancer activity assay, TF binding assay, Functional perturbation assay,ChIP-chip, RNA-seq,ChIP-RT-qPCR, RT-RT-qPCR
2007,17715390,Tissue-specific histone modification and transcription factor binding in alpha globin gene expression,Homo sapiens,hg38,chr16,125000,130000,,HBA1,Enhancer,Active,Disease,chronic myeloid leukemia,MONDO:0011998,DOID:8552,Bone Marrow,UBERON:0002371,K562,CVCL_0004,chronic myeloid leukemia cell,CL:0001054,Enhancer activity assay, TF binding assay, Functional perturbation assay,ChIP-chip, RNA-seq,ChIP-RT-qPCR, RT-RT-qPCR
2007,17715390,Tissue-specific histone modification and transcription factor binding in alpha globin gene expression,Homo sapiens,hg38,chr16,148000,153000,,HBA1,Enhancer,Active,Disease,chronic myeloid leukemia,MONDO:0011998,DOID:8552,Bone Marrow,UBERON:0002371,K562,CVCL_0004,chronic myeloid leukemia cell,CL:0001054,Enhancer activity assay, TF binding assay, Functional perturbation assay,ChIP-chip, RNA-seq,ChIP-RT-qPCR, RT-RT-qPCR
2007,17715390,Tissue-specific histone modification and transcription factor binding in alpha globin gene expression,Homo sapiens,hg38,chr16,148000,153000,,HBA1,Enhancer,Active,Disease,T-cell acute lymphoblastic leukemia,MONDO:0004947,DOID:0050890,Blood,UBERON:0000178,PEER,CVCL_1913,T lymphoblast,CL:0002419,Enhancer activity assay, TF binding assay, Functional perturbation assay,ChIP-chip, RNA-seq,ChIP-RT-qPCR, RT-RT-qPCR
2012,22303449,ISL1 Directly Regulates FGF10 Transcription during Human Cardiac Outflow Formation,Homo sapiens,hg38,chr5,44421506,44422602,,FGF10,Enhancer,Active,Disease,holoprosencephaly,MONDO:0019054,DOID:1128,Forebrain,UBERON:0001890,COS-1,CVCL_0223,fibroblast,CL:0000057,Enhancer activity assay,,Luciferase reporter assay, Transgenic reporter assay, RT-RT-qPCR
2012,22303449,ISL1 Directly Regulates FGF10 Transcription during Human Cardiac Outflow Formation,Homo sapiens,hg38,chr5,44421506,44422602,,FGF10,Enhancer,Active,Disease,T-cell acute lymphoblastic leukemia,MONDO:0004947,DOID:0050890,Blood,UBERON:0000178,PEER,CVCL_1913,T lymphoblast,CL:0002419,Enhancer activity assay,,Luciferase reporter assay, Transgenic reporter assay, RT-RT-qPCR
2007,17308084,Activation of TLX3 and NKX2-5 in t(5;14)(q35;q322) T-cell acute lymphoblastic leukemia by remote 3'-BCL11B enhancers and coregulation by PU1 and HMGA1,Homo sapiens,hg38,chr14,97720000,97780000,PU.1,NKX2-5,Enhancer,Active,Disease,T-cell acute lymphoblastic leukemia,MONDO:0004947,DOID:0050890,Blood,UBERON:0000178,DND-41,CVCL_2022,T lymphoblast,CL:0002419,Enhancer activity assay, Functional perturbation assay,DNase-seq,DNA inhibitory treatment, ChIP-RT-qPCR, RT-RT-qPCR, Western blot, FISH
2007,17308084,Activation of TLX3 and NKX2-5 in t(5;14)(q35;q322) T-cell acute lymphoblastic leukemia by remote 3'-BCL11B enhancers and coregulation by PU1 and HMGA1,Homo sapiens,hg38,chr14,97720000,97780000,PU.1,NKX2-5,Enhancer,Active,Disease,T-cell acute lymphoblastic leukemia,MONDO:0004947,DOID:0050890,Blood,UBERON:0000178,CCRF-CEM,CVCL_0207,T lymphoblast,CL:0002419,Enhancer activity assay, Functional perturbation assay,DNase-seq,DNA inhibitory treatment, ChIP-RT-qPCR, RT-RT-qPCR, Western blot, FISH
2007,17308084,Activation of TLX3 and NKX2-5 in t(5;14)(q35;q322) T-cell acute lymphoblastic leukemia by remote 3'-BCL11B enhancers and coregulation by PU1 and HMGA1,Homo sapiens,hg38,chr14,97720000,97780000,PU.1,NKX2-5,Enhancer,Active,Disease,T-cell acute lymphoblastic leukemia,MONDO:0004947,DOID:0050890,Blood,UBERON:0000178,HPB-ALL,CVCL_1921,T lymphoblast,CL:0002419,Enhancer activity assay, Functional perturbation assay,DNase-seq,DNA inhibitory treatment, ChIP-RT-qPCR, RT-RT-qPCR, Western blot, FISH
2007,17308084,Activation of TLX3 and NKX2-5 in t(5;14)(q35;q322) T-cell acute lymphoblastic leukemia by remote 3'-BCL11B enhancers and coregulation by PU1 and HMGA1,Homo sapiens,hg38,chr14,97720000,97780000,PU.1,NKX2-5,Enhancer,Active,Disease,T-cell acute lymphoblastic leukemia,MONDO:0004947,DOID:0050890,Blood,UBERON:0000178,PEER,CVCL_1913,T lymphoblast,CL:0002419,Enhancer activity assay, Functional perturbation assay,DNase-seq,DNA inhibitory treatment, ChIP-RT-qPCR, RT-RT-qPCR, Western blot, FISH
2007,17308084,Activation of TLX3 and NKX2-5 in t(5;14)(q35;q322) T-cell acute lymphoblastic leukemia by remote 3'-BCL11B enhancers and coregulation by PU1 and HMGA1,Homo sapiens,hg38,chr14,97720000,97780000,PU.1,TLX3,Enhancer,Active,Disease,T-cell acute lymphoblastic leukemia,MONDO:0004947,DOID:0050890,Blood,UBERON:0000178,DND-41,CVCL_2022,T lymphoblast,CL:0002419,Enhancer activity assay, Functional perturbation assay,DNase-seq,DNA inhibitory treatment, ChIP-RT-qPCR, RT-RT-qPCR, Western blot, FISH
2007,17308084,Activation of TLX3 and NKX2-5 in t(5;14)(q35;q322) T-cell acute lymphoblastic leukemia by remote 3'-BCL11B enhancers and coregulation by PU1 and HMGA1,Homo sapiens,hg38,chr14,97720000,97780000,PU.1,TLX3,Enhancer,Active,Disease,T-cell acute lymphoblastic leukemia,MONDO:0004947,DOID:0050890,Blood,UBERON:0000178,CCRF-CEM,CVCL_0207,T lymphoblast,CL:0002419,Enhancer activity assay, Functional perturbation assay,DNase-seq,DNA inhibitory treatment, ChIP-RT-qPCR, RT-RT-qPCR, Western blot, FISH
2007,17308084,Activation of TLX3 and NKX2-5 in t(5;14)(q35;q322) T-cell acute lymphoblastic leukemia by remote 3'-BCL11B enhancers and coregulation by PU1 and HMGA1,Homo sapiens,hg38,chr14,97720000,97780000,PU.1,TLX3,Enhancer,Active,Disease,T-cell acute lymphoblastic leukemia,MONDO:0004947,DOID:0050890,Blood,UBERON:0000178,HPB-ALL,CVCL_1921,T lymphoblast,CL:0002419,Enhancer activity assay, Functional perturbation assay,DNase-seq,DNA inhibitory treatment, ChIP-RT-qPCR, RT-RT-qPCR, Western blot, FISH
2007,17308084,Activation of TLX3 and NKX2-5 in t(5;14)(q35;q322) T-cell acute lymphoblastic leukemia by remote 3'-BCL11B enhancers and coregulation by PU1 and HMGA1,Homo sapiens,hg38,chr14,97720000,97780000,PU.1,TLX3,Enhancer,Active,Disease,T-cell acute lymphoblastic leukemia,MONDO:0004947,DOID:0050890,Blood,UBERON:0000178,PEER,CVCL_1913,T lymphoblast,CL:0002419,Enhancer activity assay, Functional perturbation assay,DNase-seq,DNA inhibitory treatment, ChIP-RT-qPCR, RT-RT-qPCR, Western blot, FISH
2007,17308084,Activation of TLX3 and NKX2-5 in t(5;14)(q35;q322) T-cell acute lymphoblastic leukemia by remote 3'-BCL11B enhancers and coregulation by PU1 and HMGA1,Homo sapiens,hg38,chr14,98500000,98710000,,BCL11B,Enhancer,Active,Disease,T-cell acute lymphoblastic leukemia,MONDO:0004947,DOID:0050890,Blood,UBERON:0000178,DND-41,CVCL_2022,T lymphoblast,CL:0002419,Enhancer activity assay, Functional perturbation assay,DNase-seq,DNA inhibitory treatment, ChIP-RT-qPCR, RT-RT-qPCR, Western blot, FISH
2007,17308084,Activation of TLX3 and NKX2-5 in t(5;14)(q35;q322) T-cell acute lymphoblastic leukemia by remote 3'-BCL11B enhancers and coregulation by PU1 and HMGA1,Homo sapiens,hg38,chr14,98500000,98710000,,BCL11B,Enhancer,Active,Disease,T-cell acute lymphoblastic leukemia,MONDO:0004947,DOID:0050890,Blood,UBERON:0000178,CCRF-CEM,CVCL_0207,T lymphoblast,CL:0002419,Enhancer activity assay, Functional perturbation assay,DNase-seq,DNA inhibitory treatment, ChIP-RT-qPCR, RT-RT-qPCR, Western blot, FISH
2007,17308084,Activation of TLX3 and NKX2-5 in t(5;14)(q35;q322) T-cell acute lymphoblastic leukemia by remote 3'-BCL11B enhancers and coregulation by PU1 and HMGA1,Homo sapiens,hg38,chr14,98500000,98710000,,BCL11B,Enhancer,Active,Disease,T-cell acute lymphoblastic leukemia,MONDO:0004947,DOID:0050890,Blood,UBERON:0000178,HPB-ALL,CVCL_1921,T lymphoblast,CL:0002419,Enhancer activity assay, Functional perturbation assay,DNase-seq,DNA inhibitory treatment, ChIP-RT-qPCR, RT-RT-qPCR, Western blot, FISH
2007,17308084,Activation of TLX3 and NKX2-5 in t(5;14)(q35;q322) T-cell acute lymphoblastic leukemia by remote 3'-BCL11B enhancers and coregulation by PU1 and HMGA1,Homo sapiens,hg38,chr14,98500000,98710000,,BCL11B,Enhancer,Active,Disease,prostate cancer,MONDO:0008315,DOID:10283,Prostate,UBERON:0002367,22Rv1 cells,CVCL_1045,prostate carcinoma cell,CL:0000066,Enhancer activity assay, Functional perturbation assay,DNase-seq,DNA inhibitory treatment, ChIP-RT-qPCR, RT-RT-qPCR, Western blot, FISH
2008,26443845,Dynamic enhancer-gene body contacts during transcription elongation,Homo sapiens,hg38,chr16,49740654,49742654,,CD47,Enhancer,Active,Disease,testicular cancer,MONDO:0005106,DOID:2998,Testis,UBERON:0000473,Sustentacular cell,,Sertoli cell,CL:0000216,Enhancer activity assay, Chromatin interaction assay,,3C, RT-RT-qPCR
2008,29514101,Accelerated Evolution in Distinctive Species Reveals Candidate Elements for Clinically Relevant Traits, Including Mutation and Cancer Resistance,Homo sapiens,hg38,chrX,67541320,67543320,,AR,Enhancer,Active,Disease,schizophrenia,MONDO:0005076,DOID:5419,Brain,UBERON:0000955,Neural cell,,neuron,CL:0000540,Enhancer evolution assay,DNase-seq,3C, RT-PCR, RT-qPCR
2020,32303558,Leveraging mouse chromatin data for heritability enrichment informs common disease architecture and reveals cortical layer contributions to schizophrenia,Homo sapiens,hg38,chr3,180986412,180988412,,SOX2-OT,Enhancer,Active,Disease,type 1 diabetes mellitus,MONDO:0005147,DOID:9744,Pancreas,UBERON:0001264,CD8+ T cell,,CD8-positive T cell,CL:0000625,Enhancer activity assay,ATAC-seq,3C, RT-PCR, RT-RT-qPCR
2018,30078552,Conventional and Neo-antigenic Peptides Presented by beta Cells Are Targeted by Circulating Na?ve CD8+ T Cells in Type 1 Diabetic and Healthy Donors,Homo sapiens,hg38,chr14,92920852,92922852,,PTPRN,Enhancer,Active,Disease,cervical cancer,MONDO:0001156,DOID:2871,Cervix,UBERON:0000002,HeLa cell,CVCL_0030,cervical adenocarcinoma cell,CL:0000069,Enhancer activity assay,RNA-seq,3C, Immunofluorescence, RT-PCR, RT-RT-qPCR
2019,31679819,R-Loops Promote Antisense Transcription across the Mammalian Genome,Homo sapiens,hg38,chr12,48826675,48828675,,DDX23,Enhancer,Active,Disease,cervical cancer,MONDO:0001156,DOID:2871,Cervix,UBERON:0000002,HeLa cell,CVCL_0030,cervical adenocarcinoma cell,CL:0000069,Enhancer activity assay,,3C, RT-PCR, Western blot, RT-RT-qPCR
2018,30057115,Diet-Induced Circadian Enhancer Remodeling Synchronizes Opposing Hepatic Lipid Metabolic Processes,Homo sapiens,hg38,chr3,133743395,133745395,,,Enhancer,Active,Disease,esophageal carcinoma,MONDO:0004986,DOID:5041,Esophagus,UBERON:0001043,Oesophageal squamous cell,,esophageal squamous cell,CL:0000069,Enhancer activity assay,ChIP-seq,3C, RT-PCR, Western blot, RT-RT-qPCR
2020,32170070,MMP9 mediates acute hyperglycemia-induced human cardiac stem cell death by upregulating apoptosis and pyroptosis in vitro ,Homo sapiens,hg38,chr2,60722225,60722425,,BCL11A,Enhancer,Active,Disease,non-small cell lung carcinoma,MONDO:0005233,DOID:3908,Lung,UBERON:0002048,NSCLC cell lines,,non-small cell lung carcinoma cell,CL:0000066,Functional perturbation assay, Enhancer activity assay,Amplicon deep sequencing, RNA-seq,CRISPR Base Editing, RT-RT-qPCR, HPLC, Flow Cytometry, Sickling Assay
2021,34599190,Enhancer-associated H3K4 methylation safeguards in vitro germline competence,Mus musculus,mm10,chr4,102460000,102462000,,Prdm14,Enhancer,Active,Disease,neuroblastoma,MONDO:0005070,DOID:769,Brain,UBERON:0000955,Neuro2a,CVCL_0470,neuroblastoma cell,CL:0000031,Enhancer activity assay, Functional perturbation assay,ChIP-seq, ATAC-seq, RNA-seq, Capture Hi-C,CRISPR Knockout, RT-RT-qPCR, Flow Cytometry
2020,32694829,Super-enhancer-driven metabolic reprogramming promotes cystogenesis in autosomal dominant polycystic kidney disease,Mus musculus,mm10,chr8,123455000,123472000,,Ampd3,Enhancer,Active,Disease,polycystic kidney disease,MONDO:0005290,DOID:0111199,Kidney,UBERON:0002113,Pkd1-null tubule epithelial cells (PN),,kidney epithelial cell,CL:0000066,Functional perturbation assay, Enhancer activity assay,ChIP-seq, RNA-seq, ATAC-seq,ChIP-RT-qPCR, RT-RT-qPCR, Western blot, CRISPR Knockout, Flow Cytometry, Immunohistochemistry, HPLC
2019,31120998,HoxA9 binds and represses the Cebpa +8 kb enhancer,Mus musculus,mm10,chr7,35860000,35860514,Hoxa9,Cebpa,Enhancer,Silenced,Disease,acute myeloid leukemia,MONDO:0018874,DOID:9119,Bone Marrow,UBERON:0002371,Mouse myeloid progenitor cell,,mouse myeloid progenitor cell,CL:0000837,Enhancer activity assay, TF binding assay, Functional perturbation assay,ChIP-seq, RNA-seq,Luciferase Reporter Assay, EMSA, RT-RT-qPCR, Western blot
2019,31120998,HoxA9 binds and represses the Cebpa +8 kb enhancer,Mus musculus,mm10,chr7,35860000,35860514,Hoxa9,Cebpa,Enhancer,Silenced,Disease,acute myeloid leukemia,MONDO:0018874,DOID:9119,Bone Marrow,UBERON:0002371,MUTZ-3,CVCL_1435,acute myeloid leukemia cell,CL:0001054,Enhancer activity assay, TF binding assay, Functional perturbation assay,ChIP-seq, RNA-seq,Luciferase Reporter Assay, EMSA, RT-RT-qPCR, Western blot
2019,31120998,HoxA9 binds and represses the Cebpa +8 kb enhancer,Mus musculus,mm10,chr7,35860000,35860514,Hoxa9,Cebpa,Enhancer,Silenced,Disease,acute myeloid leukemia,MONDO:0018874,DOID:9119,Bone Marrow,UBERON:0002371,Primary murine myeloid progenitor cells,,mouse myeloid progenitor cell,CL:0000837,Enhancer activity assay, TF binding assay, Functional perturbation assay,ChIP-seq, RNA-seq,Luciferase Reporter Assay, EMSA, RT-RT-qPCR, Western blot
2023,36707514,Epigenetic regulation of Neuregulin 1 promotes breast cancer progression associated to hyperglycemia,Mus musculus,mm10,chr8,32199690,32200290,,Nrg1,Enhancer,Active,Disease,breast cancer,MONDO:0006120,DOID:1612,Mammary gland,UBERON:0001911,Met1,CVCL_UP55,breast carcinoma cell,CL:0000646,Enhancer activity assay, TF binding assay, Functional perturbation assay,FAIRE-seq, RNA-seq,Luciferase Reporter Assay, ChIP-RT-qPCR, CRISPR Knockout, qRT-PCR, Western blot
2021,33313982,The anxiety and ethanol intake controlling GAL51 enhancer is epigenetically modulated by, and controls preference for, high-fat diet,Mus musculus,mm10,chr19,3441054,3441445,,Gal,Enhancer,Silenced,Disease,neuroblastoma,MONDO:0005070,DOID:769,Brain,UBERON:0000955,SH-SY5Y,CVCL_0019,neuroblastoma cell,CL:0000031,Enhancer activity assay, Epigenetic modulation assay, Functional perturbation assay,,Luciferase Reporter Assay, Bisulfite Pyrosequencing, RT-RT-qPCR, CRISPR Knockout
2024,pending,A distal enhancer of GATA3 regulates Th2 differentiation and allergic inflammation,Mus musculus,mm10,chr2,8936092,8980864,,Gata3,Enhancer,Active,Disease,asthma,MONDO:0004607,DOID:2841,Lung,UBERON:0002048,primary CD4+ T cell (Th2),,CD4-positive Th2 cell,CL:0000899,Functional perturbation assay, Chromatin interaction assay,4C-seq,CRISPR Knockout
2024,39085358,SMC3 contributes to heart development by regulating superenhancer associated genes,Mus musculus,mm10,chr3,98010000,98160000,,Notch2,Enhancer,Silenced,Disease,atrial fibrillation,MONDO:0004978,DOID:0060224,Heart,UBERON:0000948,Atrial cardiomyocyte cell line,,atrial cardiomyocyte,CL:0000746,Functional perturbation assay, Enhancer activity assay,ChIP-seq, RNA-seq, snRNA-seq,RT-RT-qPCR, Western blot, ChIP-RT-qPCR
2019,31120998,HoxA9 binds and represses the Cebpa +8 kb enhancer,Mus musculus,mm10,chr7,35940000,35940455,Hoxa9,Cebpa,Enhancer,Silenced,Disease,acute myeloid leukemia,MONDO:0018874,DOID:9119,Bone Marrow,UBERON:0002371,Primary murine myeloid progenitor cells,,myeloid progenitor cell,CL:0000837,Enhancer activity assay, TF binding assay, Functional perturbation assay,ChIP-seq,Transgenic Reporter Assay, Flow Cytometry, RT-RT-qPCR
2019,31120998,HoxA9 binds and represses the Cebpa +8 kb enhancer,Mus musculus,mm10,chr7,35940000,35940455,Hoxa9,Cebpa,Enhancer,Silenced,Disease,acute myeloid leukemia,MONDO:0018874,DOID:9119,Bone Marrow,UBERON:0002371,Common myeloid progenitor cells,,common myeloid progenitor cell,CL:0000837,Enhancer activity assay, TF binding assay, Functional perturbation assay,ChIP-seq,Transgenic Reporter Assay, Flow Cytometry, RT-RT-qPCR
2019,31120998,HoxA9 binds and represses the Cebpa +8 kb enhancer,Mus musculus,mm10,chr7,35940000,35940455,Hoxa9,Cebpa,Enhancer,Silenced,Disease,acute myeloid leukemia,MONDO:0018874,DOID:9119,Bone Marrow,UBERON:0002371,Granulocyte-monocyte progenitor cells,,granulocyte-monocyte progenitor cell,CL:0000837,Enhancer activity assay, TF binding assay, Functional perturbation assay,ChIP-seq,Transgenic Reporter Assay, Flow Cytometry, RT-RT-qPCR
2019,31120998,HoxA9 binds and represses the Cebpa +8 kb enhancer,Mus musculus,mm10,chr7,35940000,35940455,Hoxa9,Cebpa,Enhancer,Silenced,Disease,acute myeloid leukemia,MONDO:0018874,DOID:9119,Bone Marrow,UBERON:0002371,LSK cells,,hematopoietic stem cell,CL:0001029,Enhancer activity assay, TF binding assay, Functional perturbation assay,ChIP-seq,Transgenic Reporter Assay, Flow Cytometry, RT-RT-qPCR
2011,21487009,Mouse Rankl expression is regulated in T cells by c-Fos and NFAT,Mus musculus,mm10,chr14,78469483,78470483,C-Fos,Tnfsf11,Enhancer,Active,Disease,,,,Blood,UBERON:0000178,,,,,Enhancer activity assay, TF binding assay, Chromatin interaction assay,,Luciferase Reporter Assay, ChIP-RT-qPCR, 3C
2018,30404006,Genetic Models Reveal cis and trans Immune-Regulatory Activities for lincRNA-Cox2,Mus musculus,mm10,chr1,152006173,152012078,,Ptgs2,Enhancer,Active,Disease,,,,Lung,UBERON:0002048,Bone Marrow-Derived Macrophages (BMDMs),,macrophage,CL:0000235,Enhancer activity assay, Functional perturbation assay, Chromatin interaction assay,ChIP-seq, RNA-seq,qRT-PCR, and ChIP-qPCR
2011,20942803,The pancreatic islet ??-cell-enriched transcription factor Pdx-1 regulates Slc30a8 gene transcription through an intronic enhancer,Mus musculus,mm10,chr15,52153900,52154520,Pdx1,Slc30A8,Enhancer,Active,Disease,cervical cancer,MONDO:0001156,DOID:2871,Cervix,UBERON:0000002,HeLa,CVCL_0030,cervical adenocarcinoma cell,CL:0000069,Enhancer activity assay, TF binding assay,,Luciferase Reporter Assay, ChIP-RT-qPCR, EMSA
2020,31658410,A distal enhancer that directs Otx2 expression in the retinal pigment epithelium and neuroretina,Mus musculus,mm10,chr14,48799494,48801489,Pax6,Otx2,Enhancer,Active,Disease,,,,Retina,UBERON:0000966,,,,,Enhancer activity assay, TF binding assay,ChIP-seq,Transgenic Reporter Assay, qRT-PCR, Immunohistochemistry
2011,21566115,A distal enhancer in Il12b is the target of transcriptional repression by the STAT3 pathway and Requires the Basic Leucine Zipper (B-ZIP) Protein NFIL3,Mus musculus,mm10,chr11,44280890,44281890,Nfil3,Il12B,Enhancer,Active,Disease,,,,Blood,UBERON:0000178,,,,,Enhancer activity assay, TF binding assay,,Luciferase Reporter Assay, ChIP-RT-qPCR, EMSA
2011,21673114,Combinatorial Regulation of Photoreceptor Differentiation Factor, Neural Retina Leucine Zipper Gene Nrl, Revealed by in Vivo Promoter Analysis,Mus musculus,mm10,chr14,95982949,95983230,,Nrl,Enhancer,Active,Disease,,,,Retina,UBERON:0000966,,,,,Enhancer activity assay, TF binding assay,,Luciferase Reporter Assay, In Vivo Reporter Assay, EMSA
2017,28905448,Myeloid Zinc Finger 1 and GA Binding Protein Co-Operate with Sox2 in Regulating the Expression of Yes-Associated Protein 1 in Cancer Cells,Mus musculus,mm10,chr1,100900000,100900243,Mzf1,Yap1,Enhancer,Active,Disease,,,,Bone,UBERON:0001474,mOS-482,CVCL_WT34,osteosarcoma cell,CL:0000062,Enhancer activity assay,,Luciferase Reporter Assay, EMSA, ChIP-RT-qPCR, RT-RT-qPCR, Western blot
2017,29042628,A DNA Contact Map for the Mouse Runx1 Gene Identifies Novel Haematopoietic Enhancers,Mus musculus,mm10,chr16,92629000,92629500,Erg,Runx1,Enhancer,Active,Disease,,,,Bone Marrow,UBERON:0002371,Mouse hematopoietic progenitor cell,,hematopoietic progenitor cell,CL:0000837,Enhancer activity assay,ChIP-seq, DNase-seq,Transgenic Reporter Assay, RT-RT-qPCR
2017,29042628,A DNA Contact Map for the Mouse Runx1 Gene Identifies Novel Haematopoietic Enhancers,Mus musculus,mm10,chr16,92632000,92632500,Erg,Runx1,Enhancer,Active,Disease,,,,Bone Marrow,UBERON:0002371,Mouse hematopoietic progenitor cell,,hematopoietic progenitor cell,CL:0000837,Enhancer activity assay,ChIP-seq, DNase-seq,Transgenic Reporter Assay, RT-RT-qPCR
2017,29042628,A DNA Contact Map for the Mouse Runx1 Gene Identifies Novel Haematopoietic Enhancers,Mus musculus,mm10,chr16,92679000,92679500,Spi1,Runx1,Enhancer,Active,Disease,,,,Bone Marrow,UBERON:0002371,Mouse hematopoietic progenitor cell,,hematopoietic progenitor cell,CL:0000837,Enhancer activity assay,ChIP-seq, DNase-seq,Transgenic Reporter Assay, RT-RT-qPCR
2017,29042628,A DNA Contact Map for the Mouse Runx1 Gene Identifies Novel Haematopoietic Enhancers,Mus musculus,mm10,chr16,92697000,92697500,Tal1,Runx1,Enhancer,Active,Disease,,,,Bone Marrow,UBERON:0002371,Mouse hematopoietic progenitor cell,,hematopoietic progenitor cell,CL:0000837,Enhancer activity assay,ChIP-seq, DNase-seq,Transgenic Reporter Assay, RT-RT-qPCR
2011,20864515,Prep1 Controls Insulin Glucoregulatory Function in Liver by Transcriptional Targeting of SHP1 Tyrosine Phosphatase,Mus musculus,mm10,chr6,124695557,124695892,Prep1,Ptpn6,Enhancer,Active,Disease,hepatocellular carcinoma,MONDO:0007256,DOID:684,Liver,UBERON:0002107,HepG2,CVCL_0027,hepatocellular carcinoma cell,CL:0000182,Enhancer activity assay, TF binding assay,,Luciferase Reporter Assay, ChIP-RT-qPCR
2011,20864515,Prep1 Controls Insulin Glucoregulatory Function in Liver by Transcriptional Targeting of SHP1 Tyrosine Phosphatase,Mus musculus,mm10,chr6,124695557,124695892,Prep1,Ptpn6,Enhancer,Active,Disease,cervical cancer,MONDO:0001156,DOID:2871,Cervix,UBERON:0000002,HeLa,CVCL_0030,cervical adenocarcinoma cell,CL:0000069,Enhancer activity assay, TF binding assay,,Luciferase Reporter Assay, ChIP-RT-qPCR
2011,20942803,The pancreatic islet ??-cell-enriched transcription factor Pdx-1 regulates Slc30a8 gene transcription through an intronic enhancer,Mus musculus,mm10,chr15,52159003,52159479,,Slc30A8,Enhancer,Active,Disease,cervical cancer,MONDO:0001156,DOID:2871,Cervix,UBERON:0000002,HeLa,CVCL_0030,cervical adenocarcinoma cell,CL:0000069,Enhancer activity assay,,Luciferase Reporter Assay
2011,21464046,Nkx2-5 represses Gata1 gene expression and modulates its hematopoietic enhancer,Mus musculus,mm10,chrX,7826505,7830405,,Gata1,Enhancer,Silenced,Disease,chronic myeloid leukemia,MONDO:0011998,DOID:8552,Bone marrow,UBERON:0002371,K562,CVCL_0004,chronic myeloid leukemia cell,CL:0001054,Enhancer activity assay, TF binding assay,,Luciferase Reporter Assay, Transgenic Reporter Assay
2009,19584292,Activating Transcription Factor 2 and c-Jun-Mediated Induction of FoxP3 for Experimental Therapy of Mammary Tumor in the Mouse,Mus musculus,mm10,chrX,4905800,4906065,Atf2,Foxp3,Enhancer,Active,Disease,breast carcinoma,MONDO:0006120,DOID:1612,Mammary Gland,UBERON:0001911,4T1,CVCL_0125,breast carcinoma cell,CL:0000646,Enhancer activity assay, TF binding assay,,Luciferase Reporter Assay, ChIP-RT-qPCR, EMSA, RT-RT-qPCR
2009,19584292,Activating Transcription Factor 2 and c-Jun-Mediated Induction of FoxP3 for Experimental Therapy of Mammary Tumor in the Mouse,Mus musculus,mm10,chrX,4905800,4906065,Atf2,Foxp3,Enhancer,Active,Disease,breast carcinoma,MONDO:0006120,DOID:1612,Mammary Gland,UBERON:0001911,TSA,CVCL_Z585,breast carcinoma cell,CL:0000646,Enhancer activity assay, TF binding assay,,Luciferase Reporter Assay, ChIP-RT-qPCR, EMSA, RT-RT-qPCR
1983,6409418,A lymphocyte-specific cellular enhancer is located downstream of the joining region in immunoglobulin heavy chain genes,Mus musculus,mm10,chr12,114666216,114667377,,Igh,Enhancer,Active,Disease,plasmacytoma,MONDO:0005105,DOID:2090,Lymphoid tissue,UBERON:0001745,X63-Ag8,CVCL_3415,plasmacytoma cell,CL:0000945,Enhancer activity assay, TF binding assay,,Luciferase Reporter Assay, EMSA
2019,31085606,Hepatic BMP9 improves glucose and lipid metabolism via SREBP-1c suppression,Mus musculus,mm10,chr10,89234500,89236669,,Luc,Enhancer,Active,Disease,hepatocellular carcinoma,MONDO:0007256,DOID:684,Liver,UBERON:0002107,HepG2,CVCL_0027,hepatocellular carcinoma cell,CL:0000182,Enhancer activity assay,,Luciferase Reporter Assay
2023,36747241,CEBP??/miR-101b-3p promotes meningoencephalitis in mice infected with Angiostrongylus cantonensis by promoting microglial pyroptosis,Mus musculus,mm10,chr19,29129170,29131699,,Mmu-Mir-101B-3P,Enhancer,Active,Disease,,,,Brain,UBERON:0000955,BV2 microglia,CVCL_0182,microglial cell,CL:0000129,Enhancer activity assay, TF binding assay,RNA-seq,Luciferase Reporter Assay, qRT-PCR, Western blot
2009,19584292,Activating Transcription Factor 2 and c-Jun-Mediated Induction of FoxP3 for Experimental Therapy of Mammary Tumor in the Mouse,Mus musculus,mm10,chrX,4899200,4899465,Atf2,Foxp3,Enhancer,Active,Disease,breast carcinoma,MONDO:0006120,DOID:1612,Mammary Gland,UBERON:0001911,4T1,CVCL_0125,breast carcinoma cell,CL:0000646,Enhancer activity assay, TF binding assay,,Luciferase Reporter Assay, ChIP-RT-qPCR
2009,19584292,Activating Transcription Factor 2 and c-Jun-Mediated Induction of FoxP3 for Experimental Therapy of Mammary Tumor in the Mouse,Mus musculus,mm10,chrX,4899200,4899465,Atf2,Foxp3,Enhancer,Active,Disease,breast carcinoma,MONDO:0006120,DOID:1612,Mammary Gland,UBERON:0001911,TSA,CVCL_Z585,breast carcinoma cell,CL:0000646,Enhancer activity assay, TF binding assay,,Luciferase Reporter Assay, ChIP-RT-qPCR
2006,16709834,CD86 Stimulation on a B Cell Activates the Phosphatidylinositol 3-Kinase/Akt and Phospholipase Cgamma2/Protein Kinase C Signaling Pathways,Mus musculus,mm10,chr12,114450000,114450225,Nfkb1,Ighg1,Enhancer,Active,Disease,B-cell lymphoma,MONDO:0005029,DOID:164,Spleen,UBERON:0002106,A20,CVCL_1940,B cell lymphoma cell,CL:0000945,Enhancer activity assay, TF binding assay,,Luciferase Reporter Assay, ChIP-RT-qPCR, RT-RT-qPCR, ELISA
2025,37225984,BRD4 in Cx3cr1-positive macrophages drives proinflammatory transcription in heart failure pathogenesis,Mus musculus,mm10,chr3,54351833,54571175,Creb5; Runx2; Arid5A,Meox1,Enhancer,Active,Disease,,,,Heart,UBERON:0000948,Cardiac Fibroblast,,cardiac fibroblast,CL:0002547,Chromatin interaction assay,scATAC-seq,ChIP-RT-qPCR, RT-RT-qPCR
2011,21549805,Differential regulation of sense and antisense promoter activity at the Csf1R locus in B cells by the transcription factor PAX5,Mus musculus,mm10,chr18,61235500,61235837,Pax5,Csf1R,Enhancer,Active,Disease,B-cell lymphoma,MONDO:0005029,DOID:164,Blood,UBERON:0000178,A20,CVCL_1940,B cell lymphoma cell,CL:0000945,Enhancer activity assay, TF binding assay,,Luciferase Reporter Assay, ChIP-RT-qPCR
2025,39443808,Chromatin remodelling drives immune cell-fibroblast communication in heart failure,Mus musculus,mm10,chr2,129323600,129328600,,Il1B,Enhancer,Active,Disease,atherosclerosis,MONDO:0005147,DOID:1936,Heart,UBERON:0000948,Macrophage,,macrophage,CL:0000235,Enhancer activity assay,scATAC-seq,Luciferase Reporter Assay, CRISPR Knockout, RT-RT-qPCR
2025,39443808,Chromatin remodelling drives immune cell-fibroblast communication in heart failure,Mus musculus,mm10,chr11,101828402,101833529,Creb5; Runx2,Postn,Enhancer,Active,Disease,cardiac fibrosis,MONDO:0004976,DOID:3770,Heart,UBERON:0000948,Cardiac Fibroblast,,cardiac fibroblast,CL:0002547,Chromatin interaction assay,scATAC-seq,ChIP-RT-qPCR, RT-RT-qPCR
2010,20042469,c-Maf activates the promoter and enhancer of the IL-21 gene, and TGF-beta inhibits c-Maf-induced IL-21 production in CD4+ T cells,Mus musculus,mm10,chr3,37283342,37283854,C-Maf,Il21,Enhancer,Active,Disease,T-cell lymphoma,MONDO:0005114,DOID:0050747,Lymph node,UBERON:0000029,EL4,CVCL_0255,T lymphoma cell,CL:0000084,Enhancer activity assay, TF binding assay,,Luciferase Reporter Assay, ChIP-RT-qPCR, EMSA
2001,11263787,Activation of a Fibroblast-Specific Enhancer of the Proalpha2(I) Collagen Gene in Tight-Skin Mice,Mus musculus,mm10,chr6,122479265,122485265,,Col1A2,Enhancer,Active,Disease,scleroderma,MONDO:0005100,DOID:418,Skin,UBERON:0000014,Dermal Fibroblast,,dermal fibroblast,CL:0000057,Enhancer activity assay,,Transgenic Reporter Assay, Luciferase Reporter Assay
2001,11263787,Activation of a Fibroblast-Specific Enhancer of the Proalpha2(I) Collagen Gene in Tight-Skin Mice,Mus musculus,mm10,chr6,122481665,122483665,,Col1A2,Enhancer,Active,Disease,scleroderma,MONDO:0005100,DOID:418,Skin,UBERON:0000014,Dermal Fibroblast,,dermal fibroblast,CL:0000057,Enhancer activity assay,,Transgenic Reporter Assay, Luciferase Reporter Assay
2021,33976173,A Stat1 bound enhancer promotes Nampt expression and function within tumor associated macrophages,Mus musculus,mm10,chr9,102705800,102706400,Stat1,Nampt,Enhancer,Active,Disease,tumor microenvironment,MONDO:0005070,DOID:162,Bone marrow,UBERON:0002371,Bone marrow-derived macrophages (BMMs),,macrophage,CL:0000235,Enhancer activity assay, TF binding assay, Functional perturbation assay,RNA-seq, scRNA-seq, ChIP-seq,qRT-PCR, and ChIP-qPCR
2021,33976173,A Stat1 bound enhancer promotes Nampt expression and function within tumor associated macrophages,Mus musculus,mm10,chr9,102705800,102706400,Stat1,Nampt,Enhancer,Active,Disease,tumor microenvironment,MONDO:0005070,DOID:162,Bone marrow,UBERON:0002371,RAW 264.7 cell line,CVCL_0493,macrophage,CL:0000235,Enhancer activity assay, TF binding assay, Functional perturbation assay,RNA-seq, scRNA-seq, ChIP-seq,qRT-PCR, and ChIP-qPCR
2021,33976173,A Stat1 bound enhancer promotes Nampt expression and function within tumor associated macrophages,Mus musculus,mm10,chr9,102705800,102706400,Stat1,Nampt,Enhancer,Active,Disease,tumor microenvironment,MONDO:0005070,DOID:162,Bone marrow,UBERON:0002371,tumor-associated macrophages (TAMs),,macrophage,CL:0000235,Enhancer activity assay, TF binding assay, Functional perturbation assay,RNA-seq, scRNA-seq, ChIP-seq,qRT-PCR, and ChIP-qPCR
2018,30349647,3'Igh enhancers hs3b/hs4 are dispensable for Myc deregulation in mouse plasmacytomas with T(12;15) translocations,Mus musculus,mm10,chr12,113005000,113005100,,Myc,Enhancer,Active,Disease,plasmacytoma,MONDO:0005086,DOID:1324,Lymph node,UBERON:0000029,Primary plasmacytoma cells,,plasma cell,CL:0000786,Functional perturbation assay, Tumorigenesis assay,RNA-seq,qRT-PCR, and ChIP-qPCR
2018,30349647,3'Igh enhancers hs3b/hs4 are dispensable for Myc deregulation in mouse plasmacytomas with T(12;15) translocations,Mus musculus,mm10,chr12,113005000,113005100,,Myc,Enhancer,Active,Disease,plasmacytoma,MONDO:0005086,DOID:1324,Lymph node,UBERON:0000029,plasma cells,,plasma cell,CL:0000786,Functional perturbation assay, Tumorigenesis assay,RNA-seq,qRT-PCR, and ChIP-qPCR
2018,30349647,3'Igh enhancers hs3b/hs4 are dispensable for Myc deregulation in mouse plasmacytomas with T(12;15) translocations,Mus musculus,mm10,chr12,113010000,113010100,,Myc,Enhancer,Active,Disease,plasmacytoma,MONDO:0005086,DOID:1324,Lymph node,UBERON:0000029,Primary plasmacytoma cells,,plasma cell,CL:0000786,Functional perturbation assay, Tumorigenesis assay,RNA-seq,qRT-PCR, and ChIP-qPCR
2018,30349647,3'Igh enhancers hs3b/hs4 are dispensable for Myc deregulation in mouse plasmacytomas with T(12;15) translocations,Mus musculus,mm10,chr12,113010000,113010100,,Myc,Enhancer,Active,Disease,plasmacytoma,MONDO:0005086,DOID:1324,Lymph node,UBERON:0000029,plasma cells,,plasma cell,CL:0000786,Functional perturbation assay, Tumorigenesis assay,RNA-seq,qRT-PCR, and ChIP-qPCR
2018,30349647,3'Igh enhancers hs3b/hs4 are dispensable for Myc deregulation in mouse plasmacytomas with T(12;15) translocations,Mus musculus,mm10,chr12,113015000,113015100,,Myc,Enhancer,Active,Disease,plasmacytoma,MONDO:0005086,DOID:1324,Lymph node,UBERON:0000029,Primary plasmacytoma cells,,plasma cell,CL:0000786,Functional perturbation assay, Tumorigenesis assay,RNA-seq,qRT-PCR, and ChIP-qPCR
2018,30349647,3'Igh enhancers hs3b/hs4 are dispensable for Myc deregulation in mouse plasmacytomas with T(12;15) translocations,Mus musculus,mm10,chr12,113015000,113015100,,Myc,Enhancer,Active,Disease,plasmacytoma,MONDO:0005086,DOID:1324,Lymph node,UBERON:0000029,plasma cells,,plasma cell,CL:0000786,Functional perturbation assay, Tumorigenesis assay,RNA-seq,qRT-PCR, and ChIP-qPCR
2018,30349647,3'Igh enhancers hs3b/hs4 are dispensable for Myc deregulation in mouse plasmacytomas with T(12;15) translocations,Mus musculus,mm10,chr12,113019000,113019100,,Myc,Enhancer,Active,Disease,plasmacytoma,MONDO:0005086,DOID:1324,Lymph node,UBERON:0000029,Primary plasmacytoma cells,,plasma cell,CL:0000786,Functional perturbation assay, Tumorigenesis assay,RNA-seq,qRT-PCR, and ChIP-qPCR
2018,30349647,3'Igh enhancers hs3b/hs4 are dispensable for Myc deregulation in mouse plasmacytomas with T(12;15) translocations,Mus musculus,mm10,chr12,113019000,113019100,,Myc,Enhancer,Active,Disease,plasmacytoma,MONDO:0005086,DOID:1324,Lymph node,UBERON:0000029,plasma cells,,plasma cell,CL:0000786,Functional perturbation assay, Tumorigenesis assay,RNA-seq,qRT-PCR, and ChIP-qPCR
2021,33473108,SOX-5 activates a novel ROR?|??t enhancer to facilitate experimental autoimmune encephalomyelitis by promoting Th17 cell differentiation,Mus musculus,mm10,chr3,94170946,94172113,Sox5,Rorc,Enhancer,Active,Disease,experimental autoimmune encephalomyelitis,MONDO:0005257,DOID:3310,Spleen,UBERON:0002106,CD4+ Th17 cells,,CD4-positive Th17 cell,CL:0000899,Enhancer activity assay, TF binding assay, Chromatin interaction assay, Functional perturbation assay,ChIP-seq, RNA-seq,Luciferase Reporter Assay, ChIP-RT-qPCR, 3C-RT-qPCR, ChIP-loop assay, CRISPR Knockout, RT-RT-qPCR, ELISA, Flow Cytometry
2021,33473108,SOX-5 activates a novel ROR?|??t enhancer to facilitate experimental autoimmune encephalomyelitis by promoting Th17 cell differentiation,Mus musculus,mm10,chr3,94170946,94172113,Sox5,Rorc,Enhancer,Active,Disease,experimental autoimmune encephalomyelitis,MONDO:0005257,DOID:3310,Spleen,UBERON:0002106,Naive CD4+ T cells,,naive CD4-positive T cell,CL:0000896,Enhancer activity assay, TF binding assay, Chromatin interaction assay, Functional perturbation assay,ChIP-seq, RNA-seq,Luciferase Reporter Assay, CRISPR knockout, ChIP-RT-qPCR, 3C-RT-qPCR, ChIP-loop assay, RT-RT-qPCR, Western blot, Co-IP, Flow cytometry, ELISA
2020,32701507,ERG orchestrates chromatin interactions to drive prostate cell fate reprogramming,Mus musculus,mm10,chr16,25400000,25900000,,Trp63,SE,Silenced,Disease,prostate cancer,MONDO:0008315,DOID:10283,Prostate,UBERON:0002367,Mouse Prostate Epithelial Organoids,,mouse prostate epithelial organoid cell,CL:0000066,Enhancer activity assay, TF binding assay, Chromatin interaction assay, Functional perturbation assay,ChIP-seq, RNA-seq, Hi-C, ATAC-seq,CRISPR Knockout, qRT-PCR, Western blot, Immunofluorescence
2019,31636200,Long-range Pitx2c enhancer-promoter interactions prevent predisposition to atrial fibrillation,Mus musculus,mm10,chr3,128750000,128770000,Ctcf,Pitx2C,Enhancer,Active,Disease,atrial fibrillation,MONDO:0004978,DOID:0060224,Heart,UBERON:0000948,Left Atrial Cardiomyocytes,,atrial cardiomyocyte,CL:0000746,Functional perturbation assay, Chromatin interaction assay, Enhancer activity assay,4C-seq, ChIP-seq, ATAC-seq, RNA-seq,CRISPR Knockout, RT-RT-qPCR, Programmed Intracardiac Pacing
2013,24285714,Role of SWI/SNF in acute leukemia maintenance and enhancer-mediated Myc regulation,Mus musculus,mm10,chr15,97300000,97400000,,Myc,Enhancer,Active,Disease,acute myeloid leukemia,MONDO:0018874,DOID:9119,Bone marrow,UBERON:0002371,RN2 AML cell line,CVCL_WT32,acute myeloid leukemia cell,CL:0001054,Enhancer activity assay, Chromatin interaction assay,ChIP-seq, RNA-seq,Luciferase reporter assay, ChIP-RT-qPCR, 3C-RT-qPCR
2018,29342133,A Myc enhancer cluster regulates normal and leukaemic haematopoietic stem cell hierarchies,Mus musculus,mm10,chr15,63442671,63443111,Spi1,Myc,Enhancer,Silenced,Disease,acute myeloid leukemia,MONDO:0018874,DOID:9119,Bone Marrow,UBERON:0002371,LSK Cells,,hematopoietic stem cell,CL:0001029,Functional perturbation assay,ChIP-seq, ATAC-seq,CRISPR Knockout, RT-RT-qPCR
2018,29342133,A Myc enhancer cluster regulates normal and leukaemic haematopoietic stem cell hierarchies,Mus musculus,mm10,chr15,63479681,63480222,Runx1,Myc,Enhancer,Active,Disease,acute myeloid leukemia,MONDO:0018874,DOID:9119,Bone Marrow,UBERON:0002371,LT-HSCs,,long-term hematopoietic stem cell,CL:0001029,Functional perturbation assay,ChIP-seq, RNA-seq,CRISPR Knockout, RT-RT-qPCR
2020,32499651,A distal enhancer at risk locus 11q135 promotes suppression of colitis by Treg cells,Mus musculus,mm10,chr7,105711382,105713753,Stat5,Lrrc32,Enhancer,Active,Disease,colitis,MONDO:0005075,DOID:0060180,Colon,UBERON:0001155,Primary Treg cells,,regulatory T cell,CL:0000815,Functional perturbation assay, Enhancer activity assay, TF binding assay,RNA-seq, ChIP-seq, ATAC-seq,CRISPR Knockout, ChIP-RT-qPCR, qRT-PCR, Flow Cytometry
2020,32701507,ERG orchestrates chromatin interactions to drive prostate cell fate reprogramming,Mus musculus,mm10,chr15,102000000,102800000,,Krt8,SE,Active,Disease,prostate cancer,MONDO:0008315,DOID:10283,Prostate,UBERON:0002367,Mouse Prostate Epithelial Organoids,,mouse prostate epithelial organoid cell,CL:0000066,Enhancer activity assay, TF binding assay, Chromatin interaction assay, Functional perturbation assay,ChIP-seq, RNA-seq, Hi-C, ATAC-seq,shRNA Knockdown, qRT-PCR, Western blot, Immunofluorescence
2024,39183203,Multi-omics profiling of retinal pigment epithelium reveals enhancer-driven activation of RANK-NFATc1 signaling in traumatic proliferative vitreoretinopathy,Mus musculus,mm10,chr18,87758000,87762000,Nfatc1; Creb5; Ets1; Tgif1; Smad3,Nfatc1,Enhancer,Active,Disease,proliferative vitreoretinopathy,MONDO:0006007,DOID:0080067,Retina,UBERON:0000966,Primary retinal pigment epithelium (RPE) cells,,retinal pigment epithelial cell,CL:0002586,Enhancer activity assay, TF binding assay, Functional perturbation assay,ATAC-seq, ChIP-seq, RNA-seq,ChIP-RT-qPCR, RT-RT-qPCR, Western blot, CRISPRi (shRNA), Immunofluorescence
2018,29903884,Sex reversal following deletion of a single far upstream enhancer of Sox9,Mus musculus,mm10,chr11,10954273,10955559,,Sox9,Enhancer,Active,Disease,sex reversal,MONDO:0008637,DOID:14450,Testis,UBERON:0000473,Sertoli cells,,Sertoli cell,CL:0000216,Developmental biology assay, Functional genomics assay, Epigenomic profiling assay, Genome editing assay, Transcriptional regulation assay, In vivo transgenic reporter assay,ATAC-seq, ChIP-seq [targets: H3K27ac], DNase-seq,CRISPR-Cas9 Mediated Enhancer Deletion, qRT-PCR, LacZ Transgenic Reporter Assay, Immunofluorescence Microscopy, Pronuclear Microinjection, Genotyping PCR, Sanger Sequencing
2016,27166834,Long-range enhancers modulate Foxf1 transcription in blood vessels of pulmonary vascular network,Mus musculus,mm10,chr8,123400044,123400756,Gata,Foxf1,Enhancer,Active,Disease,pulmonary vascular disease,MONDO:0005022,DOID:1307,Lung,UBERON:0002048,Embryonic lung cells,,embryonic lung cell,CL:0000000,Chromatin interaction assay,ChIP-seq,3C-seq, Luciferase Reporter Assay
2016,27166834,Long-range enhancers modulate Foxf1 transcription in blood vessels of pulmonary vascular network,Mus musculus,mm10,chr8,123406634,123407310,Gli1,Foxf1,Enhancer,Active,Disease,pulmonary vascular disease,MONDO:0005022,DOID:1307,Lung,UBERON:0002048,Embryonic lung cells,,embryonic lung cell,CL:0000000,Chromatin interaction assay,ChIP-seq,3C-seq, Luciferase Reporter Assay, RT-RT-qPCR
2018,29342133,A Myc enhancer cluster regulates normal and leukaemic haematopoietic stem cell hierarchies,Mus musculus,mm10,chr15,63489392,63491254,Runx1,Myc,Enhancer,Active,Disease,acute myeloid leukemia,MONDO:0018874,DOID:9119,Bone Marrow,UBERON:0002371,CLPs,,common lymphoid progenitor,CL:0000842,Functional perturbation assay,ChIP-seq, ATAC-seq,CRISPR Knockout, RT-RT-qPCR
2018,29903884,Sex reversal following deletion of a single far upstream enhancer of Sox9,Mus musculus,mm10,chr11,10941473,10942029,Sry; Sox9; Nr5A1,Sox9,Enhancer,Active,Disease,sex reversal,MONDO:0008637,DOID:14450,Genital ridge,UBERON:0005294,Bipotential gonadal somatic cells,,gonadal somatic cell,CL:0000000,Developmental biology assay, Functional genomics assay, Epigenomic profiling assay, Genome editing assay, Transcriptional regulation assay, In vivo transgenic reporter assay, In vivo functional assay,ATAC-seq, ChIP-seq, DNase-seq,CRISPR-Cas9 enhancer deletion, RT-RT-qPCR, ChIP-RT-qPCR, LacZ Transgenic Reporter Assay, Immunofluorescence, H&E staining, FACS, Genotyping PCR, Sanger Sequencing
2018,29903884,Sex reversal following deletion of a single far upstream enhancer of Sox9,Mus musculus,mm10,chr11,10996600,10999794,Sry; Sox9; Nr5A1,Sox9,Enhancer,Active,Disease,sex reversal,MONDO:0008637,DOID:14450,Testis,UBERON:0000473,Sertoli cell precursors,,Sertoli cell precursor,CL:0000216,Developmental biology assay, Functional genomics assay, Epigenomic profiling assay, Genome editing assay, Transcriptional regulation assay, In vivo functional assay,ChIP-seq, DNase-seq, ATAC-seq,CRISPR-Cas9 enhancer deletion, RT-RT-qPCR, ChIP-RT-qPCR, Immunofluorescence, Genotyping PCR, Sanger Sequencing
2018,29342133,A Myc enhancer cluster regulates normal and leukaemic haematopoietic stem cell hierarchies,Mus musculus,mm10,chr15,63496914,63497514,Tal1,Myc,Enhancer,Active,Disease,acute myeloid leukemia,MONDO:0018874,DOID:9119,Bone Marrow,UBERON:0002371,CMPs,,common myeloid progenitor,CL:0000835,Functional perturbation assay,ChIP-seq,CRISPR Knockout, RT-RT-qPCR
2018,29342133,A Myc enhancer cluster regulates normal and leukaemic haematopoietic stem cell hierarchies,Mus musculus,mm10,chr15,63510497,63510914,Cebpa,Myc,Enhancer,Active,Disease,acute myeloid leukemia,MONDO:0018874,DOID:9119,Bone Marrow,UBERON:0002371,MEPs,,megakaryocyte-erythroid progenitor,CL:0000836,Functional perturbation assay,ChIP-seq,CRISPR Knockout, RT-RT-qPCR
2018,29342133,A Myc enhancer cluster regulates normal and leukaemic haematopoietic stem cell hierarchies,Mus musculus,mm10,chr15,63536261,63536739,Ebf1,Myc,Enhancer,Active,Disease,acute myeloid leukemia,MONDO:0018874,DOID:9119,Bone Marrow,UBERON:0002371,CLPs,,common lymphoid progenitor,CL:0000842,Functional perturbation assay,ChIP-seq,CRISPR Knockout, RT-RT-qPCR
2018,29342133,A Myc enhancer cluster regulates normal and leukaemic haematopoietic stem cell hierarchies,Mus musculus,mm10,chr15,63567831,63568301,Gata1,Myc,Enhancer,Active,Disease,acute myeloid leukemia,MONDO:0018874,DOID:9119,Bone Marrow,UBERON:0002371,MEPs,,megakaryocyte-erythroid progenitor,CL:0000836,Functional perturbation assay,ChIP-seq,CRISPR Knockout, RT-RT-qPCR
2018,29527594,A Novel Distal Enhancer Mediates Inflammation-, PTH-, and Early Onset Murine Kidney Disease-Induced Expression of the Mouse Fgf23 Gene,Mus musculus,mm10,chr6,127006796,127007720,Nfkb1; Hif1A; Stat3; Stat5A; Stat6; Arnt; Clock; Arntl; Npas2,Fgf23,Enhancer,Active,Disease,chronic kidney disease,MONDO:0005102,DOID:784,Kidney,UBERON:0002113,Bone marrow-derived mesenchymal stem cells,,mesenchymal stromal cell,CL:0000134,Functional genomics assay, Epigenomic profiling assay, Genome editing assay, Transcriptional regulation assay, In vivo functional assay,ChIP-seq, Microarray, Comparative genomic conservation analysis,CRISPR-Cas9 enhancer deletion, RT-RT-qPCR, FGF23 ELISA, DXA, Serum biochemical analysis, Genotyping PCR, Sanger sequencing, In vivo LPS stimulation assay, In vivo cytokine stimulation assay, In vivo PTH stimulation assay, In vivo CKD model assay
2017,29078395,STAT5-mediated chromatin interactions in superenhancers activate IL-2 highly inducible genes,Mus musculus,mm10,chr11,5202000,5255000,,Il2Ra,Enhancer,Active,Disease,immune dysregulation,MONDO:0005317,DOID:2914,Blood,UBERON:0000178,CD4+ T cells,,CD4-positive T cell,CL:0000624,Chromatin interaction assay, Functional perturbation assay,ChIA-PET, RNA-seq,CRISPR knockout, Luciferase reporter assay, RT-RT-qPCR
2021,33473108,SOX-5 activates a novel ROR?|??t enhancer to facilitate experimental autoimmune encephalomyelitis by promoting Th17 cell differentiation,Mus musculus,mm10,chr3,94169746,94173149,Sox5,Rorc,Enhancer,Active,Disease,experimental autoimmune encephalomyelitis,MONDO:0005257,DOID:3310,Spleen,UBERON:0002106,Naive CD4+ T cells,,naive CD4-positive T cell,CL:0000896,Enhancer activity assay, TF binding assay,ChIP-seq, RNA-seq,Luciferase Reporter Assay, ChIP-RT-qPCR, RT-RT-qPCR, Flow cytometry
2017,29078395,STAT5-mediated chromatin interactions in superenhancers activate IL-2 highly inducible genes: Functional dissection of the Il2ra gene locus,Mus musculus,mm10,chr11,5202000,5255000,,Il2Ra,Enhancer,Active,Disease,immune dysregulation,MONDO:0005317,DOID:2914,Blood,UBERON:0000178,CD4+ T cells,,CD4-positive T cell,CL:0000624,Chromatin interaction assay, Functional perturbation assay,ChIA-PET, RNA-seq,CRISPR knockout, Luciferase reporter assay, RT-RT-qPCR
2018,29527594,A Novel Distal Enhancer Mediates Inflammation-, PTH-, and Early Onset Murine Kidney Disease-Induced Expression of the Mouse Fgf23 Gene,Mus musculus,mm10,chr6,127006900,127006914,Nfkb1,Fgf23,Enhancer,Active,Disease,chronic kidney disease,MONDO:0005102,DOID:784,Kidney,UBERON:0002113,Osteocytes,,osteocyte,CL:0000064,Functional genomics assay, Transcriptional regulation assay, In Silico Motif Analysis,Whole-Genome TF Binding Motif Enrichment Analysis, ChIP-seq (Nfkb1),EMSA, Dual-Luciferase Reporter Assay, qRT-PCR, ChIP-RT-qPCR
2018,29527594,A Novel Distal Enhancer Mediates Inflammation-, PTH-, and Early Onset Murine Kidney Disease-Induced Expression of the Mouse Fgf23 Gene,Mus musculus,mm10,chr6,127007050,127007058,Hif1A; Arnt,Fgf23,Enhancer,Active,Disease,chronic kidney disease,MONDO:0005102,DOID:784,Kidney,UBERON:0002113,Renal tubular epithelial cells,,renal tubular epithelial cell,CL:0000066,Functional genomics assay, Transcriptional regulation assay, In Silico Motif Analysis,Whole-Genome TF Binding Motif Enrichment Analysis, ChIP-seq (Hif1a, Arnt),EMSA, Dual-Luciferase Reporter Assay, qRT-PCR, ChIP-RT-qPCR
2018,29527594,A Novel Distal Enhancer Mediates Inflammation-, PTH-, and Early Onset Murine Kidney Disease-Induced Expression of the Mouse Fgf23 Gene,Mus musculus,mm10,chr6,127007200,127007209,Stat3; Stat5A,Fgf23,Enhancer,Active,Disease,chronic kidney disease,MONDO:0005102,DOID:784,Kidney,UBERON:0002113,Renal proximal tubular epithelial cells,,renal proximal tubular epithelial cell,CL:0002306,Functional genomics assay, Transcriptional regulation assay, In Silico Motif Analysis,Whole-Genome TF Binding Motif Enrichment Analysis, ChIP-seq (Stat3, Stat5a),EMSA, Dual-Luciferase Reporter Assay, qRT-PCR, ChIP-RT-qPCR
2018,29903884,Sex reversal following deletion of a single far upstream enhancer of Sox9,Mus musculus,mm10,chr11,10997900,10999300,Sry; Sox9; Nr5A1,Sox9,Enhancer,Active,Disease,sex reversal,MONDO:0008637,DOID:14450,Testis,UBERON:0000473,Sertoli cell precursors,,Sertoli cell precursor,CL:0000216,Developmental biology assay, Functional genomics assay, Transcriptional regulation assay,ChIP-seq, DNase-seq,ChIP-RT-qPCR, Dual-Luciferase Reporter Assay, EMSA
2023,37344599,Histone demethylase KDM5D upregulation drives sex differences in colon cancer,Mus musculus,mm10,chr17,33930235,37702617,,Tap1,Enhancer,Silenced,Disease,colorectal cancer,MONDO:0005176,DOID:9256,Colon,UBERON:0001155,iKAP colorectal cancer cells,,colorectal cancer cell,CL:0000066,Chromatin interaction, Functional perturbation,HiChIP, ChIP-seq, RNA-seq,RT-RT-qPCR, Western blot, Flow cytometry, T cell killing assay
2024,39183203,Multi-omics profiling of retinal pigment epithelium reveals enhancer-driven activation of RANK-NFATc1 signaling in traumatic proliferative vitreoretinopathy,Mus musculus,mm10,chr9,121540000,121545000,,Tnfrsf11A (Rank),Enhancer,Active,Disease,proliferative vitreoretinopathy,MONDO:0006007,DOID:0080067,Retina,UBERON:0000966,Primary retinal pigment epithelium (RPE) cells,,retinal pigment epithelial cell,CL:0002586,Enhancer activity assay, Functional perturbation assay,ATAC-seq, ChIP-seq, RNA-seq,RT-RT-qPCR, Western blot, Immunofluorescence
2024,39183203,Multi-omics profiling of retinal pigment epithelium reveals enhancer-driven activation of RANK-NFATc1 signaling in traumatic proliferative vitreoretinopathy,Mus musculus,mm10,chr16,92915000,92925000,Runx1,Runx1,Enhancer,Active,Disease,proliferative vitreoretinopathy,MONDO:0006007,DOID:0080067,Retina,UBERON:0000966,Primary retinal pigment epithelium (RPE) cells,,retinal pigment epithelial cell,CL:0002586,Enhancer activity assay, TF binding assay,ATAC-seq, ChIP-seq, RNA-seq,RT-RT-qPCR, Western blot
2024,39183203,Multi-omics profiling of retinal pigment epithelium reveals enhancer-driven activation of RANK-NFATc1 signaling in traumatic proliferative vitreoretinopathy,Mus musculus,mm10,chr2,13800000,13810000,,Vim,Enhancer,Active,Disease,proliferative vitreoretinopathy,MONDO:0006007,DOID:0080067,Retina,UBERON:0000966,Primary retinal pigment epithelium (RPE) cells,,retinal pigment epithelial cell,CL:0002586,Enhancer activity assay,ATAC-seq, ChIP-seq, RNA-seq,RT-RT-qPCR, Western blot, Immunofluorescence
2018,29903884,Sex reversal following deletion of a single far upstream enhancer of Sox9,Mus musculus,mm10,chr11,10999900,11000869,Sox9; Nr5A1,Sox9,Enhancer,Active,Disease,sex reversal,MONDO:0008637,DOID:14450,Testis,UBERON:0000473,Sertoli cells,,Sertoli cell,CL:0000216,Developmental biology assay, Functional genomics assay, Epigenomic profiling assay, Transcriptional regulation assay, In vivo transgenic reporter assay,ATAC-seq, ChIP-seq, DNase-seq,RT-RT-qPCR, LacZ Transgenic Reporter Assay, Immunofluorescence, Pronuclear Microinjection, Genotyping PCR, Sanger Sequencing
2011,21507944,Mouse Rankl Expression Is Regulated in T Cells by c-Fos through a Cluster of Distal Regulatory Enhancers,Mus musculus,mm10,chr14,77129438,77130831,,Tnfsf11,Enhancer,Active,Disease,T-cell acute lymphoblastic leukemia,MONDO:0004947,DOID:0050890,Blood,UBERON:0000178,Jurkat T cells,CVCL_0065,T lymphoblast,CL:0002419,Enhancer activity assay,ChIP-chip, RNA-seq,Luciferase Reporter Assay, RT-RT-qPCR
2011,20942803,The pancreatic islet ?|??-cell-enriched transcription factor Pdx-1 regulates Slc30a8 gene transcription through an intronic enhancer,Mus musculus,mm10,chr16,13020425,13021045,Pdx-1,Slc30A8,Enhancer,Active,Disease,cervical cancer,MONDO:0001156,DOID:2871,Cervix,UBERON:0000002,HeLa,CVCL_0030,cervical adenocarcinoma cell,CL:0000069,Enhancer activity assay, TF binding assay,,Luciferase Reporter Assay, EMSA, ChIP-RT-qPCR, RT-RT-qPCR, Western blot
2018,29527594,A Novel Distal Enhancer Mediates Inflammation-, PTH-, and Early Onset Murine Kidney Disease-Induced Expression of the Mouse Fgf23 Gene,Mus musculus,mm10,chr6,126984000,126986000,Ctcf,Fgf23,Enhancer,Active,Disease,chronic kidney disease,MONDO:0005102,DOID:784,Kidney,UBERON:0002113,Osteocytes,,osteocyte,CL:0000064,Functional genomics assay, Epigenomic profiling assay, Transcriptional regulation assay,ChIP-seq,ChIP-RT-qPCR, qRT-PCR, Genotyping PCR, Sanger Sequencing
2018,29527594,A Novel Distal Enhancer Mediates Inflammation-, PTH-, and Early Onset Murine Kidney Disease-Induced Expression of the Mouse Fgf23 Gene,Mus musculus,mm10,chr6,127030000,127032000,Ctcf,Fgf23,Enhancer,Active,Disease,chronic kidney disease,MONDO:0005102,DOID:784,Kidney,UBERON:0002113,Osteocytes,,osteocyte,CL:0000064,Functional genomics assay, Epigenomic profiling assay, Transcriptional regulation assay,ChIP-seq,ChIP-RT-qPCR, qRT-PCR, Genotyping PCR, Sanger Sequencing
2011,21498522,Mouse Rankl Expression Is Regulated in T Cells by c-Fos through a Cluster of Distal Regulatory Enhancers Designated the T Cell Control Region,Mus musculus,mm10,chr14,77129438,77130831,,Rankl,Enhancer,Active,Disease,T-cell acute lymphoblastic leukemia,MONDO:0004947,DOID:0050890,Blood,UBERON:0000178,Jurkat cells,CVCL_0065,T lymphoblast,CL:0002419,Enhancer activity assay,,Luciferase Reporter Assay
2000,11395135,Identification and characterization of two CD40-inducible enhancers in the mouse TRAF1 gene locus,Mus musculus,mm10,chr9,19196000,19196100,Nfkb1,Traf1,Enhancer,Active,Disease,B-cell lymphoma,MONDO:0005029,DOID:164,Blood,UBERON:0000178,M12 B cells,,B cell lymphoma cell,CL:0000945,Enhancer activity assay, TF binding assay,,Luciferase Reporter Assay, EMSA, RT-RT-qPCR
2011,20864515,Prep1 Controls Insulin Glucoregulatory Function in Liver by Transcriptional Targeting of SHP1 Tyrosine Phosphatase,Mus musculus,mm10,chr6,1778,2113,Prep1; Pbx1,Ptpn6,Enhancer,Active,Disease,hepatocellular carcinoma,MONDO:0007256,DOID:684,Liver,UBERON:0002107,HepG2,CVCL_0027,hepatocellular carcinoma cell,CL:0000182,Enhancer activity assay, TF binding assay, Functional perturbation assay,,Luciferase Reporter Assay, ChIP-RT-qPCR, Re-ChIP, RT-RT-qPCR, Western blot, Euglycemic Hyperinsulinemic Clamp, Antisense Oligonucleotide Silencing
2011,20864515,Prep1 Controls Insulin Glucoregulatory Function in Liver by Transcriptional Targeting of SHP1 Tyrosine Phosphatase,Mus musculus,mm10,chr6,1778,2113,Prep1; Pbx1,Ptpn6,Enhancer,Active,Disease,cervical cancer,MONDO:0001156,DOID:2871,Cervix,UBERON:0000002,HeLa,CVCL_0030,cervical adenocarcinoma cell,CL:0000069,Enhancer activity assay, TF binding assay, Functional perturbation assay,,Luciferase Reporter Assay, ChIP-RT-qPCR, Re-ChIP, RT-RT-qPCR, Western blot, Euglycemic Hyperinsulinemic Clamp, Antisense Oligonucleotide Silencing
2017,27920250,Renal Anemia Model Mouse Established by Transgenic Rescue with Erythropoietin Gene Lacking Kidney-specific Regulatory Elements,Mus musculus,mm10,chr5,135080000,135100000,,Epo,Enhancer,Active,Disease,hepatocellular carcinoma,MONDO:0007256,DOID:684,Liver,UBERON:0002107,Human hepatocellular carcinoma cell,,hepatocellular carcinoma cell,CL:0000182,Enhancer activity assay,,Luciferase Reporter Assay
2011,21498522,Mouse Rankl Expression Is Regulated in T Cells by c-Fos through a Cluster of Distal Regulatory Enhancers Designated the T Cell Control Region,Mus musculus,mm10,chr14,77122986,77124293,C-Fos,Rankl,Enhancer,Active,Disease,T-cell acute lymphoblastic leukemia,MONDO:0004947,DOID:0050890,Blood,UBERON:0000178,Jurkat cells,CVCL_0065,T lymphoblast,CL:0002419,Enhancer activity assay, TF binding assay,ChIP-chip,Luciferase Reporter Assay, ChIP-RT-qPCR
1991,1827138,Cloning of Murine TCF-1, a T Cell-specific Transcription Factor Interacting with Functional Motifs in the CD3-E and T Cell Receptor alpha Enhancers,Mus musculus,mm10,chr11,105000000,105000100,Tcf7,Cd3E,Enhancer,Active,Disease,T-cell lymphoma,MONDO:0005114,DOID:0050747,Lymph node,UBERON:0000029,EL4 cells,CVCL_0255,T lymphoma cell,CL:0000084,Enhancer activity assay, TF binding assay,,EMSA, Luciferase Reporter Assay
1991,1827138,Cloning of Murine TCF-1, a T Cell-specific Transcription Factor Interacting with Functional Motifs in the CD3-E and T Cell Receptor alpha Enhancers,Mus musculus,mm10,chr14,54000000,54000100,Tcf7,Tcra,Enhancer,Active,Disease,T-cell lymphoma,MONDO:0005114,DOID:0050747,Lymph node,UBERON:0000029,EL4 cells,CVCL_0255,T lymphoma cell,CL:0000084,Enhancer activity assay, TF binding assay,,EMSA, Luciferase Reporter Assay
2010,20042469,c-Maf activates the promoter and enhancer of the IL-21 gene, and TGF-?|?? inhibits c-Maf-induced IL-21 production in CD4+ T cells,Mus musculus,mm10,chr3,2931,3443,C-Maf; Foxp3,Il21,Enhancer,Active,Disease,T-cell lymphoma,MONDO:0005114,DOID:0050747,Lymph node,UBERON:0000029,EL4,CVCL_0255,T lymphoma cell,CL:0000084,Enhancer activity assay, TF binding assay, Functional perturbation assay,,Luciferase Reporter Assay, ChIP-RT-qPCR, RT-RT-qPCR, Western blot, Flow Cytometry, Coimmunoprecipitation
2005,15798207,Long-Range Interactions between Three Transcriptional Enhancers, Active VGene Promoters, and a 3Boundary Sequence Spanning 46 Kilobases,Mus musculus,mm10,chr6,70500000,70500100,E47,Igk,Enhancer,Active,Disease,plasmacytoma,MONDO:0005086,DOID:1324,Blood,UBERON:0000178,MPC-11 cells,CVCL_UE61,plasmacytoma cell,CL:0000945,Chromatin interaction assay, TF binding assay,3C-seq,ChIP-RT-qPCR
2005,15798207,Long-Range Interactions between Three Transcriptional Enhancers, Active VGene Promoters, and a 3Boundary Sequence Spanning 46 Kilobases,Mus musculus,mm10,chr6,70522000,70522100,E47,Igk,Enhancer,Active,Disease,plasmacytoma,MONDO:0005086,DOID:1324,Blood,UBERON:0000178,MPC-11 cells,CVCL_UE61,plasmacytoma cell,CL:0000945,Chromatin interaction assay, TF binding assay,3C-seq,ChIP-RT-qPCR
2005,15798207,Long-Range Interactions between Three Transcriptional Enhancers, Active VGene Promoters, and a 3Boundary Sequence Spanning 46 Kilobases,Mus musculus,mm10,chr6,70546000,70546100,E47,Igk,Enhancer,Active,Disease,plasmacytoma,MONDO:0005086,DOID:1324,Blood,UBERON:0000178,MPC-11 cells,CVCL_UE61,plasmacytoma cell,CL:0000945,Chromatin interaction assay, TF binding assay,3C-seq,ChIP-RT-qPCR
1992,1429727,Immunoglobulin K Gene Enhancers Synergistically Activate Gene Expression but Independently Determine Chromatin Structure,Mus musculus,mm10,chr6,70989543,70989643,,Igkc,Enhancer,Active,Disease,plasmacytoma,MONDO:0005086,DOID:1324,Blood,UBERON:0000178,S194 plasmacytoma cells,CVCL_V125,plasmacytoma cell,CL:0000945,Functional perturbation assay,,RT-RT-qPCR
1992,1429727,Immunoglobulin K Gene Enhancers Synergistically Activate Gene Expression but Independently Determine Chromatin Structure,Mus musculus,mm10,chr6,70999043,70999143,,Igkc,Enhancer,Active,Disease,plasmacytoma,MONDO:0005086,DOID:1324,Blood,UBERON:0000178,S194 plasmacytoma cells,CVCL_V125,plasmacytoma cell,CL:0000945,Functional perturbation assay,,RT-RT-qPCR
2011,21652712,Suppression of the Pancreatic Duodenal Homeodomain Transcription Factor-1 (Pdx-1) Promoter by Sterol Regulatory Element-binding Protein-1c (SREBP-1c),Mus musculus,mm10,chr5,147228000,147228250,,Pdx1,Enhancer,Silenced,Disease,hepatocellular carcinoma,MONDO:0007256,DOID:684,Liver,UBERON:0002107,HepG2,CVCL_0027,hepatocellular carcinoma cell,CL:0000182,Enhancer activity assay,,Luciferase Reporter Assay
2011,21549805,Differential regulation of sense and antisense promoter activity at the Csf1R locus in B cells by the transcription factor PAX5,Mus musculus,mm10,chr18,60725000,60725403,,Csf1R,Enhancer,Active,Disease,B-cell lymphoma,MONDO:0005029,DOID:164,Bone marrow,UBERON:0002371,A20,CVCL_1940,B cell lymphoma cell,CL:0000945,Enhancer activity assay,,Luciferase Reporter Assay
2000,11395135,Identification and characterization of two CD40-inducible enhancers in the mouse TRAF1 gene locus,Mus musculus,mm10,chr9,19188000,19188100,Nfkb1,Traf1,Enhancer,Active,Disease,B-cell lymphoma,MONDO:0005029,DOID:164,Blood,UBERON:0000178,M12 B cells,,B cell lymphoma cell,CL:0000945,Enhancer activity assay, TF binding assay,,Luciferase Reporter Assay, EMSA, RT-RT-qPCR
2009,19041414,Smad3 activates the Sox9-dependent transcription on chromatin,Mus musculus,mm10,chr15,98750000,98750480,Sox9,Col2A1,Enhancer,Active,Disease,chondrosarcoma,MONDO:0005172,DOID:3369,Cartilage,UBERON:0002418,SW1353 chondrosarcoma cells,CVCL_0543,chondrosarcoma cell,CL:0000138,Enhancer activity assay, TF binding assay,,Luciferase Reporter Assay, EMSA, In vitro transcription assay
2011,21487009,Mouse Rankl Expression Is Regulated in T Cells by c-Fos through a Cluster of Distal Regulatory Enhancers Designated the T Cell Control Region,Mus musculus,mm10,chr14,77150408,77152161,,Rankl,Enhancer,Active,Disease,T-cell acute lymphoblastic leukemia,MONDO:0004947,DOID:0050890,Blood,UBERON:0000178,Jurkat cells,CVCL_0065,T lymphoblast,CL:0002419,Enhancer activity assay,,Luciferase Reporter Assay
2018,29277702,The transcription factors GATA2 and microphthalmia-associated transcription factor regulate Hdc gene expression in mast cells and are required for IgE/mast cell-mediated anaphylaxis,Mus musculus,mm10,chr2,13192908,13194140,Mitf,Hdc,Enhancer,Active,Disease,mastocytosis,MONDO:0005300,DOID:2488,Bone marrow,UBERON:0002371,BMMC,,mast cell,CL:0000097,Luciferase-based enhancer assay,ChIP-seq,Luciferase Reporter Assay, ChIP-RT-qPCR, RT-RT-qPCR
2018,29277702,The transcription factors GATA2 and microphthalmia-associated transcription factor regulate Hdc gene expression in mast cells and are required for IgE/mast cell-mediated anaphylaxis,Mus musculus,mm10,chr2,13192908,13194140,Mitf,Hdc,Enhancer,Active,Disease,mastocytosis,MONDO:0005300,DOID:2488,Bone marrow,UBERON:0002371,Mast cells,,mast cell,CL:0000097,Luciferase-based enhancer assay,ChIP-seq,Luciferase Reporter Assay, ChIP-RT-qPCR, RT-RT-qPCR
2019,30672333,The putative Neuronatin imprint control region is an enhancer that also regulates the Blcap gene,Mus musculus,mm10,chr2,150860120,150860367,,Nnat,Enhancer,Active,Disease,cervical cancer,MONDO:0001156,DOID:2871,Cervix,UBERON:0000002,HeLa Cells,CVCL_0030,cervical adenocarcinoma cell,CL:0000069,Enhancer activity assay, Functional perturbation assay,,CRISPR knockout, Transgenic reporter assay, ChIP-RT-qPCR, RT-RT-qPCR
2019,30672333,The putative Neuronatin imprint control region is an enhancer that also regulates the Blcap gene,Mus musculus,mm10,chr2,150860120,150860367,,Blcap,Enhancer,Active,Disease,cervical cancer,MONDO:0001156,DOID:2871,Cervix,UBERON:0000002,HeLa Cells,CVCL_0030,cervical adenocarcinoma cell,CL:0000069,Enhancer activity assay, Functional perturbation assay,,CRISPR knockout, Transgenic reporter assay, ChIP-RT-qPCR, RT-RT-qPCR
2015,26626481,NSD3-short is an adaptor protein that couples BRD4 to the CHD8 chromatin remodeler,Mus musculus,mm10,chr15,61978434,61986531,,Myc,Enhancer,Active,Disease,acute myeloid leukemia,MONDO:0018874,DOID:9119,Bone marrow,UBERON:0002371,RN2,CVCL_WT32,acute myeloid leukemia cell,CL:0001054,Enhancer activity assay, TF binding assay,RNA-seq,Luciferase Reporter Assay, ChIP-RT-qPCR
2020,32095812,Looping of upstream cis-regulatory elements is required for CFTR expression in human airway epithelial cells,Homo sapiens,hg19,chr7,117043000,117044500,CEBPB,CFTR,Enhancer,Active,Disease,lung adenocarcinoma,MONDO:0005032,DOID:3905,Lung,UBERON:0002048,Calu3,CVCL_0609,lung adenocarcinoma cell,CL:0001069,Enhancer activity assay, TF binding assay, Chromatin interaction assay, Functional perturbation assay,ChIP-seq, ATAC-seq, 4C-seq, RNA-seq,CRISPR Knockout, Luciferase Reporter Assay, ChIP-RT-qPCR, RT-RT-qPCR
2020,32095812,Looping of upstream cis-regulatory elements is required for CFTR expression in human airway epithelial cells,Homo sapiens,hg19,chr7,117052000,117053500,,CFTR,Enhancer,Active,Disease,lung adenocarcinoma,MONDO:0005032,DOID:3905,Lung,UBERON:0002048,Calu3,CVCL_0609,lung adenocarcinoma cell,CL:0001069,Enhancer activity assay, TF binding assay, Chromatin interaction assay, Functional perturbation assay,ChIP-seq, ATAC-seq, 4C-seq, RNA-seq,CRISPR Knockout, Luciferase Reporter Assay, ChIP-RT-qPCR, RT-RT-qPCR, Sulforaphane Treatment
2023,37904237,Landscape of enhancer disruption and functional screen in melanoma cells,Homo sapiens,hg19,chr10,89986509,89987396,,PTEN,Enhancer,Active,Disease,skin melanoma,MONDO:0005105,DOID:1909,Skin,UBERON:0000014,Melanoma cell line,,melanoma cell,CL:0002573,Enhancer activity assay, Chromatin interaction assay, Functional perturbation assay,HiChIP, ATAC-seq, ChIP-seq, RNA-seq,Luciferase Reporter Assay, CRISPR Knockout, CRISPRi, 3C-seq, 4C-seq, RT-RT-qPCR, Western blot
2023,37904237,Landscape of enhancer disruption and functional screen in melanoma cells,Homo sapiens,hg19,chr15,99982353,99983277,,MEF2A,Enhancer,Active,Disease,skin melanoma,MONDO:0005105,DOID:1909,Skin,UBERON:0000014,Melanoma cell line,,melanoma cell,CL:0002573,Enhancer activity assay, Chromatin interaction assay, Functional perturbation assay,HiChIP, ATAC-seq, ChIP-seq, RNA-seq,Luciferase Reporter Assay, CRISPR Knockout, CRISPRi, 3C-seq, 4C-seq, RT-RT-qPCR, Western blot
2021,33712565,EphA2 super-enhancer promotes tumor progression by recruiting FOSL2 and TCF7L2 to activate the target gene EphA2,Homo sapiens,hg19,chr1,16479332,16539780,,EPHA2,Enhancer,Active,Disease,cervical cancer,MONDO:0001156,DOID:2871,Cervical Epithelium,UBERON:0000002,HeLa,CVCL_0030,cervical adenocarcinoma cell,CL:0000069,Functional perturbation assay, Enhancer activity assay,ChIP-seq, RNA-seq, ATAC-seq,CRISPR Knockout, Luciferase Reporter Assay, ChIP-RT-qPCR, RT-RT-qPCR, Western blot
2021,33712565,EphA2 super-enhancer promotes tumor progression by recruiting FOSL2 and TCF7L2 to activate the target gene EphA2,Homo sapiens,hg19,chr1,16479332,16539780,,EPHA2,Enhancer,Active,Disease,colorectal carcinoma,MONDO:0005132,DOID:9256,Colon Epithelium,UBERON:0001155,HCT116,CVCL_0291,colorectal carcinoma cell,CL:0000066,Functional perturbation assay, Enhancer activity assay,ChIP-seq, RNA-seq, ATAC-seq,CRISPR Knockout, Luciferase Reporter Assay, ChIP-RT-qPCR, RT-RT-qPCR, Western blot
2021,33712565,EphA2 super-enhancer promotes tumor progression by recruiting FOSL2 and TCF7L2 to activate the target gene EphA2,Homo sapiens,hg19,chr1,16479332,16539780,,EPHA2,Enhancer,Active,Disease,breast carcinoma,MONDO:0006120,DOID:1612,Breast Epithelium,UBERON:0000310,MCF7,CVCL_0031,breast carcinoma cell,CL:0000066,Functional perturbation assay, Enhancer activity assay,ChIP-seq, RNA-seq, ATAC-seq,CRISPR Knockout, Luciferase Reporter Assay, ChIP-RT-qPCR, RT-RT-qPCR, Western blot
2021,34584081,The leukemic oncogene EVI1 hijacks a MYC super-enhancer by CTCF-facilitated loops,Homo sapiens,hg19,chr8,130550000,130551100,,EVI1,Enhancer,Active,Disease,acute myeloid leukemia,MONDO:0018874,DOID:9119,Bone Marrow,UBERON:0002371,Primary AML blasts,,myeloid leukemia cell,CL:0001054,Enhancer activity assay, TF binding assay, Functional perturbation assay,ChIP-seq, ATAC-seq, RNA-seq, 3C-seq, 4C-seq,CRISPR Knockout, RT-RT-qPCR, Western blot, Flow Cytometry
2021,34584081,The leukemic oncogene EVI1 hijacks a MYC super-enhancer by CTCF-facilitated loops,Homo sapiens,hg19,chr8,130550000,130551100,,EVI1,Enhancer,Active,Disease,acute myeloid leukemia,MONDO:0018874,DOID:9119,Peripheral Blood,UBERON:0000178,K562,CVCL_0004,K562 erythroleukemia cell,CL:0001054,Enhancer activity assay, TF binding assay, Functional perturbation assay,ChIP-seq, ATAC-seq, RNA-seq, 3C-seq, 4C-seq,CRISPR Knockout, RT-RT-qPCR, Western blot, Flow Cytometry
2021,34584081,The leukemic oncogene EVI1 hijacks a MYC super-enhancer by CTCF-facilitated loops,Homo sapiens,hg19,chr8,130550000,130551100,,EVI1,Enhancer,Active,Disease,acute myeloid leukemia,MONDO:0018874,DOID:9119,Bone Marrow,UBERON:0002371,CD34+ HSPCs,,CD34-positive hematopoietic stem cell,CL:0001029,Enhancer activity assay, TF binding assay, Functional perturbation assay,ChIP-seq, ATAC-seq, RNA-seq, 3C-seq, 4C-seq,CRISPR Knockout, RT-RT-qPCR, Western blot, Flow Cytometry
2021,34584081,The leukemic oncogene EVI1 hijacks a MYC super-enhancer by CTCF-facilitated loops,Homo sapiens,hg19,chr8,130580000,130581100,,EVI1,Enhancer,Active,Disease,acute myeloid leukemia,MONDO:0018874,DOID:9119,Peripheral Blood,UBERON:0000178,K562,CVCL_0004,K562 erythroleukemia cell,CL:0001054,TF binding assay, Enhancer activity assay, Chromatin interaction assay, Functional perturbation assay,ChIP-seq, 4C-seq, RNA-seq, ATAC-seq,CRISPR Knockout, RT-RT-qPCR, Western blot, FISH, Flow Cytometry
2021,34584081,The leukemic oncogene EVI1 hijacks a MYC super-enhancer by CTCF-facilitated loops,Homo sapiens,hg19,chr8,130580000,130581100,,EVI1,Enhancer,Active,Disease,acute myeloid leukemia,MONDO:0018874,DOID:9119,Bone Marrow,UBERON:0002371,Primary AML blasts,,myeloid leukemia cell,CL:0001054,TF binding assay, Enhancer activity assay, Chromatin interaction assay, Functional perturbation assay,ChIP-seq, 4C-seq, RNA-seq, ATAC-seq,CRISPR Knockout, RT-RT-qPCR, Western blot, FISH, Flow Cytometry
2021,34584081,The leukemic oncogene EVI1 hijacks a MYC super-enhancer by CTCF-facilitated loops,Homo sapiens,hg19,chr8,130580000,130581100,,EVI1,Enhancer,Active,Disease,acute myeloid leukemia,MONDO:0018874,DOID:9119,Bone Marrow,UBERON:0002371,CD34+ HSPCs,,CD34-positive hematopoietic stem cell,CL:0001029,TF binding assay, Enhancer activity assay, Chromatin interaction assay, Functional perturbation assay,ChIP-seq, 4C-seq, RNA-seq, ATAC-seq,CRISPR Knockout, RT-RT-qPCR, Western blot, FISH, Flow Cytometry
2020,32238901,Accelerated evolution of an Lhx2 enhancer shapes mammalian social hierarchies,Homo sapiens,hg19,chr9,126770367,126771183,CTCF,LHX2,Enhancer,Active,Disease,,,,Brain,UBERON:0000955,,,,,Enhancer activity assay, TF binding assay, Chromatin interaction assay, Functional perturbation assay,ChIP-seq, RNA-seq, Hi-C, ATAC-seq,Luciferase Reporter Assay, Transgenic Reporter Assay, CRISPR Knockout, CRISPRi, qRT-PCR
2025,40378042,Transcription factor cooperativity at a GATA3 tandem DNA sequence determines oncogenic enhancer-mediated activation,Homo sapiens,hg19,chr1,47680000,47681000,GATA3,TAL1,Enhancer,Active,Disease,T-cell acute lymphoblastic leukemia,MONDO:0004947,DOID:0050890,Blood,UBERON:0000178,Jurkat cells,CVCL_0065,T lymphoblast,CL:0002419,Enhancer activity assay, TF binding assay, Chromatin interaction assay, Functional perturbation assay,ATAC-seq, ChIP-seq, RNA-seq,Luciferase reporter assay, CRISPR knockout, ChIP-RT-qPCR, RT-RT-qPCR, 3C-seq
2016,26776159,A p53-bound enhancer region controls a long intergenic noncoding RNA required for p53 stress response,Homo sapiens,hg19,chr9,89630000,89631000,TP53,LINC00475,Enhancer,Active,Disease,T-cell acute lymphoblastic leukemia,MONDO:0004947,DOID:0050890,Blood,UBERON:0000178,MOLT-4 cells,CVCL_0013,T lymphoblast,CL:0002419,Enhancer activity assay, TF binding assay, Chromatin interaction assay, Functional perturbation assay,ChIP-seq, RNA-seq, 3C-seq,Luciferase Reporter Assay, ChIP-RT-qPCR, RT-RT-qPCR, CRISPR Knockout, Western blot
2016,26776159,A p53-bound enhancer region controls a long intergenic noncoding RNA required for p53 stress response,Homo sapiens,hg19,chr9,89630000,89631000,TP53,LINC00475,Enhancer,Active,Disease,breast carcinoma,MONDO:0006120,DOID:1612,Breast,UBERON:0000310,MCF7,CVCL_0031,breast carcinoma cell,CL:0000646,Enhancer activity assay, TF binding assay, Chromatin interaction assay, Functional perturbation assay,ChIP-seq, RNA-seq, 3C-seq,Luciferase Reporter Assay, ChIP-RT-qPCR, RT-RT-qPCR, CRISPR Knockout, Western blot
2016,26776159,A p53-bound enhancer region controls a long intergenic noncoding RNA required for p53 stress response,Homo sapiens,hg19,chr9,89630000,89631000,TP53,LINC00475,Enhancer,Active,Disease,skin melanoma,MONDO:0005105,DOID:1909,Skin,UBERON:0000014,MALME-3M,CVCL_1438,melanoma cell,CL:0002573,Enhancer activity assay, TF binding assay, Chromatin interaction assay, Functional perturbation assay,ChIP-seq, RNA-seq, 3C-seq,Luciferase Reporter Assay, ChIP-RT-qPCR, RT-RT-qPCR, CRISPR Knockout, Western blot
2016,27803105,BET inhibitors suppress ALDH activity by targeting ALDH1A1 super-enhancer,Homo sapiens,hg19,chr9,133401000,133404500,BRD4,ALDH1A1,Enhancer,Active,Disease,breast carcinoma,MONDO:0006120,DOID:1612,Breast,UBERON:0000310,ZR-75-1,CVCL_0588,breast carcinoma cell,CL:0000646,Enhancer activity assay, Functional perturbation assay, Chromatin interaction assay,ChIP-seq, RNA-seq, 3C,Luciferase Reporter Assay, CRISPR Knockout, RT-RT-qPCR
2017,29149598,Harnessing BET Inhibitor Sensitivity Reveals AMIGO2 as a Melanoma Survival Gene,Homo sapiens,hg19,chr12,47732000,47733500,FOSL2,AMIGO2,Enhancer,Active,Disease,ovarian carcinoma,MONDO:0005140,DOID:2394,Ovary,UBERON:0000992,OVCAR3,CVCL_0465,ovarian carcinoma cell,CL:0000069,Enhancer activity assay, Functional perturbation assay,ChIP-seq, ATAC-seq, RNA-seq,Luciferase Reporter Assay, CRISPR Knockout, RT-RT-qPCR
2017,29149598,Harnessing BET Inhibitor Sensitivity Reveals AMIGO2 as a Melanoma Survival Gene,Homo sapiens,hg19,chr12,47732000,47733500,FOSL2,AMIGO2,Enhancer,Active,Disease,skin melanoma,MONDO:0005105,DOID:1909,Skin,UBERON:0000014,SKmel147,CVCL_3876,melanoma cell,CL:0002573,Enhancer activity assay, Functional perturbation assay,ChIP-seq, ATAC-seq, RNA-seq,Luciferase Reporter Assay, CRISPR Knockout, RT-RT-qPCR
2024,38356460,ETV6::ACSL6 translocation-driven super-enhancer activation leads to eosinophilia in acute lymphoblastic leukemia through IL-3 overexpression,Homo sapiens,hg19,chr12,11718965,11902194,PAX5,ETV6,Enhancer,Active,Disease,skin melanoma,MONDO:0005105,DOID:1909,Skin,UBERON:0000014,501MEL,CVCL_4633,melanoma cell,CL:0002573,Enhancer activity assay, Functional perturbation assay,Hi-C, RNA-seq, ChIP-seq,Luciferase Reporter Assay, CRISPR Knockout, RT-RT-qPCR
2024,38356460,ETV6::ACSL6 translocation-driven super-enhancer activation leads to eosinophilia in acute lymphoblastic leukemia through IL-3 overexpression,Homo sapiens,hg19,chr12,11680000,11718964,FOXJ1,ETV6,Enhancer,Active,Disease,B-cell acute lymphoblastic leukemia,MONDO:0004945,DOID:0080545,Bone Marrow,UBERON:0002371,Primary ALL cells,,B lymphoblast,CL:0000945,Enhancer activity assay, Functional perturbation assay,Hi-C, RNA-seq, ChIP-seq,Luciferase Reporter Assay, CRISPR Knockout, RT-RT-qPCR
2016,26813977,A New Class of Temporarily Phenotypic Enhancers Identified by CRISPR/Cas9 Mediated Genetic Screening,Homo sapiens,hg19,chr6,30904342,30904788,POU5F1,,Enhancer,Active,Disease,B-cell acute lymphoblastic leukemia,MONDO:0004945,DOID:0080545,Bone Marrow,UBERON:0002371,Primary ALL cells,,B lymphoblast,CL:0000945,Functional perturbation assay, Enhancer activity assay,ChIP-seq, RNA-seq, 4C-seq,CRISPR Knockout, CRISPRi, Luciferase Reporter Assay, RT-RT-qPCR
2019,31251802,Enhancer-mediated enrichment of interacting JMJD3a???DDX21 to ENPP2 locus prevents R-loop formation and promotes transcription,Homo sapiens,hg19,chr8,120733232,120735226,RELA,ENPP2,Enhancer,Active,Disease,histiocytic lymphoma,MONDO:0004854,DOID:5408,Hematopoietic,UBERON:0002405,U-937,CVCL_0007,histiocytic lymphoma cell,CL:0000576,Enhancer activity assay, TF binding assay, Chromatin interaction assay, Functional perturbation assay,ChIP-seq, RNA-seq, Hi-C,Luciferase Reporter Assay, ChIP-RT-qPCR, CRISPR Knockout, RT-RT-qPCR, Western blot
2023,37591943,TAL1 hijacks MYCN enhancer that induces MYCN expression and dependence on mevalonate pathway in T-cell acute lymphoblastic leukemia,Homo sapiens,hg19,chr2,16619625,16621501,TAL1,MYCN,Enhancer,Active,Disease,T-cell acute lymphoblastic leukemia,MONDO:0004947,DOID:0050890,Blood,UBERON:0000178,Jurkat,CVCL_0065,T lymphoblast,CL:0002419,Enhancer activity assay, TF binding assay, Chromatin interaction assay, Functional perturbation assay,ChIP-seq, ATAC-seq, Hi-C, 4C-seq,Luciferase Reporter Assay, CRISPR Knockout, CRISPRi, ChIP-RT-qPCR, RT-RT-qPCR, Western blot
2023,37591943,TAL1 hijacks MYCN enhancer that induces MYCN expression and dependence on mevalonate pathway in T-cell acute lymphoblastic leukemia,Homo sapiens,hg19,chr2,16619625,16621501,TAL1,MYCN,Enhancer,Active,Disease,T-cell acute lymphoblastic leukemia,MONDO:0004947,DOID:0050890,Blood,UBERON:0000178,RPMI-8402,CVCL_1667,T lymphoblast,CL:0002419,Enhancer activity assay, TF binding assay, Chromatin interaction assay, Functional perturbation assay,ChIP-seq, ATAC-seq, Hi-C, 4C-seq,Luciferase Reporter Assay, CRISPR Knockout, CRISPRi, ChIP-RT-qPCR, RT-RT-qPCR, Western blot
2023,37591943,TAL1 hijacks MYCN enhancer that induces MYCN expression and dependence on mevalonate pathway in T-cell acute lymphoblastic leukemia,Homo sapiens,hg19,chr2,16619625,16621501,TAL1,MYCN,Enhancer,Active,Disease,T-cell acute lymphoblastic leukemia,MONDO:0004947,DOID:0050890,Blood,UBERON:0000178,Primary T-ALL cells,,T lymphoblast,CL:0002419,Enhancer activity assay, TF binding assay, Chromatin interaction assay, Functional perturbation assay,ChIP-seq, ATAC-seq, Hi-C, 4C-seq,Luciferase Reporter Assay, CRISPR Knockout, CRISPRi, ChIP-RT-qPCR, RT-RT-qPCR, Western blot
2023,36924774,Enhancer variants on chromosome 2p14 regulating SPRED2 and ACTR2 act as a signal amplifier to protect against rheumatoid arthritis,Homo sapiens,hg19,chr2,65608668,65609150,CEBPB,SPRED2,Enhancer,Active,Disease,rheumatoid arthritis,MONDO:0005280,,Synovial tissue,UBERON:0002407,MH7A,CVCL_0427,synovial fibroblast,CL:0000057,Enhancer activity assay, TF binding assay, Chromatin interaction assay, Functional perturbation assay,Hi-C, ATAC-seq, ChIP-seq,CRISPR knockout, Luciferase Reporter Assay, RT-RT-qPCR, Western blot
2019,30659195,Aberrant enhancer hypomethylation contributes to hepatic carcinogenesis through global transcriptional reprogramming,Homo sapiens,hg19,chr20,48900221,48901229,,CEBPB,Enhancer,Active,Disease,hepatocellular carcinoma,MONDO:0007256,DOID:684,Liver,UBERON:0002107,Human hepatocellular carcinoma cell,,hepatocellular carcinoma cell,CL:0000182,Enhancer activity assay, TF binding assay, Chromatin interaction assay, Functional perturbation assay,MBDCap-seq, WGBS, ChIP-seq, RNA-seq, Hi-C,Luciferase Reporter Assay, CRISPR Knockout, ChIP-RT-qPCR, RT-RT-qPCR, Western blot, Bisulfite pyrosequencing
2019,30659195,Aberrant enhancer hypomethylation contributes to hepatic carcinogenesis through global transcriptional reprogramming,Homo sapiens,hg19,chr20,48900221,48901229,,CEBPB,Enhancer,Active,Disease,hepatocellular carcinoma,MONDO:0007256,DOID:684,Liver,UBERON:0002107,Huh7,CVCL_0336,hepatocellular carcinoma cell,CL:0000182,Enhancer activity assay, TF binding assay, Chromatin interaction assay, Functional perturbation assay,MBDCap-seq, WGBS, ChIP-seq, RNA-seq, Hi-C,Luciferase Reporter Assay, CRISPR Knockout, ChIP-RT-qPCR, RT-RT-qPCR, Western blot, Bisulfite pyrosequencing
2023,36924774,Enhancer variants on chromosome 2p14 regulating SPRED2 and ACTR2 act as a signal amplifier to protect against rheumatoid arthritis,Homo sapiens,hg19,chr2,65609946,65610996,,SPRED2,Enhancer,Active,Disease,rheumatoid arthritis,MONDO:0005280,,Synovial tissue,UBERON:0002407,MH7A,CVCL_0427,synovial fibroblast,CL:0000057,Enhancer activity assay, Chromatin interaction assay, Functional perturbation assay,Hi-C, ATAC-seq, ChIP-seq,CRISPR knockout, Luciferase Reporter Assay, RT-RT-qPCR, Western blot
2023,36924774,Enhancer variants on chromosome 2p14 regulating SPRED2 and ACTR2 act as a signal amplifier to protect against rheumatoid arthritis,Homo sapiens,hg19,chr2,65609946,65610996,,ACTR2,Enhancer,Active,Disease,rheumatoid arthritis,MONDO:0005280,,Synovial tissue,UBERON:0002407,MH7A,CVCL_0427,synovial fibroblast,CL:0000057,Enhancer activity assay, Chromatin interaction assay, Functional perturbation assay,Hi-C, ATAC-seq, ChIP-seq,CRISPR knockout, Luciferase Reporter Assay, RT-RT-qPCR, Western blot
2023,36924774,Enhancer variants on chromosome 2p14 regulating SPRED2 and ACTR2 act as a signal amplifier to protect against rheumatoid arthritis,Homo sapiens,hg19,chr2,65633710,65634058,,SPRED2,Enhancer,Active,Disease,rheumatoid arthritis,MONDO:0005280,,Synovial tissue,UBERON:0002407,MH7A,CVCL_0427,synovial fibroblast,CL:0000057,Enhancer activity assay, Chromatin interaction assay, Functional perturbation assay,Hi-C, ATAC-seq, ChIP-seq,CRISPR knockout, Luciferase Reporter Assay, RT-RT-qPCR, Western blot
2022,36253360,A local tumor microenvironment acquired super-enhancer induces an oncogenic driver in colorectal carcinoma,Homo sapiens,hg19,chr1,47644434,47659486,RELA,PDZK1IP1,Enhancer,Active,Disease,colorectal cancer,MONDO:0005176,DOID:9256,Colon,UBERON:0001155,HT29,CVCL_0320,colorectal carcinoma cell,CL:0000066,Super enhancer activity assay, Functional perturbation assay,ChIP-seq, ATAC-seq, RNA-seq,CRISPRi, Luciferase Reporter Assay
2021,33975627,Functional mapping of androgen receptor enhancer activity,Homo sapiens,hg19,chr19,51354200,51354400,AR,KLK3,Enhancer,Active,Disease,prostate cancer,MONDO:0008315,DOID:10283,Prostate,UBERON:0002367,LNCaP,CVCL_0395,prostate carcinoma cell,CL:0000066,Enhancer activity assay, TF binding assay, Functional perturbation assay,ChIP-seq, STARRseq, RNA-seq,Luciferase Reporter Assay, CRISPRi, qRT-PCR
2021,33975627,Functional mapping of androgen receptor enhancer activity,Homo sapiens,hg19,chr6,15109500,15110350,AR,FKBP5,Enhancer,Active,Disease,prostate cancer,MONDO:0008315,DOID:10283,Prostate,UBERON:0002367,LNCaP,CVCL_0395,prostate carcinoma cell,CL:0000066,Enhancer activity assay, TF binding assay, Functional perturbation assay,ChIP-seq, STARRseq, ChIA-PET, RNA-seq,Luciferase Reporter Assay, CRISPRi, qRT-PCR
2021,33975627,Functional mapping of androgen receptor enhancer activity,Homo sapiens,hg19,chr7,45025000,45025850,AR,STEAP4,Enhancer,Active,Disease,prostate cancer,MONDO:0008315,DOID:10283,Prostate,UBERON:0002367,LNCaP,CVCL_0395,prostate carcinoma cell,CL:0000066,Enhancer activity assay, TF binding assay, Functional perturbation assay,ChIP-seq, STARRseq, ChIA-PET, RNA-seq,Luciferase Reporter Assay, CRISPRi, qRT-PCR
2021,33975627,Functional mapping of androgen receptor enhancer activity,Homo sapiens,hg19,chr2,74155000,74155850,AR,DBI,Enhancer,Active,Disease,prostate cancer,MONDO:0008315,DOID:10283,Prostate,UBERON:0002367,LNCaP,CVCL_0395,prostate carcinoma cell,CL:0000066,Enhancer activity assay, TF binding assay, Functional perturbation assay,ChIP-seq, STARRseq, ChIA-PET, RNA-seq,Luciferase Reporter Assay, CRISPRi, qRT-PCR
2022,35773411,YAP1 induces invadopodia formation by transcriptionally activating TIAM1 through enhancer in breast cancer,Homo sapiens,hg19,chr21,32901686,32902140,TEAD4,TIAM1,Enhancer,Active,Disease,breast carcinoma,MONDO:0006120,DOID:1612,Breast,UBERON:0000310,MCF7,CVCL_0031,breast carcinoma cell,CL:0000066,Enhancer activity assay, TF binding assay, Functional perturbation assay,ChIP-seq, RNA-seq,Luciferase Reporter Assay, ChIP-RT-qPCR, CRISPR Knockout, CRISPRi, qRT-PCR, Western blot
2019,31761532,Functional Enhancers Shape Extrachromosomal Oncogene Amplifications,Homo sapiens,hg19,chr7,54932020,54934020,SOX2,EGFR,Enhancer,Active,Disease,glioblastoma,MONDO:0005142,DOID:3070,Brain,UBERON:0000955,G361 glioblastoma,CVCL_1220,glioblastoma cell,CL:0000127,Functional perturbation assay,ChIP-seq, ATAC-seq, RNA-seq, 4C-seq, CRISPRi screen,CRISPRi, RT-RT-qPCR, Alamar Blue Assay
