Year,PMID,Title,Species,Genome_Build,Chromosome,Start,End,TF,Target_Gene,Type(Enhancer_or_SE),Regulatory_State(Active/Silenced),Condition(Disease/Normal),Disease_Name,MONDO,DOID,Tissue,Tissue Ontology_ID,Cell_Source,CVCL_ID,Cell_Type,Cell Ontology_ID,Experiment_Type,High_Throughput_Method,Low_Throughput_Method
2018,30545847,CRISPR-mediated activation of a promoter or enhancer rescues obesity caused by haploinsufficiency,Mus musculus,mm10,chr10,90723100,90723900,Sim1,,Enhancer,Active,Normal,,,,Hypothalamus,UBERON:0001898,Neuro-2a,CVCL_0470,Neuroblastoma cell,CL:0000031,CRISPRa gain-of-function, ChIP-qPCR, in vivo transgenic reporter validation,RNA-seq, ChIP-seq,dual-luciferase reporter assay, stereotaxic AAV injection, qRT-PCR, transgenic mouse line generation, body weight phenotyping
2018,30545847,CRISPR-mediated activation of a promoter or enhancer rescues obesity caused by haploinsufficiency,Mus musculus,mm10,chr10,90723100,90723900,Sim1,,Enhancer,Active,Disease,Obesity due to Sim1 haploinsufficiency,MONDO:0012649,DOID:0060282,Hypothalamus,UBERON:0001898,Neuro-2a,CVCL_0470,Neuroblastoma cell,CL:0000031,CRISPRa gain-of-function, ChIP-qPCR, in vivo transgenic reporter validation,RNA-seq, ChIP-seq,dual-luciferase reporter assay, stereotaxic AAV injection, qRT-PCR, transgenic mouse line generation, body weight phenotyping
2018,30545847,CRISPR-mediated activation of a promoter or enhancer rescues obesity caused by haploinsufficiency,Mus musculus,mm10,chr10,90723100,90723900,Sim1,,Enhancer,Active,Normal,,,,Hypothalamus,UBERON:0001898,mouse primary hypothalamic neuron,,hypothalamic neuron,CL:0000641,CRISPRa gain-of-function, ChIP-qPCR, in vivo transgenic reporter validation,RNA-seq, ChIP-seq,dual-luciferase reporter assay, stereotaxic AAV injection, qRT-PCR, transgenic mouse line generation, body weight phenotyping
2018,30545847,CRISPR-mediated activation of a promoter or enhancer rescues obesity caused by haploinsufficiency,Mus musculus,mm10,chr10,90723100,90723900,Sim1,,Enhancer,Active,Disease,Obesity due to Sim1 haploinsufficiency,MONDO:0012649,DOID:0060282,Hypothalamus,UBERON:0001898,mouse primary hypothalamic neuron,,hypothalamic neuron,CL:0000641,CRISPRa gain-of-function, ChIP-qPCR, in vivo transgenic reporter validation,RNA-seq, ChIP-seq,dual-luciferase reporter assay, stereotaxic AAV injection, qRT-PCR, transgenic mouse line generation, body weight phenotyping
2025,40604280,Range extender mediates long-distance enhancer activity,Mus musculus,mm10,chr5,29314497,29315844,Lhx2; Lhx9; Lef1; Ets1; Etv; Hox,Shh,Enhancer,Active,Normal,,,,Limb Bud,UBERON:0005417,Zone of polarizing activity cells,,mesenchymal cell,CL:0000134,TF binding assay, Enhancer activity assay, Functional perturbation assay,ATAC-seq, ChIP-seq, Hi-C, scATAC-seq/scRNA-seq multiome, RNA-seq,Transgenic Reporter Assay, CRISPR Knockout, CRISPR Knock-in, RT-RT-qPCR, Whole-mount in situ hybridization, Skeletal staining, EMSA, Luciferase Reporter Assay
2025,40604280,Range extender mediates long-distance enhancer activity,Mus musculus,mm10,chr5,29314497,29315844,Lhx2; Lhx9; Lef1; Ets1; Etv; Hox,Shh,Enhancer,Active,Normal,,,,Bone Marrow,UBERON:0002371,32D Cells,CVCL_0C92,myeloid progenitor cell,CL:0000837,TF binding assay, Enhancer activity assay, Functional perturbation assay,ATAC-seq, ChIP-seq, Hi-C, scATAC-seq/scRNA-seq multiome, RNA-seq,Transgenic Reporter Assay, CRISPR Knockout, CRISPR Knock-in, RT-RT-qPCR, Whole-mount in situ hybridization, Skeletal staining, EMSA, Luciferase Reporter Assay
2019,30952671,Identification of a novel enhancer of CEBPE essential for granulocytic differentiation,Mus musculus,mm10,chr14,54705845,54707084,Cebpa,Cebpe,Enhancer,Active,Normal,,,,Bone Marrow,UBERON:0002371,Primary Mouse Bone Marrow Cells,,mouse bone marrow cell,CL:0000000,TF binding assay, Chromatin interaction assay, Functional perturbation assay, Enhancer activity assay,4C-seq, RNA-seq, ChIP-seq,Luciferase Reporter Assay, CRISPR Knockout, CRISPRi, ChIP-RT-qPCR, RT-RT-qPCR
2019,30952671,Identification of a novel enhancer of CEBPE essential for granulocytic differentiation,Mus musculus,mm10,chr14,54705845,54707084,Cebpa,Cebpe,Enhancer,Active,Normal,,,,Brain,UBERON:0000955,Neural progenitor cells (NPCs),,neural progenitor cell,CL:0002672,TF binding assay, Chromatin interaction assay, Functional perturbation assay, Enhancer activity assay,4C-seq, RNA-seq, ChIP-seq,Luciferase Reporter Assay, CRISPR Knockout, CRISPRi, ChIP-RT-qPCR, RT-RT-qPCR
2022,35915089,A Ctnb1 enhancer regulates neocortical neurogenesis by controlling the abundance of intermediate progenitors,Mus musculus,mm10,chr9,120869524,120870219,,Ctnnb1,Enhancer,Active,Normal,,,,Brown adipose tissue,UBERON:0001348,Brown adipocytes (SVF),,brown adipocyte,CL:0000136,Enhancer activity assay, TF binding assay, Chromatin interaction assay, Functional perturbation assay,ChIP-seq, RNA-seq,Transgenic Reporter Assay, CRISPR Knockout, CRISPRi, CRISPRa, 3C, ChIP-RT-qPCR, Luciferase Reporter Assay
2025,39789228,Identification of a distal enhancer of Ucp1 essential for thermogenesis and mitochondrial function in brown fat,Mus musculus,mm10,chr8,83274000,83275000,Ebf2,Ucp1,Enhancer,Active,Normal,,,,Brown adipose tissue,UBERON:0001348,Brown adipocytes (SVF),,brown adipocyte,CL:0000136,Enhancer activity assay, TF binding assay, Chromatin interaction assay, Functional perturbation assay,4C-seq, ChIP-seq, ATAC-seq, RNA-seq,Luciferase Reporter Assay, CRISPRi, 3C-RT-qPCR, qRT-PCR, Western blot
2025,39789228,Identification of a distal enhancer of Ucp1 essential for thermogenesis and mitochondrial function in brown fat,Mus musculus,mm10,chr8,83277000,83278000,Ebf2,Ucp1,Enhancer,Active,Normal,,,,Brain,UBERON:0000955,Neural progenitor cells (NPCs),,neural progenitor cell,CL:0002672,Enhancer activity assay, TF binding assay, Chromatin interaction assay, Functional perturbation assay,4C-seq, ChIP-seq, ATAC-seq, RNA-seq,Luciferase Reporter Assay, CRISPRi, 3C-RT-qPCR, qRT-PCR, Western blot
2022,35915089,A Ctnnb1 enhancer regulates neocortical neurogenesis by controlling the abundance of intermediate progenitors,Mus musculus,mm10,chr9,120869062,120871341,,Ctnnb1,Enhancer,Active,Normal,,,,Embryo,UBERON:0000922,Mouse Embryonic Stem Cells (ESCs),,mouse embryonic stem cell,CL:0002322,Enhancer activity assay, TF binding assay, Chromatin interaction assay, Functional perturbation assay,ChIP-seq, RNA-seq, Hi-C, ATAC-seq,Transgenic Reporter Assay, Luciferase Reporter Assay, ChIP-RT-qPCR, CRISPR Knockout, CRISPRi, CRISPRa, qRT-PCR, Western blot
2022,35977485,Transcriptomics, regulatory syntax, and enhancer identification in mesoderm-induced ESCs at single-cell resolution,Mus musculus,mm10,chr4,139771035,139771985,,Pax7,Enhancer,Active,Normal,,,,Bone marrow,UBERON:0002371,Mouse hematopoietic stem cells (HSCs),,mouse hematopoietic stem cell,CL:0001029,Enhancer activity assay, Chromatin interaction assay, Functional perturbation assay,Hi-C, ATAC-seq, RNA-seq, ChIP-seq,Luciferase Reporter Assay, CRISPR Knockout, CRISPRi, qRT-PCR, Western blot
2025,41129262,The hematopoietic stem cell MYB enhancer is essential for and recurrently amplified during T cell leukemogenesis,Mus musculus,mm10,chr10,20942490,21160984,Ets1,Myb,Enhancer,Active,Normal,,,,Bone Marrow,UBERON:0002371,Primary CD19+ pro-B cells,,pro-B cell,CL:0000945,Enhancer activity assay, TF binding assay, Functional perturbation assay, Chromatin interaction assay,ChIP-seq, ATAC-seq, Hi-C, RNA-seq,Luciferase Reporter Assay, CRISPR Knockout, CRISPRi, ChIP-RT-qPCR, qRT-PCR, Western blot
2023,36869028,An Igh distal enhancer modulates antigen receptor diversity by determining locus conformation,Mus musculus,mm10,chr12,114182511,114183025,Ctcf,Igh,Enhancer,Active,Normal,,,,Spleen,UBERON:0002106,Abl-transformed pro-B cells,,pro-B cell,CL:0000945,Functional perturbation assay, Enhancer activity assay, Chromatin interaction assay, TF binding assay,Hi-C, ChIP-seq, RNA-seq, ATAC-seq, VDJ-seq, 3C-seq,CRISPR Knockout, RT-RT-qPCR, ChIP-RT-qPCR, 3C assay, 4C assay, FISH, Western blot
2023,36869028,An Igh distal enhancer modulates antigen receptor diversity by determining locus conformation,Mus musculus,mm10,chr12,114182511,114183025,Ctcf,Igh,Enhancer,Active,Normal,,,,Spleen,UBERON:0002106,Rag1-/- pro-B cells,,pro-B cell,CL:0000945,Functional perturbation assay, Enhancer activity assay, Chromatin interaction assay, TF binding assay,Hi-C, ChIP-seq, RNA-seq, ATAC-seq, VDJ-seq, 3C-seq,CRISPR Knockout, RT-RT-qPCR, ChIP-RT-qPCR, 3C assay, 4C assay, FISH, Western blot
2023,36869028,An Igh distal enhancer modulates antigen receptor diversity by determining locus conformation,Mus musculus,mm10,chr12,114182511,114183025,Ctcf,Igh,Enhancer,Active,Normal,,,,Spleen,UBERON:0002106,Rag2-/- pro-B cells,,pro-B cell,CL:0000945,Functional perturbation assay, Enhancer activity assay, Chromatin interaction assay, TF binding assay,Hi-C, ChIP-seq, RNA-seq, ATAC-seq, VDJ-seq, 3C-seq,CRISPR Knockout, RT-RT-qPCR, ChIP-RT-qPCR, 3C assay, 4C assay, FISH, Western blot
2023,36869028,An Igh distal enhancer modulates antigen receptor diversity by determining locus conformation,Mus musculus,mm10,chr12,114182511,114183025,Ctcf,Igh,Enhancer,Active,Normal,,,,Embryo,UBERON:0000922,Mouse ESCs,,mouse embryonic stem cell,CL:0002322,Functional perturbation assay, Enhancer activity assay, Chromatin interaction assay, TF binding assay,Hi-C, ChIP-seq, RNA-seq, ATAC-seq, VDJ-seq, 3C-seq,CRISPR Knockout, RT-RT-qPCR, ChIP-RT-qPCR, 3C assay, 4C assay, FISH, Western blot
2021,34599190,Enhancer-associated H3K4 methylation safeguards in vitro germline competence,Mus musculus,mm10,chr12,96450000,96452000,,Esrrb,Enhancer,Active,Normal,,,,Embryo,UBERON:0000922,Epiblast-like cells,,epiblast-like cell,CL:0002322,Enhancer activity assay, Functional perturbation assay,ChIP-seq, ATAC-seq, RNA-seq, Capture Hi-C,CRISPR Knockout, RT-RT-qPCR, Flow Cytometry
2021,34599190,Enhancer-associated H3K4 methylation safeguards in vitro germline competence,Mus musculus,mm10,chr12,96450000,96452000,,Esrrb,Enhancer,Active,Normal,,,,Embryo,UBERON:0000922,Primordial germ cell-like cells,,primordial germ cell-like cell,CL:0000670,Enhancer activity assay, Functional perturbation assay,ChIP-seq, ATAC-seq, RNA-seq, Capture Hi-C,CRISPR Knockout, RT-RT-qPCR, Flow Cytometry
2021,34599190,Enhancer-associated H3K4 methylation safeguards in vitro germline competence,Mus musculus,mm10,chr12,96450000,96452000,,Esrrb,Enhancer,Active,Normal,,,,Embryo,UBERON:0000922,Mouse ESCs,,mouse embryonic stem cell,CL:0002322,Enhancer activity assay, Functional perturbation assay,ChIP-seq, ATAC-seq, RNA-seq, Capture Hi-C,CRISPR Knockout, RT-RT-qPCR, Flow Cytometry
2021,34599190,Enhancer-associated H3K4 methylation safeguards in vitro germline competence,Mus musculus,mm10,chr13,24180000,24182000,,Klf5,Enhancer,Active,Normal,,,,Embryo,UBERON:0000922,Epiblast-like cells,,epiblast-like cell,CL:0002322,Enhancer activity assay, Functional perturbation assay,ChIP-seq, ATAC-seq, RNA-seq, Capture Hi-C,CRISPR Knockout, RT-RT-qPCR, Flow Cytometry
2021,34599190,Enhancer-associated H3K4 methylation safeguards in vitro germline competence,Mus musculus,mm10,chr13,24180000,24182000,,Klf5,Enhancer,Active,Normal,,,,Embryo,UBERON:0000922,Primordial germ cell-like cells,,primordial germ cell-like cell,CL:0000670,Enhancer activity assay, Functional perturbation assay,ChIP-seq, ATAC-seq, RNA-seq, Capture Hi-C,CRISPR Knockout, RT-RT-qPCR, Flow Cytometry
2021,34599190,Enhancer-associated H3K4 methylation safeguards in vitro germline competence,Mus musculus,mm10,chr13,24180000,24182000,,Klf5,Enhancer,Active,Normal,,,,Embryo,UBERON:0000922,Mouse ESCs,,mouse embryonic stem cell,CL:0002322,Enhancer activity assay, Functional perturbation assay,ChIP-seq, ATAC-seq, RNA-seq, Capture Hi-C,CRISPR Knockout, RT-RT-qPCR, Flow Cytometry
2021,34599190,Enhancer-associated H3K4 methylation safeguards in vitro germline competence,Mus musculus,mm10,chr4,102450000,102452000,,Prdm14,Enhancer,Active,Normal,,,,Embryo,UBERON:0000922,Epiblast-like cells,,epiblast-like cell,CL:0002322,Enhancer activity assay, Functional perturbation assay,ChIP-seq, ATAC-seq, RNA-seq, Capture Hi-C,CRISPR Knockout, RT-RT-qPCR, Flow Cytometry
2021,34599190,Enhancer-associated H3K4 methylation safeguards in vitro germline competence,Mus musculus,mm10,chr4,102450000,102452000,,Prdm14,Enhancer,Active,Normal,,,,Embryo,UBERON:0000922,Primordial germ cell-like cells,,primordial germ cell-like cell,CL:0000670,Enhancer activity assay, Functional perturbation assay,ChIP-seq, ATAC-seq, RNA-seq, Capture Hi-C,CRISPR Knockout, RT-RT-qPCR, Flow Cytometry
2021,34599190,Enhancer-associated H3K4 methylation safeguards in vitro germline competence,Mus musculus,mm10,chr4,102450000,102452000,,Prdm14,Enhancer,Active,Normal,,,,Embryo,UBERON:0000922,Mouse ESCs,,mouse embryonic stem cell,CL:0002322,Enhancer activity assay, Functional perturbation assay,ChIP-seq, ATAC-seq, RNA-seq, Capture Hi-C,CRISPR Knockout, RT-RT-qPCR, Flow Cytometry
2021,34599190,Enhancer-associated H3K4 methylation safeguards in vitro germline competence,Mus musculus,mm10,chr4,102455000,102457000,,Prdm14,Enhancer,Active,Normal,,,,Embryo,UBERON:0000922,Epiblast-like cells,,epiblast-like cell,CL:0002322,Enhancer activity assay, Functional perturbation assay,ChIP-seq, ATAC-seq, RNA-seq, Capture Hi-C,CRISPR Knockout, RT-RT-qPCR, Flow Cytometry
2021,34599190,Enhancer-associated H3K4 methylation safeguards in vitro germline competence,Mus musculus,mm10,chr4,102455000,102457000,,Prdm14,Enhancer,Active,Normal,,,,Embryo,UBERON:0000922,Primordial germ cell-like cells,,primordial germ cell-like cell,CL:0000670,Enhancer activity assay, Functional perturbation assay,ChIP-seq, ATAC-seq, RNA-seq, Capture Hi-C,CRISPR Knockout, RT-RT-qPCR, Flow Cytometry
2021,34599190,Enhancer-associated H3K4 methylation safeguards in vitro germline competence,Mus musculus,mm10,chr4,102455000,102457000,,Prdm14,Enhancer,Active,Normal,,,,Embryo,UBERON:0000922,Mouse ESCs,,mouse embryonic stem cell,CL:0002322,Enhancer activity assay, Functional perturbation assay,ChIP-seq, ATAC-seq, RNA-seq, Capture Hi-C,CRISPR Knockout, RT-RT-qPCR, Flow Cytometry
2021,34599190,Enhancer-associated H3K4 methylation safeguards in vitro germline competence,Mus musculus,mm10,chr4,102460000,102462000,,Prdm14,Enhancer,Active,Normal,,,,Embryo,UBERON:0000922,Epiblast-like cells,,epiblast-like cell,CL:0002322,Enhancer activity assay, Functional perturbation assay,ChIP-seq, ATAC-seq, RNA-seq, Capture Hi-C,CRISPR Knockout, RT-RT-qPCR, Flow Cytometry
2021,34599190,Enhancer-associated H3K4 methylation safeguards in vitro germline competence,Mus musculus,mm10,chr4,102460000,102462000,,Prdm14,Enhancer,Active,Normal,,,,Embryo,UBERON:0000922,Primordial germ cell-like cells,,primordial germ cell-like cell,CL:0000670,Enhancer activity assay, Functional perturbation assay,ChIP-seq, ATAC-seq, RNA-seq, Capture Hi-C,CRISPR Knockout, RT-RT-qPCR, Flow Cytometry
2021,34599190,Enhancer-associated H3K4 methylation safeguards in vitro germline competence,Mus musculus,mm10,chr4,102460000,102462000,,Prdm14,Enhancer,Active,Disease,neuroblastoma,MONDO:0005070,DOID:769,Brain,UBERON:0000955,Neuro2a,CVCL_0470,neuroblastoma cell,CL:0000031,Enhancer activity assay, Functional perturbation assay,ChIP-seq, ATAC-seq, RNA-seq, Capture Hi-C,CRISPR Knockout, RT-RT-qPCR, Flow Cytometry
2018,30545847,CRISPR-mediated activation of a promoter or enhancer rescues obesity caused by haploinsufficiency,Mus musculus,mm10,chr10,80245000,80246500,Sim1,Sim1,Enhancer,Active,Normal,,,,Embryo,UBERON:0000922,Mouse Embryonic Stem Cells (mESCs; E14TG2a; J1),CVCL_2167,mouse embryonic stem cell,CL:0002322,Functional perturbation assay, Enhancer activity assay,ChIP-seq, ATAC-seq,CRISPR Activation, Luciferase Reporter Assay
2019,31422875,Dynamic enhancer partitioning instructs activation of a growth-related gene during exit from naive pluripotency,Mus musculus,mm10,chr1,63185000,63188000,Pou5F1,Zdbf2,Enhancer,Active,Normal,,,,Embryo,UBERON:0000922,Mouse Embryonic Stem Cells (mESCs; E14TG2a; J1),CVCL_2167,mouse embryonic stem cell,CL:0002322,Enhancer activity assay, Chromatin interaction assay, TF binding assay,4C-seq, ATAC-seq, ChIP-seq, RNA-seq, WGBS,CRISPR Knockout, ChIP-RT-qPCR, RT-RT-qPCR, Bisulfite Pyrosequencing
2019,31422875,Dynamic enhancer partitioning instructs activation of a growth-related gene during exit from naive pluripotency,Mus musculus,mm10,chr1,63185000,63188000,Pou5F1,Zdbf2,Enhancer,Active,Normal,,,,Blood,UBERON:0000178,Dendritic cells,,dendritic cell,CL:0000451,Enhancer activity assay, Chromatin interaction assay, TF binding assay,4C-seq, ATAC-seq, ChIP-seq, RNA-seq, WGBS,CRISPR Knockout, ChIP-RT-qPCR, RT-RT-qPCR, Bisulfite Pyrosequencing
2022,36990511,Cis interactions in the Irf8 locus regulate stage-dependent enhancer activation,Mus musculus,mm10,chr8,121495097,121496097,,Irf8,Enhancer,Active,Normal,,,,Blood,UBERON:0000178,Myeloid progenitors,,myeloid progenitor cell,CL:0000837,Enhancer activity assay, Functional perturbation assay, Chromatin interaction assay,RNA-seq, ATAC-seq, ChIP-seq, 4C-seq,CRISPR knockout, Transgenic reporter assay, RT-RT-qPCR
2022,36990511,Cis interactions in the Irf8 locus regulate stage-dependent enhancer activation,Mus musculus,mm10,chr8,121495097,121496097,,Irf8,Enhancer,Active,Normal,,,,Blood,UBERON:0000178,Dendritic cells,,dendritic cell,CL:0000451,Enhancer activity assay, Functional perturbation assay, Chromatin interaction assay,RNA-seq, ATAC-seq, ChIP-seq, 4C-seq,CRISPR knockout, Transgenic reporter assay, RT-RT-qPCR
2022,36990511,Cis interactions in the Irf8 locus regulate stage-dependent enhancer activation,Mus musculus,mm10,chr8,121504097,121505097,,Irf8,Enhancer,Active,Normal,,,,Blood,UBERON:0000178,Myeloid progenitors,,myeloid progenitor cell,CL:0000837,Enhancer activity assay, Functional perturbation assay, Chromatin interaction assay,RNA-seq, ATAC-seq, ChIP-seq, 4C-seq,CRISPR knockout, Transgenic reporter assay, RT-RT-qPCR
2022,36990511,Cis interactions in the Irf8 locus regulate stage-dependent enhancer activation,Mus musculus,mm10,chr8,121504097,121505097,,Irf8,Enhancer,Active,Normal,,,,Blood,UBERON:0000178,Dendritic cells,,dendritic cell,CL:0000451,Enhancer activity assay, Functional perturbation assay, Chromatin interaction assay,RNA-seq, ATAC-seq, ChIP-seq, 4C-seq,CRISPR knockout, Transgenic reporter assay, RT-RT-qPCR
2022,36990511,Cis interactions in the Irf8 locus regulate stage-dependent enhancer activation,Mus musculus,mm10,chr8,121519097,121520097,,Irf8,Enhancer,Active,Normal,,,,Blood,UBERON:0000178,Myeloid progenitors,,myeloid progenitor cell,CL:0000837,Enhancer activity assay, Functional perturbation assay, Chromatin interaction assay,RNA-seq, ATAC-seq, ChIP-seq, 4C-seq,CRISPR knockout, Transgenic reporter assay, RT-RT-qPCR
2022,36990511,Cis interactions in the Irf8 locus regulate stage-dependent enhancer activation,Mus musculus,mm10,chr8,121519097,121520097,,Irf8,Enhancer,Active,Normal,,,,Artery,UBERON:0001637,Primary mouse VSMCs,,vascular smooth muscle cell,CL:0000192,Enhancer activity assay, Functional perturbation assay, Chromatin interaction assay,RNA-seq, ATAC-seq, ChIP-seq, 4C-seq,CRISPR knockout, Transgenic reporter assay, RT-RT-qPCR
2025,40321134,Enhancer-Associated LncRNA-ITGA2 Promotes Vascular Remodeling Through ITGA2,Mus musculus,mm10,chr10,87654200,87655200,Srf,Itga2,Enhancer,Active,Normal,,,,Artery,UBERON:0001637,A7r5 cells,CVCL_0137,vascular smooth muscle cell,CL:0000192,Enhancer activity assay, TF binding assay, Functional perturbation assay,ChIP-seq, RNA-seq,Luciferase reporter assay, ChIP-RT-qPCR, CRISPRi, RT-RT-qPCR, Western blot, EMSA
2025,40321134,Enhancer-Associated LncRNA-ITGA2 Promotes Vascular Remodeling Through ITGA2,Mus musculus,mm10,chr10,87654200,87655200,Srf,Itga2,Enhancer,Active,Normal,,,,Artery,UBERON:0001637,Primary mouse VSMCs,,vascular smooth muscle cell,CL:0000192,Enhancer activity assay, TF binding assay, Functional perturbation assay,ChIP-seq, RNA-seq,Luciferase reporter assay, ChIP-RT-qPCR, CRISPRi, RT-RT-qPCR, Western blot, EMSA
2025,40321134,Enhancer-Associated LncRNA-ITGA2 Promotes Vascular Remodeling Through ITGA2,Mus musculus,mm10,chr10,87657800,87658800,Srf,Itga2,Enhancer,Active,Normal,,,,Artery,UBERON:0001637,A7r5 cells,CVCL_0137,vascular smooth muscle cell,CL:0000192,Enhancer activity assay, TF binding assay, Functional perturbation assay,ChIP-seq, RNA-seq,Luciferase reporter assay, ChIP-RT-qPCR, CRISPRi, RT-RT-qPCR, Western blot, EMSA
2025,40321134,Enhancer-Associated LncRNA-ITGA2 Promotes Vascular Remodeling Through ITGA2,Mus musculus,mm10,chr10,87657800,87658800,Srf,Itga2,Enhancer,Active,Normal,,,,Craniofacial Tissue,UBERON:0010368,Primary cranial neural crest cells,,cranial neural crest cell,CL:0000333,Enhancer activity assay, TF binding assay, Functional perturbation assay,ChIP-seq, RNA-seq,Luciferase reporter assay, ChIP-RT-qPCR, CRISPRi, RT-RT-qPCR, Western blot, EMSA
2023,37277355,A multiple super-enhancer region establishes inter-TAD interactions and controls Hoxa function in cranial neural crest,Mus musculus,mm10,chr6,50789172,50828639,Hoxa2,Hoxa2,Enhancer,Active,Normal,,,,Pharyngeal Arch,UBERON:0002539,Cranial neural crest cells,,cranial neural crest cell,CL:0000333,Chromatin interaction assay, Functional perturbation assay, Enhancer activity assay, TF binding assay,ChIP-seq, RNA-seq, Hi-C, ATAC-seq,CRISPR knockout, RT-RT-qPCR, Western blot
2023,37277355,A multiple super-enhancer region establishes inter-TAD interactions and controls Hoxa function in cranial neural crest,Mus musculus,mm10,chr6,50913170,51087888,Hoxa2,Hoxa2,Enhancer,Active,Normal,,,,Adipose Tissue,UBERON:0001013,Mouse preadipocyte cell,CVCL_0123,preadipocyte,CL:0000136,Enhancer activity assay, Chromatin interaction assay, Functional perturbation assay,Hi-C, PCHi-C, ChIP-seq, RNA-seq, ATAC-seq,CRISPR knockout, RT-RT-qPCR, Whole-mount in situ hybridization, Skeletal staining
2019,31000713,ZFP30 promotes adipogenesis through the KAP1-mediated activation of a retrotransposon-derived Pparg2 enhancer,Mus musculus,mm10,chr6,115412685,115412777,Zfp30,Pparg2,Enhancer,Active,Normal,,,,Pharyngeal Arch,UBERON:0002539,Second pharyngeal arch CNCCs,,cranial neural crest cell,CL:0000333,Enhancer activity assay, TF binding assay, Functional perturbation assay,ChIP-seq, RNA-seq,Luciferase Reporter Assay, CRISPR Knockout, ChIP-RT-qPCR, qRT-PCR, Western blot, MITOMI in vitro binding assay
2023,37277355,A multiple super-enhancer region establishes inter-TAD interactions and controls Hoxa function in cranial neural crest,Mus musculus,mm10,chr6,50789172,50828639,Hoxa2,H3K27Ac,Enhancer,Active,Normal,,,,Pharyngeal Arch,UBERON:0002539,Cranial neural crest cells,,cranial neural crest cell,CL:0000333,Enhancer activity assay, Chromatin interaction assay, Functional perturbation assay,Hi-C, PCHi-C, ChIP-seq, RNA-seq, ATAC-seq,CRISPR Knockout, RT-RT-qPCR, Whole-mount in situ hybridization, Skeletal staining
2023,37277355,A multiple super-enhancer region establishes inter-TAD interactions and controls Hoxa function in cranial neural crest,Mus musculus,mm10,chr6,50789172,50828639,Hoxa2,H3K27Ac,Enhancer,Active,Normal,,,,Craniofacial Tissue,UBERON:0010368,Primary cranial neural crest cells,,cranial neural crest cell,CL:0000333,Enhancer activity assay, TF binding assay, Chromatin interaction assay, Functional perturbation assay,ChIP-seq, RNA-seq, Hi-C, ATAC-seq, PCHi-C,CRISPR Knockout, RT-RT-qPCR, Whole-mount in situ hybridization, Skeletal staining
2023,37277355,A multiple super-enhancer region establishes inter-TAD interactions and controls Hoxa function in cranial neural crest,Mus musculus,mm10,chr6,50913170,51087888,Hoxa2,Hoxa2,Enhancer,Active,Normal,,,,Pharyngeal Arch,UBERON:0002539,Cranial neural crest cells,,cranial neural crest cell,CL:0000333,Chromatin interaction assay, Functional perturbation assay, Enhancer activity assay, TF binding assay,ChIP-seq, RNA-seq, Hi-C, ATAC-seq,CRISPR Knockout, RT-RT-qPCR, Western blot
2023,37277355,A multiple super-enhancer region establishes inter-TAD interactions and controls Hoxa function in cranial neural crest,Mus musculus,mm10,chr6,50789172,50828639,Hoxa2,H3K27Ac,SE,Active,Normal,,,,Craniofacial Tissue,UBERON:0010368,Primary cranial neural crest cells,,cranial neural crest cell,CL:0000333,Enhancer activity assay, TF binding assay, Chromatin interaction assay, Functional perturbation assay,ChIP-seq, RNA-seq, Hi-C, ATAC-seq, PCHi-C,CRISPR Knockout, RT-RT-qPCR, Whole-mount in situ hybridization, Skeletal staining
2023,37277355,A multiple super-enhancer region establishes inter-TAD interactions and controls Hoxa function in cranial neural crest,Mus musculus,mm10,chr6,50913170,51087888,Hoxa2,Hoxa2,SE,Active,Normal,,,,Pharyngeal Arch,UBERON:0002539,Second pharyngeal arch CNCCs,,cranial neural crest cell,CL:0000333,Chromatin interaction assay, Functional perturbation assay, Enhancer activity assay, TF binding assay,ChIP-seq, RNA-seq, Hi-C, ATAC-seq,CRISPR Knockout, RT-RT-qPCR, Western blot
2023,37277355,A multiple super-enhancer region establishes inter-TAD interactions and controls Hoxa function in cranial neural crest,Mus musculus,mm10,chr6,50913170,51087888,Hoxa2,H3K27Ac,SE,Active,Normal,,,,Pharyngeal Arch,UBERON:0002539,Cranial neural crest cells,,cranial neural crest cell,CL:0000333,Enhancer activity assay, Chromatin interaction assay, Functional perturbation assay,Hi-C, PCHi-C, ChIP-seq, RNA-seq, ATAC-seq,CRISPR Knockout, RT-RT-qPCR, Whole-mount in situ hybridization, Skeletal staining
2023,37277355,A multiple super-enhancer region establishes inter-TAD interactions and controls Hoxa function in cranial neural crest,Mus musculus,mm10,chr6,50913170,51087888,Hoxa2,H3K27Ac,SE,Active,Normal,,,,Pituitary gland,UBERON:0000007,L??T2,CVCL_B077,gonadotrope cell,CL:0000510,Enhancer activity assay, TF binding assay, Chromatin interaction assay, Functional perturbation assay,ChIP-seq, RNA-seq, Hi-C, ATAC-seq, PCHi-C,CRISPR Knockout, RT-RT-qPCR, Whole-mount in situ hybridization, Skeletal staining
2024,39158745,An i-motif-regulated enhancer, eRNA and adjacent lncRNA affect Lhb expression through distinct mechanisms in a sex-specific context,Mus musculus,mm10,chr7,45416017,45418912,Hmgb2,Lhb,Enhancer,Active,Normal,,,,Pituitary gland,UBERON:0000007,??T3-1,CVCL_B078,gonadotrope cell,CL:0000510,Enhancer activity assay, Functional perturbation assay, Chromatin interaction assay, TF binding assay,ATAC-seq, ChIP-seq, UMI-4C-seq, RNA-seq,CRISPRi, CRISPRa, ChIP-RT-qPCR, RT-RT-qPCR, 3C, Fluorescence binding assay, Circular dichroism
2024,39158745,An i-motif-regulated enhancer, eRNA and adjacent lncRNA affect Lhb expression through distinct mechanisms in a sex-specific context,Mus musculus,mm10,chr7,45416017,45418912,Hmgb2,Lhb,Enhancer,Active,Normal,,,,Pituitary gland,UBERON:0000007,primary pituitary gonadotrope cells,,gonadotrope cell,CL:0000510,Enhancer activity assay, Functional perturbation assay, Chromatin interaction assay, TF binding assay,ATAC-seq, ChIP-seq, UMI-4C-seq, RNA-seq,CRISPRi, CRISPRa, ChIP-RT-qPCR, RT-RT-qPCR, 3C, Fluorescence binding assay, Circular dichroism
2024,39158745,An i-motif-regulated enhancer, eRNA and adjacent lncRNA affect Lhb expression through distinct mechanisms in a sex-specific context,Mus musculus,mm10,chr7,45416017,45418912,Hmgb2,Lhb,Enhancer,Active,Normal,,,,Embryo,UBERON:0000922,Embryonic Stem Cells (mESCs),,mouse embryonic stem cell,CL:0002322,Enhancer activity assay, Functional perturbation assay, Chromatin interaction assay, TF binding assay,ATAC-seq, ChIP-seq, UMI-4C-seq, RNA-seq,CRISPRi, CRISPRa, ChIP-RT-qPCR, RT-RT-qPCR, 3C, Fluorescence binding assay, Circular dichroism
2017,27895109,Enhancers and super-enhancers have an equivalent regulatory role in embryonic stem cells through regulation of single or multiple genes,Mus musculus,mm10,chr5,118432886,118452483,,Med13L,Enhancer,Active,Normal,,,,Extraembryonic Ectoderm,UBERON:0004366,Trophoblast Stem Cell,,trophoblast stem cell,CL:0002322,Functional perturbation assay, Chromatin interaction assay,ChIP-seq, RNA-seq, Hi-C,CRISPR Knockout, RT-RT-qPCR
2019,31301373,Esrrb function is required for proper primordial germ cell development in presomite stage mouse embryos,Mus musculus,mm10,chr14,53397365,53398765,Esrrb,Bmp4,Enhancer,Active,Normal,,,,Spleen,UBERON:0002106,Bone Marrow-Derived Macrophages,,macrophage,CL:0000235,Enhancer activity assay, TF binding assay,ChIP-seq, RNA-seq,Luciferase Reporter Assay, CRISPR Knockout, RT-RT-qPCR
2018,30327417,Macrophage-specific MHC II expression is regulated by a remote Ciita enhancer controlled by NFAT5,Mus musculus,mm10,chr16,10433585,10433748,Nfat5,Ciita,Enhancer,Active,Normal,,,,Spleen,UBERON:0002106,Bone Marrow-Derived Macrophages,,macrophage,CL:0000235,Functional perturbation assay,ChIP-seq, RNA-seq, 3C-seq,CRISPR Knockout, ChIP-RT-qPCR, RT-RT-qPCR
2018,30327417,Macrophage-specific MHC II expression is regulated by a remote Ciita enhancer controlled by NFAT5,Mus musculus,mm10,chr16,10480585,10480785,Nfat5,Ciita,Enhancer,Active,Normal,,,,Embryo,UBERON:0000922,Mouse Embryonic Stem Cells (mESCs; 129xCast F1; v6.5),,mouse embryonic stem cell,CL:0002322,Functional perturbation assay,ChIP-seq, RNA-seq, 3C-seq,CRISPR Knockout, ChIP-RT-qPCR, RT-RT-qPCR
2019,31422875,Dynamic Enhancer DNA Methylation as Basis for Transcriptional and Cellular Heterogeneity of ESCs,Mus musculus,mm10,chr7,3198900,3202780,Pou5F1; Nanog,Mir290-295,Enhancer,Active,Normal,,,,Embryo,UBERON:0000922,Mouse Embryonic Stem Cells (mESCs; 129xCast F1; v6.5),,mouse embryonic stem cell,CL:0002322,Enhancer activity assay, TF binding assay, Functional perturbation assay,ChIP-seq, RNA-seq, WGBS, Hi-C,Transgenic Reporter Assay (RGM), CRISPR Knockout, ChIP-RT-qPCR, RT-RT-qPCR, DNA FISH, Immunofluorescence, Confocal Imaging
2019,31422875,Dynamic Enhancer DNA Methylation as Basis for Transcriptional and Cellular Heterogeneity of ESCs,Mus musculus,mm10,chr7,3198900,3202780,Pou5F1; Nanog,Mir290-295,Enhancer,Active,Normal,,,,Embryo,UBERON:0000922,Epiblast-like Cells (EpiLCs),,epiblast-like cell,CL:0002322,Enhancer activity assay, TF binding assay, Functional perturbation assay,ChIP-seq, RNA-seq, WGBS, Hi-C,Transgenic Reporter Assay (RGM), CRISPR Knockout, ChIP-RT-qPCR, RT-RT-qPCR, DNA FISH, Immunofluorescence, Confocal Imaging
2019,31422875,Dynamic enhancer partitioning instructs activation of a growth-related gene during exit from naive pluripotency,Mus musculus,mm10,chr1,63240000,63243000,Pou5F1,Zdbf2,Enhancer,Active,Normal,,,,Embryo,UBERON:0000922,Differentiated mESCs,,mouse embryonic stem cell,CL:0002322,Enhancer activity assay, Chromatin interaction assay, TF binding assay, Functional perturbation assay,4C-seq, ATAC-seq, ChIP-seq, RNA-seq, WGBS,CRISPR Knockout, ChIP-RT-qPCR, RT-RT-qPCR, Bisulfite Pyrosequencing
2019,31422875,Dynamic enhancer partitioning instructs activation of a growth-related gene during exit from naive pluripotency,Mus musculus,mm10,chr1,63240000,63243000,Pou5F1,Zdbf2,Enhancer,Active,Normal,,,,Bone Marrow,UBERON:0002371,Hematopoietic Stem Cells,,hematopoietic stem cell,CL:0001029,Enhancer activity assay, Chromatin interaction assay, TF binding assay, Functional perturbation assay,4C-seq, ATAC-seq, ChIP-seq, RNA-seq, WGBS,CRISPR Knockout, ChIP-RT-qPCR, RT-RT-qPCR, Bisulfite Pyrosequencing
2021,32594099,Gata2 -77 enhancer regulates adult hematopoietic stem cell survival,Mus musculus,mm10,chr6,88093745,88094001,Gata2,Gata2,Enhancer,Active,Normal,,,,Bone Marrow,UBERON:0002371,Primary Mouse Bone Marrow Cells,,mouse bone marrow cell,CL:0000000,Functional perturbation assay, TF binding assay, Chromatin interaction assay,RNA-seq, ChIP-seq,CRISPR Knockout, RT-RT-qPCR, 3C Assay
2021,32594099,Gata2 -77 enhancer regulates adult hematopoietic stem cell survival,Mus musculus,mm10,chr6,88093745,88094001,Gata2,Gata2,Enhancer,Active,Normal,,,,Embryo,UBERON:0000922,Mouse embryonic stem cells,,mouse embryonic stem cell,CL:0002322,Functional perturbation assay, TF binding assay, Chromatin interaction assay,RNA-seq, ChIP-seq,CRISPR Knockout, RT-RT-qPCR, 3C Assay
2025,41402457,JMJD2 regulates enhancer?Cpromoter interactions via biomolecular condensate formation,Mus musculus,mm10,chr7,104405000,104415000,Jmjd2C,Zscan4C,Enhancer,Active,Normal,,,,Embryo,UBERON:0000922,Mouse embryonic stem cells,,mouse embryonic stem cell,CL:0002322,Chromatin interaction assay, Functional perturbation assay, TF binding assay,4C-seq, ChIP-seq, RNA-seq,CRISPR knockout, ChIP-RT-qPCR, RT-RT-qPCR
2025,40296153,Rewiring of SINE-MIR enhancer topology and Esrrb modulation in expanded and naive pluripotency,Mus musculus,mm10,chr6,113000000,113001000,Esrrb,Klf5,Enhancer,Active,Normal,,,,Blood,UBERON:0000178,RAW264.7,CVCL_0493,macrophage,CL:0000235,Enhancer activity assay, TF binding assay, Chromatin interaction assay, Functional perturbation assay,Hi-C, HiChIP, RNA-seq, ChIP-seq,CRISPR knockout, ChIP-RT-qPCR, RT-RT-qPCR, Western blot
2019,31324781,Deletion of a Csf1r enhancer selectively impacts CSF1R expression and development of tissue macrophage populations,Mus musculus,mm10,chr18,60781333,60781702,Spi1,Csf1R,Enhancer,Active,Normal,,,,Embryo,UBERON:0000922,Mouse embryonic stem cells,,mouse embryonic stem cell,CL:0002322,Enhancer activity assay, Functional perturbation assay, TF binding assay,ChIP-seq, ATAC-seq, RNA-seq, Microarray,CRISPR Knockout, Transgenic Reporter Assay, RT-RT-qPCR, Western blot, Flow Cytometry
2019,31324781,Deletion of a Csf1r enhancer selectively impacts CSF1R expression and development of tissue macrophage populations,Mus musculus,mm10,chr18,60781333,60781702,Spi1,Csf1R,Enhancer,Active,Normal,,,,Blood,UBERON:0000178,RAW264.7,CVCL_0493,macrophage,CL:0000235,Enhancer activity assay, Functional perturbation assay, TF binding assay,ChIP-seq, ATAC-seq, RNA-seq, Microarray,CRISPR Knockout, Transgenic Reporter Assay, RT-RT-qPCR, Western blot, Flow Cytometry
2019,31324781,Deletion of a Csf1r enhancer selectively impacts CSF1R expression and development of tissue macrophage populations,Mus musculus,mm10,chr18,60811244,60811580,Spi1,Csf1R,Enhancer,Active,Normal,,,,Brain,UBERON:0000955,Mouse primary macrophages,,macrophage,CL:0000235,Functional perturbation assay, Enhancer activity assay, TF binding assay,ChIP-seq, ATAC-seq, RNA-seq, Microarray,CRISPR Knockout, RT-RT-qPCR, Western blot, Flow Cytometry, Immunohistochemistry, Phagocytosis Assay
2019,31324781,Deletion of a Csf1r enhancer selectively impacts CSF1R expression and development of tissue macrophage populations,Mus musculus,mm10,chr18,60811244,60811580,Spi1,Csf1R,Enhancer,Active,Normal,,,,Skin,UBERON:0000014,Langerhans cells,,Langerhans cell,CL:0000453,Functional perturbation assay, Enhancer activity assay, TF binding assay,ChIP-seq, ATAC-seq, RNA-seq, Microarray,CRISPR Knockout, RT-RT-qPCR, Western blot, Flow Cytometry, Immunohistochemistry, Phagocytosis Assay
2019,31324781,Deletion of a Csf1r enhancer selectively impacts CSF1R expression and development of tissue macrophage populations,Mus musculus,mm10,chr18,60811244,60811580,Spi1,Csf1R,Enhancer,Active,Normal,,,,Embryo,UBERON:0000922,Mouse embryonic stem cells,,mouse embryonic stem cell,CL:0002322,Functional perturbation assay, Enhancer activity assay, TF binding assay,ChIP-seq, ATAC-seq, RNA-seq, Microarray,CRISPR Knockout, RT-RT-qPCR, Western blot, Flow Cytometry, Immunohistochemistry, Phagocytosis Assay
2019,31324781,Deletion of a Csf1r enhancer selectively impacts CSF1R expression and development of tissue macrophage populations,Mus musculus,mm10,chr18,60811244,60811580,Spi1,Csf1R,Enhancer,Active,Normal,,,,Blood,UBERON:0000178,RAW264.7,CVCL_0493,macrophage,CL:0000235,Functional perturbation assay, Enhancer activity assay, TF binding assay,ChIP-seq, ATAC-seq, RNA-seq, Microarray,CRISPR Knockout, RT-RT-qPCR, Western blot, Flow Cytometry, Immunohistochemistry, Phagocytosis Assay
2019,31324781,Deletion of a Csf1r enhancer selectively impacts CSF1R expression and development of tissue macrophage populations,Mus musculus,mm10,chr18,60917264,60917600,Spi1,Csf1R,Enhancer,Active,Normal,,,,Embryo,UBERON:0000922,Mouse embryonic stem cells,,mouse embryonic stem cell,CL:0002322,Functional perturbation assay, Enhancer activity assay, TF binding assay,ChIP-seq, ATAC-seq, RNA-seq,CRISPR Knockout, Transgenic Reporter Assay, RT-RT-qPCR, Western blot, Flow Cytometry, Immunohistochemistry
2019,31324781,Deletion of a Csf1r enhancer selectively impacts CSF1R expression and development of tissue macrophage populations,Mus musculus,mm10,chr18,60917264,60917600,Spi1,Csf1R,Enhancer,Active,Normal,,,,Skin,UBERON:0000014,Langerhans cells,,Langerhans cell,CL:0000453,Functional perturbation assay, Enhancer activity assay, TF binding assay,ChIP-seq, ATAC-seq, RNA-seq,CRISPR Knockout, Transgenic Reporter Assay, RT-RT-qPCR, Western blot, Flow Cytometry, Immunohistochemistry
2019,31324781,Deletion of a Csf1r enhancer selectively impacts CSF1R expression and development of tissue macrophage populations,Mus musculus,mm10,chr18,60917264,60917600,Spi1,Csf1R,Enhancer,Active,Normal,,,,Spleen,UBERON:0002106,CD4+ Th1 cells,,CD4-positive Th1 cell,CL:0000897,Functional perturbation assay, Enhancer activity assay, TF binding assay,ChIP-seq, ATAC-seq, RNA-seq,CRISPR Knockout, Transgenic Reporter Assay, RT-RT-qPCR, Western blot, Flow Cytometry, Immunohistochemistry
2025,41080543,Essential roles of CTCF binding sites at TAD boundaries in modulating chromatin interactions and transcriptional regulation at the Ifng locus,Mus musculus,mm10,chr10,118373265,118377265,T-Bet,Ifng,Enhancer,Active,Normal,,,,Spleen,UBERON:0002106,CD4+ Th1 cells,,CD4-positive Th1 cell,CL:0000897,Chromatin interaction assay, Functional perturbation assay,ChIP-seq, RNA-seq, Hi-C, Region Capture Micro-C,3C-RT-qPCR, ChIP-RT-qPCR, RT-RT-qPCR, CRISPR Knockout
2025,41080543,Essential roles of CTCF binding sites at TAD boundaries in modulating chromatin interactions and transcriptional regulation at the Ifng locus,Mus musculus,mm10,chr10,118393265,118397265,T-Bet,Ifng,Enhancer,Active,Normal,,,,Spleen,UBERON:0002106,CD4+ Th1 cells,,CD4-positive Th1 cell,CL:0000897,Chromatin interaction assay, Functional perturbation assay,ChIP-seq, RNA-seq, Hi-C, Region Capture Micro-C,3C-RT-qPCR, ChIP-RT-qPCR, RT-RT-qPCR, CRISPR Knockout
2025,41080543,Essential roles of CTCF binding sites at TAD boundaries in modulating chromatin interactions and transcriptional regulation at the Ifng locus,Mus musculus,mm10,chr10,118405265,118409265,T-Bet,Ifng,Enhancer,Active,Normal,,,,Spleen,UBERON:0002106,CD4+ Th1 cells,,CD4-positive Th1 cell,CL:0000897,Chromatin interaction assay, Functional perturbation assay,ChIP-seq, RNA-seq, Hi-C, Region Capture Micro-C,3C-RT-qPCR, ChIP-RT-qPCR, RT-RT-qPCR, CRISPR Knockout
2025,41080543,Essential roles of CTCF binding sites at TAD boundaries in modulating chromatin interactions and transcriptional regulation at the Ifng locus,Mus musculus,mm10,chr10,118421265,118425265,T-Bet,Ifng,Enhancer,Active,Normal,,,,Spleen,UBERON:0002106,CD4+ Th1 cells,,CD4-positive Th1 cell,CL:0000897,Chromatin interaction assay, Functional perturbation assay,ChIP-seq, RNA-seq, Hi-C, Region Capture Micro-C,3C-RT-qPCR, ChIP-RT-qPCR, RT-RT-qPCR, CRISPR Knockout
2025,41080543,Essential roles of CTCF binding sites at TAD boundaries in modulating chromatin interactions and transcriptional regulation at the Ifng locus,Mus musculus,mm10,chr10,118445265,118449265,T-Bet,Ifng,Enhancer,Active,Normal,,,,Spleen,UBERON:0002106,CD4+ Th1 cells,,CD4-positive Th1 cell,CL:0000897,Chromatin interaction assay, Functional perturbation assay,ChIP-seq, RNA-seq, Hi-C, Region Capture Micro-C,3C-RT-qPCR, ChIP-RT-qPCR, RT-RT-qPCR, CRISPR Knockout
2025,41080543,Essential roles of CTCF binding sites at TAD boundaries in modulating chromatin interactions and transcriptional regulation at the Ifng locus,Mus musculus,mm10,chr10,118456265,118460265,T-Bet,Ifng,Enhancer,Active,Normal,,,,Embryo,UBERON:0000922,Mouse ESCs,,mouse embryonic stem cell,CL:0002322,Chromatin interaction assay, Functional perturbation assay,ChIP-seq, RNA-seq, Hi-C, Region Capture Micro-C,3C-RT-qPCR, ChIP-RT-qPCR, RT-RT-qPCR, CRISPR Knockout
2015,25486255,CRISPR Reveals a Distal Super-Enhancer Required for Sox2 Expression in Mouse Embryonic Stem Cells,Mus musculus,mm10,chr3,34619000,34632000,,Sox2,SE,Active,Normal,,,,Embryo,UBERON:0000922,Mouse ESCs,,mouse embryonic stem cell,CL:0002322,Enhancer activity assay, Chromatin interaction assay, Functional perturbation assay, TF binding assay,ChIP-seq, RNA-seq, Hi-C, 5C,CRISPR Knockout, ChIP-RT-qPCR, qRT-PCR
2024,38511608,Increased enhancer-promoter interactions during developmental enhancer activation in mammals,Mus musculus,mm10,chr1,39441747,39444739,,,Enhancer,Active,Normal,,,,Heart,UBERON:0000948,Embryonic cardiomyocyte,,embryonic cardiomyocyte,CL:0000746,Enhancer capture Hi-C assay, In vivo functional validation,Capture Hi-C, ChIP-seq, RNA-seq, Bisulfite-seq,CRISPR-Cas9 knockout, RT-RT-qPCR
2020,32251373,Spt5-mediated enhancer transcription directly couples enhancer activation with physical promoter interaction,Mus musculus,mm10,chr12,114462800,114464200,,Ighm,Enhancer,Active,Normal,,,,Spleen,UBERON:0002106,mature B,,mature B cell,CL:0000785,Enhancer activity assay, Chromatin interaction assay, Functional perturbation assay,ChIP-seq, GRO-seq, ATAC-seq, 3C-seq,3C-RT-qPCR, ChIP-RT-qPCR, RT-RT-qPCR, CRISPRa
2020,32251373,Spt5-mediated enhancer transcription directly couples enhancer activation with physical promoter interaction,Mus musculus,mm10,chr12,114465285,114467786,,Ighm,Enhancer,Active,Normal,,,,Spleen,UBERON:0002106,mature B,,mature B cell,CL:0000785,Enhancer activity assay, Chromatin interaction assay, Functional perturbation assay,ChIP-seq, GRO-seq, ATAC-seq, 3C-seq,3C-RT-qPCR, ChIP-RT-qPCR, RT-RT-qPCR, CRISPRa
2020,32251373,Spt5-mediated enhancer transcription directly couples enhancer activation with physical promoter interaction,Mus musculus,mm10,chr12,114479200,114480600,,Ighm,Enhancer,Active,Normal,,,,Spleen,UBERON:0002106,mature B,,mature B cell,CL:0000785,Enhancer activity assay, Chromatin interaction assay, Functional perturbation assay,ChIP-seq, GRO-seq, ATAC-seq, 3C-seq,3C-RT-qPCR, ChIP-RT-qPCR, RT-RT-qPCR, CRISPRa
2020,32251373,Spt5-mediated enhancer transcription directly couples enhancer activation with physical promoter interaction,Mus musculus,mm10,chr12,114481431,114482631,,Ighm,Enhancer,Active,Normal,,,,Spleen,UBERON:0002106,mature B,,mature B cell,CL:0000785,Enhancer activity assay, Chromatin interaction assay, Functional perturbation assay,ChIP-seq, GRO-seq, ATAC-seq, 3C-seq,3C-RT-qPCR, ChIP-RT-qPCR, RT-RT-qPCR, CRISPRa
2020,32251373,Spt5-mediated enhancer transcription directly couples enhancer activation with physical promoter interaction,Mus musculus,mm10,chr12,114461575,114496377,,Ighm,Enhancer,Active,Normal,,,,Spleen,UBERON:0002106,mature B,,mature B cell,CL:0000785,Enhancer activity assay, Chromatin interaction assay, Functional perturbation assay,ChIP-seq, GRO-seq, ATAC-seq, Hi-C, 3C-seq,3C-RT-qPCR, ChIP-RT-qPCR, RT-RT-qPCR, CRISPRa, Flow Cytometry
2016,26937964,In Vivo Deletion of the Cebpa +37 kb Enhancer Markedly Reduces Cebpa mRNA in Myeloid Progenitors but Not in Non-Hematopoietic Tissues to Impair Granulopoiesis ,Mus musculus,mm10,chr7,134136598,134137038,Runx1,Cebpa,Enhancer,Active,Normal,,,,Bone marrow,UBERON:0002371,32Dcl3,CVCL_0225,myeloid progenitor cell,CL:0000837,Enhancer activity assay, TF binding assay, Functional perturbation assay,ChIP-seq,Luciferase Reporter Assay, CRISPR Knockout, ChIP-RT-qPCR, RT-RT-qPCR
2016,26937964,In Vivo Deletion of the Cebpa +37 kb Enhancer Markedly Reduces Cebpa mRNA in Myeloid Progenitors but Not in Non-Hematopoietic Tissues to Impair Granulopoiesis ,Mus musculus,mm10,chr7,134136598,134137038,Runx1,Cebpa,Enhancer,Active,Normal,,,,Bone marrow,UBERON:0002371,primary bone marrow,,bone marrow cell,CL:0000000,Enhancer activity assay, TF binding assay, Functional perturbation assay,ChIP-seq,Luciferase Reporter Assay, CRISPR Knockout, ChIP-RT-qPCR, RT-RT-qPCR
2015,25801169,Convergence of developmental and oncogenic signaling pathways at transcriptional super-enhancers,Mus musculus,mm10,chr17,35600000,35630000,Oct4; Sox2; Nanog,Pou5F1,Enhancer,Active,Normal,,,,Embryo,UBERON:0000922,mouse ESCs,,mouse embryonic stem cell,CL:0002322,Enhancer activity assay, Functional perturbation assay,ChIP-seq, RNA-seq,Luciferase Reporter Assay, CRISPR Knockout
2015,25801169,Convergence of developmental and oncogenic signaling pathways at transcriptional super-enhancers,Mus musculus,mm10,chr4,102500000,102540000,Oct4; Sox2; Nanog,Prdm14,Enhancer,Active,Normal,,,,Embryo,UBERON:0000922,mouse ESCs,,mouse embryonic stem cell,CL:0002322,Enhancer activity assay, Functional perturbation assay,ChIP-seq, RNA-seq,Luciferase Reporter Assay, CRISPR Knockout
2015,25801169,Convergence of developmental and oncogenic signaling pathways at transcriptional super-enhancers,Mus musculus,mm10,chr8,71200000,71240000,Oct4; Sox2; Nanog,Mir-290-295,Enhancer,Active,Normal,,,,Embryo,UBERON:0000922,mouse ESCs,,mouse embryonic stem cell,CL:0002322,Enhancer activity assay, Functional perturbation assay,ChIP-seq, RNA-seq,Luciferase Reporter Assay, CRISPR Knockout
2015,25801169,Convergence of developmental and oncogenic signaling pathways at transcriptional super-enhancers,Mus musculus,mm10,chr10,12800000,12840000,Oct4; Sox2; Nanog,Sik1,Enhancer,Active,Normal,,,,Embryo,UBERON:0000922,mouse ESCs,,mouse embryonic stem cell,CL:0002322,Enhancer activity assay, Functional perturbation assay,ChIP-seq, RNA-seq,Luciferase Reporter Assay, CRISPR Knockout
2015,25801169,Convergence of developmental and oncogenic signaling pathways at transcriptional super-enhancers,Mus musculus,mm10,chr8,45600000,45640000,Oct4; Sox2; Nanog,Klf2,Enhancer,Active,Normal,,,,Embryo,UBERON:0000922,mouse ESCs,,mouse embryonic stem cell,CL:0002322,Enhancer activity assay, Functional perturbation assay,ChIP-seq, RNA-seq,Luciferase Reporter Assay, CRISPR Knockout
2024,39671433,The cells are all-right: Regulation of the Lefty genes by separate enhancers in mouse embryonic stem cells,Mus musculus,mm10,chr1,180887014,180889994,Sox2; Nanog; Klf4; Esrrb; Zfx; E2F1; Tfcp2I1,Lefty2,Enhancer,Active,Normal,,,,Embryo,UBERON:0000922,Mouse embryonic stem,,mouse embryonic stem cell,CL:0002322,Enhancer activity assay, TF binding assay, Chromatin interaction assay, Functional perturbation assay,ChIP-seq, RNA-seq, Hi-C,CRISPR Knockout, RT-RT-qPCR
2024,39671433,The cells are all-right: Regulation of the Lefty genes by separate enhancers in mouse embryonic stem cells,Mus musculus,mm10,chr1,180924460,180925486,Sox2; Nanog; Klf4; Esrrb; Zfx; E2F1; Tfcp2I1,Lefty1,Enhancer,Active,Normal,,,,Embryo,UBERON:0000922,Mouse embryonic stem,,mouse embryonic stem cell,CL:0002322,Enhancer activity assay, TF binding assay, Chromatin interaction assay, Functional perturbation assay,ChIP-seq, RNA-seq, Hi-C,CRISPR Knockout, RT-RT-qPCR
2026,41533786,YAP/TAZ-VGLL3 governs adipocyte fate via epigenetic reprogramming of PPAR?? and its target enhancers,Mus musculus,mm10,chr3,103180000,103230000,Tead,Pparg,Enhancer,Active,Normal,,,,Adipose tissue,UBERON:0001013,C3H10T1/2, primary adipocytes,CVCL_0190,mesenchymal cell / adipocyte,CL:0000136,Regulatory element functional validation, 3D chromatin architecture analysis, epigenomic profiling,ATAC-seq, RNA-seq, ChIP-seq, snRNA-seq, snATAC-seq,CRISPRi (dCas9-KRAB-MeCP2), RT-RT-qPCR, ORCA, Western blot, Oil Red O staining
2026,41533786,YAP/TAZ-VGLL3 governs adipocyte fate via epigenetic reprogramming of PPAR?? and its target enhancers,Mus musculus,mm10,chr3,103470000,103520000,Tead,Pparg,Enhancer,Active,Normal,,,,Adipose tissue,UBERON:0001013,C3H10T1/2, primary adipocytes,CVCL_0190,mesenchymal cell / adipocyte,CL:0000136,Regulatory element functional validation, 3D chromatin architecture analysis, epigenomic profiling,ATAC-seq, RNA-seq, ChIP-seq, snRNA-seq, snATAC-seq,CRISPRi (dCas9-KRAB-MeCP2), RT-RT-qPCR, ORCA, Western blot, Oil Red O staining
2025,39626663,Enhancer cooperativity can compensate for loss of activity over large genomic distances,Mus musculus,mm10,chr17,80721358,80818896,,Map4K3,Enhancer,Active,Normal,,,,Embryo,UBERON:0000922,Mouse Embryonic Stem Cells (v6.5),,mouse embryonic stem cell,CL:0002322,Enhancer activity assay, Functional perturbation assay,ChIP-seq, ATAC-seq,Luciferase Reporter Assay, Fluorescent Reporter Assay (mCherry), CRISPR Knockout, RT-RT-qPCR
2024,38729993,Regulation of Myc transcription by an enhancer cluster dedicated to pluripotency and early embryonic expression,Mus musculus,mm10,chr15,61958143,62188886,,Myc,Enhancer,Active,Normal,,,,Embryo,UBERON:0000922,mESC,,mouse embryonic stem cell,CL:0002322,Enhancer activity assay, Chromatin interaction assay, Functional perturbation assay,RNA-seq, Hi-C, 4C-seq, ChIP-seq,Transgenic Reporter Assay, CRISPR Knockout, Flow Cytometry, Immunofluorescence
2024,38806452,TAD border deletion at the Kit locus causes tissue-specific ectopic activation of a neighboring gene,Mus musculus,mm10,chr5,75699926,75706926,,Kit,Enhancer,Active,Normal,,,,Bone Marrow,UBERON:0002371,Primary Mast cells,,mast cell,CL:0000097,Functional perturbation assay, Enhancer activity assay,ChIP-seq, RNA-seq, Hi-C,CRISPR Knockout, qRT-PCR
2024,38806452,TAD border deletion at the Kit locus causes tissue-specific ectopic activation of a neighboring gene,Mus musculus,mm10,chr5,75825926,75832926,,Kit,Enhancer,Active,Normal,,,,Skin,UBERON:0000014,Primary Melanocytes,,melanocyte,CL:0000148,Functional perturbation assay, Enhancer activity assay,ChIP-seq, RNA-seq, Hi-C,CRISPR Knockout, qRT-PCR
2024,38806452,TAD border deletion at the Kit locus causes tissue-specific ectopic activation of a neighboring gene,Mus musculus,mm10,chr5,75699926,75706926,,Kdr,Enhancer,Active,Normal,,,,Skin,UBERON:0000014,Primary Melanocytes (Kit ??30k),,melanocyte,CL:0000148,Chromatin interaction assay, Functional perturbation assay,Hi-C, RNA-seq, ChIP-seq,CRISPR Knockout, qRT-PCR, Immunohistochemistry
2024,38806452,TAD border deletion at the Kit locus causes tissue-specific ectopic activation of a neighboring gene,Mus musculus,mm10,chr5,75825926,75832926,,Kdr,Enhancer,Active,Normal,,,,Skin,UBERON:0000014,Primary Melanocytes (Kit ??30k),,melanocyte,CL:0000148,Chromatin interaction assay, Functional perturbation assay,Hi-C, RNA-seq, ChIP-seq,CRISPR Knockout, qRT-PCR, Immunohistochemistry
2025,39827212,GATA4 binding to the Sox9 enhancer mXYSRa/Enh13 is critical for testis differentiation in mouse,Mus musculus,mm10,chr11,112200000,112204700,Gata4,Sox9,Enhancer,Active,Normal,,,,Embryonic gonad,UBERON:0005321,Embryonic gonad cells (E11.5),,embryonic gonad cell,CL:0000000,Enhancer activity assay, TF binding assay, Functional perturbation assay,ATAC-seq, ChIP-seq, CUT&RUN,Luciferase Reporter Assay, CRISPR Knockout, qRT-PCR
2021,34260936,Neuronal activity-induced BRG1 phosphorylation regulates enhancer activation,Mus musculus,mm10,chr12,8570500,8571000,,C-Fos,Enhancer,Active,Normal,,,,Cerebral cortex,UBERON:0000956,Primary mouse cortical neurons,,mouse cortical neuron,CL:0000540,Enhancer activity assay, Chromatin interaction assay, Functional perturbation assay,ChIP-seq, RNA-seq, ATAC-seq,ChIP-RT-qPCR, 3C, qRT-PCR, Western blot, CRISPR Knockin
2021,34260936,Neuronal activity-induced BRG1 phosphorylation regulates enhancer activation,Mus musculus,mm10,chr15,8079500,8080000,,Arc,Enhancer,Active,Normal,,,,Cerebral cortex,UBERON:0000956,Primary mouse cortical neurons,,mouse cortical neuron,CL:0000540,Enhancer activity assay, Chromatin interaction assay, Functional perturbation assay,ChIP-seq, RNA-seq, ATAC-seq,ChIP-RT-qPCR, 3C, qRT-PCR, Western blot, CRISPR Knockin
2022,36402859,Hnf1b renal expression directed by a distal enhancer responsive to Pax8,Mus musculus,mm10,chr17,63643401,63643706,Pax8,Hnf1B,Enhancer,Active,Normal,,,,Kidney,UBERON:0002113,MDCK,CVCL_0422,kidney epithelial cell,CL:0000066,Enhancer activity assay, TF binding assay, Functional perturbation assay,ATAC-seq, ChIP-seq, DNase-seq,Luciferase Reporter Assay, Transgenic Reporter Assay, CRISPR Knockout, EMSA
2022,36402859,Hnf1b renal expression directed by a distal enhancer responsive to Pax8,Mus musculus,mm10,chr17,63643401,63643706,Pax8,Hnf1B,Enhancer,Active,Normal,,,,Kidney,UBERON:0002113,IMCD3,CVCL_5J54,kidney epithelial cell,CL:0000066,Enhancer activity assay, TF binding assay, Functional perturbation assay,ATAC-seq, ChIP-seq, DNase-seq,Luciferase Reporter Assay, Transgenic Reporter Assay, CRISPR Knockout, EMSA
2026,41237776,FOXP3 expression depends on cell-type-specific cis-regulatory elements and transcription factor circuitry,Mus musculus,mm10,chrX,7566060,7568152,,Foxp3,Enhancer,Active,Normal,,,,Blood,UBERON:0000178,CD4+ T cells,,CD4-positive T cell,CL:0000624,Functional perturbation assay, Enhancer activity assay,ATAC-seq, ChIP-seq, RNA-seq,CRISPR Knockout, CRISPRi
2026,41237776,FOXP3 expression depends on cell-type-specific cis-regulatory elements and transcription factor circuitry,Mus musculus,mm10,chrX,7566060,7568152,,Foxp3,Enhancer,Active,Normal,,,,Blood,UBERON:0000178,Regulatory T cells,,regulatory T cell,CL:0000815,Functional perturbation assay, Enhancer activity assay,ATAC-seq, ChIP-seq, RNA-seq,CRISPR Knockout, CRISPRi
2026,41237776,FOXP3 expression depends on cell-type-specific cis-regulatory elements and transcription factor circuitry,Mus musculus,mm10,chrX,7566060,7568152,,Foxp3,Enhancer,Active,Normal,,,,Blood,UBERON:0000178,Conventional T cells,,T cell,CL:0000084,Functional perturbation assay, Enhancer activity assay,ATAC-seq, ChIP-seq, RNA-seq,CRISPR Knockout, CRISPRi
2026,41237776,FOXP3 expression depends on cell-type-specific cis-regulatory elements and transcription factor circuitry,Mus musculus,mm10,chrX,7570463,7571424,,Foxp3,Enhancer,Active,Normal,,,,Blood,UBERON:0000178,CD4+ T cells,,CD4-positive T cell,CL:0000624,Functional perturbation assay, Enhancer activity assay,ATAC-seq, ChIP-seq, RNA-seq,CRISPR Knockout, CRISPRi
2026,41237776,FOXP3 expression depends on cell-type-specific cis-regulatory elements and transcription factor circuitry,Mus musculus,mm10,chrX,7570463,7571424,,Foxp3,Enhancer,Active,Normal,,,,Blood,UBERON:0000178,Regulatory T cells,,regulatory T cell,CL:0000815,Functional perturbation assay, Enhancer activity assay,ATAC-seq, ChIP-seq, RNA-seq,CRISPR Knockout, CRISPRi
2026,41237776,FOXP3 expression depends on cell-type-specific cis-regulatory elements and transcription factor circuitry,Mus musculus,mm10,chrX,7570463,7571424,,Foxp3,Enhancer,Active,Normal,,,,Blood,UBERON:0000178,Conventional T cells,,T cell,CL:0000084,Functional perturbation assay, Enhancer activity assay,ATAC-seq, ChIP-seq, RNA-seq,CRISPR Knockout, CRISPRi
2026,41237776,FOXP3 expression depends on cell-type-specific cis-regulatory elements and transcription factor circuitry,Mus musculus,mm10,chrX,7573447,7575334,,Foxp3,Enhancer,Active,Normal,,,,Blood,UBERON:0000178,CD4+ T cells,,CD4-positive T cell,CL:0000624,Functional perturbation assay, Enhancer activity assay,ATAC-seq, ChIP-seq, RNA-seq,CRISPR Knockout, CRISPRi
2026,41237776,FOXP3 expression depends on cell-type-specific cis-regulatory elements and transcription factor circuitry,Mus musculus,mm10,chrX,7573447,7575334,,Foxp3,Enhancer,Active,Normal,,,,Blood,UBERON:0000178,Regulatory T cells,,regulatory T cell,CL:0000815,Functional perturbation assay, Enhancer activity assay,ATAC-seq, ChIP-seq, RNA-seq,CRISPR Knockout, CRISPRi
2026,41237776,FOXP3 expression depends on cell-type-specific cis-regulatory elements and transcription factor circuitry,Mus musculus,mm10,chrX,7573447,7575334,,Foxp3,Enhancer,Active,Normal,,,,Blood,UBERON:0000178,Conventional T cells,,T cell,CL:0000084,Functional perturbation assay, Enhancer activity assay,ATAC-seq, ChIP-seq, RNA-seq,CRISPR Knockout, CRISPRi
2026,41237776,FOXP3 expression depends on cell-type-specific cis-regulatory elements and transcription factor circuitry,Mus musculus,mm10,chrX,7579185,7580141,,Foxp3,Enhancer,Active,Normal,,,,Blood,UBERON:0000178,CD4+ T cells,,CD4-positive T cell,CL:0000624,Functional perturbation assay, Enhancer activity assay,ATAC-seq, ChIP-seq, RNA-seq,CRISPR Knockout, CRISPRi
2026,41237776,FOXP3 expression depends on cell-type-specific cis-regulatory elements and transcription factor circuitry,Mus musculus,mm10,chrX,7579185,7580141,,Foxp3,Enhancer,Active,Normal,,,,Blood,UBERON:0000178,Regulatory T cells,,regulatory T cell,CL:0000815,Functional perturbation assay, Enhancer activity assay,ATAC-seq, ChIP-seq, RNA-seq,CRISPR Knockout, CRISPRi
2026,41237776,FOXP3 expression depends on cell-type-specific cis-regulatory elements and transcription factor circuitry,Mus musculus,mm10,chrX,7579185,7580141,,Foxp3,Enhancer,Active,Normal,,,,Blood,UBERON:0000178,Conventional T cells,,T cell,CL:0000084,Functional perturbation assay, Enhancer activity assay,ATAC-seq, ChIP-seq, RNA-seq,CRISPR Knockout, CRISPRi
2026,41237776,FOXP3 expression depends on cell-type-specific cis-regulatory elements and transcription factor circuitry,Mus musculus,mm10,chrX,7583853,7584485,,Foxp3,Enhancer,Active,Normal,,,,Blood,UBERON:0000178,CD4+ T cells,,CD4-positive T cell,CL:0000624,Functional perturbation assay, Enhancer activity assay,ATAC-seq, ChIP-seq, RNA-seq,CRISPR Knockout, CRISPRi
2026,41237776,FOXP3 expression depends on cell-type-specific cis-regulatory elements and transcription factor circuitry,Mus musculus,mm10,chrX,7583853,7584485,,Foxp3,Enhancer,Active,Normal,,,,Blood,UBERON:0000178,Regulatory T cells,,regulatory T cell,CL:0000815,Functional perturbation assay, Enhancer activity assay,ATAC-seq, ChIP-seq, RNA-seq,CRISPR Knockout, CRISPRi
2026,41237776,FOXP3 expression depends on cell-type-specific cis-regulatory elements and transcription factor circuitry,Mus musculus,mm10,chrX,7583853,7584485,,Foxp3,Enhancer,Active,Normal,,,,Blood,UBERON:0000178,Conventional T cells,,T cell,CL:0000084,Functional perturbation assay, Enhancer activity assay,ATAC-seq, ChIP-seq, RNA-seq,CRISPR Knockout, CRISPRi
2018,30017589,GRHL2-dependent enhancer switching maintains a pluripotent stem cell transcriptional subnetwork after exit from naive pluripotency,Mus musculus,mm10,chr18,24570000,24570200,Grhl2,Dsp,Enhancer,Active,Normal,,,,Embryo,UBERON:0000922,ESCs,,embryonic stem cell,CL:0002322,Functional perturbation assay,ChIP-seq, ATAC-seq, RNA-seq,CRISPR Knockout, RT-RT-qPCR, Western blot
2018,30017589,GRHL2-dependent enhancer switching maintains a pluripotent stem cell transcriptional subnetwork after exit from naive pluripotency,Mus musculus,mm10,chr8,109142000,109142200,Klf4,Cdh1,Enhancer,Active,Normal,,,,Embryo,UBERON:0000922,ESCs,,embryonic stem cell,CL:0002322,Functional perturbation assay,ChIP-seq, ATAC-seq, RNA-seq,CRISPR Knockout, RT-RT-qPCR, Western blot
2018,30017589,GRHL2-dependent enhancer switching maintains a pluripotent stem cell transcriptional subnetwork after exit from naive pluripotency,Mus musculus,mm10,chr8,109150000,109150200,Grhl2,Cdh1,Enhancer,Active,Normal,,,,Embryo,UBERON:0000922,ESCs,,embryonic stem cell,CL:0002322,Functional perturbation assay,ChIP-seq, ATAC-seq, RNA-seq,CRISPR Knockout, RT-RT-qPCR, Western blot
2020,32694829,Super-enhancer-driven metabolic reprogramming promotes cystogenesis in autosomal dominant polycystic kidney disease,Mus musculus,mm10,chr8,123455000,123472000,,Ampd3,Enhancer,Active,Disease,polycystic kidney disease,MONDO:0005290,DOID:0111199,Kidney,UBERON:0002113,Pkd1-null tubule epithelial cells (PN),,kidney epithelial cell,CL:0000066,Functional perturbation assay, Enhancer activity assay,ChIP-seq, RNA-seq, ATAC-seq,ChIP-RT-qPCR, RT-RT-qPCR, Western blot, CRISPR Knockout, Flow Cytometry, Immunohistochemistry, HPLC
2020,32694829,Super-enhancer-driven metabolic reprogramming promotes cystogenesis in autosomal dominant polycystic kidney disease,Mus musculus,mm10,chr8,123455000,123472000,,Ampd3,Enhancer,Active,Normal,,,,Kidney,UBERON:0002113,Pkd1-heterozygous control tubule epithelial cells (PH),,kidney epithelial cell,CL:0000066,Functional perturbation assay, Enhancer activity assay,ChIP-seq, RNA-seq, ATAC-seq,ChIP-RT-qPCR, RT-RT-qPCR, Western blot, CRISPR Knockout, Flow Cytometry, Immunohistochemistry, HPLC
2020,32694829,Super-enhancer-driven metabolic reprogramming promotes cystogenesis in autosomal dominant polycystic kidney disease,Mus musculus,mm10,chr8,123455000,123472000,,Ampd3,Enhancer,Active,Normal,,,,Kidney,UBERON:0002113,mouse primary renal tubular epithelial cells,,renal tubular epithelial cell,CL:0002306,Functional perturbation assay, Enhancer activity assay,ChIP-seq, RNA-seq, ATAC-seq,ChIP-RT-qPCR, RT-RT-qPCR, Western blot, CRISPR Knockout, Flow Cytometry, Immunohistochemistry, HPLC
2020,32817515,The Atoh7 remote enhancer provides transcriptional robustness during retinal ganglion cell development,Mus musculus,mm10,chr10,72890000,72895600,,Atoh7,Enhancer,Active,Normal,,,,Retina,UBERON:0000966,Retinal Progenitor Cells,,retinal progenitor cell,CL:0002672,Functional perturbation assay, Enhancer activity assay,ATAC-seq, RNA-seq, ChIP-seq,CRISPR Knockout, RT-RT-qPCR, Transgenic Reporter Assay, Electron Microscopy
2020,32817515,The Atoh7 remote enhancer provides transcriptional robustness during retinal ganglion cell development,Mus musculus,mm10,chr10,72890000,72895600,,Atoh7,Enhancer,Active,Normal,,,,Retina,UBERON:0000966,Retinal Ganglion Cells,,retinal ganglion cell,CL:0000740,Functional perturbation assay, Enhancer activity assay,ATAC-seq, RNA-seq, ChIP-seq,CRISPR Knockout, RT-RT-qPCR, Transgenic Reporter Assay, Electron Microscopy
2025,37772400,An Anterior Second Heart Field Enhancer Regulates the Gene Regulatory Network of the Cardiac Outflow Tract,Mus musculus,mm10,chr5,150830909,150831422,Gata6,Nkx2-5,Enhancer,Active,Normal,,,,Heart,UBERON:0000948,Primary embryonic cardiomyocytes,,cardiomyocyte,CL:0000746,Enhancer activity assay, TF binding assay, Functional perturbation assay, Chromatin interaction assay,ChIP-seq, ATAC-seq, RNA-seq,Transgenic reporter assay, CRISPR knockout, CRISPRi, ChIP-RT-qPCR, RT-RT-qPCR
2025,37772400,An Anterior Second Heart Field Enhancer Regulates the Gene Regulatory Network of the Cardiac Outflow Tract,Mus musculus,mm10,chr5,150830909,150831422,Gata6,Nkx2-5,Enhancer,Active,Normal,,,,Heart,UBERON:0000948,hiPSC-CMs,,cardiomyocyte,CL:0000746,Enhancer activity assay, TF binding assay, Functional perturbation assay, Chromatin interaction assay,ChIP-seq, ATAC-seq, RNA-seq,Transgenic reporter assay, CRISPR knockout, CRISPRi, ChIP-RT-qPCR, RT-RT-qPCR
2024,38413562,The neutrophil-osteogenic cell axis promotes bone destruction in periodontitis,Mus musculus,mm10,chr14,78376100,78379511,Stat3,Tnfsf11,Enhancer,Active,Normal,,,,Bone,UBERON:0001474,Primary osteoblasts,,osteoblast,CL:0000062,Functional perturbation assay, Enhancer activity assay, TF binding assay,ChIP-seq, scRNA-seq, RNA-seq, ATAC-seq,CRISPR Knockout, RT-RT-qPCR, Western blot, ChIP-RT-qPCR, ELISA, Micro-CT
2024,38413562,The neutrophil-osteogenic cell axis promotes bone destruction in periodontitis,Mus musculus,mm10,chr14,78376100,78379511,Stat3,Tnfsf11,Enhancer,Active,Normal,,,,Bone,UBERON:0001474,Periodontal ligament cells,,fibroblast,CL:0000057,Functional perturbation assay, Enhancer activity assay, TF binding assay,ChIP-seq, scRNA-seq, RNA-seq, ATAC-seq,CRISPR Knockout, RT-RT-qPCR, Western blot, ChIP-RT-qPCR, ELISA, Micro-CT
2024,38413562,The neutrophil-osteogenic cell axis promotes bone destruction in periodontitis,Mus musculus,mm10,chr14,78376100,78379511,Stat3,Tnfsf11,Enhancer,Active,Normal,,,,Bone,UBERON:0001474,Osteogenic cells,,osteoblast,CL:0000062,Functional perturbation assay, Enhancer activity assay, TF binding assay,ChIP-seq, scRNA-seq, RNA-seq, ATAC-seq,CRISPR Knockout, RT-RT-qPCR, Western blot, ChIP-RT-qPCR, ELISA, Micro-CT
2024,38413562,The neutrophil-osteogenic cell axis promotes bone destruction in periodontitis,Mus musculus,mm10,chr14,78376100,78379511,Stat3,Tnfsf11,Enhancer,Active,Normal,,,,Bone,UBERON:0001474,Primary calvarial osteoblasts,,osteoblast,CL:0000062,Functional perturbation assay, Enhancer activity assay, TF binding assay,ChIP-seq, scRNA-seq, RNA-seq, ATAC-seq,CRISPR Knockout, RT-RT-qPCR, Western blot, ChIP-RT-qPCR, ELISA, Micro-CT
2016,26751055,NANOG alone induces germ cells in primed epiblast in vitro by activation of enhancers,Mus musculus,mm10,chr6,113009800,113010300,Nanog,Prdm1,Enhancer,Silenced,Normal,,,,Embryo,UBERON:0000922,Mouse embryonic stem cells (E14TG2a),CVCL_2167,mouse embryonic stem cell,CL:0002322,Enhancer activity assay, TF binding assay, Functional perturbation assay,ChIP-seq, Microarray,Luciferase reporter assay, ChIP-RT-qPCR, RT-RT-qPCR, CRISPR-Cas9 knockout, Western blot, Immunofluorescence, Flow cytometry
2016,26751055,NANOG alone induces germ cells in primed epiblast in vitro by activation of enhancers,Mus musculus,mm10,chr4,135009700,135010200,Nanog,Prdm14,Enhancer,Active,Normal,,,,Embryo,UBERON:0000922,Mouse embryonic stem cells,,mouse embryonic stem cell,CL:0002322,Enhancer activity assay, TF binding assay, Functional perturbation assay, Epigenetic modification assay,ChIP-seq, Microarray,Luciferase reporter assay, ChIP-RT-qPCR, RT-RT-qPCR, CRISPR-Cas9 knockout, Western blot, Immunofluorescence, Flow cytometry, Blastocyst injection assay
2016,26751055,NANOG alone induces germ cells in primed epiblast in vitro by activation of enhancers,Mus musculus,mm10,chr4,135009700,135010200,Nanog,Prdm14,Enhancer,Active,Normal,,,,Embryo,UBERON:0000922,EpiLCs,,epiblast-like cell,CL:0002322,Enhancer activity assay, TF binding assay, Functional perturbation assay, Epigenetic modification assay,ChIP-seq, Microarray,Luciferase reporter assay, ChIP-RT-qPCR, RT-RT-qPCR, CRISPR-Cas9 knockout, Western blot, Immunofluorescence, Flow cytometry, Blastocyst injection assay
2016,26751055,NANOG alone induces germ cells in primed epiblast in vitro by activation of enhancers,Mus musculus,mm10,chr4,135009700,135010200,Nanog,Prdm14,Enhancer,Active,Normal,,,,Embryo,UBERON:0000922,PGCLCs,,primordial germ cell-like cell,CL:0000670,Enhancer activity assay, TF binding assay, Functional perturbation assay, Epigenetic modification assay,ChIP-seq, Microarray,Luciferase reporter assay, ChIP-RT-qPCR, RT-RT-qPCR, CRISPR-Cas9 knockout, Western blot, Immunofluorescence, Flow cytometry, Blastocyst injection assay
2024,38511608,Increased enhancer-promoter interactions during developmental enhancer activation in mammals,Mus musculus,mm10,chr1,9648563,9650544,,,Enhancer,Active,Normal,,,,Embryo,UBERON:0000922,,,,,Enhancer capture Hi-C assay, In vivo functional validation,Capture Hi-C, ChIP-seq, RNA-seq, Bisulfite-seq,CRISPR-Cas9 knockout, RT-RT-qPCR
2021,34335313,Chromatin accessibility landscape of cardiac pacemaker cells defines an Isl1 enhancer required for sinoatrial node development and function,Mus musculus,mm10,chr15,103026344,103028143,,Hcn4,Enhancer,Active,Normal,,,,Heart,UBERON:0000948,Sinoatrial Node Pacemaker,,sinoatrial node pacemaker cell,CL:0000746,Enhancer activity assay, Functional perturbation assay,ATAC-seq, RNA-seq, ChIP-seq,Transgenic Reporter Assay, CRISPR Knockout, X-gal Staining
2024,38824572,A conserved ACTN2 enhancer regulates cardiomyocyte maturation through mTOR signaling,Mus musculus,mm10,chr1,179953600,179954900,Mef2A,Actn2,Enhancer,Active,Normal,,,,Heart,UBERON:0000948,Mouse primary cardiomyocytes,,mouse cardiomyocyte,CL:0000746,Enhancer activity assay, TF binding assay,RNA-seq, ChIP-seq, ATAC-seq,CRISPR Knockout, ChIP-RT-qPCR, RT-RT-qPCR, Western blot
2025,40880432,Igf2 adult-specific skeletal muscle enhancer activity revealed in mice with intergenic CTCF boundary deletion,Mus musculus,mm10,chr7,142599494,142601493,Myod1,Igf2,Enhancer,Active,Normal,,,,Skeletal muscle,UBERON:0001134,Skeletal muscle myocytes,,skeletal muscle myocyte,CL:0000187,Enhancer activity assay, Chromatin interaction assay, Functional perturbation assay,Capture-C, ChIP-seq, ATAC-seq, RNA-seq,CRISPR Knockout, qRT-PCR, Southern Blot
2021,33976173,A Stat1 bound enhancer promotes Nampt expression and function within tumor associated macrophages,Mus musculus,mm10,chr12,32821032,32827114,Stat1,Nampt,Enhancer,Active,Normal,,,,Skin,UBERON:0000014,Bone Marrow-Derived Macrophages (BMMs),,macrophage,CL:0000235,Enhancer activity assay, TF binding assay, Functional perturbation assay,RNA-seq, scRNA-seq, ChIP-seq,Luciferase Reporter Assay, ChIP-RT-qPCR, CRISPR Knockout, qRT-PCR, Western blot
2023,36697821,A Prox1 enhancer represses haematopoiesis in the lymphatic vasculature,Mus musculus,mm10,chr1,190181703,190182534,Gata2,Prox1,Enhancer,Active,Normal,,,,Lymphatic vasculature,UBERON:0001473,Lymphatic endothelial cells (LECs),,lymphatic endothelial cell,CL:0002546,Enhancer activity assay, TF binding assay, Chromatin interaction assay, Functional perturbation assay,ChIP-seq, RNA-seq, 3C-seq,Transgenic Reporter Assay, CRISPR Knockout, ChIP-RT-qPCR, qRT-PCR, Immunostaining
2020,33049031,LncRNA Platr22 promotes super-enhancer activity and stem cell pluripotency,Mus musculus,mm10,chr1,136650000,136700000,Zfp281,Zfp281,SE,Active,Normal,,,,Embryo,UBERON:0000922,Mouse Embryonic Stem Cells (mESCs),,mouse embryonic stem cell,CL:0002322,Enhancer activity assay, TF binding assay, Chromatin interaction assay, Functional perturbation assay,ChIP-seq, RNA-seq, Hi-C, ChIA-PET, GRID-seq, GRO-seq, DNase-seq,ChIP-RT-qPCR, CRISPR Knockout, CRISPRa, qRT-PCR, RNA FISH, 3C, RIP, RNA pull-down, Co-IP
2021,33976173,A Stat1 bound enhancer promotes Nampt expression and function within tumor associated macrophages,Mus musculus,mm10,chr12,32821032,32827113,Stat1,Nampt,Enhancer,Active,Normal,,,,Bone marrow,UBERON:0002371,Bone marrow-derived macrophages (BMMs),,macrophage,CL:0000235,Enhancer activity assay, TF binding assay, Functional perturbation assay,ChIP-seq, RNA-seq, scRNA-seq,Luciferase Reporter Assay, ChIP-RT-qPCR, CRISPR Knockout, qRT-PCR, Western blot
2021,33976173,A Stat1 bound enhancer promotes Nampt expression and function within tumor associated macrophages,Mus musculus,mm10,chr12,32821787,32821864,Stat1,Nampt,Enhancer,Active,Normal,,,,Blood,UBERON:0000178,RAW 264.7,CVCL_0493,macrophage,CL:0000235,Enhancer activity assay, TF binding assay,ChIP-seq,Luciferase Reporter Assay, ChIP-RT-qPCR, CRISPR Knockout, qRT-PCR
2022,35998583,Pancreas agenesis mutations disrupt a lead enhancer controlling a developmental enhancer cluster,Mus musculus,mm10,chr2,14492567,14492959,Pdx1,Ptf1A,Enhancer,Active,Normal,,,,Pancreas,UBERON:0001264,Pancreatic Multipotent Progenitor Cells (MPCs),,pancreatic multipotent progenitor cell,CL:0002583,Functional perturbation assay, Enhancer activity assay,ChIP-seq, scRNA-seq, scATAC-seq,CRISPR Knockout, qRT-PCR, Immunofluorescence
2021,33974869,Distinct Foxp3 enhancer elements coordinate development, maintenance and function of regulatory T cells,Mus musculus,mm10,chrX,7570674,7571274,Stat5A,Foxp3,Enhancer,Active,Normal,,,,Thymus,UBERON:0002370,CD4+Foxp3+ Regulatory T Cells (Treg),,regulatory T cell,CL:0000815,Functional perturbation assay, TF binding assay, Enhancer activity assay,ChIP-seq, ATAC-seq, RNA-seq, Bisulfite-seq,CRISPR Knockout, ChIP-RT-qPCR, qRT-PCR, Western blot, Flow Cytometry
2024,39085358,SMC3 contributes to heart development by regulating superenhancer associated genes,Mus musculus,mm10,chr16,95745432,95912361,,Ets2,Enhancer,Silenced,Normal,,,,Heart,UBERON:0000948,Outflow tract cardiac muscle cells,,cardiomyocyte,CL:0000746,Functional perturbation assay, Enhancer activity assay,ChIP-seq, RNA-seq, snRNA-seq,CRISPR Knockout, RT-RT-qPCR, Western blot, H&E Staining
2025,40604280,Range extender mediates long-distance enhancer activity,Mus musculus,mm10,chr16,95847911,95849564,,Ets2,Enhancer,Active,Normal,,,,Embryonic Limb Bud,UBERON:0005417,Limb bud mesenchymal cells,,mesenchymal cell,CL:0000134,Enhancer activity assay, Functional perturbation assay,ATAC-seq, scATAC-seq/scRNA-seq multiome, Capture Hi-C,Transgenic Reporter Assay, CRISPR Knock-in, Whole-mount in situ hybridization, Skeletal staining
2025,40604280,Range extender mediates long-distance enhancer activity,Mus musculus,mm10,chr16,95847911,95849564,,Ets2,Enhancer,Active,Normal,,,,Limb Bud,UBERON:0005417,Zone of polarizing activity cells,,mesenchymal cell,CL:0000134,Enhancer activity assay, Functional perturbation assay,ATAC-seq, scATAC-seq/scRNA-seq multiome, Capture Hi-C,Transgenic Reporter Assay, CRISPR Knock-in, Whole-mount in situ hybridization, Skeletal staining
2025,40604280,Range extender mediates long-distance enhancer activity,Mus musculus,mm10,chr2,60785660,60787563,,Rbms1,Enhancer,Active,Normal,,,,Embryonic Limb Bud,UBERON:0005417,Limb bud mesenchymal cells,,mesenchymal cell,CL:0000134,Enhancer activity assay, Functional perturbation assay,scATAC-seq/scRNA-seq multiome, Capture Hi-C,Transgenic Reporter Assay, CRISPR Knock-in, Whole-mount in situ hybridization, Skeletal staining
2025,40604280,Range extender mediates long-distance enhancer activity,Mus musculus,mm10,chr4,154707415,154711162,,Prdm16,Enhancer,Active,Normal,,,,Embryonic Limb Bud,UBERON:0005417,Limb bud mesenchymal cells,,mesenchymal cell,CL:0000134,Enhancer activity assay, Functional perturbation assay,scATAC-seq/scRNA-seq multiome, Capture Hi-C,Transgenic Reporter Assay, CRISPR Knock-in, Whole-mount in situ hybridization, Skeletal staining
2019,31120998,HoxA9 binds and represses the Cebpa +8 kb enhancer,Mus musculus,mm10,chr7,35860000,35860514,Hoxa9,Cebpa,Enhancer,Silenced,Disease,acute myeloid leukemia,MONDO:0018874,DOID:9119,Bone Marrow,UBERON:0002371,Mouse myeloid progenitor cell,,mouse myeloid progenitor cell,CL:0000837,Enhancer activity assay, TF binding assay, Functional perturbation assay,ChIP-seq, RNA-seq,Luciferase Reporter Assay, EMSA, RT-RT-qPCR, Western blot
2019,31120998,HoxA9 binds and represses the Cebpa +8 kb enhancer,Mus musculus,mm10,chr7,35860000,35860514,Hoxa9,Cebpa,Enhancer,Silenced,Disease,acute myeloid leukemia,MONDO:0018874,DOID:9119,Bone Marrow,UBERON:0002371,MUTZ-3,CVCL_1435,acute myeloid leukemia cell,CL:0001054,Enhancer activity assay, TF binding assay, Functional perturbation assay,ChIP-seq, RNA-seq,Luciferase Reporter Assay, EMSA, RT-RT-qPCR, Western blot
2019,31120998,HoxA9 binds and represses the Cebpa +8 kb enhancer,Mus musculus,mm10,chr7,35860000,35860514,Hoxa9,Cebpa,Enhancer,Silenced,Disease,acute myeloid leukemia,MONDO:0018874,DOID:9119,Bone Marrow,UBERON:0002371,Primary murine myeloid progenitor cells,,mouse myeloid progenitor cell,CL:0000837,Enhancer activity assay, TF binding assay, Functional perturbation assay,ChIP-seq, RNA-seq,Luciferase Reporter Assay, EMSA, RT-RT-qPCR, Western blot
2017,27895109,Enhancers and super-enhancers have an equivalent regulatory role in embryonic stem cells through regulation of single or multiple genes,Mus musculus,mm10,chr11,33524486,33543505,,Ranbp17,Enhancer,Active,Normal,,,,Embryo,UBERON:0000922,Embryonic Stem Cells (mESCs),,mouse embryonic stem cell,CL:0002322,Functional perturbation assay,ChIP-seq, RNA-seq,CRISPR Knockout, RT-RT-qPCR
2017,27895109,Enhancers and super-enhancers have an equivalent regulatory role in embryonic stem cells through regulation of single or multiple genes,Mus musculus,mm10,chr4,123618309,123637993,,Macf1,Enhancer,Active,Normal,,,,Embryo,UBERON:0000922,Embryonic Stem Cells (mESCs),,mouse embryonic stem cell,CL:0002322,Functional perturbation assay,ChIP-seq, RNA-seq,CRISPR Knockout, RT-RT-qPCR
2017,29038474,A shared Runx1-bound Zbtb16 enhancer directs innate and innate-like lymphoid lineage development,Mus musculus,mm10,chr9,48814346,48815095,Runx1,Zbtb16,Enhancer,Active,Normal,,,,Thymus,UBERON:0002370,NKT thymocyte and ILCP,,T cell,CL:0000084,Functional perturbation assay,ATAC-seq, ChIP-seq,CRISPR Knockout
2017,29038421,A shared Runx1-bound Zbtb16 enhancer directs innate and innate-like lymphoid lineage development,Mus musculus,mm10,chr9,48814346,48815095,Runx1,Zbtb16,Enhancer,Active,Normal,,,,Thymus,UBERON:0002370,NKT thymocyte and ILCP,,T cell,CL:0000084,Functional perturbation assay,ATAC-seq, ChIP-seq,CRISPR Knockout
2019,31591447,Distinct enhancer signatures in the mouse gastrula delineate progressive cell fate continuum during embryo development,Mus musculus,mm10,chr16,21480000,21482000,,2510009E07Rik,Enhancer,Active,Normal,,,,Embryo,UBERON:0000922,mouse gastrula,,mouse embryo,CL:0000000,Enhancer activity assay, Functional perturbation assay,ATAC-seq, ChIP-seq, RNA-seq,Transgenic Reporter Assay, CRISPR Knockout, CRISPRi
2019,31591447,Distinct enhancer signatures in the mouse gastrula delineate progressive cell fate continuum during embryo development,Mus musculus,mm10,chr16,21480000,21482000,,2510009E07Rik,Enhancer,Active,Normal,,,,Embryo,UBERON:0000922,mouse embryo E11.5,,mouse embryo,CL:0000000,Enhancer activity assay, Functional perturbation assay,ATAC-seq, ChIP-seq, RNA-seq,Transgenic Reporter Assay, CRISPR Knockout, CRISPRi
2018,30130256,Super-enhancers maintain renin-expressing cell identity,Mus musculus,mm10,chr1,133345000,133350000,Creb1,Ren1C,Enhancer,Active,Normal,,,,Kidney,UBERON:0002113,Juxtaglomerular cell,,juxtaglomerular cell,CL:0000647,Functional perturbation assay,ChIP-seq, RNA-seq,CRISPR Knockout, RT-RT-qPCR
2018,30328555,STAT5-Driven Enhancers Tightly Control Temporal Expression of Mammary-Specific Genes,Mus musculus,mm10,chr10,127850000,127852000,Stat5A,Socs2,Enhancer,Active,Normal,,,,Mammary Gland,UBERON:0001911,Mammary epithelial cells,,mammary epithelial cell,CL:0000066,Functional perturbation assay,ChIP-seq, RNA-seq,CRISPR Knockout, RT-RT-qPCR, Western blot
2022,35210422,A fast Myosin super enhancer dictates muscle fiber phenotype through competitive interactions with Myosin genes,Mus musculus,mm10,chr11,97938123,97980122,,Myh2,Enhancer,Active,Normal,,,,Skeletal muscle,UBERON:0001134,Myofibers,,skeletal muscle myofiber,CL:0000187,Chromatin interaction assay, Functional perturbation assay, Enhancer activity assay,ATAC-seq, 4C-seq, RNA-seq,CRISPR knockout, Transgenic reporter assay, RT-RT-qPCR
2022,35210422,A fast Myosin super enhancer dictates muscle fiber phenotype through competitive interactions with Myosin genes,Mus musculus,mm10,chr11,97938123,97980122,,Myh1,Enhancer,Active,Normal,,,,Skeletal muscle,UBERON:0001134,Myofibers,,skeletal muscle myofiber,CL:0000187,Chromatin interaction assay, Functional perturbation assay, Enhancer activity assay,ATAC-seq, 4C-seq, RNA-seq,CRISPR knockout, Transgenic reporter assay, RT-RT-qPCR
2022,35210422,A fast Myosin super enhancer dictates muscle fiber phenotype through competitive interactions with Myosin genes,Mus musculus,mm10,chr11,97938123,97980122,,Myh4,Enhancer,Active,Normal,,,,Skeletal muscle,UBERON:0001134,Myofibers,,skeletal muscle myofiber,CL:0000187,Chromatin interaction assay, Functional perturbation assay, Enhancer activity assay,ATAC-seq, 4C-seq, RNA-seq,CRISPR knockout, Transgenic reporter assay, RT-RT-qPCR
2022,35210422,A fast Myosin super enhancer dictates muscle fiber phenotype through competitive interactions with Myosin genes,Mus musculus,mm10,chr11,97938123,97980122,,Myh8,Enhancer,Active,Normal,,,,Skeletal muscle,UBERON:0001134,Myofibers,,skeletal muscle myofiber,CL:0000187,Chromatin interaction assay, Functional perturbation assay, Enhancer activity assay,ATAC-seq, 4C-seq, RNA-seq,CRISPR knockout, Transgenic reporter assay, RT-RT-qPCR
2022,35210422,A fast Myosin super enhancer dictates muscle fiber phenotype through competitive interactions with Myosin genes,Mus musculus,mm10,chr11,97938123,97980122,,Myh13,Enhancer,Active,Normal,,,,Skeletal muscle,UBERON:0001134,Myofibers,,skeletal muscle myofiber,CL:0000187,Chromatin interaction assay, Functional perturbation assay, Enhancer activity assay,ATAC-seq, 4C-seq, RNA-seq,CRISPR knockout, Transgenic reporter assay, RT-RT-qPCR
2021,34245781,Diet-dependent natriuretic peptide receptor C expression in adipose tissue is mediated by PPAR?? via long-range distal enhancers,Mus musculus,mm10,chr16,17266000,17266100,,Nprc,Enhancer,Active,Normal,,,,Adipose tissue,UBERON:0001013,3T3-L1 adipocytes,CVCL_0123,adipocyte,CL:0000136,Enhancer activity assay, Chromatin interaction assay, Functional perturbation assay,ChIP-seq,Luciferase Reporter Assay, 3C, ChIP-RT-qPCR, RT-RT-qPCR
2021,34245781,Diet-dependent natriuretic peptide receptor C expression in adipose tissue is mediated by PPAR?? via long-range distal enhancers,Mus musculus,mm10,chr16,17253000,17253100,,Nprc,Enhancer,Active,Normal,,,,Adipose tissue,UBERON:0001013,3T3-L1 adipocytes,CVCL_0123,adipocyte,CL:0000136,Enhancer activity assay, Chromatin interaction assay, Functional perturbation assay,ChIP-seq,Luciferase Reporter Assay, 3C, ChIP-RT-qPCR, RT-RT-qPCR
2020,32817427,Enhancer dependence of cell-type?Cspecific gene expression increases with developmental age,Mus musculus,mm10,chr12,111517811,111518523,Gata1,Tnfaip2,Enhancer,Active,Normal,,,,Bone Marrow,UBERON:0002371,Erythroblasts,,erythroblast,CL:0000765,Functional perturbation assay, Chromatin interaction assay, TF binding assay,HiChIP, ChIP-seq, RNA-seq, ATAC-seq,CRISPR Knockout, RT-RT-qPCR
2020,32817427,Enhancer dependence of cell-type?Cspecific gene expression increases with developmental age,Mus musculus,mm10,chr12,111517811,111518523,Gata1,Tnfaip2,Enhancer,Active,Normal,,,,Fetal Liver,UBERON:0002107,MEL Cells,CVCL_2109,erythroid progenitor cell,CL:0000038,Functional perturbation assay, Chromatin interaction assay, TF binding assay,HiChIP, ChIP-seq, RNA-seq, ATAC-seq,CRISPR Knockout, RT-RT-qPCR
2026,41838874,Computational identification of lineage-committed precursors in mammalian organogenesis reveals a novel hematopoietic enhancer regulating Bhlhe41 expression,Mus musculus,mm10,chr6,145855899,145856116,,Bhlhe41,Enhancer,Active,Normal,,,,Blood,UBERON:0000178,RAW 264.7 macrophage cells,CVCL_0493,macrophage,CL:0000235,Enhancer activity assay,DNase-seq, RNA-seq, ChIP-seq,Luciferase reporter assay
2025,40378239,C/EBP?? activates Irf8 expression in myeloid progenitors at the +56-kb enhancer to initiate cDC1 development,Mus musculus,mm10,chr11,101234567,101235689,Cebpa,Irf8,Enhancer,Active,Normal,,,,Bone marrow,UBERON:0002371,Myeloid cells,,myeloid cell,CL:0000837,Functional perturbation assay,ChIP-seq, RNA-seq,CRISPR knockout, ChIP-RT-qPCR
2025,40604280,Range extender mediates long-distance enhancer activity,Mus musculus,mm10,chr8,89454508,89455383,,Sall1,Enhancer,Active,Normal,,,,Embryonic Limb Bud,UBERON:0005417,Limb bud mesenchymal cells,,mesenchymal cell,CL:0000134,Enhancer activity assay, Functional perturbation assay,ATAC-seq, scATAC-seq/scRNA-seq multiome, Capture Hi-C,Transgenic Reporter Assay, CRISPR Knock-in, Whole-mount in situ hybridization, RT-RT-qPCR
2025,40604280,Range extender mediates long-distance enhancer activity,Mus musculus,mm10,chr8,89454508,89455383,,Sall1,Enhancer,Active,Normal,,,,Limb Bud,UBERON:0005417,Zone of polarizing activity cells,,mesenchymal cell,CL:0000134,Enhancer activity assay, Functional perturbation assay,ATAC-seq, scATAC-seq/scRNA-seq multiome, Capture Hi-C,Transgenic Reporter Assay, CRISPR Knock-in, Whole-mount in situ hybridization, RT-RT-qPCR
2024,39394696,Identification and characterization of an enhancer element regulating expression of Cdkn1c (p57 gene),Mus musculus,mm10,chr7,142855000,142857000,,Cdkn1C,Enhancer,Active,Normal,,,,Embryo,UBERON:0000922,Mouse embryonic stem cells (mESCs),,mouse embryonic stem cell,CL:0002322,Enhancer activity assay, Chromatin interaction assay, Functional perturbation assay,4C, RNA-seq, ChIP-seq,CRISPR knockout, CRISPRi, RT-RT-qPCR, Western blot
2025,40163145,Disease-Associated Mutations of the STAT5B SH2 Domain Regulate Cytokine-Driven Enhancer Function and Mammary Development,Mus musculus,mm10,chr11,98480000,98510000,Stat5A,Wap,Enhancer,Active,Normal,,,,Mammary Gland,UBERON:0001911,Mammary alveolar epithelial cells,,mammary alveolar epithelial cell,CL:0000066,Enhancer activity assay, TF binding assay, Functional perturbation assay,ChIP-seq, RNA-seq,RT-RT-qPCR, Western blot, CRISPR knockout
2025,40163145,Disease-Associated Mutations of the STAT5B SH2 Domain Regulate Cytokine-Driven Enhancer Function and Mammary Development,Mus musculus,mm10,chr19,12600000,12650000,Stat5A,Olah,Enhancer,Active,Normal,,,,Mammary Gland,UBERON:0001911,Mammary alveolar epithelial cells,,mammary alveolar epithelial cell,CL:0000066,Enhancer activity assay, TF binding assay, Functional perturbation assay,ChIP-seq, RNA-seq,RT-RT-qPCR, CRISPR knockout
2025,40163145,Disease-Associated Mutations of the STAT5B SH2 Domain Regulate Cytokine-Driven Enhancer Function and Mammary Development,Mus musculus,mm10,chr5,86800000,87200000,Stat5A,Csn1S1,Enhancer,Active,Normal,,,,Mammary Gland,UBERON:0001911,Mammary alveolar epithelial cells,,mammary alveolar epithelial cell,CL:0000066,Enhancer activity assay, TF binding assay, Functional perturbation assay,ChIP-seq, RNA-seq,RT-RT-qPCR, Western blot, CRISPR knockout
2025,40163145,Disease-Associated Mutations of the STAT5B SH2 Domain Regulate Cytokine-Driven Enhancer Function and Mammary Development,Mus musculus,mm10,chr5,86800000,87200000,Stat5A,Csn2,Enhancer,Active,Normal,,,,Mammary Gland,UBERON:0001911,Mammary alveolar epithelial cells,,mammary alveolar epithelial cell,CL:0000066,Enhancer activity assay, TF binding assay, Functional perturbation assay,ChIP-seq, RNA-seq,RT-RT-qPCR, Western blot, CRISPR knockout
2017,29042628,A DNA Contact Map for the Mouse Runx1 Gene Identifies Novel Haematopoietic Enhancers,Mus musculus,mm10,chr16,93024000,93024500,Runx1,Runx1,Enhancer,Active,Normal,,,,Bone Marrow,UBERON:0002371,Mouse hematopoietic progenitor cell,,hematopoietic progenitor cell,CL:0000837,Functional perturbation assay,ChIP-seq, Hi-C,Transgenic Reporter Assay, Luciferase Reporter Assay, RT-RT-qPCR
2017,29042628,A DNA Contact Map for the Mouse Runx1 Gene Identifies Novel Haematopoietic Enhancers,Mus musculus,mm10,chr16,93142000,93142471,,Runx1,Enhancer,Active,Normal,,,,Bone Marrow,UBERON:0002371,Mouse hematopoietic progenitor cell,,hematopoietic progenitor cell,CL:0000837,Enhancer activity assay, Chromatin interaction assay,4C-seq, ChIP-seq, DNase-seq,Transgenic Reporter Assay, Luciferase Reporter Assay
2017,29042628,A DNA Contact Map for the Mouse Runx1 Gene Identifies Novel Haematopoietic Enhancers,Mus musculus,mm10,chr16,93224000,93224529,,Runx1,Enhancer,Active,Normal,,,,Bone Marrow,UBERON:0002371,Mouse hematopoietic progenitor cell,,hematopoietic progenitor cell,CL:0000837,Enhancer activity assay, Chromatin interaction assay,4C-seq, ChIP-seq, DNase-seq,Transgenic Reporter Assay, Luciferase Reporter Assay
2017,29042628,A DNA Contact Map for the Mouse Runx1 Gene Identifies Novel Haematopoietic Enhancers,Mus musculus,mm10,chr16,93310000,93310579,,Runx1,Enhancer,Active,Normal,,,,Bone Marrow,UBERON:0002371,Mouse hematopoietic progenitor cell,,hematopoietic progenitor cell,CL:0000837,Enhancer activity assay, Chromatin interaction assay,4C-seq, ChIP-seq, DNase-seq,Transgenic Reporter Assay, Luciferase Reporter Assay
2024,38233525,Affinity-optimizing enhancer variants disrupt development,Mus musculus,mm10,chr5,28395077,28395877,Ets1,Shh,Enhancer,Active,Normal,,,,Embryonic Limb Bud,UBERON:0005417,Embryonic limb bud mesenchymal cells,,mesenchymal cell,CL:0000134,Enhancer activity assay, TF binding assay,ChIP-seq, RNA-seq,Transgenic Reporter Assay, EMSA, in situ hybridization, CRISPR Knockout
2023,37932452,GATA transcription factors drive initial Xist upregulation after fertilization through direct activation of long-range enhancers,Mus musculus,mm10,chrX,103345000,103346000,,Xist,Enhancer,Active,Normal,,,,Embryo,UBERON:0000922,Mouse embryonic stem cells,,mouse embryonic stem cell,CL:0002322,Enhancer activity assay, TF binding assay, Functional perturbation assay,CUT&Tag, RNA-seq, ATAC-seq,Luciferase assay, CRISPRi, qRT-PCR, RNA-FISH
2023,37932452,GATA transcription factors drive initial Xist upregulation after fertilization through direct activation of long-range enhancers,Mus musculus,mm10,chrX,103365000,103366000,,Xist,Enhancer,Active,Normal,,,,Embryo,UBERON:0000922,Mouse embryonic stem cells,,mouse embryonic stem cell,CL:0002322,Enhancer activity assay, TF binding assay, Functional perturbation assay,CUT&Tag, RNA-seq, ATAC-seq,Luciferase assay, CRISPRi, qRT-PCR, RNA-FISH
2023,37552875,An Enhancer Within Abcb11 Regulates G6pc2 in C57BL/6 Mouse Pancreatic Islets,Mus musculus,mm10,chr2,169760000,169760653,Mafb,G6Pc2,Enhancer,Active,Normal,,,,Pancreas,UBERON:0001264,Pancreatic islet cells,,pancreatic islet cell,CL:0000168,Enhancer activity assay, TF binding assay, Functional perturbation assay,ATAC-seq, RNA-seq,CRISPR Knockout, Luciferase Reporter Assay, ChIP-RT-qPCR, RT-RT-qPCR, Western blot
2015,26673693,Dynamic recruitment of Ets1 to both nucleosome-occupied and -depleted enhancer regions mediates a transcriptional program switch during early T-cell differentiation,Mus musculus,mm10,chr14,53210000,53210600,Ets1,Tcra,Enhancer,Active,Normal,,,,Thymus,UBERON:0002370,Double-negative thymocytes,,double-negative thymocyte,CL:0000894,Functional perturbation assay,ChIP-seq, RNA-seq,CRISPR Knockout, RT-RT-qPCR, Western blot
2018,29335546,Transcription factors orchestrate dynamic interplay between genome topology and gene regulation during cell reprogramming,Mus musculus,mm10,chr6,122663482,122708482,Oct4; Klf4; Cebpa,Nanog,Enhancer,Active,Normal,,,,Bone marrow,UBERON:0002371,primary bone marrow-derived pre-B,,pre-B cell,CL:0000945,Time-resolved multi-omic profiling of cell reprogramming,in situ Hi-C, RNA-seq, ChIP-seq, ATAC-seq, 4C-seq,qRT-PCR
2023,37832549,Genome-wide CRISPR activation screening in senescent cells reveals SOX5 as a driver and therapeutic target of rejuvenation,Mus musculus,mm10,chr9,112500000,112502800,Sox5,Hmgb2,Enhancer,Active,Normal,,,,Cartilage,UBERON:0002418,Mouse Mesenchymal Progenitor,,mesenchymal progenitor cell,CL:0000134,Enhancer activity assay,ChIP-seq, ATAC-seq,CRISPRa, RT-RT-qPCR
2023,37922339,Distinct use of super-enhancer elements controls cell type-specific CD25 transcription and function,Mus musculus,mm10,chr2,11621753,11635500,Stat5,Rbpj,Il2Ra,Enhancer,Active,Normal,,,,Thymus,UBERON:0002370,DN thymocytes,,double-negative thymocyte,CL:0000894,Regulatory element functional validation, 3D chromatin interaction mapping,ChIP-seq, HiChIP, RNA-seq,CRISPR-Cas9 deletion, flow cytometry, reporter assay
2023,37922339,Distinct use of super-enhancer elements controls cell type-specific CD25 transcription and function,Mus musculus,mm10,chr2,11656369,11660078,Stat5,Il2Ra,Enhancer,Active,Normal,,,,Spleen,UBERON:0002106,CD8+ T,,CD8-positive T cell,CL:0000625,Regulatory element functional validation, 3D chromatin interaction mapping,ChIP-seq, HiChIP, RNA-seq,CRISPR-Cas9 deletion, flow cytometry, reporter assay
2018,30404009,Genetic Models Reveal cis and trans Immune-Regulatory Activities for lincRNA-Cox2,Mus musculus,mm10,chr1,152006173,152012078,,Ptgs2,Enhancer,Active,Normal,,,,Lung,UBERON:0002048,BMDM,,macrophage,CL:0000235,Enhancer activity assay, Functional perturbation assay,RNA-seq, ChIP-seq,Transgenic Reporter Assay, CRISPR Knockout, CRISPRi, RT-RT-qPCR, Western blot
2023,37664846,The NR2F2-HAND2 signaling axis regulates progesterone actions in the uterus at early pregnancy,Mus musculus,mm10,chr8,57331591,57335031,Nr2F2,Hand2,Enhancer,Active,Normal,,,,Uterus,UBERON:0000995,Uterine stromal cells,,endometrial stromal cell,CL:0002255,Enhancer activity assay, TF binding assay, Functional perturbation assay,ChIP-seq, RNA-seq,ChIP-RT-qPCR, CRISPR Activation (CRISPRa), qRT-PCR, Western blot
2024,38729993,Regulation of Myc transcription by an enhancer cluster dedicated to pluripotency and early embryonic expression,Mus musculus,mm10,chr15,61990505,62014068,,Myc,Enhancer,Active,Normal,,,,Embryo,UBERON:0000922,mESC (naive pluripotency),,mouse embryonic stem cell,CL:0002322,Enhancer activity assay, TF binding assay, Functional perturbation assay,RNA-seq, ChIP-seq,CRISPR Knockout, Flow Cytometry, Immunofluorescence, qRT-PCR
2024,38729993,Regulation of Myc transcription by an enhancer cluster dedicated to pluripotency and early embryonic expression,Mus musculus,mm10,chr15,62078497,62099928,,Myc,Enhancer,Active,Normal,,,,Embryo,UBERON:0000922,EpiLC (formative pluripotency),,epiblast-like cell,CL:0002322,Enhancer activity assay, TF binding assay, Functional perturbation assay,RNA-seq, ChIP-seq,CRISPR Knockout, Flow Cytometry, Immunofluorescence, qRT-PCR
2025,40089598,In vivo deletion of a GWAS identified Myb distal enhancer acts on Myb expression, globin switching, and clinical erythroid parameters in ??-thalassemia,Mus musculus,mm10,chr10,21241829,21242175,Gata1,Myb,Enhancer,Active,Normal,,,,Fetal liver,UBERON:0002107,Erythroid progenitor,,erythroid progenitor cell,CL:0000038,Enhancer activity assay, TF binding assay, Chromatin interaction assay, Functional perturbation assay,ChIP-seq, ATAC-seq, Capture-C, RNA-seq,CRISPR Knockout, qRT-PCR, Flow cytometry
2026,41957362,A single-nucleotide enhancer mutation overrides chromosomal sex to drive XX male development,Mus musculus,mm10,chr11,112217279,112217835,Sox9,Sox9,Enhancer,Active,Normal,,,,Gonad,UBERON:0000991,Embryonic gonadal cells,,embryonic gonad cell,CL:0000000,Enhancer activity assay, TF binding assay, Functional perturbation assay,RNA-seq, ATAC-seq,Luciferase Reporter Assay, CRISPR Knockout, EMSA, qRT-PCR
2022,36402763,PPAR?? lipodystrophy mutants reveal intermolecular interactions required for enhancer activation,Mus musculus,mm10,chr8,19275272,19275342,Pparg; Rxra,Lpl,Enhancer,Active,Normal,,,,Embryo,UBERON:0000922,MEF,CVCL_0003,mouse embryonic fibroblast,CL:0000057,Enhancer activity assay, TF binding assay,ChIP-seq, RNA-seq, ATAC-seq,Luciferase Reporter Assay, Western blot, EMSA, qRT-PCR
2022,36402763,PPAR?? lipodystrophy mutants reveal intermolecular interactions required for enhancer activation,Mus musculus,mm10,chr6,14570800,14570870,Pparg; Rxra,Cidec,Enhancer,Active,Normal,,,,Embryo,UBERON:0000922,MEF,CVCL_0003,mouse embryonic fibroblast,CL:0000057,Enhancer activity assay, TF binding assay,ChIP-seq, RNA-seq, ATAC-seq,Luciferase Reporter Assay, Western blot, EMSA, qRT-PCR
2023,36707514,Epigenetic regulation of Neuregulin 1 promotes breast cancer progression associated to hyperglycemia,Mus musculus,mm10,chr8,32199690,32200290,,Nrg1,Enhancer,Active,Disease,breast cancer,MONDO:0006120,DOID:1612,Mammary gland,UBERON:0001911,Met1,CVCL_UP55,breast carcinoma cell,CL:0000646,Enhancer activity assay, TF binding assay, Functional perturbation assay,FAIRE-seq, RNA-seq,Luciferase Reporter Assay, ChIP-RT-qPCR, CRISPR Knockout, qRT-PCR, Western blot
2020,32321991,The interdependence of mammary-specific super-enhancers and their native promoters facilitates gene activation during pregnancy,Mus musculus,mm10,chr11,10077283,10077800,Stat5; Nfib; Nr3C1,Wap,Enhancer,Active,Normal,,,,Mammary Gland,UBERON:0001911,Primary Mouse Mammary Epithelial,,mouse mammary epithelial cell,CL:0000066,Enhancer activity assay, TF binding assay, Functional perturbation assay,ChIP-seq, RNA-seq,CRISPR Knockout, CRISPRi, RT-RT-qPCR
2020,32321991,The interdependence of mammary-specific super-enhancers and their native promoters facilitates gene activation during pregnancy,Mus musculus,mm10,chr11,10070908,10071400,Stat5; Nfib; Nr3C1,Wap,Enhancer,Active,Normal,,,,Mammary Gland,UBERON:0001911,Primary Mouse Mammary Epithelial,,mouse mammary epithelial cell,CL:0000066,Enhancer activity assay, TF binding assay, Functional perturbation assay,ChIP-seq, RNA-seq,CRISPR Knockout, CRISPRi, RT-RT-qPCR
2020,32321991,The interdependence of mammary-specific super-enhancers and their native promoters facilitates gene activation during pregnancy,Mus musculus,mm10,chr11,10070908,10082508,Stat5; Nfib; Nr3C1,Wap,Enhancer,Active,Normal,,,,Mammary Gland,UBERON:0001911,Primary Mouse Mammary Epithelial,,mouse mammary epithelial cell,CL:0000066,Enhancer activity assay, TF binding assay, Functional perturbation assay,ChIP-seq, RNA-seq,CRISPR Knockout, CRISPRi, RT-RT-qPCR
2017,28213503,Temporal regulation of LPS-induced transcription by IL-10 reveals distinct enhancer deactivation kinetics,Mus musculus,mm10,chr11,96750000,96755000,Nfkb1; Ikbz,Il12B,Enhancer,Active,Normal,,,,Bone marrow,UBERON:0002371,Bone Marrow Derived Macrophages (BMDM),,macrophage,CL:0000235,Enhancer activity assay, TF binding assay,ChIP-seq, RNA-seq,Luciferase Reporter Assay, EMSA, RT-RT-qPCR
2016,27376239,Hierarchy within the mammary STAT5-driven Wap super-enhancer,Mus musculus,mm10,chr11,103459000,103463000,Stat5A,Wap,Enhancer,Active,Normal,,,,Mammary gland,UBERON:0001911,Mammary epithelial cell,,mammary epithelial cell,CL:0000066,Enhancer activity assay, TF binding assay,ChIP-seq, RNA-seq,Luciferase Reporter Assay, ChIP-RT-qPCR
2018,29527594,A Novel Distal Enhancer Mediates Inflammation-, PTH-, and Early Onset Murine Kidney Disease-Induced Expression of the Mouse Fgf23 Gene,Mus musculus,mm10,chr6,128542796,128543720,Nfkb1; Hif1A; Stat3; Stat5A; Stat6; Arnt; Clock; Arntl; Npas2,Fgf23,Enhancer,Active,Normal,,,,Kidney,UBERON:0002113,Conventional dendritic cells,,conventional dendritic cell,CL:0000451,Functional genomics assay, Epigenomic profiling assay, Genome editing assay, In vivo functional assay,ChIP-seq, Microarray,CRISPR-Cas9 enhancer deletion, RT-RT-qPCR, FGF23 ELISA, Serum biochemical analysis, In vivo LPS stimulation assay, In vivo CKD model assay
2020,33229569,Chromatin topology and the timing of enhancer action at the mouse HoxD locus,Mus musculus,mm10,chr2,74925621,74939634,,Hoxd9,Enhancer,Active,Normal,,,,Limb,UBERON:0002101,,,,,Chromatin interaction assay, Functional perturbation assay,3C-seq, RNA-seq,CRISPR knockout, CRISPRi, RT-RT-qPCR
2020,33229569,Chromatin topology and the timing of enhancer action at the mouse HoxD locus,Mus musculus,mm10,chr2,75081283,75094718,,Hoxd4,Enhancer,Active,Normal,,,,Limb,UBERON:0002101,,,,,Chromatin interaction assay, Functional perturbation assay,3C-seq, RNA-seq,CRISPR knockout, CRISPRi, RT-RT-qPCR
2020,33229569,Chromatin topology and the timing of enhancer action at the mouse HoxD locus,Mus musculus,mm10,chr2,75128401,75162753,,Hoxd11,Enhancer,Active,Normal,,,,Limb,UBERON:0002101,,,,,Chromatin interaction assay, Functional perturbation assay,3C-seq, RNA-seq,CRISPR knockout, CRISPRi, RT-RT-qPCR
2020,33229569,Chromatin topology and the timing of enhancer action at the mouse HoxD locus,Mus musculus,mm10,chr2,75194928,75211234,,Hoxd11,Enhancer,Active,Normal,,,,Limb,UBERON:0002101,,,,,Chromatin interaction assay, Functional perturbation assay,3C-seq, RNA-seq,CRISPR knockout, CRISPRi, RT-RT-qPCR
2020,33229569,Chromatin topology and the timing of enhancer action at the mouse HoxD locus,Mus musculus,mm10,chr2,75420048,75444960,,Hoxd11,Enhancer,Active,Normal,,,,Limb,UBERON:0002101,,,,,Chromatin interaction assay, Functional perturbation assay,3C-seq, RNA-seq,CRISPR knockout, CRISPRi, RT-RT-qPCR
2020,31685980,Zfp422 promotes skeletal muscle differentiation by regulating EphA7 to induce appropriate myoblast apoptosis,Mus musculus,mm10,chr4,28176897,28177065,,Epha7,Enhancer,Active,Normal,,,,Skeletal Muscle,UBERON:0001134,Primary myoblasts,,myoblast,CL:0000056,Enhancer activity assay, Functional perturbation assay,RNA-seq,Luciferase Reporter Assay, CRISPR Knockout, RT-RT-qPCR, Western blot
2020,31685980,Zfp422 promotes skeletal muscle differentiation by regulating EphA7 to induce appropriate myoblast apoptosis,Mus musculus,mm10,chr4,28176897,28177065,,Epha7,Enhancer,Active,Normal,,,,Skeletal Muscle,UBERON:0001134,Satellite cells,,satellite cell,CL:0000593,Enhancer activity assay, Functional perturbation assay,RNA-seq,Luciferase Reporter Assay, CRISPR Knockout, RT-RT-qPCR, Western blot
2021,33313982,The anxiety and ethanol intake controlling GAL51 enhancer is epigenetically modulated by, and controls preference for, high-fat diet,Mus musculus,mm10,chr19,3441054,3441445,,Gal,Enhancer,Silenced,Disease,neuroblastoma,MONDO:0005070,DOID:769,Brain,UBERON:0000955,SH-SY5Y,CVCL_0019,neuroblastoma cell,CL:0000031,Enhancer activity assay, Epigenetic modulation assay, Functional perturbation assay,,Luciferase Reporter Assay, Bisulfite Pyrosequencing, RT-RT-qPCR, CRISPR Knockout
2021,33313982,The anxiety and ethanol intake controlling GAL51 enhancer is epigenetically modulated by, and controls preference for, high-fat diet,Mus musculus,mm10,chr19,3441054,3441445,,Gal,Enhancer,Silenced,Normal,,,,Hypothalamus,UBERON:0001898,Primary hypothalamic neurons,,neuron,CL:0000540,Enhancer activity assay, Epigenetic modulation assay, Functional perturbation assay,,Luciferase Reporter Assay, Bisulfite Pyrosequencing, RT-RT-qPCR, CRISPR Knockout
2021,33313982,The anxiety and ethanol intake controlling GAL51 enhancer is epigenetically modulated by, and controls preference for, high-fat diet,Mus musculus,mm10,chr19,3441054,3441445,,Gal,Enhancer,Silenced,Normal,,,,Amygdala,UBERON:0001876,Primary amygdala neurons,,neuron,CL:0000540,Enhancer activity assay, Epigenetic modulation assay, Functional perturbation assay,,Luciferase Reporter Assay, Bisulfite Pyrosequencing, RT-RT-qPCR, CRISPR Knockout
2025,41081394,Generation and characterization of a knockout mouse of an enhancer of EBF3,Mus musculus,mm10,chr7,136083275,136084434,,Ebf3,Enhancer,Active,Normal,,,,Forebrain,UBERON:0000955,Mouse Embryonic Brain Cells,,mouse embryonic brain cell,CL:0000540,Functional Perturbation Assay, Chromatin Interaction Assay,Hi-C, RNA-seq, PacBio HiFi Whole-Genome Sequencing,CRISPR Knockout, RT-RT-qPCR, PCR Genotyping
2019,31000713,ZFP30 promotes adipogenesis through the KAP1-mediated activation of a retrotransposon-derived Pparg2 enhancer,Mus musculus,mm10,chr6,113041000,113041700,,Pparg2,Enhancer,Active,Normal,,,,Cerebral Cortex,UBERON:0000956,Mouse embryo fibroblast cell,,mouse embryonic fibroblast,CL:0000057,Enhancer activity assay,Functional perturbation assay,,Luciferase Reporter Assay,CRISPR Knockout,qRT-PCR
2017,29042628,A DNA Contact Map for the Mouse Runx1 Gene Identifies Novel Haematopoietic Enhancers,Mus musculus,mm10,chr16,92332000,92333000,Runx1,Runx1,Enhancer,Active,Normal,,,,Bone Marrow,UBERON:0002371,Mouse hematopoietic progenitor cell,,hematopoietic progenitor cell,CL:0000837,Enhancer activity assay, Chromatin interaction assay,4C-seq, ChIP-seq, RNA-seq,Transgenic Reporter Assay, RT-RT-qPCR
2017,29042628,A DNA Contact Map for the Mouse Runx1 Gene Identifies Novel Haematopoietic Enhancers,Mus musculus,mm10,chr16,92414000,92415000,Runx1,Runx1,Enhancer,Active,Normal,,,,Bone Marrow,UBERON:0002371,Mouse hematopoietic progenitor cell,,hematopoietic progenitor cell,CL:0000837,Enhancer activity assay, Chromatin interaction assay,4C-seq, ChIP-seq, RNA-seq,Transgenic Reporter Assay, RT-RT-qPCR
2024,38528203,Spatial enhancer activation influences inhibitory neuron identity during mouse embryonic development,Mus musculus,mm10,chr13,53802995,53810985,Meis2; Dlx5,Drd1,Enhancer,Active,Normal,,,,Forebrain,UBERON:0000955,Mouse neuroblastoma cell,,mouse neuroblastoma cell,CL:0000031,Enhancer activity assay, TF binding assay,ChIP-seq,Luciferase Reporter Assay
2020,32251373,Spt5-mediated enhancer transcription directly couples enhancer activation with physical promoter interaction,Mus musculus,mm10,chr6,122498000,122499500,,Aicda,Enhancer,Active,Normal,,,,Spleen,UBERON:0002106,mature B,,mature B cell,CL:0000785,Enhancer activity assay, Chromatin interaction assay, Functional perturbation assay,ChIP-seq, GRO-seq, ATAC-seq, 3C-seq,3C-RT-qPCR, ChIP-RT-qPCR, RT-RT-qPCR
2020,32251373,Spt5-mediated enhancer transcription directly couples enhancer activation with physical promoter interaction,Mus musculus,mm10,chr6,122502000,122503500,,Aicda,Enhancer,Active,Normal,,,,Spleen,UBERON:0002106,mature B,,mature B cell,CL:0000785,Enhancer activity assay, Chromatin interaction assay, Functional perturbation assay,ChIP-seq, GRO-seq, ATAC-seq, 3C-seq,3C-RT-qPCR, ChIP-RT-qPCR, RT-RT-qPCR
2020,32251373,Spt5-mediated enhancer transcription directly couples enhancer activation with physical promoter interaction,Mus musculus,mm10,chr6,122506000,122507500,,Aicda,Enhancer,Active,Normal,,,,Spleen,UBERON:0002106,mature B,,mature B cell,CL:0000785,Enhancer activity assay, Chromatin interaction assay, Functional perturbation assay,ChIP-seq, GRO-seq, ATAC-seq, 3C-seq,3C-RT-qPCR, ChIP-RT-qPCR, RT-RT-qPCR
2020,32251373,Spt5-mediated enhancer transcription directly couples enhancer activation with physical promoter interaction,Mus musculus,mm10,chr6,122510000,122511500,,Aicda,Enhancer,Active,Normal,,,,Spleen,UBERON:0002106,mature B,,mature B cell,CL:0000785,Enhancer activity assay, Chromatin interaction assay, Functional perturbation assay,ChIP-seq, GRO-seq, ATAC-seq, 3C-seq,3C-RT-qPCR, ChIP-RT-qPCR, RT-RT-qPCR
2020,32251373,Spt5-mediated enhancer transcription directly couples enhancer activation with physical promoter interaction,Mus musculus,mm10,chr15,61825000,62125000,,Myc,Enhancer,Active,Normal,,,,Spleen,UBERON:0002106,mature B,,mature B cell,CL:0000785,Enhancer activity assay, Chromatin interaction assay, Functional perturbation assay,ChIP-seq, GRO-seq, ATAC-seq, 3C-seq,3C-RT-qPCR, ChIP-RT-qPCR, RT-RT-qPCR
2020,32814051,Alternative Enhancer Usage and Targeted Polycomb Marking Hallmark Promoter Choice during T Cell Differentiation,Mus musculus,mm10,chr11,45582000,45582499,,Lef1,Enhancer,Active,Normal,,,,Thymus,UBERON:0002370,double-negative thymocyte,,double-negative thymocyte,CL:0000894,Enhancer activity assay, Chromatin interaction assay, TF binding assay,ChIP-seq, RNA-seq, 3C-seq,qRT-PCR, and ChIP-qPCR
2020,32814051,Alternative Enhancer Usage and Targeted Polycomb Marking Hallmark Promoter Choice during T Cell Differentiation,Mus musculus,mm10,chr11,45582000,45582499,,Lef1,Enhancer,Active,Normal,,,,Thymus,UBERON:0002370,double-positive thymocyte,,double-positive thymocyte,CL:0000895,Enhancer activity assay, Chromatin interaction assay, TF binding assay,ChIP-seq, RNA-seq, 3C-seq,qRT-PCR, and ChIP-qPCR
2020,32814051,Alternative Enhancer Usage and Targeted Polycomb Marking Hallmark Promoter Choice during T Cell Differentiation,Mus musculus,mm10,chr11,45582000,45582499,,Lef1,Enhancer,Active,Normal,,,,Thymus,UBERON:0002370,naive CD4-positive T cell,,naive CD4-positive T cell,CL:0000896,Enhancer activity assay, Chromatin interaction assay, TF binding assay,ChIP-seq, RNA-seq, 3C-seq,qRT-PCR, and ChIP-qPCR
2020,32814051,Alternative Enhancer Usage and Targeted Polycomb Marking Hallmark Promoter Choice during T Cell Differentiation,Mus musculus,mm10,chr11,45582000,45582499,,Lef1,Enhancer,Active,Normal,,,,Thymus,UBERON:0002370,Th1,,CD4-positive Th1 cell,CL:0000897,Enhancer activity assay, Chromatin interaction assay, TF binding assay,ChIP-seq, RNA-seq, 3C-seq,qRT-PCR, and ChIP-qPCR
2020,32814051,Alternative Enhancer Usage and Targeted Polycomb Marking Hallmark Promoter Choice during T Cell Differentiation,Mus musculus,mm10,chr11,45586000,45586499,,Lef1,Enhancer,Active,Normal,,,,Thymus,UBERON:0002370,double-negative thymocyte,,double-negative thymocyte,CL:0000894,Enhancer activity assay, Chromatin interaction assay, TF binding assay,ChIP-seq, RNA-seq, 3C-seq,qRT-PCR, and ChIP-qPCR
2020,32814051,Alternative Enhancer Usage and Targeted Polycomb Marking Hallmark Promoter Choice during T Cell Differentiation,Mus musculus,mm10,chr11,45586000,45586499,,Lef1,Enhancer,Active,Normal,,,,Thymus,UBERON:0002370,double-positive thymocyte,,double-positive thymocyte,CL:0000895,Enhancer activity assay, Chromatin interaction assay, TF binding assay,ChIP-seq, RNA-seq, 3C-seq,qRT-PCR, and ChIP-qPCR
2020,32814051,Alternative Enhancer Usage and Targeted Polycomb Marking Hallmark Promoter Choice during T Cell Differentiation,Mus musculus,mm10,chr11,45586000,45586499,,Lef1,Enhancer,Active,Normal,,,,Thymus,UBERON:0002370,naive CD4-positive T cell,,naive CD4-positive T cell,CL:0000896,Enhancer activity assay, Chromatin interaction assay, TF binding assay,ChIP-seq, RNA-seq, 3C-seq,qRT-PCR, and ChIP-qPCR
2020,32814051,Alternative Enhancer Usage and Targeted Polycomb Marking Hallmark Promoter Choice during T Cell Differentiation,Mus musculus,mm10,chr11,45586000,45586499,,Lef1,Enhancer,Active,Normal,,,,Thymus,UBERON:0002370,Th1,,CD4-positive Th1 cell,CL:0000897,Enhancer activity assay, Chromatin interaction assay, TF binding assay,ChIP-seq, RNA-seq, 3C-seq,qRT-PCR, and ChIP-qPCR
2020,32814051,Alternative Enhancer Usage and Targeted Polycomb Marking Hallmark Promoter Choice during T Cell Differentiation,Mus musculus,mm10,chr11,45590000,45590499,,Lef1,Enhancer,Active,Normal,,,,Thymus,UBERON:0002370,double-negative thymocyte,,double-negative thymocyte,CL:0000894,Enhancer activity assay, Chromatin interaction assay, TF binding assay,ChIP-seq, RNA-seq, 3C-seq,qRT-PCR, and ChIP-qPCR
2020,32814051,Alternative Enhancer Usage and Targeted Polycomb Marking Hallmark Promoter Choice during T Cell Differentiation,Mus musculus,mm10,chr11,45590000,45590499,,Lef1,Enhancer,Active,Normal,,,,Thymus,UBERON:0002370,double-positive thymocyte,,double-positive thymocyte,CL:0000895,Enhancer activity assay, Chromatin interaction assay, TF binding assay,ChIP-seq, RNA-seq, 3C-seq,qRT-PCR, and ChIP-qPCR
2020,32814051,Alternative Enhancer Usage and Targeted Polycomb Marking Hallmark Promoter Choice during T Cell Differentiation,Mus musculus,mm10,chr11,45590000,45590499,,Lef1,Enhancer,Active,Normal,,,,Thymus,UBERON:0002370,naive CD4-positive T cell,,naive CD4-positive T cell,CL:0000896,Enhancer activity assay, Chromatin interaction assay, TF binding assay,ChIP-seq, RNA-seq, 3C-seq,qRT-PCR, and ChIP-qPCR
2020,32814051,Alternative Enhancer Usage and Targeted Polycomb Marking Hallmark Promoter Choice during T Cell Differentiation,Mus musculus,mm10,chr11,45590000,45590499,,Lef1,Enhancer,Active,Normal,,,,Thymus,UBERON:0002370,Th1,,CD4-positive Th1 cell,CL:0000897,Enhancer activity assay, Chromatin interaction assay, TF binding assay,ChIP-seq, RNA-seq, 3C-seq,qRT-PCR, and ChIP-qPCR
2020,32814051,Alternative Enhancer Usage and Targeted Polycomb Marking Hallmark Promoter Choice during T Cell Differentiation,Mus musculus,mm10,chr11,45594000,45594499,,Lef1,Enhancer,Active,Normal,,,,Thymus,UBERON:0002370,double-negative thymocyte,,double-negative thymocyte,CL:0000894,Enhancer activity assay, Chromatin interaction assay, TF binding assay,ChIP-seq, RNA-seq, 3C-seq,qRT-PCR, and ChIP-qPCR
2020,32814051,Alternative Enhancer Usage and Targeted Polycomb Marking Hallmark Promoter Choice during T Cell Differentiation,Mus musculus,mm10,chr11,45594000,45594499,,Lef1,Enhancer,Active,Normal,,,,Thymus,UBERON:0002370,double-positive thymocyte,,double-positive thymocyte,CL:0000895,Enhancer activity assay, Chromatin interaction assay, TF binding assay,ChIP-seq, RNA-seq, 3C-seq,qRT-PCR, and ChIP-qPCR
2020,32814051,Alternative Enhancer Usage and Targeted Polycomb Marking Hallmark Promoter Choice during T Cell Differentiation,Mus musculus,mm10,chr11,45594000,45594499,,Lef1,Enhancer,Active,Normal,,,,Thymus,UBERON:0002370,naive CD4-positive T cell,,naive CD4-positive T cell,CL:0000896,Enhancer activity assay, Chromatin interaction assay, TF binding assay,ChIP-seq, RNA-seq, 3C-seq,qRT-PCR, and ChIP-qPCR
2020,32814051,Alternative Enhancer Usage and Targeted Polycomb Marking Hallmark Promoter Choice during T Cell Differentiation,Mus musculus,mm10,chr11,45594000,45594499,,Lef1,Enhancer,Active,Normal,,,,Thymus,UBERON:0002370,Th1,,CD4-positive Th1 cell,CL:0000897,Enhancer activity assay, Chromatin interaction assay, TF binding assay,ChIP-seq, RNA-seq, 3C-seq,qRT-PCR, and ChIP-qPCR
2020,32814051,Alternative Enhancer Usage and Targeted Polycomb Marking Hallmark Promoter Choice during T Cell Differentiation,Mus musculus,mm10,chr11,45598000,45598499,,Lef1,Enhancer,Active,Normal,,,,Thymus,UBERON:0002370,double-negative thymocyte,,double-negative thymocyte,CL:0000894,Enhancer activity assay, Chromatin interaction assay, TF binding assay,ChIP-seq, RNA-seq, 3C-seq,qRT-PCR, and ChIP-qPCR
2020,32814051,Alternative Enhancer Usage and Targeted Polycomb Marking Hallmark Promoter Choice during T Cell Differentiation,Mus musculus,mm10,chr11,45598000,45598499,,Lef1,Enhancer,Active,Normal,,,,Thymus,UBERON:0002370,double-positive thymocyte,,double-positive thymocyte,CL:0000895,Enhancer activity assay, Chromatin interaction assay, TF binding assay,ChIP-seq, RNA-seq, 3C-seq,qRT-PCR, and ChIP-qPCR
2020,32814051,Alternative Enhancer Usage and Targeted Polycomb Marking Hallmark Promoter Choice during T Cell Differentiation,Mus musculus,mm10,chr11,45598000,45598499,,Lef1,Enhancer,Active,Normal,,,,Thymus,UBERON:0002370,naive CD4-positive T cell,,naive CD4-positive T cell,CL:0000896,Enhancer activity assay, Chromatin interaction assay, TF binding assay,ChIP-seq, RNA-seq, 3C-seq,qRT-PCR, and ChIP-qPCR
2020,32814051,Alternative Enhancer Usage and Targeted Polycomb Marking Hallmark Promoter Choice during T Cell Differentiation,Mus musculus,mm10,chr11,45598000,45598499,,Lef1,Enhancer,Active,Normal,,,,Thymus,UBERON:0002370,Th1,,CD4-positive Th1 cell,CL:0000897,Enhancer activity assay, Chromatin interaction assay, TF binding assay,ChIP-seq, RNA-seq, 3C-seq,qRT-PCR, and ChIP-qPCR
2020,32814051,Alternative Enhancer Usage and Targeted Polycomb Marking Hallmark Promoter Choice during T Cell Differentiation,Mus musculus,mm10,chr11,45602000,45602499,,Lef1,Enhancer,Active,Normal,,,,Thymus,UBERON:0002370,double-negative thymocyte,,double-negative thymocyte,CL:0000894,Enhancer activity assay, Chromatin interaction assay, TF binding assay,ChIP-seq, RNA-seq, 3C-seq,qRT-PCR, and ChIP-qPCR
2020,32814051,Alternative Enhancer Usage and Targeted Polycomb Marking Hallmark Promoter Choice during T Cell Differentiation,Mus musculus,mm10,chr11,45602000,45602499,,Lef1,Enhancer,Active,Normal,,,,Thymus,UBERON:0002370,double-positive thymocyte,,double-positive thymocyte,CL:0000895,Enhancer activity assay, Chromatin interaction assay, TF binding assay,ChIP-seq, RNA-seq, 3C-seq,qRT-PCR, and ChIP-qPCR
2020,32814051,Alternative Enhancer Usage and Targeted Polycomb Marking Hallmark Promoter Choice during T Cell Differentiation,Mus musculus,mm10,chr11,45602000,45602499,,Lef1,Enhancer,Active,Normal,,,,Thymus,UBERON:0002370,naive CD4-positive T cell,,naive CD4-positive T cell,CL:0000896,Enhancer activity assay, Chromatin interaction assay, TF binding assay,ChIP-seq, RNA-seq, 3C-seq,qRT-PCR, and ChIP-qPCR
2020,32814051,Alternative Enhancer Usage and Targeted Polycomb Marking Hallmark Promoter Choice during T Cell Differentiation,Mus musculus,mm10,chr11,45602000,45602499,,Lef1,Enhancer,Active,Normal,,,,Thymus,UBERON:0002370,Th1,,CD4-positive Th1 cell,CL:0000897,Enhancer activity assay, Chromatin interaction assay, TF binding assay,ChIP-seq, RNA-seq, 3C-seq,qRT-PCR, and ChIP-qPCR
2020,32814051,Alternative Enhancer Usage and Targeted Polycomb Marking Hallmark Promoter Choice during T Cell Differentiation,Mus musculus,mm10,chr11,45606000,45606499,,Lef1,Enhancer,Active,Normal,,,,Thymus,UBERON:0002370,double-negative thymocyte,,double-negative thymocyte,CL:0000894,Enhancer activity assay, Chromatin interaction assay, TF binding assay,ChIP-seq, RNA-seq, 3C-seq,qRT-PCR, and ChIP-qPCR
2020,32814051,Alternative Enhancer Usage and Targeted Polycomb Marking Hallmark Promoter Choice during T Cell Differentiation,Mus musculus,mm10,chr11,45606000,45606499,,Lef1,Enhancer,Active,Normal,,,,Thymus,UBERON:0002370,double-positive thymocyte,,double-positive thymocyte,CL:0000895,Enhancer activity assay, Chromatin interaction assay, TF binding assay,ChIP-seq, RNA-seq, 3C-seq,qRT-PCR, and ChIP-qPCR
2020,32814051,Alternative Enhancer Usage and Targeted Polycomb Marking Hallmark Promoter Choice during T Cell Differentiation,Mus musculus,mm10,chr11,45606000,45606499,,Lef1,Enhancer,Active,Normal,,,,Thymus,UBERON:0002370,naive CD4-positive T cell,,naive CD4-positive T cell,CL:0000896,Enhancer activity assay, Chromatin interaction assay, TF binding assay,ChIP-seq, RNA-seq, 3C-seq,qRT-PCR, and ChIP-qPCR
2020,32814051,Alternative Enhancer Usage and Targeted Polycomb Marking Hallmark Promoter Choice during T Cell Differentiation,Mus musculus,mm10,chr11,45606000,45606499,,Lef1,Enhancer,Active,Normal,,,,Thymus,UBERON:0002370,Th1,,CD4-positive Th1 cell,CL:0000897,Enhancer activity assay, Chromatin interaction assay, TF binding assay,ChIP-seq, RNA-seq, 3C-seq,qRT-PCR, and ChIP-qPCR
2020,32814051,Alternative Enhancer Usage and Targeted Polycomb Marking Hallmark Promoter Choice during T Cell Differentiation,Mus musculus,mm10,chr11,45610000,45610499,,Lef1,Enhancer,Active,Normal,,,,Thymus,UBERON:0002370,double-negative thymocyte,,double-negative thymocyte,CL:0000894,Enhancer activity assay, Chromatin interaction assay, TF binding assay,ChIP-seq, RNA-seq, 3C-seq,qRT-PCR, and ChIP-qPCR
2020,32814051,Alternative Enhancer Usage and Targeted Polycomb Marking Hallmark Promoter Choice during T Cell Differentiation,Mus musculus,mm10,chr11,45610000,45610499,,Lef1,Enhancer,Active,Normal,,,,Thymus,UBERON:0002370,double-positive thymocyte,,double-positive thymocyte,CL:0000895,Enhancer activity assay, Chromatin interaction assay, TF binding assay,ChIP-seq, RNA-seq, 3C-seq,qRT-PCR, and ChIP-qPCR
2020,32814051,Alternative Enhancer Usage and Targeted Polycomb Marking Hallmark Promoter Choice during T Cell Differentiation,Mus musculus,mm10,chr11,45610000,45610499,,Lef1,Enhancer,Active,Normal,,,,Thymus,UBERON:0002370,naive CD4-positive T cell,,naive CD4-positive T cell,CL:0000896,Enhancer activity assay, Chromatin interaction assay, TF binding assay,ChIP-seq, RNA-seq, 3C-seq,qRT-PCR, and ChIP-qPCR
2020,32814051,Alternative Enhancer Usage and Targeted Polycomb Marking Hallmark Promoter Choice during T Cell Differentiation,Mus musculus,mm10,chr11,45610000,45610499,,Lef1,Enhancer,Active,Normal,,,,Thymus,UBERON:0002370,Th1,,CD4-positive Th1 cell,CL:0000897,Enhancer activity assay, Chromatin interaction assay, TF binding assay,ChIP-seq, RNA-seq, 3C-seq,qRT-PCR, and ChIP-qPCR
2020,32814051,Alternative Enhancer Usage and Targeted Polycomb Marking Hallmark Promoter Choice during T Cell Differentiation,Mus musculus,mm10,chr11,45614000,45614499,,Lef1,Enhancer,Active,Normal,,,,Thymus,UBERON:0002370,double-negative thymocyte,,double-negative thymocyte,CL:0000894,Enhancer activity assay, Chromatin interaction assay, TF binding assay,ChIP-seq, RNA-seq, 3C-seq,qRT-PCR, and ChIP-qPCR
2020,32814051,Alternative Enhancer Usage and Targeted Polycomb Marking Hallmark Promoter Choice during T Cell Differentiation,Mus musculus,mm10,chr11,45614000,45614499,,Lef1,Enhancer,Active,Normal,,,,Thymus,UBERON:0002370,double-positive thymocyte,,double-positive thymocyte,CL:0000895,Enhancer activity assay, Chromatin interaction assay, TF binding assay,ChIP-seq, RNA-seq, 3C-seq,qRT-PCR, and ChIP-qPCR
2020,32814051,Alternative Enhancer Usage and Targeted Polycomb Marking Hallmark Promoter Choice during T Cell Differentiation,Mus musculus,mm10,chr11,45614000,45614499,,Lef1,Enhancer,Active,Normal,,,,Thymus,UBERON:0002370,naive CD4-positive T cell,,naive CD4-positive T cell,CL:0000896,Enhancer activity assay, Chromatin interaction assay, TF binding assay,ChIP-seq, RNA-seq, 3C-seq,qRT-PCR, and ChIP-qPCR
2020,32814051,Alternative Enhancer Usage and Targeted Polycomb Marking Hallmark Promoter Choice during T Cell Differentiation,Mus musculus,mm10,chr11,45614000,45614499,,Lef1,Enhancer,Active,Normal,,,,Thymus,UBERON:0002370,Th1,,CD4-positive Th1 cell,CL:0000897,Enhancer activity assay, Chromatin interaction assay, TF binding assay,ChIP-seq, RNA-seq, 3C-seq,qRT-PCR, and ChIP-qPCR
2020,32814051,Alternative Enhancer Usage and Targeted Polycomb Marking Hallmark Promoter Choice during T Cell Differentiation,Mus musculus,mm10,chr11,45618000,45618499,,Lef1,Enhancer,Active,Normal,,,,Thymus,UBERON:0002370,double-negative thymocyte,,double-negative thymocyte,CL:0000894,Enhancer activity assay, Chromatin interaction assay, TF binding assay,ChIP-seq, RNA-seq, 3C-seq,qRT-PCR, and ChIP-qPCR
2020,32814051,Alternative Enhancer Usage and Targeted Polycomb Marking Hallmark Promoter Choice during T Cell Differentiation,Mus musculus,mm10,chr11,45618000,45618499,,Lef1,Enhancer,Active,Normal,,,,Thymus,UBERON:0002370,double-positive thymocyte,,double-positive thymocyte,CL:0000895,Enhancer activity assay, Chromatin interaction assay, TF binding assay,ChIP-seq, RNA-seq, 3C-seq,qRT-PCR, and ChIP-qPCR
2020,32814051,Alternative Enhancer Usage and Targeted Polycomb Marking Hallmark Promoter Choice during T Cell Differentiation,Mus musculus,mm10,chr11,45618000,45618499,,Lef1,Enhancer,Active,Normal,,,,Thymus,UBERON:0002370,naive CD4-positive T cell,,naive CD4-positive T cell,CL:0000896,Enhancer activity assay, Chromatin interaction assay, TF binding assay,ChIP-seq, RNA-seq, 3C-seq,qRT-PCR, and ChIP-qPCR
2020,32814051,Alternative Enhancer Usage and Targeted Polycomb Marking Hallmark Promoter Choice during T Cell Differentiation,Mus musculus,mm10,chr11,45618000,45618499,,Lef1,Enhancer,Active,Normal,,,,Thymus,UBERON:0002370,Th1,,CD4-positive Th1 cell,CL:0000897,Enhancer activity assay, Chromatin interaction assay, TF binding assay,ChIP-seq, RNA-seq, 3C-seq,qRT-PCR, and ChIP-qPCR
2020,32814051,Alternative Enhancer Usage and Targeted Polycomb Marking Hallmark Promoter Choice during T Cell Differentiation,Mus musculus,mm10,chr11,45622000,45622499,,Lef1,Enhancer,Active,Normal,,,,Thymus,UBERON:0002370,double-negative thymocyte,,double-negative thymocyte,CL:0000894,Enhancer activity assay, Chromatin interaction assay, TF binding assay,ChIP-seq, RNA-seq, 3C-seq,qRT-PCR, and ChIP-qPCR
2020,32814051,Alternative Enhancer Usage and Targeted Polycomb Marking Hallmark Promoter Choice during T Cell Differentiation,Mus musculus,mm10,chr11,45622000,45622499,,Lef1,Enhancer,Active,Normal,,,,Thymus,UBERON:0002370,double-positive thymocyte,,double-positive thymocyte,CL:0000895,Enhancer activity assay, Chromatin interaction assay, TF binding assay,ChIP-seq, RNA-seq, 3C-seq,qRT-PCR, and ChIP-qPCR
2020,32814051,Alternative Enhancer Usage and Targeted Polycomb Marking Hallmark Promoter Choice during T Cell Differentiation,Mus musculus,mm10,chr11,45622000,45622499,,Lef1,Enhancer,Active,Normal,,,,Thymus,UBERON:0002370,naive CD4-positive T cell,,naive CD4-positive T cell,CL:0000896,Enhancer activity assay, Chromatin interaction assay, TF binding assay,ChIP-seq, RNA-seq, 3C-seq,qRT-PCR, and ChIP-qPCR
2020,32814051,Alternative Enhancer Usage and Targeted Polycomb Marking Hallmark Promoter Choice during T Cell Differentiation,Mus musculus,mm10,chr11,45622000,45622499,,Lef1,Enhancer,Active,Normal,,,,Thymus,UBERON:0002370,Th1,,CD4-positive Th1 cell,CL:0000897,Enhancer activity assay, Chromatin interaction assay, TF binding assay,ChIP-seq, RNA-seq, 3C-seq,qRT-PCR, and ChIP-qPCR
2015,26494787,Lhx1 functions together with Otx2, Foxa2, and Ldb1 to govern anterior mesendoderm, node, and midline development,Mus musculus,mm10,chr10,61645000,61646000,Lhx1,Nodal,Enhancer,Active,Normal,,,,Embryo,UBERON:0000922,Mouse Embryonic Stem,,mouse embryonic stem cell,CL:0002322,Enhancer activity assay, TF binding assay, Chromatin interaction assay,ChIP-seq, RNA-seq,Luciferase Reporter Assay, ChIP-RT-qPCR, RT-RT-qPCR
2015,26494787,Lhx1 functions together with Otx2, Foxa2, and Ldb1 to govern anterior mesendoderm, node, and midline development,Mus musculus,mm10,chr14,54950000,54951000,Lhx1,Otx2,Enhancer,Active,Normal,,,,Embryo,UBERON:0000922,Mouse Embryonic Stem,,mouse embryonic stem cell,CL:0002322,Enhancer activity assay, TF binding assay, Chromatin interaction assay,ChIP-seq, RNA-seq,Luciferase Reporter Assay, ChIP-RT-qPCR, RT-RT-qPCR
2015,26494787,Lhx1 functions together with Otx2, Foxa2, and Ldb1 to govern anterior mesendoderm, node, and midline development,Mus musculus,mm10,chr2,146950000,146951000,Lhx1,Foxa2,Enhancer,Active,Normal,,,,Embryo,UBERON:0000922,Mouse Embryonic Stem,,mouse embryonic stem cell,CL:0002322,Enhancer activity assay, TF binding assay, Chromatin interaction assay,ChIP-seq, RNA-seq,Luciferase Reporter Assay, ChIP-RT-qPCR, RT-RT-qPCR
2015,25810254,RNA transcribed from a distal enhancer is required for activating the chromatin at the promoter of the gonadotropin ??-subunit gene,Mus musculus,mm10,chr6,84520000,84524600,,Cga,Enhancer,Active,Normal,,,,Pituitary gland,UBERON:0000007,alphaT3-1,CVCL_0141,gonadotrope cell,CL:0000510,Enhancer activity assay, Chromatin interaction assay,RNA-seq,Luciferase Reporter Assay, 3C assay
2025,37225984,BRD4 in Cx3cr1-positive macrophages drives proinflammatory transcription in heart failure pathogenesis,Mus musculus,mm10,chr2,129318595,129323595,,Il1B,Enhancer,Active,Normal,,,,Heart,UBERON:0000948,Macrophage,,macrophage,CL:0000235,Enhancer activity assay,scATAC-seq,Luciferase Reporter Assay, CRISPR Knockout, RT-RT-qPCR
2022,36427307,XLID syndrome gene Med12 promotes Ig isotype switching through chromatin modification and enhancer RNA regulation,Mus musculus,mm10,chr12,117170000,117198000,,Igh,Enhancer,Active,Normal,,,,Spleen,UBERON:0002106,CH12F3-2A,CVCL_7161,B cell,CL:0000945,Regulatory element functional validation, super-enhancer activation analysis,,CRISPR-dCas9 enhancer activation, siRNA knockdown, ASO-mediated eRNA knockdown, 3C assay, ChIP-RT-qPCR, RT-RT-qPCR, flow cytometry
2019,30872687,Differential transactivation of the upstream aggrecan enhancer regulated by PAX1/9 depends on SOX9-driven transactivation,Mus musculus,mm10,chr7,94261534,94261892,Pax1,Acan,Enhancer,Active,Normal,,,,Intervertebral disc,UBERON:0001066,Annulus fibrosus,,annulus fibrosus cell,CL:0000060,Enhancer activity assay, TF binding assay, Functional perturbation assay,RNA-seq,Luciferase Reporter Assay, CRISPR Knockout, ChIP-RT-qPCR, EMSA, RT-RT-qPCR, Co-immunoprecipitation, Transgenic Reporter Assay
2016,27881681,A Novel Regulatory Mechanism of Type II Collagen Expression via a SOX9-Dependent Enhancer in Intron 6,Mus musculus,mm10,chr15,71595,72481,Sox9,Col2A1,Enhancer,Active,Normal,,,,Cartilage,UBERON:0002418,Primary chondrocytes,,chondrocyte,CL:0000138,Enhancer activity assay, TF binding assay,ChIP-seq,EMSA, CRISPR knockout
2025,39626663,Enhancer cooperativity can compensate for loss of activity over large genomic distances,Mus musculus,mm10,chr6,100282437,100393986,,Rybp,Enhancer,Active,Normal,,,,Embryo,UBERON:0000922,Mouse Embryonic Stem Cells (v6.5),,mouse embryonic stem cell,CL:0002322,Enhancer activity assay,ChIP-seq, ATAC-seq,Luciferase Reporter Assay, Fluorescent Reporter Assay (mCherry), RT-RT-qPCR
2025,39626663,Enhancer cooperativity can compensate for loss of activity over large genomic distances,Mus musculus,mm10,chr3,34546571,34552571,,Sox2,Enhancer,Active,Normal,,,,Embryo,UBERON:0000922,Mouse Embryonic Stem Cells (v6.5),,mouse embryonic stem cell,CL:0002322,Enhancer activity assay,ChIP-seq, ATAC-seq,Luciferase Reporter Assay, Fluorescent Reporter Assay (mCherry), RT-RT-qPCR
2024,39256730,Early inhibition of BRD4 facilitates iPSC reprogramming via accelerating rDNA dynamic expression,Mus musculus,mm10,chr15,1,1000,Ubf,47S Rrna,Enhancer,Active,Normal,,,,Embryo,UBERON:0000922,MEF,CVCL_0003,mouse embryonic fibroblast,CL:0000057,Enhancer activity assay, TF binding assay, Functional perturbation assay,ChIP-seq, RNA-seq,ChIP-RT-qPCR, CRISPR Knockout, qRT-PCR, Western blot
2020,32647123,The chromatin remodeling enzyme Chd4 regulates genome architecture in the mouse brain,Mus musculus,mm10,chr4,49550000,49600000,,Aldob,Enhancer,Active,Normal,,,,Cerebellum,UBERON:0002037,Mouse Cerebellar Granule Neurons,,cerebellar granule neuron,CL:0001031,Enhancer activity assay, TF binding assay, Chromatin interaction assay, Functional perturbation assay,ChIP-seq, RNA-seq, Hi-C, DNaseI-seq,Conditional Knockout, qRT-PCR, Western blot
2020,32647123,The chromatin remodeling enzyme Chd4 regulates genome architecture in the mouse brain,Mus musculus,mm10,chr13,28260000,29080000,,Sox4,SE,Active,Normal,,,,Cerebellum,UBERON:0002037,Mouse Cerebellar Granule Neurons,,cerebellar granule neuron,CL:0001031,Enhancer activity assay, TF binding assay, Chromatin interaction assay, Functional perturbation assay,ChIP-seq, RNA-seq, Hi-C, DNaseI-seq,Conditional Knockout, qRT-PCR, Western blot
2020,32647123,The chromatin remodeling enzyme Chd4 regulates genome architecture in the mouse brain,Mus musculus,mm10,chr4,95048663,95059853,,Jun,Enhancer,Active,Normal,,,,Cerebellum,UBERON:0002037,Mouse Cerebellar Granule Neurons,,cerebellar granule neuron,CL:0001031,Enhancer activity assay, TF binding assay, Chromatin interaction assay, Functional perturbation assay,ChIP-seq, RNA-seq, Hi-C, DNaseI-seq,Conditional Knockout, qRT-PCR, Western blot
2020,32647123,The chromatin remodeling enzyme Chd4 regulates genome architecture in the mouse brain,Mus musculus,mm10,chr10,117390000,117760000,,,SE,Active,Normal,,,,Cerebellum,UBERON:0002037,Mouse Cerebellar Granule Neurons,,cerebellar granule neuron,CL:0001031,Enhancer activity assay, TF binding assay, Chromatin interaction assay, Functional perturbation assay,ChIP-seq, RNA-seq, Hi-C, DNaseI-seq,Conditional Knockout, qRT-PCR, Western blot
2021,33707608,Dmrt2 promotes transition of endochondral bone formation by linking Sox9 and Runx2,Mus musculus,mm10,chr19,25728596,25729301,,Dmrt2,Enhancer,Active,Normal,,,,Cartilage,UBERON:0002418,Primary chondrocytes,,chondrocyte,CL:0000138,Enhancer activity assay,ChIP-seq, ATAC-seq, RNA-seq,Luciferase Reporter Assay, ChIP-RT-qPCR, qRT-PCR
2020,32647123,The chromatin remodeling enzyme Chd4 regulates genome architecture in the mouse brain,Mus musculus,mm10,chr4,95630001,95639906,Chd4; Smc1,Jun,Enhancer,Active,Normal,,,,Cerebellum,UBERON:0002037,Cerebellar granule neurons,,cerebellar granule neuron,CL:0001031,Enhancer activity assay, Chromatin interaction assay, Functional perturbation assay,Hi-C, ChIP-seq, DNaseI-seq, RNA-seq,RT-RT-qPCR, Western blot
2022,35831318,A SOX17-PDGFB signaling axis regulates aortic root development,Mus musculus,mm10,chr15,79849001,79850000,Sox17,Pdgfb,Enhancer,Active,Normal,,,,Aorta,UBERON:0000947,Cardiac endothelial cells (MCECs),,cardiac endothelial cell,CL:0000115,TF binding assay, Enhancer activity assay,ChIP-seq, RNA-seq,ChIP-RT-qPCR, Luciferase Reporter Assay
2022,35864091,Etv2 regulates enhancer chromatin status to initiate Shh expression in the limb bud,Mus musculus,mm10,chr5,29314591,29316266,Etv2,Shh,Enhancer,Active,Normal,,,,Limb bud,UBERON:0005417,Embryonic limb mesenchyme,,limb mesenchyme cell,CL:0000134,Enhancer activity assay, TF binding assay, Chromatin interaction assay,ATAC-seq, ChIP-seq,Luciferase Reporter Assay, ChIP-RT-qPCR, EMSA
2024,38528203,Spatial enhancer activation influences inhibitory neuron identity during mouse embryonic development,Mus musculus,mm10,chr4,156021490,156022916,,Tnfrsf18,Enhancer,Active,Normal,,,,Immune System,UBERON:0002405,Primary mouse regulatory T cells,,mouse regulatory T cell,CL:0000815,Functional perturbation assay,RNA-seq, ATAC-seq,CRISPRi, Stain-and-sort screen, Flow Cytometry
2019,31096644,A Critical E-box in Barhl1 3' Enhancer Is Essential for Auditory Hair Cell Differentiation,Mus musculus,mm10,chr2,44123800,44124118,,Barhl1,Enhancer,Active,Normal,,,,Inner Ear,UBERON:0001846,mESC differentiated hair cell,,hair cell,CL:0000202,Enhancer activity assay, Functional perturbation assay,,Luciferase Reporter Assay, CRISPR Knockout, RT-RT-qPCR
2018,30295986,Identification of Novel Gata3 Distal Enhancers Active in Mouse Embryonic Lens,Mus musculus,mm10,chr2,9895741,9898314,Gata3,Gata3,Enhancer,Active,Normal,,,,Lens,UBERON:0000965,Lens epithelial cells,,lens epithelial cell,CL:0002224,Enhancer activity assay,ChIP-seq,Luciferase Reporter Assay, Transgenic Reporter Assay, RT-RT-qPCR
2018,30295986,Identification of Novel Gata3 Distal Enhancers Active in Mouse Embryonic Lens,Mus musculus,mm10,chr2,9897700,9898314,Gata3,Gata3,Enhancer,Active,Normal,,,,Lens,UBERON:0000965,Lens epithelial cells,,lens epithelial cell,CL:0002224,Enhancer activity assay,ChIP-seq,Luciferase Reporter Assay, Transgenic Reporter Assay, RT-RT-qPCR
2018,30295986,Identification of Novel Gata3 Distal Enhancers Active in Mouse Embryonic Lens,Mus musculus,mm10,chr2,9895741,9896397,Gata3,Gata3,Enhancer,Active,Normal,,,,Lens,UBERON:0000965,Lens epithelial cells,,lens epithelial cell,CL:0002224,Enhancer activity assay,ChIP-seq,Luciferase Reporter Assay, Transgenic Reporter Assay, RT-RT-qPCR
2018,30295986,Identification of Novel Gata3 Distal Enhancers Active in Mouse Embryonic Lens,Mus musculus,mm10,chr2,9881939,9882773,Gata3,Gata3,Enhancer,Active,Normal,,,,Lens,UBERON:0000965,Lens epithelial cells,,lens epithelial cell,CL:0002224,Enhancer activity assay,ChIP-seq,Luciferase Reporter Assay, Transgenic Reporter Assay, RT-RT-qPCR
2018,29358217,Homeostatic response of mouse renin gene transcription in a hypertensive environment is mediated by a novel 5' enhancer,Mus musculus,mm10,chr1,13344600,13346900,,Ren1,Enhancer,Active,Normal,,,,Kidney,UBERON:0002113,JG cells,,juxtaglomerular cell,CL:0000647,Functional perturbation assay,,CRISPR Knockout, Luciferase Reporter Assay, RT-RT-qPCR
2020,32376415,Immunity-related GTPase induces lipophagy to prevent excess hepatic lipid accumulation,Mus musculus,mm10,chr18,60211000,60212000,Foxo1,Ifgga2,Enhancer,Active,Normal,,,,Liver,UBERON:0002107,Primary hepatocytes,,hepatocyte,CL:0000182,Enhancer activity assay, TF binding assay, Functional perturbation assay,ChIP-seq, RNA-seq,EMSA, RT-RT-qPCR, Western blot
2020,32376415,Immunity-related GTPase induces lipophagy to prevent excess hepatic lipid accumulation,Mus musculus,mm10,chr18,60211000,60212000,Foxo1,Ifgga2,Enhancer,Active,Normal,,,,Liver,UBERON:0002107,McArdle hepatocytes,,hepatocyte,CL:0000182,Enhancer activity assay, TF binding assay, Functional perturbation assay,ChIP-seq, RNA-seq,EMSA, RT-RT-qPCR, Western blot
2020,32376415,Immunity-related GTPase induces lipophagy to prevent excess hepatic lipid accumulation,Mus musculus,mm10,chr18,60211000,60212000,Foxo1,Ifgga2,Enhancer,Active,Normal,,,,Embryonic Kidney,UBERON:0002113,HEK293T cells,CVCL_0063,embryonic kidney cell,CL:0002139,Enhancer activity assay, TF binding assay, Functional perturbation assay,ChIP-seq, RNA-seq,EMSA, RT-RT-qPCR, Western blot
2020,32376415,Immunity-related GTPase induces lipophagy to prevent excess hepatic lipid accumulation,Mus musculus,mm10,chr18,60211000,60212000,Foxo1,Ifgga4,Enhancer,Active,Normal,,,,Liver,UBERON:0002107,Primary hepatocytes,,hepatocyte,CL:0000182,Enhancer activity assay, TF binding assay, Functional perturbation assay,ChIP-seq, RNA-seq,EMSA, RT-RT-qPCR, Western blot
2020,32376415,Immunity-related GTPase induces lipophagy to prevent excess hepatic lipid accumulation,Mus musculus,mm10,chr18,60211000,60212000,Foxo1,Ifgga4,Enhancer,Active,Normal,,,,Liver,UBERON:0002107,McArdle hepatocytes,,hepatocyte,CL:0000182,Enhancer activity assay, TF binding assay, Functional perturbation assay,ChIP-seq, RNA-seq,EMSA, RT-RT-qPCR, Western blot
2020,32376415,Immunity-related GTPase induces lipophagy to prevent excess hepatic lipid accumulation,Mus musculus,mm10,chr18,60211000,60212000,Foxo1,Ifgga4,Enhancer,Active,Normal,,,,Embryonic Kidney,UBERON:0002113,HEK293T cells,CVCL_0063,embryonic kidney cell,CL:0002139,Enhancer activity assay, TF binding assay, Functional perturbation assay,ChIP-seq, RNA-seq,EMSA, RT-RT-qPCR, Western blot
2019,31406377,An Nfil3-Zeb2-Id2 pathway imposes Irf8 enhancer switching during cDC1 development,Mus musculus,mm10,chr8,124380000,124380454,E2A; Tcf4,Irf8,Enhancer,Active,Normal,,,,Bone Marrow,UBERON:0002371,Common Dendritic Cell Progenitor (CDP),,dendritic cell progenitor,CL:0000451,Enhancer activity assay, TF binding assay, Functional perturbation assay,ATAC-seq, ChIP-seq, RNA-seq, scRNA-seq,Retroviral Reporter Assay, Site-directed Mutagenesis, RT-RT-qPCR, Flow Cytometry
2019,31406377,An Nfil3-Zeb2-Id2 pathway imposes Irf8 enhancer switching during cDC1 development,Mus musculus,mm10,chr8,124380000,124380454,E2A; Tcf4,Irf8,Enhancer,Active,Normal,,,,Bone Marrow,UBERON:0002371,Pre-cDC1,,conventional dendritic cell,CL:0000451,Enhancer activity assay, TF binding assay, Functional perturbation assay,ATAC-seq, ChIP-seq, RNA-seq, scRNA-seq,Retroviral Reporter Assay, Site-directed Mutagenesis, RT-RT-qPCR, Flow Cytometry
2019,31406377,An Nfil3-Zeb2-Id2 pathway imposes Irf8 enhancer switching during cDC1 development,Mus musculus,mm10,chr8,124380000,124380454,E2A; Tcf4,Irf8,Enhancer,Active,Normal,,,,Bone Marrow,UBERON:0002371,Plasmacytoid Dendritic Cells (pDC),,plasmacytoid dendritic cell,CL:0000945,Enhancer activity assay, TF binding assay, Functional perturbation assay,ATAC-seq, ChIP-seq, RNA-seq, scRNA-seq,Retroviral Reporter Assay, Site-directed Mutagenesis, RT-RT-qPCR, Flow Cytometry
2020,31915147,Enhancer transcription identifies cis-regulatory elements for photoreceptor cell types,Mus musculus,mm10,chr14,48579937,48581029,,Otx2,Enhancer,Active,Normal,,,,Retina,UBERON:0000966,Primary Mouse Embryonic Retinal Explant Cells,,mouse embryonic retinal cell,CL:0000540,Enhancer activity assay,RNA-seq, ATAC-seq, ChIP-seq,Transgenic Reporter Assay, RT-RT-qPCR
2020,31915147,Enhancer transcription identifies cis-regulatory elements for photoreceptor cell types,Mus musculus,mm10,chr14,48584564,48585012,,Otx2,Enhancer,Active,Normal,,,,Retina,UBERON:0000966,Primary Mouse Embryonic Retinal Explant Cells,,mouse embryonic retinal cell,CL:0000540,Enhancer activity assay,RNA-seq, ATAC-seq, ChIP-seq,Transgenic Reporter Assay, RT-RT-qPCR
2020,31915147,Enhancer transcription identifies cis-regulatory elements for photoreceptor cell types,Mus musculus,mm10,chr14,48593170,48594188,,Otx2,Enhancer,Active,Normal,,,,Retina,UBERON:0000966,Primary Mouse Embryonic Retinal Explant Cells,,mouse embryonic retinal cell,CL:0000540,Enhancer activity assay,RNA-seq, ATAC-seq, ChIP-seq,qRT-PCR, and ChIP-qPCR
2020,31915147,Enhancer transcription identifies cis-regulatory elements for photoreceptor cell types,Mus musculus,mm10,chr14,48606973,48608016,,Otx2,Enhancer,Active,Normal,,,,Retina,UBERON:0000966,Primary Mouse Embryonic Retinal Explant Cells,,mouse embryonic retinal cell,CL:0000540,Enhancer activity assay,RNA-seq, ATAC-seq, ChIP-seq,Transgenic Reporter Assay, RT-RT-qPCR
2020,31915147,Enhancer transcription identifies cis-regulatory elements for photoreceptor cell types,Mus musculus,mm10,chr14,48608144,48609697,,Otx2,Enhancer,Active,Normal,,,,Retina,UBERON:0000966,Primary Mouse Embryonic Retinal Explant Cells,,mouse embryonic retinal cell,CL:0000540,Enhancer activity assay,RNA-seq, ATAC-seq, ChIP-seq,Transgenic Reporter Assay, RT-RT-qPCR
2020,31915147,Enhancer transcription identifies cis-regulatory elements for photoreceptor cell types,Mus musculus,mm10,chr14,48616314,48617497,,Otx2,Enhancer,Active,Normal,,,,Retina,UBERON:0000966,Primary Mouse Embryonic Retinal Explant Cells,,mouse embryonic retinal cell,CL:0000540,Enhancer activity assay,RNA-seq, ATAC-seq, ChIP-seq,Transgenic Reporter Assay, RT-RT-qPCR
2020,31915147,Enhancer transcription identifies cis-regulatory elements for photoreceptor cell types,Mus musculus,mm10,chr14,48624486,48626389,,Otx2,Enhancer,Active,Normal,,,,Retina,UBERON:0000966,Primary Mouse Embryonic Retinal Explant Cells,,mouse embryonic retinal cell,CL:0000540,Enhancer activity assay,RNA-seq, ATAC-seq, ChIP-seq,Transgenic Reporter Assay, RT-RT-qPCR
2020,31915147,Enhancer transcription identifies cis-regulatory elements for photoreceptor cell types,Mus musculus,mm10,chr14,48662841,48663211,,Otx2,Enhancer,Active,Normal,,,,Retina,UBERON:0000966,Primary Mouse Embryonic Retinal Explant Cells,,mouse embryonic retinal cell,CL:0000540,Enhancer activity assay,RNA-seq, ATAC-seq, ChIP-seq,Transgenic Reporter Assay, RT-RT-qPCR
2025,41253710,The Ets2 super-enhancer modulates endothelial-mesenchymal transition during cardiac aging,Mus musculus,mm10,chr16,95721049,95979933,,Ets2,Enhancer,Active,Normal,,,,Heart,UBERON:0000948,Cardiac endothelial cells,,endothelial cell,CL:0000115,Functional perturbation assay,RNA-seq, ATAC-seq,CRISPR knockout, RT-RT-qPCR, Western blot
2025,41253710,The Ets2 super-enhancer modulates endothelial-mesenchymal transition during cardiac aging,Mus musculus,mm10,chr16,95721049,95979933,,Ets2,Enhancer,Active,Normal,,,,Heart,UBERON:0000948,Aortic endothelial cells,,aortic endothelial cell,CL:0002546,Functional perturbation assay,RNA-seq, ATAC-seq,CRISPR knockout, RT-RT-qPCR, Western blot
2025,40382324,Auricular malformations are driven by copy number variations in a hierarchical enhancer cluster and a dominant enhancer recapitulates human pathogenesis,Mus musculus,mm10,chr5,12345678,12346478,,Hmx1,Enhancer,Active,Normal,,,,Embryonic Craniofacial Tissue,UBERON:0010368,Mouse cranial neural crest cells,,mouse cranial neural crest cell,CL:0000333,Enhancer activity assay, Functional perturbation assay,ATAC-seq, RNA-seq,Transgenic Reporter Assay, CRISPR Knockout, RT-RT-qPCR
2025,40604280,Range extender mediates long-distance enhancer activity,Mus musculus,mm10,chr5,29314881,29315667,,Shh,Enhancer,Active,Normal,,,,Limb Bud,UBERON:0005417,Zone of polarizing activity cells,,mesenchymal cell,CL:0000134,Enhancer activity assay,ATAC-seq, Hi-C,Luciferase Reporter Assay
2017,29042628,A DNA Contact Map for the Mouse Runx1 Gene Identifies Novel Haematopoietic Enhancers,Mus musculus,mm10,chr16,92829000,92829471,,Runx1,Enhancer,Active,Normal,,,,Bone Marrow,UBERON:0002371,Mouse hematopoietic progenitor cell,,hematopoietic progenitor cell,CL:0000837,Enhancer activity assay, Chromatin interaction assay,4C-seq, ChIP-seq, DNase-seq,Transgenic Reporter Assay
2017,29042628,A DNA Contact Map for the Mouse Runx1 Gene Identifies Novel Haematopoietic Enhancers,Mus musculus,mm10,chr16,92832000,92832471,,Runx1,Enhancer,Active,Normal,,,,Bone Marrow,UBERON:0002371,Mouse hematopoietic progenitor cell,,hematopoietic progenitor cell,CL:0000837,Enhancer activity assay, Chromatin interaction assay,4C-seq, ChIP-seq, DNase-seq,Transgenic Reporter Assay
2017,29042628,A DNA Contact Map for the Mouse Runx1 Gene Identifies Novel Haematopoietic Enhancers,Mus musculus,mm10,chr16,92846000,92846471,,Runx1,Enhancer,Active,Normal,,,,Bone Marrow,UBERON:0002371,Mouse hematopoietic progenitor cell,,hematopoietic progenitor cell,CL:0000837,Enhancer activity assay, Chromatin interaction assay,4C-seq, ChIP-seq, DNase-seq,Transgenic Reporter Assay
2017,29042628,A DNA Contact Map for the Mouse Runx1 Gene Identifies Novel Haematopoietic Enhancers,Mus musculus,mm10,chr16,92879000,92879471,,Runx1,Enhancer,Active,Normal,,,,Bone Marrow,UBERON:0002371,Mouse hematopoietic progenitor cell,,hematopoietic progenitor cell,CL:0000837,Enhancer activity assay, Chromatin interaction assay,4C-seq, ChIP-seq, DNase-seq,Transgenic Reporter Assay
2017,29042628,A DNA Contact Map for the Mouse Runx1 Gene Identifies Novel Haematopoietic Enhancers,Mus musculus,mm10,chr16,92897000,92897471,,Runx1,Enhancer,Active,Normal,,,,Bone Marrow,UBERON:0002371,Mouse hematopoietic progenitor cell,,hematopoietic progenitor cell,CL:0000837,Enhancer activity assay, Chromatin interaction assay,4C-seq, ChIP-seq, DNase-seq,Transgenic Reporter Assay
2017,29042628,A DNA Contact Map for the Mouse Runx1 Gene Identifies Novel Haematopoietic Enhancers,Mus musculus,mm10,chr16,93110000,93110500,Spi1,Runx1,Enhancer,Active,Normal,,,,Bone Marrow,UBERON:0002371,Mouse hematopoietic progenitor cell,,hematopoietic progenitor cell,CL:0000837,Enhancer activity assay,ChIP-seq, DNase-seq,Transgenic Reporter Assay, Luciferase Reporter Assay, RT-RT-qPCR
2017,29042628,A DNA Contact Map for the Mouse Runx1 Gene Identifies Novel Haematopoietic Enhancers,Mus musculus,mm10,chr16,93152000,93152471,,Runx1,Enhancer,Active,Normal,,,,Bone Marrow,UBERON:0002371,Mouse hematopoietic progenitor cell,,hematopoietic progenitor cell,CL:0000837,Enhancer activity assay, Chromatin interaction assay,4C-seq, ChIP-seq, DNase-seq,Transgenic Reporter Assay
2024,38528203,Spatial enhancer activation influences inhibitory neuron identity during mouse embryonic development,Mus musculus,mm10,chr14,23090994,23098987,Meis2; Dlx5; Lhx6,Zfp503,Enhancer,Active,Normal,,,,Forebrain,UBERON:0000955,Mouse neuroblastoma cell,,mouse neuroblastoma cell,CL:0000031,Enhancer activity assay, TF binding assay,ChIP-seq,Luciferase Reporter Assay, Transgenic Reporter Assay
2024,38528203,Spatial enhancer activation influences inhibitory neuron identity during mouse embryonic development,Mus musculus,mm10,chr19,14773960,14781991,Meis2; Dlx5; Lhx6,Tle4,Enhancer,Active,Normal,,,,Forebrain,UBERON:0000955,Mouse neuroblastoma cell,,mouse neuroblastoma cell,CL:0000031,Enhancer activity assay, TF binding assay,ChIP-seq,Luciferase Reporter Assay, Transgenic Reporter Assay
2024,38528203,Spatial enhancer activation influences inhibitory neuron identity during mouse embryonic development,Mus musculus,mm10,chr2,115721983,115729990,Meis2; Dlx5; Lhx6,Meis2,Enhancer,Active,Normal,,,,Forebrain,UBERON:0000955,Mouse neuroblastoma cell,,mouse neuroblastoma cell,CL:0000031,Enhancer activity assay, TF binding assay,ChIP-seq,Luciferase Reporter Assay
2024,38528203,Spatial enhancer activation influences inhibitory neuron identity during mouse embryonic development,Mus musculus,mm10,chr6,15366783,15417517,Meis2; Dlx5; Pbx1,Foxp2,Enhancer,Active,Normal,,,,Forebrain,UBERON:0000955,Mouse neuroblastoma cell,,mouse neuroblastoma cell,CL:0000031,Enhancer activity assay, TF binding assay,ChIP-seq,Luciferase Reporter Assay, Transgenic Reporter Assay
2024,38528203,Spatial enhancer activation influences inhibitory neuron identity during mouse embryonic development,Mus musculus,mm10,chr6,15408978,15417000,Meis2; Dlx5; Lhx6,Foxp2,Enhancer,Active,Normal,,,,Forebrain,UBERON:0000955,Mouse neuroblastoma cell,,mouse neuroblastoma cell,CL:0000031,Enhancer activity assay, TF binding assay,ChIP-seq,Luciferase Reporter Assay, Transgenic Reporter Assay
2021,34335313,Transcriptional and Epigenetic Landscape of Cardiac Pacemaker Cells: Insights Into Cellular Specialization in the Sinoatrial Node,Mus musculus,mm10,chr1,172411511,172413110,,Rgs6,Enhancer,Active,Normal,,,,Heart,UBERON:0000948,Sinoatrial Node Pacemaker,,sinoatrial node pacemaker cell,CL:0000746,Enhancer activity assay,ATAC-seq, RNA-seq, ChIP-seq,Transgenic Reporter Assay, X-gal Staining
2021,34335313,Chromatin accessibility landscape of cardiac pacemaker cells defines an Isl1 enhancer required for sinoatrial node development and function,Mus musculus,mm10,chr12,4704343,4706142,,Ptgfr,Enhancer,Active,Normal,,,,Heart,UBERON:0000948,Sinoatrial Node Pacemaker,,sinoatrial node pacemaker cell,CL:0000746,Enhancer activity assay,ATAC-seq, RNA-seq, ChIP-seq,Transgenic Reporter Assay, X-gal Staining
2016,26751055,NANOG alone induces germ cells in primed epiblast in vitro by activation of enhancers,Mus musculus,mm10,chr6,113010000,113010100,Nanog,Prdm1,Enhancer,Active,Normal,,,,Embryo,UBERON:0000922,EpiLCs,,epiblast-like cell,CL:0002322,Enhancer activity assay, TF binding assay, Functional perturbation assay,ChIP-seq,Luciferase Reporter Assay, ChIP-RT-qPCR, RT-RT-qPCR
2016,26751055,NANOG alone induces germ cells in primed epiblast in vitro by activation of enhancers,Mus musculus,mm10,chr6,113010000,113010100,Nanog,Prdm1,Enhancer,Active,Normal,,,,Embryo,UBERON:0000922,PGCLCs,,primordial germ cell-like cell,CL:0000670,Enhancer activity assay, TF binding assay, Functional perturbation assay,ChIP-seq,Luciferase Reporter Assay, ChIP-RT-qPCR, RT-RT-qPCR
2016,26751055,NANOG alone induces germ cells in primed epiblast in vitro by activation of enhancers,Mus musculus,mm10,chr4,135010000,135010100,Nanog,Prdm14,Enhancer,Active,Normal,,,,Embryo,UBERON:0000922,EpiLCs,,epiblast-like cell,CL:0002322,Enhancer activity assay, TF binding assay, Functional perturbation assay,ChIP-seq,Luciferase Reporter Assay, ChIP-RT-qPCR, RT-RT-qPCR
2016,26751055,NANOG alone induces germ cells in primed epiblast in vitro by activation of enhancers,Mus musculus,mm10,chr4,135010000,135010100,Nanog,Prdm14,Enhancer,Active,Normal,,,,Embryo,UBERON:0000922,PGCLCs,,primordial germ cell-like cell,CL:0000670,Enhancer activity assay, TF binding assay, Functional perturbation assay,ChIP-seq,Luciferase Reporter Assay, ChIP-RT-qPCR, RT-RT-qPCR
2015,26593423,Chromosomal Loop Domains Direct the Recombination of Antigen Receptor Genes,Mus musculus,mm10,chr1,88392925,88392988,,,Enhancer,Active,Normal,,,,Bone marrow,UBERON:0002371,Primary pro-B,,pro-B cell,CL:0000945,Enhancer activity assay, Chromatin interaction assay,ChIP-seq, Hi-C,qRT-PCR, and ChIP-qPCR
2015,26593423,Chromosomal Loop Domains Direct the Recombination of Antigen Receptor Genes,Mus musculus,mm10,chr1,120286768,120286837,,Enhancer,Enhancer,Active,Normal,,,,Bone marrow,UBERON:0002371,Primary pro-B,,pro-B cell,CL:0000945,Enhancer activity assay, Chromatin interaction assay,ChIP-seq, Hi-C,qRT-PCR, and ChIP-qPCR
2015,26593423,Chromosomal Loop Domains Direct the Recombination of Antigen Receptor Genes,Mus musculus,mm10,chr1,167519257,167519314,,Enhancer,Enhancer,Active,Normal,,,,Bone marrow,UBERON:0002371,Primary pro-B,,pro-B cell,CL:0000945,Enhancer activity assay, Chromatin interaction assay,ChIP-seq, Hi-C,qRT-PCR, and ChIP-qPCR
2015,26593423,Chromosomal Loop Domains Direct the Recombination of Antigen Receptor Genes,Mus musculus,mm10,chr1,167572056,167572182,,Enhancer,Enhancer,Active,Normal,,,,Bone marrow,UBERON:0002371,Primary pro-B,,pro-B cell,CL:0000945,Enhancer activity assay, Chromatin interaction assay,ChIP-seq, Hi-C,qRT-PCR, and ChIP-qPCR
2015,26593423,Chromosomal Loop Domains Direct the Recombination of Antigen Receptor Genes,Mus musculus,mm10,chr1,173848852,173848903,,,Enhancer,Active,Normal,,,,Bone marrow,UBERON:0002371,Primary pro-B,,pro-B cell,CL:0000945,Enhancer activity assay, Chromatin interaction assay,ChIP-seq, Hi-C,qRT-PCR, and ChIP-qPCR
2015,26593423,Chromosomal Loop Domains Direct the Recombination of Antigen Receptor Genes,Mus musculus,mm10,chr16,95636899,95636961,,,Enhancer,Active,Normal,,,,Bone marrow,UBERON:0002371,Primary pro-B,,pro-B cell,CL:0000945,Enhancer activity assay, Chromatin interaction assay,ChIP-seq, Hi-C,qRT-PCR, and ChIP-qPCR
2015,26593423,Chromosomal Loop Domains Direct the Recombination of Antigen Receptor Genes,Mus musculus,mm10,chr16,95640070,95640137,,,Enhancer,Active,Normal,,,,Bone marrow,UBERON:0002371,Primary pro-B,,pro-B cell,CL:0000945,Enhancer activity assay, Chromatin interaction assay,ChIP-seq, Hi-C,qRT-PCR, and ChIP-qPCR
2015,26593423,Chromosomal Loop Domains Direct the Recombination of Antigen Receptor Genes,Mus musculus,mm10,chr18,86761026,86761110,,Enhancer,Enhancer,Active,Normal,,,,Bone marrow,UBERON:0002371,Primary pro-B,,pro-B cell,CL:0000945,Enhancer activity assay, Chromatin interaction assay,ChIP-seq, Hi-C,qRT-PCR, and ChIP-qPCR
2015,26593423,Chromosomal Loop Domains Direct the Recombination of Antigen Receptor Genes,Mus musculus,mm10,chr18,86772479,86772600,,Enhancer,Enhancer,Active,Normal,,,,Bone marrow,UBERON:0002371,Primary pro-B,,pro-B cell,CL:0000945,Enhancer activity assay, Chromatin interaction assay,ChIP-seq, Hi-C,qRT-PCR, and ChIP-qPCR
2015,26593423,Chromosomal Loop Domains Direct the Recombination of Antigen Receptor Genes,Mus musculus,mm10,chr18,86773163,86773345,,Enhancer,Enhancer,Active,Normal,,,,Bone marrow,UBERON:0002371,Primary pro-B,,pro-B cell,CL:0000945,Enhancer activity assay, Chromatin interaction assay,ChIP-seq, Hi-C,qRT-PCR, and ChIP-qPCR
2015,26593423,Chromosomal Loop Domains Direct the Recombination of Antigen Receptor Genes,Mus musculus,mm10,chr2,121974537,121974595,,Enhancer,Enhancer,Active,Normal,,,,Bone marrow,UBERON:0002371,Primary pro-B,,pro-B cell,CL:0000945,Enhancer activity assay, Chromatin interaction assay,ChIP-seq, Hi-C,qRT-PCR, and ChIP-qPCR
2015,26593423,Chromosomal Loop Domains Direct the Recombination of Antigen Receptor Genes,Mus musculus,mm10,chr6,48626570,48626638,,,Enhancer,Active,Normal,,,,Bone marrow,UBERON:0002371,Primary pro-B,,pro-B cell,CL:0000945,Enhancer activity assay, Chromatin interaction assay,ChIP-seq, Hi-C,qRT-PCR, and ChIP-qPCR
2019,31685615,SHH signaling mediated by a prechordal and brain enhancer controls forebrain organization,Mus musculus,mm10,chr5,28369548,28371047,,Shh,Enhancer,Active,Normal,,,,Forebrain,UBERON:0000955,Mouse Embryonic Neural Progenitor,,mouse neural progenitor cell,CL:0002672,Enhancer activity assay, Functional perturbation assay,ChIP-seq,Transgenic Reporter Assay, CRISPR Knockout, Whole-mount in situ Hybridization, Micro-CT
2013,23307821,Essential and unexpected role of Yin Yang 1 to promote mesodermal cardiac differentiation,Mus musculus,mm10,chr17,27040383,27042465,Yy1,Nkx2-5,Enhancer,Active,Normal,,,,Heart,UBERON:0000948,Cardiac progenitor cells,,cardiac progenitor cell,CL:0002248,Enhancer activity assay,ChIP-seq,Luciferase reporter assay, Transgenic reporter assay, ChIP-RT-qPCR
2015,25940622,The SOX9 upstream region prone to chromosomal aberrations causing campomelic dysplasia contains multiple cartilage enhancers,Mus musculus,mm10,chr11,111805000,111805100,Sox5,Sox9,Enhancer,Active,Normal,,,,Cartilage,UBERON:0002418,Primary chondrocytes,,chondrocyte,CL:0000138,Enhancer activity assay, TF binding assay,ChIP-seq,Transgenic Reporter Assay, Luciferase Reporter Assay, EMSA
2015,25940622,The SOX9 upstream region prone to chromosomal aberrations causing campomelic dysplasia contains multiple cartilage enhancers,Mus musculus,mm10,chr11,111916000,111916100,,Sox9,Enhancer,Active,Normal,,,,Cartilage,UBERON:0002418,Primary chondrocytes,,chondrocyte,CL:0000138,Enhancer activity assay,ChIP-seq,Transgenic Reporter Assay, Luciferase Reporter Assay
2015,25940622,The SOX9 upstream region prone to chromosomal aberrations causing campomelic dysplasia contains multiple cartilage enhancers,Mus musculus,mm10,chr11,111930000,111930100,Sox9,Sox9,Enhancer,Active,Normal,,,,Cartilage,UBERON:0002418,Primary chondrocytes,,chondrocyte,CL:0000138,Enhancer activity assay, TF binding assay,ChIP-seq,Transgenic Reporter Assay, Luciferase Reporter Assay, EMSA
2011,21797989,Differentiation and fiber type-specific activity of a muscle creatine kinase intronic enhancer,Mus musculus,mm10,chr7,19145920,19146014,Myod,Ckm,Enhancer,Active,Normal,,,,Skeletal Muscle,UBERON:0001134,C2C12,CVCL_0188,myoblast,CL:0000187,Enhancer activity assay, TF binding assay, Functional perturbation assay,ChIP-seq,Luciferase Reporter Assay, Transgenic Reporter Assay, ChIP-RT-qPCR
2011,21797989,Differentiation and fiber type-specific activity of a muscle creatine kinase intronic enhancer,Mus musculus,mm10,chr7,19145920,19146014,Myod,Ckm,Enhancer,Active,Normal,,,,Skeletal Muscle,UBERON:0001134,Primary Myocytes,,myocyte,CL:0000187,Enhancer activity assay, TF binding assay, Functional perturbation assay,ChIP-seq,Luciferase Reporter Assay, Transgenic Reporter Assay, ChIP-RT-qPCR
2011,21368066,The Gonadotropin-Releasing Hormone Cell-Specific Element Is Required for Normal Puberty and Estrous Cyclicity,Mus musculus,mm10,chr14,64201000,64201728,,Gnrh1,Enhancer,Active,Normal,,,,Hypothalamus,UBERON:0001898,GnRH neurons,,GnRH neuron,CL:0000111,Enhancer activity assay, Functional perturbation assay,,Luciferase Reporter Assay, CRISPR Knockout, RT-RT-qPCR, Immunohistochemistry
2011,21368066,The Gonadotropin-Releasing Hormone Cell-Specific Element Is Required for Normal Puberty and Estrous Cyclicity,Mus musculus,mm10,chr14,64201000,64201728,,Gnrh1,Enhancer,Active,Normal,,,,Hypothalamus,UBERON:0001898,Ovarian surface epithelial cells,,ovarian surface epithelial cell,CL:0000066,Enhancer activity assay, Functional perturbation assay,,Luciferase Reporter Assay, CRISPR Knockout, RT-RT-qPCR, Immunohistochemistry
2011,21368066,The Gonadotropin-Releasing Hormone Cell-Specific Element Is Required for Normal Puberty and Estrous Cyclicity,Mus musculus,mm10,chr14,64201000,64201728,,Gnrh1,Enhancer,Active,Normal,,,,Hypothalamus,UBERON:0001898,Granulosa cells,,granulosa cell,CL:0000501,Enhancer activity assay, Functional perturbation assay,,Luciferase Reporter Assay, CRISPR Knockout, RT-RT-qPCR, Immunohistochemistry
2024,pending,A distal enhancer of GATA3 regulates Th2 differentiation and allergic inflammation,Mus musculus,mm10,chr2,8936092,8980864,,Gata3,Enhancer,Active,Disease,asthma,MONDO:0004607,DOID:2841,Lung,UBERON:0002048,primary CD4+ T cell (Th2),,CD4-positive Th2 cell,CL:0000899,Functional perturbation assay, Chromatin interaction assay,4C-seq,CRISPR Knockout
2022,36402859,Hnf1b renal expression directed by a distal enhancer responsive to Pax8,Mus musculus,mm10,chr11,55120386,55120691,Pax8,Hnf1B,Enhancer,Active,Normal,,,,Kidney,UBERON:0002113,MDCK,CVCL_0422,kidney epithelial cell,CL:0000066,Enhancer activity assay, TF binding assay,ATAC-seq, ChIP-seq,Luciferase Reporter Assay, EMSA, qRT-PCR
2022,36402763,PPAR?? lipodystrophy mutants reveal intermolecular interactions required for enhancer activation,Mus musculus,mm10,chr3,14761800,14762300,Pparg; Rxra,Fabp4,Enhancer,Active,Normal,,,,Adipose tissue,UBERON:0001013,MEF,CVCL_0003,mouse embryonic fibroblast,CL:0000057,Enhancer activity assay, TF binding assay,ChIP-seq, RNA-seq, ATAC-seq,Western blot, qRT-PCR
2022,36402763,PPAR?? lipodystrophy mutants reveal intermolecular interactions required for enhancer activation,Mus musculus,mm10,chr3,14759100,14759600,Pparg; Rxra,Fabp4,Enhancer,Active,Normal,,,,Adipose tissue,UBERON:0001013,MEF,CVCL_0003,mouse embryonic fibroblast,CL:0000057,Enhancer activity assay, TF binding assay,ChIP-seq, RNA-seq, ATAC-seq,Western blot, qRT-PCR
2020,32318068,NCOR1 Orchestrates Transcriptional Landscapes and Effector Functions of CD4+ T Cells,Mus musculus,mm10,chr10,118409500,118410500,Ncor1,Ifng,Enhancer,Silenced,Normal,,,,Spleen,UBERON:0002106,Primary Naive CD4+ T,,naive CD4-positive T cell,CL:0000896,TF binding assay, Functional perturbation assay,ChIP-seq, RNA-seq, ATAC-seq,RT-RT-qPCR
2020,32318068,NCOR1 Orchestrates Transcriptional Landscapes and Effector Functions of CD4+ T Cells,Mus musculus,mm10,chr10,118409500,118410500,Ncor1,Ifng,Enhancer,Silenced,Normal,,,,Lymph Node,UBERON:0002429,In vitro Differentiated Th1,,CD4-positive Th1 cell,CL:0000897,TF binding assay, Functional perturbation assay,ChIP-seq, RNA-seq, ATAC-seq,RT-RT-qPCR
2021,34145235,Coordination of two enhancers drives expression of olfactory trace amine-associated receptors,Mus musculus,mm10,chr10,23929882,23931253,,Taar1,Enhancer,Active,Normal,,,,Olfactory epithelium,UBERON:0001997,Olfactory sensory neuron (OSN),,olfactory sensory neuron,CL:0000206,Functional perturbation assay, Enhancer activity assay,ATAC-seq, RNA-seq,CRISPR Knockout, CRISPRi, Transgenic Reporter Assay, RT-RT-qPCR
2021,34145235,Coordination of two enhancers drives expression of olfactory trace amine-associated receptors,Mus musculus,mm10,chr10,23987372,23988804,,Taar1,Enhancer,Active,Normal,,,,Olfactory epithelium,UBERON:0001997,Olfactory sensory neuron (OSN),,olfactory sensory neuron,CL:0000206,Functional perturbation assay, Enhancer activity assay,ATAC-seq, RNA-seq,CRISPR Knockout, CRISPRi, Transgenic Reporter Assay, RT-RT-qPCR
2024,39085358,SMC3 contributes to heart development by regulating superenhancer associated genes,Mus musculus,mm10,chr3,98010000,98160000,,Notch2,Enhancer,Silenced,Disease,atrial fibrillation,MONDO:0004978,DOID:0060224,Heart,UBERON:0000948,Atrial cardiomyocyte cell line,,atrial cardiomyocyte,CL:0000746,Functional perturbation assay, Enhancer activity assay,ChIP-seq, RNA-seq, snRNA-seq,RT-RT-qPCR, Western blot, ChIP-RT-qPCR
2025,40403729,A suite of enhancer AAVs and transgenic mouse lines for genetic access to cortical cell types,Mus musculus,mm10,chr1,135324502,135324868,,Fmod,Enhancer,Active,Normal,,,,Blood vessel,UBERON:0001981,Vascular smooth muscle cells,,vascular smooth muscle cell,CL:0000192,Enhancer activity assay,ATAC-seq, RNA-seq,Luciferase Reporter Assay, Transgenic Reporter Assay
2025,40403729,A suite of enhancer AAVs and transgenic mouse lines for genetic access to cortical cell types,Mus musculus,mm10,chr1,193272679,193273133,,Traf5,Enhancer,Active,Normal,,,,Cerebral Cortex,UBERON:0000956,Oligodendrocyte precursor cells,,oligodendrocyte precursor cell,CL:0000128,Enhancer activity assay,ATAC-seq, RNA-seq,Luciferase Reporter Assay, Transgenic Reporter Assay
2025,40403729,A suite of enhancer AAVs and transgenic mouse lines for genetic access to cortical cell types,Mus musculus,mm10,chr1,36539161,36539602,,Unc50,Enhancer,Active,Normal,,,,Blood vessel,UBERON:0001981,Vascular smooth muscle cells,,vascular smooth muscle cell,CL:0000192,Enhancer activity assay,ATAC-seq, RNA-seq,Luciferase Reporter Assay, Transgenic Reporter Assay
2025,40403729,A suite of enhancer AAVs and transgenic mouse lines for genetic access to cortical cell types,Mus musculus,mm10,chr10,116270311,116271768,,Ptprb,Enhancer,Active,Normal,,,,Blood vessel,UBERON:0001986,Endothelial cells,,endothelial cell,CL:0000115,Enhancer activity assay,ATAC-seq, RNA-seq,Luciferase Reporter Assay, Transgenic Reporter Assay
2025,40403729,A suite of enhancer AAVs and transgenic mouse lines for genetic access to cortical cell types,Mus musculus,mm10,chr10,24493568,24493998,,Slc18B1,Enhancer,Active,Normal,,,,Blood vessel,UBERON:0001986,Endothelial cells,,endothelial cell,CL:0000115,Enhancer activity assay,ATAC-seq, RNA-seq,Luciferase Reporter Assay, Transgenic Reporter Assay
2025,40403729,A suite of enhancer AAVs and transgenic mouse lines for genetic access to cortical cell types,Mus musculus,mm10,chr10,24824503,24825197,,Enpp1,Enhancer,Active,Normal,,,,Blood vessel,UBERON:0001986,Endothelial cells,,endothelial cell,CL:0000115,Enhancer activity assay,ATAC-seq, RNA-seq,Luciferase Reporter Assay, Transgenic Reporter Assay
2025,40403729,A suite of enhancer AAVs and transgenic mouse lines for genetic access to cortical cell types,Mus musculus,mm10,chr11,106382395,106382923,,Icam2,Enhancer,Active,Normal,,,,Blood vessel,UBERON:0001986,Endothelial cells,,endothelial cell,CL:0000115,Enhancer activity assay,ATAC-seq, RNA-seq,Luciferase Reporter Assay, Transgenic Reporter Assay
2025,40403729,A suite of enhancer AAVs and transgenic mouse lines for genetic access to cortical cell types,Mus musculus,mm10,chr12,85455100,85455928,,Dpf3,Enhancer,Active,Normal,,,,Blood vessel,UBERON:0001986,Endothelial cells,,endothelial cell,CL:0000115,Enhancer activity assay,ATAC-seq, RNA-seq,Luciferase Reporter Assay, Transgenic Reporter Assay
2025,40403729,A suite of enhancer AAVs and transgenic mouse lines for genetic access to cortical cell types,Mus musculus,mm10,chr13,60897338,60897768,,Ctla2A,Enhancer,Active,Normal,,,,Blood vessel,UBERON:0001986,Endothelial cells,,endothelial cell,CL:0000115,Enhancer activity assay,ATAC-seq, RNA-seq,Luciferase Reporter Assay, Transgenic Reporter Assay
2025,40403729,A suite of enhancer AAVs and transgenic mouse lines for genetic access to cortical cell types,Mus musculus,mm10,chr13,60936496,60937061,,Ctla2A,Enhancer,Active,Normal,,,,Blood vessel,UBERON:0001986,Endothelial cells,,endothelial cell,CL:0000115,Enhancer activity assay,ATAC-seq, RNA-seq,Luciferase Reporter Assay, Transgenic Reporter Assay
2025,40403729,A suite of enhancer AAVs and transgenic mouse lines for genetic access to cortical cell types,Mus musculus,mm10,chr13,97579897,97580928,,Gm41030,Enhancer,Active,Normal,,,,Blood vessel,UBERON:0001986,Endothelial cells,,endothelial cell,CL:0000115,Enhancer activity assay,ATAC-seq, RNA-seq,Luciferase Reporter Assay, Transgenic Reporter Assay
2025,40403729,A suite of enhancer AAVs and transgenic mouse lines for genetic access to cortical cell types,Mus musculus,mm10,chr13,97580240,97580407,,Gm41030,Enhancer,Active,Normal,,,,Blood vessel,UBERON:0001986,Endothelial cells,,endothelial cell,CL:0000115,Enhancer activity assay,ATAC-seq, RNA-seq,Luciferase Reporter Assay, Transgenic Reporter Assay
2025,40403729,A suite of enhancer AAVs and transgenic mouse lines for genetic access to cortical cell types,Mus musculus,mm10,chr14,50995230,50995698,,Pnp,Enhancer,Active,Normal,,,,Blood vessel,UBERON:0001986,Endothelial cells,,endothelial cell,CL:0000115,Enhancer activity assay,ATAC-seq, RNA-seq,Luciferase Reporter Assay, Transgenic Reporter Assay
2025,40403729,A suite of enhancer AAVs and transgenic mouse lines for genetic access to cortical cell types,Mus musculus,mm10,chr14,50995280,50995470,,Pnp,Enhancer,Active,Normal,,,,Blood vessel,UBERON:0001986,Endothelial cells,,endothelial cell,CL:0000115,Enhancer activity assay,ATAC-seq, RNA-seq,Luciferase Reporter Assay, Transgenic Reporter Assay
2025,40403729,A suite of enhancer AAVs and transgenic mouse lines for genetic access to cortical cell types,Mus musculus,mm10,chr14,50995418,50995609,,Pnp,Enhancer,Active,Normal,,,,Blood vessel,UBERON:0001986,Endothelial cells,,endothelial cell,CL:0000115,Enhancer activity assay,ATAC-seq, RNA-seq,Luciferase Reporter Assay, Transgenic Reporter Assay
2025,40403729,A suite of enhancer AAVs and transgenic mouse lines for genetic access to cortical cell types,Mus musculus,mm10,chr14,50995561,50995752,,Pnp,Enhancer,Active,Normal,,,,Blood vessel,UBERON:0001986,Endothelial cells,,endothelial cell,CL:0000115,Enhancer activity assay,ATAC-seq, RNA-seq,Luciferase Reporter Assay, Transgenic Reporter Assay
2025,40403729,A suite of enhancer AAVs and transgenic mouse lines for genetic access to cortical cell types,Mus musculus,mm10,chr15,72034077,72034453,,Gm19782,Enhancer,Active,Normal,,,,Blood vessel,UBERON:0001981,Vascular smooth muscle cells,,vascular smooth muscle cell,CL:0000192,Enhancer activity assay,ATAC-seq, RNA-seq,Luciferase Reporter Assay, Transgenic Reporter Assay
2025,40403729,A suite of enhancer AAVs and transgenic mouse lines for genetic access to cortical cell types,Mus musculus,mm10,chr15,75001522,75001829,,Ly6A,Enhancer,Active,Normal,,,,Blood vessel,UBERON:0001986,Endothelial cells,,endothelial cell,CL:0000115,Enhancer activity assay,ATAC-seq, RNA-seq,Luciferase Reporter Assay, Transgenic Reporter Assay
2025,40403729,A suite of enhancer AAVs and transgenic mouse lines for genetic access to cortical cell types,Mus musculus,mm10,chr15,75001571,75001879,,Ly6A,Enhancer,Active,Normal,,,,Blood vessel,UBERON:0001986,Endothelial cells,,endothelial cell,CL:0000115,Enhancer activity assay,ATAC-seq, RNA-seq,Luciferase Reporter Assay, Transgenic Reporter Assay
2025,40403729,A suite of enhancer AAVs and transgenic mouse lines for genetic access to cortical cell types,Mus musculus,mm10,chr15,85574338,85575028,,Gtse1,Enhancer,Active,Normal,,,,Cerebral Cortex,UBERON:0000956,Oligodendrocyte precursor cells,,oligodendrocyte precursor cell,CL:0000128,Enhancer activity assay,ATAC-seq, RNA-seq,Luciferase Reporter Assay, Transgenic Reporter Assay
2025,40403729,A suite of enhancer AAVs and transgenic mouse lines for genetic access to cortical cell types,Mus musculus,mm10,chr16,18703897,18705643,,Cldn5,Enhancer,Active,Normal,,,,Blood vessel,UBERON:0001986,Endothelial cells,,endothelial cell,CL:0000115,Enhancer activity assay,ATAC-seq, RNA-seq,Luciferase Reporter Assay, Transgenic Reporter Assay
2025,40403729,A suite of enhancer AAVs and transgenic mouse lines for genetic access to cortical cell types,Mus musculus,mm10,chr16,32512896,32513882,,Heg1,Enhancer,Active,Normal,,,,Blood vessel,UBERON:0001986,Endothelial cells,,endothelial cell,CL:0000115,Enhancer activity assay,ATAC-seq, RNA-seq,Luciferase Reporter Assay, Transgenic Reporter Assay
2025,40403729,A suite of enhancer AAVs and transgenic mouse lines for genetic access to cortical cell types,Mus musculus,mm10,chr16,38432836,38433208,,Fstl1,Enhancer,Active,Normal,,,,Blood vessel,UBERON:0001981,Vascular smooth muscle cells,,vascular smooth muscle cell,CL:0000192,Enhancer activity assay,ATAC-seq, RNA-seq,Luciferase Reporter Assay, Transgenic Reporter Assay
2025,40403729,A suite of enhancer AAVs and transgenic mouse lines for genetic access to cortical cell types,Mus musculus,mm10,chr17,31905602,31906289,,Notch4,Enhancer,Active,Normal,,,,Blood vessel,UBERON:0001986,Endothelial cells,,endothelial cell,CL:0000115,Enhancer activity assay,ATAC-seq, RNA-seq,Luciferase Reporter Assay, Transgenic Reporter Assay
2025,40403729,A suite of enhancer AAVs and transgenic mouse lines for genetic access to cortical cell types,Mus musculus,mm10,chr19,34733020,34733442,,Slc16A12,Enhancer,Active,Normal,,,,Blood vessel,UBERON:0001981,Vascular smooth muscle cells,,vascular smooth muscle cell,CL:0000192,Enhancer activity assay,ATAC-seq, RNA-seq,Luciferase Reporter Assay, Transgenic Reporter Assay
2025,40403729,A suite of enhancer AAVs and transgenic mouse lines for genetic access to cortical cell types,Mus musculus,mm10,chr19,38027995,38028468,,Sorbs1,Enhancer,Active,Normal,,,,Blood vessel,UBERON:0001986,Endothelial cells,,endothelial cell,CL:0000115,Enhancer activity assay,ATAC-seq, RNA-seq,Luciferase Reporter Assay, Transgenic Reporter Assay
2025,40403729,A suite of enhancer AAVs and transgenic mouse lines for genetic access to cortical cell types,Mus musculus,mm10,chr2,152155608,152156274,,Id1,Enhancer,Active,Normal,,,,Blood vessel,UBERON:0001986,Endothelial cells,,endothelial cell,CL:0000115,Enhancer activity assay,ATAC-seq, RNA-seq,Luciferase Reporter Assay, Transgenic Reporter Assay
2025,40403729,A suite of enhancer AAVs and transgenic mouse lines for genetic access to cortical cell types,Mus musculus,mm10,chr2,157506804,157507303,,Myl9,Enhancer,Active,Normal,,,,Blood vessel,UBERON:0001981,Vascular smooth muscle cells,,vascular smooth muscle cell,CL:0000192,Enhancer activity assay,ATAC-seq, RNA-seq,Luciferase Reporter Assay, Transgenic Reporter Assay
2025,40403729,A suite of enhancer AAVs and transgenic mouse lines for genetic access to cortical cell types,Mus musculus,mm10,chr2,181487538,181488198,,Sox18,Enhancer,Active,Normal,,,,Blood vessel,UBERON:0001986,Endothelial cells,,endothelial cell,CL:0000115,Enhancer activity assay,ATAC-seq, RNA-seq,Luciferase Reporter Assay, Transgenic Reporter Assay
2025,40403729,A suite of enhancer AAVs and transgenic mouse lines for genetic access to cortical cell types,Mus musculus,mm10,chr2,26575785,26576489,,Egfl7,Enhancer,Active,Normal,,,,Blood vessel,UBERON:0001986,Endothelial cells,,endothelial cell,CL:0000115,Enhancer activity assay,ATAC-seq, RNA-seq,Luciferase Reporter Assay, Transgenic Reporter Assay
2025,40403729,A suite of enhancer AAVs and transgenic mouse lines for genetic access to cortical cell types,Mus musculus,mm10,chr2,57116616,57117116,,Gpd2,Enhancer,Active,Normal,,,,Blood vessel,UBERON:0001986,Endothelial cells,,endothelial cell,CL:0000115,Enhancer activity assay,ATAC-seq, RNA-seq,Luciferase Reporter Assay, Transgenic Reporter Assay
2025,40403729,A suite of enhancer AAVs and transgenic mouse lines for genetic access to cortical cell types,Mus musculus,mm10,chr4,118489677,118490197,,Tie1,Enhancer,Active,Normal,,,,Blood vessel,UBERON:0001986,Endothelial cells,,endothelial cell,CL:0000115,Enhancer activity assay,ATAC-seq, RNA-seq,Luciferase Reporter Assay, Transgenic Reporter Assay
2025,40403729,A suite of enhancer AAVs and transgenic mouse lines for genetic access to cortical cell types,Mus musculus,mm10,chr4,119043893,119045511,,Tie1,Enhancer,Active,Normal,,,,Blood vessel,UBERON:0001986,Endothelial cells,,endothelial cell,CL:0000115,Enhancer activity assay,ATAC-seq, RNA-seq,Luciferase Reporter Assay, Transgenic Reporter Assay
2025,40403729,A suite of enhancer AAVs and transgenic mouse lines for genetic access to cortical cell types,Mus musculus,mm10,chr4,119044310,119044536,,Tie1,Enhancer,Active,Normal,,,,Blood vessel,UBERON:0001986,Endothelial cells,,endothelial cell,CL:0000115,Enhancer activity assay,ATAC-seq, RNA-seq,Luciferase Reporter Assay, Transgenic Reporter Assay
2025,40403729,A suite of enhancer AAVs and transgenic mouse lines for genetic access to cortical cell types,Mus musculus,mm10,chr4,47237059,47237485,,Erp44,Enhancer,Active,Normal,,,,Blood vessel,UBERON:0001981,Vascular smooth muscle cells,,vascular smooth muscle cell,CL:0000192,Enhancer activity assay,ATAC-seq, RNA-seq,Luciferase Reporter Assay, Transgenic Reporter Assay
2025,40403729,A suite of enhancer AAVs and transgenic mouse lines for genetic access to cortical cell types,Mus musculus,mm10,chr4,55670153,55670693,,Klf4,Enhancer,Active,Normal,,,,Blood vessel,UBERON:0001986,Endothelial cells,,endothelial cell,CL:0000115,Enhancer activity assay,ATAC-seq, RNA-seq,Luciferase Reporter Assay, Transgenic Reporter Assay
2025,40403729,A suite of enhancer AAVs and transgenic mouse lines for genetic access to cortical cell types,Mus musculus,mm10,chr5,104397936,104398396,,Tgfbr3,Enhancer,Active,Normal,,,,Blood vessel,UBERON:0001981,Vascular smooth muscle cells,,vascular smooth muscle cell,CL:0000192,Enhancer activity assay,ATAC-seq, RNA-seq,Luciferase Reporter Assay, Transgenic Reporter Assay
2025,40403729,A suite of enhancer AAVs and transgenic mouse lines for genetic access to cortical cell types,Mus musculus,mm10,chr5,142905691,142906292,,Arpc1B,Enhancer,Active,Normal,,,,Blood vessel,UBERON:0001986,Endothelial cells,,endothelial cell,CL:0000115,Enhancer activity assay,ATAC-seq, RNA-seq,Luciferase Reporter Assay, Transgenic Reporter Assay
2025,40403729,A suite of enhancer AAVs and transgenic mouse lines for genetic access to cortical cell types,Mus musculus,mm10,chr6,142544854,142545576,,Gm31108,Enhancer,Active,Normal,,,,Blood vessel,UBERON:0001981,Vascular smooth muscle cells,,vascular smooth muscle cell,CL:0000192,Enhancer activity assay,ATAC-seq, RNA-seq,Luciferase Reporter Assay, Transgenic Reporter Assay
2025,40403729,A suite of enhancer AAVs and transgenic mouse lines for genetic access to cortical cell types,Mus musculus,mm10,chr6,58623144,58623738,,Abcg2,Enhancer,Active,Normal,,,,Blood vessel,UBERON:0001986,Endothelial cells,,endothelial cell,CL:0000115,Enhancer activity assay,ATAC-seq, RNA-seq,Luciferase Reporter Assay, Transgenic Reporter Assay
2025,40403729,A suite of enhancer AAVs and transgenic mouse lines for genetic access to cortical cell types,Mus musculus,mm10,chr7,18884015,18884799,,Pglyrp1,Enhancer,Active,Normal,,,,Blood vessel,UBERON:0001986,Endothelial cells,,endothelial cell,CL:0000115,Enhancer activity assay,ATAC-seq, RNA-seq,Luciferase Reporter Assay, Transgenic Reporter Assay
2025,40403729,A suite of enhancer AAVs and transgenic mouse lines for genetic access to cortical cell types,Mus musculus,mm10,chr7,46746201,46746883,,Rcn3,Enhancer,Active,Normal,,,,Blood vessel,UBERON:0001981,Vascular smooth muscle cells,,vascular smooth muscle cell,CL:0000192,Enhancer activity assay,ATAC-seq, RNA-seq,Luciferase Reporter Assay, Transgenic Reporter Assay
2025,40403729,A suite of enhancer AAVs and transgenic mouse lines for genetic access to cortical cell types,Mus musculus,mm10,chr7,99694197,99694747,,Aqp11,Enhancer,Active,Normal,,,,Blood vessel,UBERON:0001986,Endothelial cells,,endothelial cell,CL:0000115,Enhancer activity assay,ATAC-seq, RNA-seq,Luciferase Reporter Assay, Transgenic Reporter Assay
2025,40403729,A suite of enhancer AAVs and transgenic mouse lines for genetic access to cortical cell types,Mus musculus,mm10,chr9,37400589,37400968,,Esam,Enhancer,Active,Normal,,,,Blood vessel,UBERON:0001986,Endothelial cells,,endothelial cell,CL:0000115,Enhancer activity assay,ATAC-seq, RNA-seq,Luciferase Reporter Assay, Transgenic Reporter Assay
2025,40403729,A suite of enhancer AAVs and transgenic mouse lines for genetic access to cortical cell types,Mus musculus,mm10,chr9,37401768,37402146,,Robo4,Enhancer,Active,Normal,,,,Blood vessel,UBERON:0001986,Endothelial cells,,endothelial cell,CL:0000115,Enhancer activity assay,ATAC-seq, RNA-seq,Luciferase Reporter Assay, Transgenic Reporter Assay
2025,40403729,A suite of enhancer AAVs and transgenic mouse lines for genetic access to cortical cell types,Mus musculus,mm10,chr9,57597959,57598486,,Cyp11A1,Enhancer,Active,Normal,,,,Cerebral Cortex,UBERON:0000956,Oligodendrocyte precursor cells,,oligodendrocyte precursor cell,CL:0000128,Enhancer activity assay,ATAC-seq, RNA-seq,Luciferase Reporter Assay, Transgenic Reporter Assay
2019,31120998,HoxA9 binds and represses the Cebpa +8 kb enhancer,Mus musculus,mm10,chr7,35940000,35940455,Hoxa9,Cebpa,Enhancer,Silenced,Disease,acute myeloid leukemia,MONDO:0018874,DOID:9119,Bone Marrow,UBERON:0002371,Primary murine myeloid progenitor cells,,myeloid progenitor cell,CL:0000837,Enhancer activity assay, TF binding assay, Functional perturbation assay,ChIP-seq,Transgenic Reporter Assay, Flow Cytometry, RT-RT-qPCR
2019,31120998,HoxA9 binds and represses the Cebpa +8 kb enhancer,Mus musculus,mm10,chr7,35940000,35940455,Hoxa9,Cebpa,Enhancer,Silenced,Disease,acute myeloid leukemia,MONDO:0018874,DOID:9119,Bone Marrow,UBERON:0002371,Common myeloid progenitor cells,,common myeloid progenitor cell,CL:0000837,Enhancer activity assay, TF binding assay, Functional perturbation assay,ChIP-seq,Transgenic Reporter Assay, Flow Cytometry, RT-RT-qPCR
2019,31120998,HoxA9 binds and represses the Cebpa +8 kb enhancer,Mus musculus,mm10,chr7,35940000,35940455,Hoxa9,Cebpa,Enhancer,Silenced,Disease,acute myeloid leukemia,MONDO:0018874,DOID:9119,Bone Marrow,UBERON:0002371,Granulocyte-monocyte progenitor cells,,granulocyte-monocyte progenitor cell,CL:0000837,Enhancer activity assay, TF binding assay, Functional perturbation assay,ChIP-seq,Transgenic Reporter Assay, Flow Cytometry, RT-RT-qPCR
2019,31120998,HoxA9 binds and represses the Cebpa +8 kb enhancer,Mus musculus,mm10,chr7,35940000,35940455,Hoxa9,Cebpa,Enhancer,Silenced,Disease,acute myeloid leukemia,MONDO:0018874,DOID:9119,Bone Marrow,UBERON:0002371,LSK cells,,hematopoietic stem cell,CL:0001029,Enhancer activity assay, TF binding assay, Functional perturbation assay,ChIP-seq,Transgenic Reporter Assay, Flow Cytometry, RT-RT-qPCR
2011,21487009,Mouse Rankl expression is regulated in T cells by c-Fos and NFAT,Mus musculus,mm10,chr14,78469483,78470483,C-Fos,Tnfsf11,Enhancer,Active,Disease,,,,Blood,UBERON:0000178,,,,,Enhancer activity assay, TF binding assay, Chromatin interaction assay,,Luciferase Reporter Assay, ChIP-RT-qPCR, 3C
2018,29514092,Transcription Factor IRF8 Governs Enhancer Landscape Dynamics in Mononuclear Phagocyte Progenitors,Mus musculus,mm10,chr11,98040000,98080000,Irf8; Spi1; Cebpa,Csf3R,Enhancer,Active,Normal,,,,Bone Marrow,UBERON:0002371,Neutrophils,,neutrophil,CL:0000775,Immunological functional assay, Functional genomics assay, Epigenomic profiling assay, Transcriptional regulation assay,ChIP-seq [targets: H3K4me1, H3K27ac], RNA-seq, Gene Expression Microarray,Flow Cytometry, FACS, qRT-PCR, ChIP-RT-qPCR, Western blot
2018,29514092,Transcription Factor IRF8 Governs Enhancer Landscape Dynamics in Mononuclear Phagocyte Progenitors,Mus musculus,mm10,chr12,10710000,10750000,Irf8; Spi1; Batf3; Zbtb46,Batf3,Enhancer,Active,Normal,,,,Bone Marrow,UBERON:0002371,Monocyte-dendritic cell progenitor cells,,monocyte-dendritic cell progenitor,CL:0000837,Immunological functional assay, Functional genomics assay, Epigenomic profiling assay, Transcriptional regulation assay, In vitro functional assay, In vivo functional assay,ChIP-seq [targets: H3K4me1, H3K27ac, Irf8], RNA-seq, Gene Expression Microarray,Flow Cytometry, FACS, qRT-PCR, ChIP-RT-qPCR, Western blot, Histological Analysis
2018,29514092,Transcription Factor IRF8 Governs Enhancer Landscape Dynamics in Mononuclear Phagocyte Progenitors,Mus musculus,mm10,chr13,48580000,48620000,Irf8; Spi1; Runx1; Rbpj,Unc93B1,Enhancer,Active,Normal,,,,Bone Marrow,UBERON:0002371,Monocyte-dendritic cell progenitor cells,,monocyte-dendritic cell progenitor,CL:0000837,Immunological functional assay, Functional genomics assay, Epigenomic profiling assay, Transcriptional regulation assay,ChIP-seq [targets: H3K4me1, H3K27ac, Irf8], RNA-seq, Gene Expression Microarray,Flow Cytometry, FACS, qRT-PCR, ChIP-RT-qPCR, Western blot
2018,29514092,Transcription Factor IRF8 Governs Enhancer Landscape Dynamics in Mononuclear Phagocyte Progenitors,Mus musculus,mm10,chr16,16980000,17020000,Irf8; Spi1; Bcl6,Bcl6,Enhancer,Active,Normal,,,,Bone Marrow,UBERON:0002371,B lymphocytes,,B cell,CL:0000945,Immunological functional assay, Functional genomics assay, Epigenomic profiling assay, Transcriptional regulation assay,ChIP-seq [targets: H3K4me1, H3K27ac, Irf8], RNA-seq, Gene Expression Microarray,Flow Cytometry, FACS, qRT-PCR, ChIP-RT-qPCR, Western blot, Histological Analysis
2018,29514092,Transcription Factor IRF8 Governs Enhancer Landscape Dynamics in Mononuclear Phagocyte Progenitors,Mus musculus,mm10,chr19,61222000,61250000,Irf8; Spi1; Cebpa; Runx1,Csf2Ra,Enhancer,Active,Normal,,,,Bone Marrow,UBERON:0002371,Granulocyte-monocyte progenitor cells,,granulocyte-monocyte progenitor cell,CL:0000837,Immunological functional assay, Functional genomics assay, Epigenomic profiling assay, Transcriptional regulation assay, In vitro functional assay, In vivo functional assay, Developmental biology assay,ChIP-seq [targets: H3K4me1, H3K4me3, H3K27ac, Irf8, Spi1], RNA-seq, Gene Expression Microarray,Flow Cytometry, FACS, qRT-PCR, ChIP-RT-qPCR, Single-Cell Colony Formation Assay, Western blot, Immunofluorescence Microscopy
2018,29514092,Transcription Factor IRF8 Governs Enhancer Landscape Dynamics in Mononuclear Phagocyte Progenitors,Mus musculus,mm10,chr2,103295000,103314000,Irf8; Spi1; Batf3; Relb,Ehf,Enhancer,Active,Normal,,,,Bone Marrow,UBERON:0002371,Monocyte-dendritic cell progenitor cells,,monocyte-dendritic cell progenitor,CL:0000837,Immunological functional assay, Functional genomics assay, Epigenomic profiling assay, Transcriptional regulation assay, In vitro functional assay, In vivo functional assay,ChIP-seq [targets: H3K4me1, H3K27ac, Irf8], RNA-seq, Gene Expression Microarray,Flow Cytometry, FACS, qRT-PCR, ChIP-RT-qPCR, Single-Cell Colony Formation Assay, Western blot, Histological Analysis
2018,29514092,Transcription Factor IRF8 Governs Enhancer Landscape Dynamics in Mononuclear Phagocyte Progenitors,Mus musculus,mm10,chr2,143822000,143865000,Irf8; Spi1; Cebpb,Bfsp1,Enhancer,Active,Normal,,,,Bone Marrow,UBERON:0002371,Ly6C+ classical monocytes,,classical monocyte,CL:0000576,Immunological functional assay, Functional genomics assay, Epigenomic profiling assay, Transcriptional regulation assay, In vitro functional assay, In vivo functional assay,ChIP-seq [targets: H3K4me1, H3K27ac, Irf8], RNA-seq, Gene Expression Microarray,Flow Cytometry, FACS, qRT-PCR, ChIP-RT-qPCR, Single-Cell Colony Formation Assay, Western blot
2018,29514092,Transcription Factor IRF8 Governs Enhancer Landscape Dynamics in Mononuclear Phagocyte Progenitors,Mus musculus,mm10,chr7,114280000,114320000,Irf8; Spi1; Cebpa,Ceacam1,Enhancer,Active,Normal,,,,Bone Marrow,UBERON:0002371,Neutrophils,,neutrophil,CL:0000775,Immunological functional assay, Functional genomics assay, Epigenomic profiling assay, Transcriptional regulation assay,ChIP-seq [targets: H3K4me1, H3K27ac], RNA-seq, Gene Expression Microarray,Flow Cytometry, FACS, qRT-PCR, ChIP-RT-qPCR, Western blot
2018,29514092,Transcription Factor IRF8 Governs Enhancer Landscape Dynamics in Mononuclear Phagocyte Progenitors,Mus musculus,mm10,chr8,44910000,44930000,Irf8; Spi1; Maf,Bach2,Enhancer,Active,Normal,,,,Bone Marrow,UBERON:0002371,Ly6C+ classical monocytes,,classical monocyte,CL:0000576,Immunological functional assay, Functional genomics assay, Epigenomic profiling assay, Transcriptional regulation assay, In vitro functional assay, In vivo functional assay,ChIP-seq [targets: H3K4me1, H3K27ac, Irf8], RNA-seq, Gene Expression Microarray,Flow Cytometry, FACS, qRT-PCR, ChIP-RT-qPCR, Western blot, Immunofluorescence Microscopy, In Vivo Hematopoietic Reconstitution Assay
2018,30404006,Genetic Models Reveal cis and trans Immune-Regulatory Activities for lincRNA-Cox2,Mus musculus,mm10,chr1,152006173,152012078,,Ptgs2,Enhancer,Active,Disease,,,,Lung,UBERON:0002048,Bone Marrow-Derived Macrophages (BMDMs),,macrophage,CL:0000235,Enhancer activity assay, Functional perturbation assay, Chromatin interaction assay,ChIP-seq, RNA-seq,qRT-PCR, and ChIP-qPCR
2019,31406377,An Nfil3-Zeb2-Id2 pathway imposes Irf8 enhancer switching during cDC1 development,Mus musculus,mm10,chr8,124371000,124371500,Batf3; Irf8,Irf8,Enhancer,Active,Normal,,,,Spleen,UBERON:0002106,Mature cDC1,,conventional dendritic cell,CL:0000451,Enhancer activity assay, TF binding assay,ATAC-seq, ChIP-seq, RNA-seq,ChIP-RT-qPCR, RT-RT-qPCR
2019,31406377,An Nfil3-Zeb2-Id2 pathway imposes Irf8 enhancer switching during cDC1 development,Mus musculus,mm10,chr8,124371000,124371500,Batf3; Irf8,Irf8,Enhancer,Active,Normal,,,,Bone Marrow,UBERON:0002371,Pre-cDC1,,conventional dendritic cell,CL:0000451,Enhancer activity assay, TF binding assay,ATAC-seq, ChIP-seq, RNA-seq,ChIP-RT-qPCR, RT-RT-qPCR
2020,33382813,Decreased sensitivity to the anorectic effects of leptin in mice that lack a Pomc-specific neural enhancer,Mus musculus,mm10,chr12,103026200,103027200,,Pomc,Enhancer,Active,Normal,,,,Hypothalamus,UBERON:0001898,Mouse primary neurons,,mouse neuron,CL:0000540,Functional perturbation assay,RNA-seq,CRISPR Knockout, CRISPRi, RT-RT-qPCR
2018,29514092,Transcription Factor IRF8 Governs Enhancer Landscape Dynamics in Mononuclear Phagocyte Progenitors,Mus musculus,mm10,chr17,34210000,34250000,Irf8; Spi1; Rfx; Creb1,H2-Aa,Enhancer,Active,Normal,,,,Bone marrow,UBERON:0002371,Monocyte-dendritic cell progenitor cells,,monocyte-dendritic cell progenitor,CL:0000837,Immunological functional assay, Functional genomics assay, Epigenomic profiling assay, Transcriptional regulation assay,ChIP-seq, RNA-seq, Microarray,Flow cytometry, FACS, RT-RT-qPCR, ChIP-RT-qPCR, MLR assay, Western blot
2018,29514092,Transcription Factor IRF8 Governs Enhancer Landscape Dynamics in Mononuclear Phagocyte Progenitors,Mus musculus,mm10,chr8,124580000,124620000,Irf8; Spi1; Batf3; Nfil3; Bcl6,Irf8,Enhancer,Active,Normal,,,,Bone marrow,UBERON:0002371,Ly6C+ classical monocytes,,classical monocyte,CL:0000576,Immunological functional assay, Functional genomics assay, Epigenomic profiling assay, Transcriptional regulation assay, In vitro functional assay, In vivo functional assay,ChIP-seq, RNA-seq, Microarray,Flow cytometry, FACS, RT-RT-qPCR, ChIP-RT-qPCR, Single-cell colony formation assay, Western blot, Immunofluorescence microscopy, In vivo hematopoietic reconstitution assay
2018,29514092,Transcription Factor IRF8 Governs Enhancer Landscape Dynamics in Mononuclear Phagocyte Progenitors,Mus musculus,mm10,chr9,124480000,124520000,Irf8; Spi1; Jun; Fos; Nfkb1,Il18,Enhancer,Active,Normal,,,,Bone marrow,UBERON:0002371,Ly6C+ classical monocytes,,classical monocyte,CL:0000576,Immunological functional assay, Functional genomics assay, Epigenomic profiling assay, Transcriptional regulation assay,ChIP-seq, RNA-seq, Microarray,Flow cytometry, FACS, RT-RT-qPCR, ChIP-RT-qPCR, ELISA, Western blot
2024,38724692,Multiplex profiling of developmental cis-regulatory elements with quantitative single-cell expression reporters,Mus musculus,mm10,chr1,12189000,12190000,,Lamc1,Enhancer,Active,Normal,,,,Embryoid Body,UBERON:0010001,Pluripotent cells,,pluripotent cell,CL:0002248,Enhancer activity assay,scRNA-seq, scATAC-seq, MPRA,Single-cell Quantitative Expression Reporter Assay (scQers), Luciferase Reporter Assay
2024,38724692,Multiplex profiling of developmental cis-regulatory elements with quantitative single-cell expression reporters,Mus musculus,mm10,chr1,12189000,12190000,,Lamc1,Enhancer,Active,Normal,,,,Embryoid Body,UBERON:0010001,Parietal endoderm cells,,parietal endoderm cell,CL:0002322,Enhancer activity assay,scRNA-seq, scATAC-seq, MPRA,Single-cell Quantitative Expression Reporter Assay (scQers), Luciferase Reporter Assay
2024,38724692,Multiplex profiling of developmental cis-regulatory elements with quantitative single-cell expression reporters,Mus musculus,mm10,chr12,21830000,21831000,,Lamb1,Enhancer,Active,Normal,,,,Embryoid Body,UBERON:0010001,Parietal endoderm cells,,parietal endoderm cell,CL:0002322,Enhancer activity assay,scRNA-seq, scATAC-seq, MPRA,Single-cell Quantitative Expression Reporter Assay (scQers), Luciferase Reporter Assay
2019,30686579,The cis-Regulatory Atlas of the Mouse Immune System,Mus musculus,mm10,chr15,65218400,65218700,,,Enhancer,Active,Normal,,,,Cerebral Cortex,UBERON:0000956,L5_IT glutamatergic neurons,,glutamatergic neuron,CL:0000540,Enhancer activity assay,ATAC-seq, RNA-seq,Transgenic Reporter Assay, Luciferase Reporter Assay
2019,30686579,The cis-Regulatory Atlas of the Mouse Immune System,Mus musculus,mm10,chr2,78542600,78542900,,,Enhancer,Active,Normal,,,,Cerebral Cortex,UBERON:0000956,L5_ET glutamatergic neurons,,glutamatergic neuron,CL:0000540,Enhancer activity assay,ATAC-seq, RNA-seq,Transgenic Reporter Assay, Luciferase Reporter Assay
2019,30686579,The cis-Regulatory Atlas of the Mouse Immune System,Mus musculus,mm10,chr4,98754300,98754600,,,Enhancer,Active,Normal,,,,Cerebral Cortex,UBERON:0000956,Astrocytes,,astrocyte,CL:0000127,Enhancer activity assay,ATAC-seq, RNA-seq,Transgenic Reporter Assay, Luciferase Reporter Assay
2025,40433695,Super-Enhancer-Driven HCG20 Promotes Pulmonary Hypertension Through U2AF2 Splicing,Mus musculus,mm10,chr17,34520000,34525000,,Hcg20,Enhancer,Active,Normal,,,,Lung,UBERON:0002048,Mouse Pulmonary Artery Endothelial Cells,,pulmonary artery endothelial cell,CL:1001567,Enhancer activity assay, Functional perturbation assay,ChIP-seq, RNA-seq,RT-RT-qPCR, Western blot
2025,40163145,Disease-Associated Mutations of the STAT5B SH2 Domain Regulate Cytokine-Driven Enhancer Function and Mammary Development,Mus musculus,mm10,chr10,127950000,127955000,Stat5A,Socs2,Enhancer,Active,Normal,,,,Mammary Gland,UBERON:0001911,Mammary alveolar epithelial cells,,mammary alveolar epithelial cell,CL:0000066,Enhancer activity assay, TF binding assay, Functional perturbation assay,ChIP-seq, RNA-seq,RT-RT-qPCR
2025,40163145,Disease-Associated Mutations of the STAT5B SH2 Domain Regulate Cytokine-Driven Enhancer Function and Mammary Development,Mus musculus,mm10,chr11,100950000,100955000,Stat5A,Stat5A,Enhancer,Active,Normal,,,,Mammary Gland,UBERON:0001911,Mammary alveolar epithelial cells,,mammary alveolar epithelial cell,CL:0000066,Enhancer activity assay, TF binding assay, Functional perturbation assay,ChIP-seq, RNA-seq,RT-RT-qPCR
2025,40163145,Disease-Associated Mutations of the STAT5B SH2 Domain Regulate Cytokine-Driven Enhancer Function and Mammary Development,Mus musculus,mm10,chr11,100950000,100955000,Stat5B,Stat5B,Enhancer,Active,Normal,,,,Mammary Gland,UBERON:0001911,Mammary alveolar epithelial cells,,mammary alveolar epithelial cell,CL:0000066,Enhancer activity assay, TF binding assay, Functional perturbation assay,ChIP-seq, RNA-seq,RT-RT-qPCR
2025,40163145,Disease-Associated Mutations of the STAT5B SH2 Domain Regulate Cytokine-Driven Enhancer Function and Mammary Development,Mus musculus,mm10,chr15,98450000,98455000,Stat5A,Lalba,Enhancer,Active,Normal,,,,Mammary Gland,UBERON:0001911,Mammary alveolar epithelial cells,,mammary alveolar epithelial cell,CL:0000066,Enhancer activity assay, TF binding assay, Functional perturbation assay,ChIP-seq, RNA-seq,RT-RT-qPCR
2025,40163145,Disease-Associated Mutations of the STAT5B SH2 Domain Regulate Cytokine-Driven Enhancer Function and Mammary Development,Mus musculus,mm10,chr17,30950000,30955000,Stat5A,Xdh,Enhancer,Active,Normal,,,,Mammary Gland,UBERON:0001911,Mammary alveolar epithelial cells,,mammary alveolar epithelial cell,CL:0000066,Enhancer activity assay, TF binding assay, Functional perturbation assay,ChIP-seq, RNA-seq,RT-RT-qPCR
2025,40163145,Disease-Associated Mutations of the STAT5B SH2 Domain Regulate Cytokine-Driven Enhancer Function and Mammary Development,Mus musculus,mm10,chr2,151850000,151855000,Stat5A,Elf5,Enhancer,Active,Normal,,,,Mammary Gland,UBERON:0001911,Mammary alveolar epithelial cells,,mammary alveolar epithelial cell,CL:0000066,Enhancer activity assay, TF binding assay, Functional perturbation assay,ChIP-seq, RNA-seq,RT-RT-qPCR
2025,40163145,Disease-Associated Mutations of the STAT5B SH2 Domain Regulate Cytokine-Driven Enhancer Function and Mammary Development,Mus musculus,mm10,chr4,100450000,100455000,Stat5A,Fabp3,Enhancer,Active,Normal,,,,Mammary Gland,UBERON:0001911,Mammary alveolar epithelial cells,,mammary alveolar epithelial cell,CL:0000066,Enhancer activity assay, TF binding assay, Functional perturbation assay,ChIP-seq, RNA-seq,RT-RT-qPCR
2025,40163145,Disease-Associated Mutations of the STAT5B SH2 Domain Regulate Cytokine-Driven Enhancer Function and Mammary Development,Mus musculus,mm10,chr4,142900000,142905000,Stat5A,Slc9A4,Enhancer,Active,Normal,,,,Mammary Gland,UBERON:0001911,Mammary alveolar epithelial cells,,mammary alveolar epithelial cell,CL:0000066,Enhancer activity assay, TF binding assay, Functional perturbation assay,ChIP-seq, RNA-seq,RT-RT-qPCR
2025,40163145,Disease-Associated Mutations of the STAT5B SH2 Domain Regulate Cytokine-Driven Enhancer Function and Mammary Development,Mus musculus,mm10,chr5,87140000,87145000,Stat5A,Csn1S2B,Enhancer,Active,Normal,,,,Mammary Gland,UBERON:0001911,Mammary alveolar epithelial cells,,mammary alveolar epithelial cell,CL:0000066,Enhancer activity assay, TF binding assay, Functional perturbation assay,ChIP-seq, RNA-seq,RT-RT-qPCR
2025,40163145,Disease-Associated Mutations of the STAT5B SH2 Domain Regulate Cytokine-Driven Enhancer Function and Mammary Development,Mus musculus,mm10,chr8,19550000,19555000,Stat5B,Defb1,Enhancer,Active,Normal,,,,Mammary Gland,UBERON:0001911,Mammary alveolar epithelial cells,,mammary alveolar epithelial cell,CL:0000066,Enhancer activity assay, TF binding assay, Functional perturbation assay,ChIP-seq, RNA-seq,RT-RT-qPCR
2019,30686579,The cis-Regulatory Atlas of the Mouse Immune System,Mus musculus,mm10,chr11,94321500,94321800,,Gm20063,Enhancer,Active,Normal,,,,Cerebral Cortex,UBERON:0000956,L2-3_IT glutamatergic neurons,,glutamatergic neuron,CL:0000540,Enhancer activity assay,ATAC-seq, RNA-seq,Transgenic Reporter Assay, Luciferase Reporter Assay
2019,30686579,The cis-Regulatory Atlas of the Mouse Immune System,Mus musculus,mm10,chr12,102567800,102568100,,Nos1,Enhancer,Active,Normal,,,,Cerebral Cortex,UBERON:0000956,Sst_Chodl GABAergic neurons,,GABAergic neuron,CL:0000099,Enhancer activity assay,ATAC-seq, RNA-seq,Transgenic Reporter Assay, Luciferase Reporter Assay
2019,30686579,The cis-Regulatory Atlas of the Mouse Immune System,Mus musculus,mm10,chr16,89765300,89765600,,Nectin3,Enhancer,Active,Normal,,,,Cerebral Cortex,UBERON:0000956,GABAergic neurons,,GABAergic neuron,CL:0000099,Enhancer activity assay,ATAC-seq, RNA-seq,Transgenic Reporter Assay, Luciferase Reporter Assay
2019,30686579,The cis-Regulatory Atlas of the Mouse Immune System,Mus musculus,mm10,chr3,145217900,145218200,,Cplx3,Enhancer,Active,Normal,,,,Cerebral Cortex,UBERON:0000956,L6b glutamatergic neurons,,glutamatergic neuron,CL:0000540,Enhancer activity assay,ATAC-seq, RNA-seq,Transgenic Reporter Assay, Luciferase Reporter Assay
2019,30686579,The cis-Regulatory Atlas of the Mouse Immune System,Mus musculus,mm10,chr5,32156800,32157100,,Ws1,Enhancer,Active,Normal,,,,Cerebral Cortex,UBERON:0000956,Astrocytes,,astrocyte,CL:0000127,Enhancer activity assay,ATAC-seq, RNA-seq,Transgenic Reporter Assay, Luciferase Reporter Assay
2019,30686579,The cis-Regulatory Atlas of the Mouse Immune System,Mus musculus,mm10,chr7,128945200,128945500,,Rga,Enhancer,Active,Normal,,,,Cerebral Cortex,UBERON:0000956,L2-3_IT glutamatergic neurons,,glutamatergic neuron,CL:0000540,Enhancer activity assay,ATAC-seq, RNA-seq,Transgenic Reporter Assay, Luciferase Reporter Assay
2019,31217582,Noncoding deletions reveal a gene that is critical for intestinal function,Mus musculus,mm10,chr17,25313666,25315178,,Lacz,Enhancer,Active,Normal,,,,Stomach,UBERON:0000945,Enteroendocrine cells,,enteroendocrine cell,CL:0000164,Enhancer activity assay, Functional perturbation assay,RNA-seq,Transgenic Reporter Assay, CRISPR Knockout, RT-RT-qPCR, Western blot
2018,29514092,Transcription Factor IRF8 Governs Enhancer Landscape Dynamics in Mononuclear Phagocyte Progenitors,Mus musculus,mm10,chr4,55630000,55650000,Irf8,Klf4,Enhancer,Active,Normal,,,,Bone Marrow,UBERON:0002371,Monocyte-dendritic cell progenitor cells,,monocyte-dendritic cell progenitor,CL:0000837,Immunological functional assay, Functional genomics assay, Epigenomic profiling assay, Transcriptional regulation assay, In vitro functional assay, In vivo functional assay,ChIP-seq, RNA-seq, Gene expression microarray,Flow cytometry, FACS, RT-RT-qPCR, ChIP-RT-qPCR, Western blot
2018,29358044,CRISPR-Based Chromatin Remodeling of the Endogenous Oct4 or Sox2 Locus Enables Reprogramming to Pluripotency,Mus musculus,mm10,chr17,34540000,34542000,Sox2,Sox2,Enhancer,Active,Normal,,,,Embryo,UBERON:0000922,Tail tip fibroblasts,,fibroblast,CL:0000057,Enhancer activity assay, Functional perturbation assay, TF binding assay,ChIP-seq, RNA-seq,qRT-PCR, and ChIP-qPCR
2016,26748758,Foxd3 Promotes Exit from Naive Pluripotency through Enhancer Decommissioning and Inhibits Germline Specification,Mus musculus,mm10,chr5,141952000,141952800,Foxd3; Pou5F1; Sox2; Nanog,Tbx3,Enhancer,Silenced,Normal,,,,Embryo,UBERON:0000922,Mouse embryonic stem cells (LF2 strain),,mouse embryonic stem cell,CL:0002322,Enhancer activity assay, TF binding assay, Functional perturbation assay, Enhancer decommissioning assay,ChIP-seq, Strand-specific RNA-seq,GFP reporter assay, ChIP-RT-qPCR, RT-RT-qPCR, Co-immunoprecipitation, Western blot, EpiLC differentiation assay, Alkaline phosphatase staining
2016,26748758,Foxd3 Promotes Exit from Naive Pluripotency through Enhancer Decommissioning and Inhibits Germline Specification,Mus musculus,mm10,chr7,122684500,122685300,Foxd3; Pou5F1; Sox2; Nanog,Nanos3,Enhancer,Silenced,Normal,,,,Embryo,UBERON:0000922,Mouse embryonic stem cells (LF2 strain),,mouse embryonic stem cell,CL:0002322,Enhancer activity assay, TF binding assay, Functional perturbation assay, Germline specification assay,ChIP-seq, Strand-specific RNA-seq,GFP reporter assay, ChIP-RT-qPCR, RT-RT-qPCR, Co-immunoprecipitation, Western blot, EpiLC differentiation assay, PGCLC induction assay, Flow cytometry
2016,26748758,Foxd3 Promotes Exit from Naive Pluripotency through Enhancer Decommissioning and Inhibits Germline Specification,Mus musculus,mm10,chr13,74521600,74522400,Foxd3; Pou5F1; Sox2; Nanog,Tfap2C,Enhancer,Silenced,Normal,,,,Embryo,UBERON:0000922,Mouse embryonic stem cells (LF2 strain),,mouse embryonic stem cell,CL:0002322,TF binding assay, Functional perturbation assay, Enhancer decommissioning assay, Germline specification assay,ChIP-seq, Strand-specific RNA-seq,ChIP-RT-qPCR, RT-RT-qPCR, Co-immunoprecipitation, Western blot, EpiLC differentiation assay, PGCLC induction assay, Flow cytometry
2016,26748758,Foxd3 Promotes Exit from Naive Pluripotency through Enhancer Decommissioning and Inhibits Germline Specification,Mus musculus,mm10,chr4,103876200,103877000,Foxd3; Pou5F1; Sox2; Nanog,Prdm14,Enhancer,Silenced,Normal,,,,Embryo,UBERON:0000922,Mouse embryonic stem cells (LF2 strain),,mouse embryonic stem cell,CL:0002322,Functional perturbation assay, Enhancer decommissioning assay, Germline specification assay,ChIP-seq, Strand-specific RNA-seq,ChIP-RT-qPCR, RT-RT-qPCR, Co-immunoprecipitation, Western blot, EpiLC differentiation assay, PGCLC induction assay, Flow cytometry
2015,25804738,Genome-wide characterisation of Foxa1 binding sites reveals several mechanisms for regulating neuronal differentiation in midbrain dopamine cells,Mus musculus,mm10,chr3,127349185,127349631,Foxa1,Neurog2,Enhancer,Active,Normal,,,,Midbrain,UBERON:0001891,mDA progenitors/neurons (E12.5),,dopaminergic neuron,CL:0000700,Enhancer activity assay, TF binding assay (ChIP-supported),ChIP-seq, RNA-seq,Transgenic Reporter Assay, ChIP-RT-qPCR
2015,25775043,Functional annotation of native enhancers with a Cas9-histone demethylase fusion,Mus musculus,mm10,chr17,35602100,35602600,,Pou5F1,Enhancer,Active,Normal,,,,Embryo,UBERON:0000922,mouse ESCs,,mouse embryonic stem cell,CL:0002322,Functional perturbation assay,ATAC-seq,CRISPRi
2011,20942803,The pancreatic islet ??-cell-enriched transcription factor Pdx-1 regulates Slc30a8 gene transcription through an intronic enhancer,Mus musculus,mm10,chr15,52153900,52154520,Pdx1,Slc30A8,Enhancer,Active,Normal,,,,Pancreas,UBERON:0001264,??TC-3,CVCL_B077,pancreatic beta cell,CL:0000169,Enhancer activity assay, TF binding assay,,Luciferase Reporter Assay, ChIP-RT-qPCR, EMSA
2011,20942803,The pancreatic islet ??-cell-enriched transcription factor Pdx-1 regulates Slc30a8 gene transcription through an intronic enhancer,Mus musculus,mm10,chr15,52153900,52154520,Pdx1,Slc30A8,Enhancer,Active,Normal,,,,Pancreas,UBERON:0001264,??TC-6,CVCL_B078,pancreatic beta cell,CL:0000169,Enhancer activity assay, TF binding assay,,Luciferase Reporter Assay, ChIP-RT-qPCR, EMSA
2011,20942803,The pancreatic islet ??-cell-enriched transcription factor Pdx-1 regulates Slc30a8 gene transcription through an intronic enhancer,Mus musculus,mm10,chr15,52153900,52154520,Pdx1,Slc30A8,Enhancer,Active,Disease,cervical cancer,MONDO:0001156,DOID:2871,Cervix,UBERON:0000002,HeLa,CVCL_0030,cervical adenocarcinoma cell,CL:0000069,Enhancer activity assay, TF binding assay,,Luciferase Reporter Assay, ChIP-RT-qPCR, EMSA
2017,28357464,CRISPR/Cas9-mediated deletion of lncRNA Gm26878 in the distant Foxf1 enhancer region,Mus musculus,mm10,chr8,120880096,120882495,,Foxf1,Enhancer,Active,Normal,,,,Lung,UBERON:0002048,Embryonic lung tissue,,embryonic lung cell,CL:0000000,Functional perturbation assay,RNA-seq,CRISPR Knockout, RT-RT-qPCR, Sanger Sequencing
2024,39196225,A transcriptional enhancer regulates cardiac maturation,Mus musculus,mm10,chr1,154150000,154150500,Mef2C,Actn2,Enhancer,Active,Normal,,,,Heart,UBERON:0000948,Mouse embryonic/Adult cardiomyocytes,,cardiomyocyte,CL:0000746,TF binding assay, Functional perturbation assay,ChIP-seq, RNA-seq,ChIP-RT-qPCR, RT-RT-qPCR, Western blot
2024,39196225,A transcriptional enhancer regulates cardiac maturation,Mus musculus,mm10,chr1,154150500,154151000,Tead1,Actn2,Enhancer,Active,Normal,,,,Heart,UBERON:0000948,Mouse embryonic/Adult cardiomyocytes,,cardiomyocyte,CL:0000746,TF binding assay, Functional perturbation assay,ChIP-seq, RNA-seq,ChIP-RT-qPCR, RT-RT-qPCR, Western blot
2024,39196225,A transcriptional enhancer regulates cardiac maturation,Mus musculus,mm10,chr1,154151000,154151500,Gata4,Actn2,Enhancer,Active,Normal,,,,Heart,UBERON:0000948,Mouse embryonic/Adult cardiomyocytes,,cardiomyocyte,CL:0000746,TF binding assay, Functional perturbation assay,ChIP-seq, RNA-seq,ChIP-RT-qPCR, RT-RT-qPCR, Western blot
2025,40604280,Range extender mediates long-distance enhancer activity,Mus musculus,mm10,chr4,154706480,154712089,,Shh,Enhancer,Active,Normal,,,,Embryonic Limb Bud,UBERON:0005417,Limb bud mesenchymal cells,,mesenchymal cell,CL:0000134,Enhancer activity assay, Functional perturbation assay,,Transgenic Reporter Assay, CRISPR Knock-in, Whole-mount in situ hybridization, Skeletal staining
2020,31658410,A distal enhancer that directs Otx2 expression in the retinal pigment epithelium and neuroretina,Mus musculus,mm10,chr14,48799494,48801489,Pax6,Otx2,Enhancer,Active,Disease,,,,Retina,UBERON:0000966,,,,,Enhancer activity assay, TF binding assay,ChIP-seq,Transgenic Reporter Assay, qRT-PCR, Immunohistochemistry
2024,38528203,Spatial enhancer activation influences inhibitory neuron identity during mouse embryonic development,Mus musculus,mm10,chr12,118718991,118721980,Meis2; Dlx5; Lhx6,Mbip,Enhancer,Active,Normal,,,,Forebrain,UBERON:0001890,Mouse embryonic GE progenitor,,ganglionic eminence progenitor,CL:0002672,Enhancer activity assay, TF binding assay,ChIP-seq,Transgenic Reporter Assay
2024,38528203,Spatial enhancer activation influences inhibitory neuron identity during mouse embryonic development,Mus musculus,mm10,chr2,63090990,63093985,Meis2; Dlx5; Lhx6,Arhgap15,Enhancer,Active,Normal,,,,Forebrain,UBERON:0001890,Mouse embryonic GE progenitor,,ganglionic eminence progenitor,CL:0002672,Enhancer activity assay, TF binding assay,ChIP-seq,Transgenic Reporter Assay
2024,38528203,Spatial enhancer activation influences inhibitory neuron identity during mouse embryonic development,Mus musculus,mm10,chr2,72425536,72428482,Meis2; Dlx5; Lhx6,Sp4,Enhancer,Active,Normal,,,,Forebrain,UBERON:0001890,Mouse embryonic GE progenitor,,ganglionic eminence progenitor,CL:0002672,Enhancer activity assay, TF binding assay,ChIP-seq,Transgenic Reporter Assay
2024,38528203,Spatial enhancer activation influences inhibitory neuron identity during mouse embryonic development,Mus musculus,mm10,chr9,118718991,118721980,Meis2; Dlx5; Lhx6,Tle1,Enhancer,Active,Normal,,,,Forebrain,UBERON:0001890,Mouse embryonic GE progenitor,,ganglionic eminence progenitor,CL:0002672,Enhancer activity assay, TF binding assay,ChIP-seq,Transgenic Reporter Assay
2011,21566115,A distal enhancer in Il12b is the target of transcriptional repression by the STAT3 pathway and Requires the Basic Leucine Zipper (B-ZIP) Protein NFIL3,Mus musculus,mm10,chr11,44280890,44281890,Nfil3,Il12B,Enhancer,Active,Disease,,,,Blood,UBERON:0000178,,,,,Enhancer activity assay, TF binding assay,,Luciferase Reporter Assay, ChIP-RT-qPCR, EMSA
2011,21673114,Combinatorial Regulation of Photoreceptor Differentiation Factor, Neural Retina Leucine Zipper Gene Nrl, Revealed by in Vivo Promoter Analysis,Mus musculus,mm10,chr14,95982949,95983230,,Nrl,Enhancer,Active,Disease,,,,Retina,UBERON:0000966,,,,,Enhancer activity assay, TF binding assay,,Luciferase Reporter Assay, In Vivo Reporter Assay, EMSA
2017,28905448,Myeloid Zinc Finger 1 and GA Binding Protein Co-Operate with Sox2 in Regulating the Expression of Yes-Associated Protein 1 in Cancer Cells,Mus musculus,mm10,chr1,100900000,100900243,Mzf1,Yap1,Enhancer,Active,Disease,,,,Bone,UBERON:0001474,mOS-482,CVCL_WT34,osteosarcoma cell,CL:0000062,Enhancer activity assay,,Luciferase Reporter Assay, EMSA, ChIP-RT-qPCR, RT-RT-qPCR, Western blot
2018,30404901,Promoter-enhancer looping and shadow enhancers of the mouse ??A-crystallin locus,Mus musculus,mm10,chr17,34048994,34049208,,Cryaa,Enhancer,Active,Normal,,,,Lens,UBERON:0000965,Lens epithelial cells,,lens epithelial cell,CL:0002224,Enhancer activity assay, Chromatin interaction assay, Functional perturbation assay,3C, RNA-seq,qRT-PCR, and ChIP-qPCR
2018,30404901,Promoter-enhancer looping and shadow enhancers of the mouse ??A-crystallin locus,Mus musculus,mm10,chr17,34048994,34049208,,Cryaa,Enhancer,Active,Normal,,,,Lens,UBERON:0000965,Lens fiber cells,,lens fiber cell,CL:0002225,Enhancer activity assay, Chromatin interaction assay, Functional perturbation assay,3C, RNA-seq,qRT-PCR, and ChIP-qPCR
2018,30404901,Promoter-enhancer looping and shadow enhancers of the mouse ??A-crystallin locus,Mus musculus,mm10,chr17,34049209,34050661,,Cryaa,Enhancer,Active,Normal,,,,Lens,UBERON:0000965,Lens epithelial cells,,lens epithelial cell,CL:0002224,Enhancer activity assay, Chromatin interaction assay, Functional perturbation assay,3C, RNA-seq,qRT-PCR, and ChIP-qPCR
2018,30404901,Promoter-enhancer looping and shadow enhancers of the mouse ??A-crystallin locus,Mus musculus,mm10,chr17,34049209,34050661,,Cryaa,Enhancer,Active,Normal,,,,Lens,UBERON:0000965,Lens fiber cells,,lens fiber cell,CL:0002225,Enhancer activity assay, Chromatin interaction assay, Functional perturbation assay,3C, RNA-seq,qRT-PCR, and ChIP-qPCR
2018,30404901,Promoter-enhancer looping and shadow enhancers of the mouse ??A-crystallin locus,Mus musculus,mm10,chr17,34060350,34061356,,Cryaa,Enhancer,Active,Normal,,,,Lens,UBERON:0000965,Lens epithelial cells,,lens epithelial cell,CL:0002224,Enhancer activity assay, Chromatin interaction assay,3C, RNA-seq,qRT-PCR, and ChIP-qPCR
2018,30404901,Promoter-enhancer looping and shadow enhancers of the mouse ??A-crystallin locus,Mus musculus,mm10,chr17,34060350,34061356,,Cryaa,Enhancer,Active,Normal,,,,Lens,UBERON:0000965,Lens fiber cells,,lens fiber cell,CL:0002225,Enhancer activity assay, Chromatin interaction assay,3C, RNA-seq,qRT-PCR, and ChIP-qPCR
2025,39863595,The ??-globin super-enhancer acts in an orientation-dependent manner,Mus musculus,mm10,chr11,32160121,32161120,,Hba-A1,Enhancer,Active,Normal,,,,Blood,UBERON:0000178,mESC-derived erythroid cells,,erythroid progenitor cell,CL:0000038,Functional perturbation assay,,CRISPR knockout, RT-RT-qPCR
2025,39863595,The ??-globin super-enhancer acts in an orientation-dependent manner,Mus musculus,mm10,chr11,32166121,32167120,,Hba-A1,Enhancer,Active,Normal,,,,Blood,UBERON:0000178,mESC-derived erythroid cells,,erythroid progenitor cell,CL:0000038,Functional perturbation assay,,CRISPR knockout, RT-RT-qPCR
2023,37932452,GATA transcription factors drive initial Xist upregulation after fertilization through direct activation of long-range enhancers,Mus musculus,mm10,chrX,103455000,103456000,,Xist,Enhancer,Active,Normal,,,,Embryo,UBERON:0000922,Mouse embryonic stem cells,,mouse embryonic stem cell,CL:0002322,Functional perturbation assay,,CRISPRi, RT-RT-qPCR
2023,37932452,GATA transcription factors drive initial Xist upregulation after fertilization through direct activation of long-range enhancers,Mus musculus,mm10,chrX,103455000,103456000,,Xist,Enhancer,Active,Normal,,,,Embryo,UBERON:0000922,Mouse embryo cells,,mouse embryo cell,CL:0000000,Functional perturbation assay,,CRISPRi, RT-RT-qPCR
2017,29042628,A DNA Contact Map for the Mouse Runx1 Gene Identifies Novel Haematopoietic Enhancers,Mus musculus,mm10,chr16,92629000,92629500,Erg,Runx1,Enhancer,Active,Normal,,,,Bone Marrow,UBERON:0002371,Mouse hematopoietic progenitor cell,,hematopoietic progenitor cell,CL:0000837,Enhancer activity assay,ChIP-seq, DNase-seq,Transgenic Reporter Assay, RT-RT-qPCR
2017,29042628,A DNA Contact Map for the Mouse Runx1 Gene Identifies Novel Haematopoietic Enhancers,Mus musculus,mm10,chr16,92632000,92632500,Erg,Runx1,Enhancer,Active,Normal,,,,Bone Marrow,UBERON:0002371,Mouse hematopoietic progenitor cell,,hematopoietic progenitor cell,CL:0000837,Enhancer activity assay,ChIP-seq, DNase-seq,Transgenic Reporter Assay, RT-RT-qPCR
2017,29042628,A DNA Contact Map for the Mouse Runx1 Gene Identifies Novel Haematopoietic Enhancers,Mus musculus,mm10,chr16,92679000,92679500,Spi1,Runx1,Enhancer,Active,Normal,,,,Bone Marrow,UBERON:0002371,Mouse hematopoietic progenitor cell,,hematopoietic progenitor cell,CL:0000837,Enhancer activity assay,ChIP-seq, DNase-seq,Transgenic Reporter Assay, RT-RT-qPCR
2017,29042628,A DNA Contact Map for the Mouse Runx1 Gene Identifies Novel Haematopoietic Enhancers,Mus musculus,mm10,chr16,92697000,92697500,Tal1,Runx1,Enhancer,Active,Normal,,,,Bone Marrow,UBERON:0002371,Mouse hematopoietic progenitor cell,,hematopoietic progenitor cell,CL:0000837,Enhancer activity assay,ChIP-seq, DNase-seq,Transgenic Reporter Assay, RT-RT-qPCR
2017,29042628,A DNA Contact Map for the Mouse Runx1 Gene Identifies Novel Haematopoietic Enhancers,Mus musculus,mm10,chr16,92629000,92629500,Erg,Runx1,Enhancer,Active,Disease,,,,Bone Marrow,UBERON:0002371,Mouse hematopoietic progenitor cell,,hematopoietic progenitor cell,CL:0000837,Enhancer activity assay,ChIP-seq, DNase-seq,Transgenic Reporter Assay, RT-RT-qPCR
2017,29042628,A DNA Contact Map for the Mouse Runx1 Gene Identifies Novel Haematopoietic Enhancers,Mus musculus,mm10,chr16,92632000,92632500,Erg,Runx1,Enhancer,Active,Disease,,,,Bone Marrow,UBERON:0002371,Mouse hematopoietic progenitor cell,,hematopoietic progenitor cell,CL:0000837,Enhancer activity assay,ChIP-seq, DNase-seq,Transgenic Reporter Assay, RT-RT-qPCR
2017,29042628,A DNA Contact Map for the Mouse Runx1 Gene Identifies Novel Haematopoietic Enhancers,Mus musculus,mm10,chr16,92679000,92679500,Spi1,Runx1,Enhancer,Active,Disease,,,,Bone Marrow,UBERON:0002371,Mouse hematopoietic progenitor cell,,hematopoietic progenitor cell,CL:0000837,Enhancer activity assay,ChIP-seq, DNase-seq,Transgenic Reporter Assay, RT-RT-qPCR
2017,29042628,A DNA Contact Map for the Mouse Runx1 Gene Identifies Novel Haematopoietic Enhancers,Mus musculus,mm10,chr16,92697000,92697500,Tal1,Runx1,Enhancer,Active,Disease,,,,Bone Marrow,UBERON:0002371,Mouse hematopoietic progenitor cell,,hematopoietic progenitor cell,CL:0000837,Enhancer activity assay,ChIP-seq, DNase-seq,Transgenic Reporter Assay, RT-RT-qPCR
2024,38528203,Spatial enhancer activation influences inhibitory neuron identity during mouse embryonic development,Mus musculus,mm10,chr1,92390990,92393985,Meis2; Dlx5; Lhx6,Prox1,Enhancer,Active,Normal,,,,Forebrain,UBERON:0001890,Mouse embryonic GE progenitor,,ganglionic eminence progenitor,CL:0002672,Enhancer activity assay, TF binding assay,ChIP-seq,Transgenic Reporter Assay
2024,38528203,Spatial enhancer activation influences inhibitory neuron identity during mouse embryonic development,Mus musculus,mm10,chr12,39300010,39302995,Meis2; Dlx5; Lhx6,Prkd1,Enhancer,Active,Normal,,,,Forebrain,UBERON:0001890,Mouse embryonic GE progenitor,,ganglionic eminence progenitor,CL:0002672,Enhancer activity assay, TF binding assay,ChIP-seq,Transgenic Reporter Assay
2024,38528203,Spatial enhancer activation influences inhibitory neuron identity during mouse embryonic development,Mus musculus,mm10,chr12,51000995,51003991,Meis2; Dlx5; Lhx6,Prox1,Enhancer,Active,Normal,,,,Forebrain,UBERON:0001890,Mouse embryonic GE progenitor,,ganglionic eminence progenitor,CL:0002672,Enhancer activity assay, TF binding assay,ChIP-seq,Transgenic Reporter Assay
2024,38528203,Spatial enhancer activation influences inhibitory neuron identity during mouse embryonic development,Mus musculus,mm10,chr12,56457933,56460958,Meis2; Dlx5; Lhx6,Sp9,Enhancer,Active,Normal,,,,Forebrain,UBERON:0001890,Mouse embryonic GE progenitor,,ganglionic eminence progenitor,CL:0002672,Enhancer activity assay, TF binding assay,ChIP-seq,Transgenic Reporter Assay
2024,38528203,Spatial enhancer activation influences inhibitory neuron identity during mouse embryonic development,Mus musculus,mm10,chr16,15601990,15604980,Meis2; Dlx5; Lhx6,Evt1,Enhancer,Active,Normal,,,,Forebrain,UBERON:0001890,Mouse embryonic GE progenitor,,ganglionic eminence progenitor,CL:0002672,Enhancer activity assay, TF binding assay,ChIP-seq,Transgenic Reporter Assay
2024,38528203,Spatial enhancer activation influences inhibitory neuron identity during mouse embryonic development,Mus musculus,mm10,chr18,8042971,8045972,Meis2; Dlx5; Lhx6,Fzd8,Enhancer,Active,Normal,,,,Forebrain,UBERON:0001890,Mouse embryonic GE progenitor,,ganglionic eminence progenitor,CL:0002672,Enhancer activity assay, TF binding assay,ChIP-seq,Transgenic Reporter Assay
2024,38528203,Spatial enhancer activation influences inhibitory neuron identity during mouse embryonic development,Mus musculus,mm10,chr2,72425536,72428482,Meis2; Dlx5; Lhx6,Tle1,Enhancer,Active,Normal,,,,Forebrain,UBERON:0001890,Mouse embryonic GE progenitor,,ganglionic eminence progenitor,CL:0002672,Enhancer activity assay, TF binding assay,ChIP-seq,Transgenic Reporter Assay
2024,38528203,Spatial enhancer activation influences inhibitory neuron identity during mouse embryonic development,Mus musculus,mm10,chr4,71482992,71486006,Meis2; Dlx5; Lhx6,Prkd1,Enhancer,Active,Normal,,,,Forebrain,UBERON:0001890,Mouse embryonic GE progenitor,,ganglionic eminence progenitor,CL:0002672,Enhancer activity assay, TF binding assay,ChIP-seq,Transgenic Reporter Assay
2024,38528203,Spatial enhancer activation influences inhibitory neuron identity during mouse embryonic development,Mus musculus,mm10,chr8,94090990,94093985,Meis2; Dlx5; Lhx6,Pou3F2,Enhancer,Active,Normal,,,,Forebrain,UBERON:0001890,Mouse embryonic GE progenitor,,ganglionic eminence progenitor,CL:0002672,Enhancer activity assay, TF binding assay,ChIP-seq,Transgenic Reporter Assay
2022,36201590,A noncoding single-nucleotide polymorphism at 8q24 drives IDH1-mutant glioma formation,Mus musculus,mm10,chr15,62345678,62345743,,Myc,Enhancer,Active,Normal,,,,Brain,UBERON:0000955,Neural stem,,neural stem cell,CL:0002672,Enhancer activity assay, TF binding assay, Chromatin interaction assay, Functional perturbation assay,RNA-seq, GAM, 4C-seq,Transgenic Reporter Assay, ChIP-RT-qPCR, RT-RT-qPCR, Western blot, Immunofluorescence
2016,26957309,Comprehensive benchmarking reveals H2BK20 acetylation as a distinctive signature of cell-state-specific enhancers and promoters,Mus musculus,mm10,chr2,86750000,86800000,,Neural Development Genes,Enhancer,Active,Normal,,,,Forebrain,UBERON:0000955,Mouse embryonic day 11.5 forebrain tissue,,embryonic forebrain cell,CL:0000000,Enhancer activity assay,ChIP-seq,Transgenic Reporter Assay
2016,26748758,Foxd3 Promotes Exit from Naive Pluripotency through Enhancer Decommissioning and Inhibits Germline Specification,Mus musculus,mm10,chr8,92145800,92146600,Foxd3,Foxd3,Enhancer,Active,Normal,,,,Embryo,UBERON:0000922,mESC,,mouse embryonic stem cell,CL:0002322,TF binding assay,ChIP-seq,ChIP-RT-qPCR
2015,25940622,The SOX9 upstream region prone to chromosomal aberrations causing campomelic dysplasia contains multiple cartilage enhancers,Mus musculus,mm10,chr11,111750000,111750100,,Sox9,Enhancer,Active,Normal,,,,Cartilage,UBERON:0002418,Primary chondrocytes,,chondrocyte,CL:0000138,Enhancer activity,ChIP-seq,Reporter assay
2015,25651906,Wnt3a signal pathways activate MyoD expression by targeting cis-elements inside and outside its distal enhancer,Mus musculus,mm10,chr7,46069079,46073575,,Myod1,Enhancer,Active,Normal,,,,Skeletal muscle,UBERON:0001134,C2C12 myoblasts,CVCL_0188,myoblast,CL:0000187,Enhancer activity assay, TF binding assay,,Luciferase Reporter Assay, ChIP-RT-qPCR, RT-RT-qPCR
2015,25651906,Wnt3a signal pathways activate MyoD expression by targeting cis-elements inside and outside its distal enhancer,Mus musculus,mm10,chr7,46084867,46086466,Pax3,Myod1,Enhancer,Active,Normal,,,,Skeletal muscle,UBERON:0001134,C2C12 myoblasts,CVCL_0188,myoblast,CL:0000187,Enhancer activity assay, TF binding assay, Functional perturbation assay,,Luciferase Reporter Assay, ChIP-RT-qPCR, RT-RT-qPCR
2015,25651906,Wnt3a signal pathways activate MyoD expression by targeting cis-elements inside and outside its distal enhancer,Mus musculus,mm10,chr7,46001197,46005694,,Myod1,Enhancer,Active,Normal,,,,Skeletal muscle,UBERON:0001134,C2C12,CVCL_0188,myoblast,CL:0000187,Enhancer activity assay, TF binding assay,,Luciferase Reporter Assay, ChIP-RT-qPCR, RT-RT-qPCR
2015,25651906,Wnt3a signal pathways activate MyoD expression by targeting cis-elements inside and outside its distal enhancer,Mus musculus,mm10,chr7,46016985,46018584,Pax3,Myod1,Enhancer,Active,Normal,,,,Skeletal muscle,UBERON:0001134,C2C12,CVCL_0188,myoblast,CL:0000187,Enhancer activity assay, TF binding assay, Functional perturbation assay,,Luciferase Reporter Assay, ChIP-RT-qPCR, RT-RT-qPCR
2015,25644599,Wnt signaling regulates MyoD expression through ??-catenin/TCF and NFAT pathways in myogenic cells,Mus musculus,mm10,chr7,44970000,44970300,,Myod1,Enhancer,Active,Normal,,,,Skeletal muscle,UBERON:0001134,C2C12,CVCL_0188,myoblast,CL:0000187,Enhancer activity assay,,Luciferase Reporter Assay
2021,34890222,Conditionally pathogenic genetic variants of a hematopoietic disease-suppressing enhancer,Mus musculus,mm10,chr6,88180000,88180500,,Gata2,Enhancer,Active,Normal,,,,Bone marrow,UBERON:0002371,Hematopoietic stem cells, HSPCs,,hematopoietic stem cell,CL:0001029,Regulatory element functional validation, in vivo mouse model validation,,CRISPR-Cas9 point mutation, RT-RT-qPCR, flow cytometry, competitive bone marrow transplantation
2019,30872687,Differential transactivation of the upstream aggrecan enhancer regulated by PAX1/9 depends on SOX9-driven transactivation,Mus musculus,mm10,chr7,94290200,94290707,Pax1,Acan,Enhancer,Active,Normal,,,,Intervertebral disc,UBERON:0001066,Annulus fibrosus,,annulus fibrosus cell,CL:0000060,Enhancer activity assay, TF binding assay,RNA-seq,Luciferase Reporter Assay, EMSA, RT-RT-qPCR
2014,24157522,A novel regulatory element for Shh expression in the lung and gut of mouse embryos,Mus musculus,mm10,chr5,28820000,28821700,,Shh,Enhancer,Active,Normal,,,,Lung,UBERON:0002048,Embryonic endodermal epithelial cells,,endodermal epithelial cell,CL:0000066,Enhancer activity assay, Chromatin interaction assay,,Transgenic reporter assay, Luciferase reporter assay, 3C assay
2014,25209250,A regulatory network controls nephrocan expression and midgut patterning,Mus musculus,mm10,chr11,96201500,96202300,Sox17,Nepn,Enhancer,Active,Normal,,,,Endoderm,UBERON:0000925,P19 cells,CVCL_2151,embryonal carcinoma cell,CL:0000031,Enhancer activity assay, TF binding assay,,Luciferase reporter assay, EMSA, RT-RT-qPCR
2014,25209250,A regulatory network controls nephrocan expression and midgut patterning,Mus musculus,mm10,chr11,96200000,96202300,Rara,Nepn,Enhancer,Active,Normal,,,,Endoderm,UBERON:0000925,P19 cells,CVCL_2151,embryonal carcinoma cell,CL:0000031,Enhancer activity assay, TF binding assay, Transgenic reporter assay,,Luciferase reporter assay, EMSA, Transgenic reporter assay, RT-RT-qPCR
2013,24204311,The Transcription Factors Sox10 and Myrf Define an Essential Regulatory Network Module in Differentiating Oligodendrocytes,Mus musculus,mm10,chr19,102157620,102158432,Sox10,Myrf,Enhancer,Active,Normal,,,,Spinal cord,UBERON:0002240,Primary oligodendrocytes,,oligodendrocyte,CL:0000128,Enhancer activity assay, TF binding assay,,Luciferase reporter assay, Transgenic reporter assay, ChIP-RT-qPCR, EMSA, RT-RT-qPCR
2015,25804738,Genome-wide characterisation of Foxa1 binding sites reveals several mechanisms for regulating neuronal differentiation in midbrain dopamine cells,Mus musculus,mm10,chr11,72560000,72561500,Foxa1,Smarca1,Enhancer,Active,Normal,,,,Midbrain,UBERON:0001891,mDA progenitors/neurons (E12.5),,dopaminergic neuron,CL:0000700,TF binding assay, Functional perturbation assay,ChIP-seq, RNA-seq,ChIP-RT-qPCR, RT-RT-qPCR, Loss-of-function assay
2015,25775043,Functional annotation of native enhancers with a Cas9-assisted histone demethylase fusion,Mus musculus,mm10,chr5,142010000,142010300,Lsd1,Tbx3,Enhancer,Active,Normal,,,,Embryo,UBERON:0000922,mESC,,mouse embryonic stem cell,CL:0002322,TF binding assay,ChIP-seq,ChIP-RT-qPCR
2011,20864515,Prep1 Controls Insulin Glucoregulatory Function in Liver by Transcriptional Targeting of SHP1 Tyrosine Phosphatase,Mus musculus,mm10,chr6,124695557,124695892,Prep1,Ptpn6,Enhancer,Active,Disease,hepatocellular carcinoma,MONDO:0007256,DOID:684,Liver,UBERON:0002107,HepG2,CVCL_0027,hepatocellular carcinoma cell,CL:0000182,Enhancer activity assay, TF binding assay,,Luciferase Reporter Assay, ChIP-RT-qPCR
2011,20864515,Prep1 Controls Insulin Glucoregulatory Function in Liver by Transcriptional Targeting of SHP1 Tyrosine Phosphatase,Mus musculus,mm10,chr6,124695557,124695892,Prep1,Ptpn6,Enhancer,Active,Disease,cervical cancer,MONDO:0001156,DOID:2871,Cervix,UBERON:0000002,HeLa,CVCL_0030,cervical adenocarcinoma cell,CL:0000069,Enhancer activity assay, TF binding assay,,Luciferase Reporter Assay, ChIP-RT-qPCR
2011,20864515,Prep1 Controls Insulin Glucoregulatory Function in Liver by Transcriptional Targeting of SHP1 Tyrosine Phosphatase,Mus musculus,mm10,chr6,124695557,124695892,Prep1,Ptpn6,Enhancer,Active,Normal,,,,Liver,UBERON:0002107,NMuLi,,hepatocyte,CL:0000182,Enhancer activity assay, TF binding assay,,Luciferase Reporter Assay, ChIP-RT-qPCR
2011,20942803,The pancreatic islet ??-cell-enriched transcription factor Pdx-1 regulates Slc30a8 gene transcription through an intronic enhancer,Mus musculus,mm10,chr15,52159003,52159479,,Slc30A8,Enhancer,Active,Normal,,,,Pancreas,UBERON:0001264,??TC-3,CVCL_B077,pancreatic beta cell,CL:0000169,Enhancer activity assay,,Luciferase Reporter Assay
2011,20942803,The pancreatic islet ??-cell-enriched transcription factor Pdx-1 regulates Slc30a8 gene transcription through an intronic enhancer,Mus musculus,mm10,chr15,52159003,52159479,,Slc30A8,Enhancer,Active,Normal,,,,Pancreas,UBERON:0001264,??TC-6,CVCL_B078,pancreatic beta cell,CL:0000169,Enhancer activity assay,,Luciferase Reporter Assay
2011,20942803,The pancreatic islet ??-cell-enriched transcription factor Pdx-1 regulates Slc30a8 gene transcription through an intronic enhancer,Mus musculus,mm10,chr15,52159003,52159479,,Slc30A8,Enhancer,Active,Disease,cervical cancer,MONDO:0001156,DOID:2871,Cervix,UBERON:0000002,HeLa,CVCL_0030,cervical adenocarcinoma cell,CL:0000069,Enhancer activity assay,,Luciferase Reporter Assay
2011,21464046,Nkx2-5 represses Gata1 gene expression and modulates its hematopoietic enhancer,Mus musculus,mm10,chrX,7826505,7830405,,Gata1,Enhancer,Silenced,Disease,chronic myeloid leukemia,MONDO:0011998,DOID:8552,Bone marrow,UBERON:0002371,K562,CVCL_0004,chronic myeloid leukemia cell,CL:0001054,Enhancer activity assay, TF binding assay,,Luciferase Reporter Assay, Transgenic Reporter Assay
2011,21464046,Nkx2-5 represses Gata1 gene expression and modulates its hematopoietic enhancer,Mus musculus,mm10,chrX,7826505,7830405,,Gata1,Enhancer,Silenced,Normal,,,,Bone marrow,UBERON:0002371,ES,,embryonic stem cell,CL:0002322,Enhancer activity assay, TF binding assay,,Luciferase Reporter Assay, Transgenic Reporter Assay
2011,21326212,Tbx6-dependent Sox2 regulation determines neural vs mesodermal fate in axial stem cells,Mus musculus,mm10,chr3,14768,15068,Tbx6,Sox2,Enhancer,Active,Normal,,,,Embryo,UBERON:0000922,Axial stem cells,,axial stem cell,CL:0000037,Enhancer activity assay, Functional perturbation assay,,Transgenic Reporter Assay, CRISPR Knockout, EMSA, RT-RT-qPCR
2011,21652669,Suppression of the Pancreatic Duodenal Homeodomain Transcription Factor-1 (Pdx-1) Promoter by Sterol Regulatory Element-binding Protein-1c (SREBP-1c),Mus musculus,mm10,chr12,53052517,53052542,,Pdx1,Enhancer,Active,Normal,,,,Pancreatic islet,UBERON:0001264,INS-1,CVCL_0352,pancreatic beta cell,CL:0000169,Enhancer activity assay,,Luciferase Reporter Assay, ChIP-RT-qPCR, EMSA
2011,21652669,Suppression of the Pancreatic Duodenal Homeodomain Transcription Factor-1 (Pdx-1) Promoter by Sterol Regulatory Element-binding Protein-1c (SREBP-1c),Mus musculus,mm10,chr12,53052517,53052542,,Pdx1,Enhancer,Active,Normal,,,,Pancreatic islet,UBERON:0001264,HIT,CVCL_0294,pancreatic beta cell,CL:0000169,Enhancer activity assay,,Luciferase Reporter Assay, ChIP-RT-qPCR, EMSA
2010,20036227,Estrogen regulates the expression of N-methyl-D-aspartate (NMDA) receptor subunit epsilon 4 (Grin2d), that is essential for the normal sexual behavior in female mice,Mus musculus,mm10,chr7,6720559,6721159,,Grin2D,Enhancer,Active,Normal,,,,Hypothalamus,UBERON:0001898,Primary Hypothalamic Cells,,hypothalamic cell,CL:0000540,Enhancer activity assay, Functional perturbation assay,,RT-RT-qPCR, CRISPR Knockout
2009,18984737,Methyltransferase Set7/9 Maintains Transcription and Euchromatin Structure at Islet-Enriched Genes,Mus musculus,mm10,chr9,107683970,107684232,Pdx1,Setd7,Enhancer,Active,Normal,,,,Pancreas,UBERON:0001264,Islet,,pancreatic islet cell,CL:0000168,Enhancer activity assay, TF binding assay,,Luciferase Reporter Assay, ChIP-RT-qPCR, EMSA
2009,19584292,Activating Transcription Factor 2 and c-Jun-Mediated Induction of FoxP3 for Experimental Therapy of Mammary Tumor in the Mouse,Mus musculus,mm10,chrX,4905800,4906065,Atf2,Foxp3,Enhancer,Active,Disease,breast carcinoma,MONDO:0006120,DOID:1612,Mammary Gland,UBERON:0001911,4T1,CVCL_0125,breast carcinoma cell,CL:0000646,Enhancer activity assay, TF binding assay,,Luciferase Reporter Assay, ChIP-RT-qPCR, EMSA, RT-RT-qPCR
2009,19584292,Activating Transcription Factor 2 and c-Jun-Mediated Induction of FoxP3 for Experimental Therapy of Mammary Tumor in the Mouse,Mus musculus,mm10,chrX,4905800,4906065,Atf2,Foxp3,Enhancer,Active,Disease,breast carcinoma,MONDO:0006120,DOID:1612,Mammary Gland,UBERON:0001911,TSA,CVCL_Z585,breast carcinoma cell,CL:0000646,Enhancer activity assay, TF binding assay,,Luciferase Reporter Assay, ChIP-RT-qPCR, EMSA, RT-RT-qPCR
2009,19584292,Activating Transcription Factor 2 and c-Jun-Mediated Induction of FoxP3 for Experimental Therapy of Mammary Tumor in the Mouse,Mus musculus,mm10,chrX,4905800,4906065,Atf2,Foxp3,Enhancer,Active,Normal,,,,Mammary Gland,UBERON:0001911,Primary Mammary Epithelial Cells,,mammary epithelial cell,CL:0000066,Enhancer activity assay, TF binding assay,,Luciferase Reporter Assay, ChIP-RT-qPCR, EMSA, RT-RT-qPCR
2007,17094106,Mouse naked cuticle 2 (mNkd2) as a direct transcriptional target of Hoxc8 in vivo,Mus musculus,mm10,chr10,127874742,127875307,Hoxc8,Nkd2,Enhancer,Silenced,Normal,,,,Embryo,UBERON:0000922,NIH3T3,CVCL_0594,fibroblast,CL:0000057,Enhancer activity assay, TF binding assay, Functional perturbation assay,,Luciferase Reporter Assay, ChIP-RT-qPCR, EMSA, RT-RT-qPCR
2007,17094106,Mouse naked cuticle 2 (mNkd2) as a direct transcriptional target of Hoxc8 in vivo,Mus musculus,mm10,chr10,127874742,127875307,Hoxc8,Nkd2,Enhancer,Silenced,Normal,,,,Embryo,UBERON:0000922,MEF,CVCL_0003,mouse embryonic fibroblast,CL:0000057,Enhancer activity assay, TF binding assay, Functional perturbation assay,,Luciferase Reporter Assay, ChIP-RT-qPCR, EMSA, RT-RT-qPCR
2005,15798193,Identification of Neuronal Enhancers of the Proopiomelanocortin Gene by Transgenic Mouse Analysis and Phylogenetic Footprinting,Mus musculus,mm10,chr12,103437276,103437876,,Pomc,Enhancer,Active,Normal,,,,Hypothalamus,UBERON:0001898,POMC Arcuate Neuron,,POMC neuron,CL:0000540,Enhancer activity assay,,Transgenic Reporter Assay, CRISPR Knockout
2000,11120820,The Murine IL-2 Promoter Contains Distal Regulatory Elements Responsive to the Ah Receptor, a Member of the Evolutionarily Conserved bHLH-PAS Transcription Factor Family,Mus musculus,mm10,chr3,37389739,37389753,Ahr,Il2,Enhancer,Active,Normal,,,,Thymus,UBERON:0002370,Thymocytes,,thymocyte,CL:0000893,Enhancer activity assay, TF binding assay,,Luciferase Reporter Assay, EMSA, RT-RT-qPCR, ELISA
2000,11120820,The Murine IL-2 Promoter Contains Distal Regulatory Elements Responsive to the Ah Receptor, a Member of the Evolutionarily Conserved bHLH-PAS Transcription Factor Family,Mus musculus,mm10,chr3,37389739,37389753,Ahr,Il2,Enhancer,Active,Normal,,,,Thymus,UBERON:0002370,Splenic T cells,,T cell,CL:0000084,Enhancer activity assay, TF binding assay,,Luciferase Reporter Assay, EMSA, RT-RT-qPCR, ELISA
1983,6409418,A lymphocyte-specific cellular enhancer is located downstream of the joining region in immunoglobulin heavy chain genes,Mus musculus,mm10,chr12,114666216,114667377,,Igh,Enhancer,Active,Disease,plasmacytoma,MONDO:0005105,DOID:2090,Lymphoid tissue,UBERON:0001745,X63-Ag8,CVCL_3415,plasmacytoma cell,CL:0000945,Enhancer activity assay, TF binding assay,,Luciferase Reporter Assay, EMSA
2019,31085606,Hepatic BMP9 improves glucose and lipid metabolism via SREBP-1c suppression,Mus musculus,mm10,chr10,89234500,89236669,,Luc,Enhancer,Active,Disease,hepatocellular carcinoma,MONDO:0007256,DOID:684,Liver,UBERON:0002107,HepG2,CVCL_0027,hepatocellular carcinoma cell,CL:0000182,Enhancer activity assay,,Luciferase Reporter Assay
2024,38504114,Multicenter integrated analysis of noncoding CRISPRi screens,Mus musculus,mm10,chr4,156021490,156022916,,Tnfrsf18,Enhancer,Active,Normal,,,,Spleen,UBERON:0002106,Primary mouse regulatory T cells,,regulatory T cell,CL:0000815,Functional perturbation assay, Enhancer activity assay,CRISPRi screening, ATAC-seq,Flow cytometry
2023,36747241,CEBP??/miR-101b-3p promotes meningoencephalitis in mice infected with Angiostrongylus cantonensis by promoting microglial pyroptosis,Mus musculus,mm10,chr19,29129170,29131699,,Mmu-Mir-101B-3P,Enhancer,Active,Disease,,,,Brain,UBERON:0000955,BV2 microglia,CVCL_0182,microglial cell,CL:0000129,Enhancer activity assay, TF binding assay,RNA-seq,Luciferase Reporter Assay, qRT-PCR, Western blot
2023,36969227,A cis-element at the Rorc locus regulates the development of type 3 innate lymphoid cells,Mus musculus,mm10,chr3,93993657,93995818,,Rorc,Enhancer,Active,Normal,,,,Small intestine,UBERON:0002108,ILC3s,,innate lymphoid cell,CL:0000945,Functional perturbation assay,RNA-seq,CRISPR Knockout, qRT-PCR
2023,37217546,Nicotinamide N-methyltransferase (NNMT) regulates the glucocorticoid signaling pathway during the early phase of adipogenesis,Mus musculus,mm10,chr9,48605113,48605195,Cebpb,Nnmt,Enhancer,Active,Normal,,,,Adipose tissue,UBERON:0001013,3T3-L1 preadipocytes,CVCL_0123,preadipocyte,CL:0000136,Enhancer activity assay, TF binding assay,RNA-seq,Luciferase Reporter Assay, ChIP-RT-qPCR, qRT-PCR
2023,37217546,Nicotinamide N-methyltransferase (NNMT) regulates the glucocorticoid signaling pathway during the early phase of adipogenesis,Mus musculus,mm10,chr9,48606327,48606478,Cebpb,Nnmt,Enhancer,Active,Normal,,,,Adipose tissue,UBERON:0001013,3T3-L1 preadipocytes,CVCL_0123,preadipocyte,CL:0000136,Enhancer activity assay, TF binding assay,RNA-seq,Luciferase Reporter Assay, ChIP-RT-qPCR, qRT-PCR
2024,38448444,Dynamic enhancer landscapes in human craniofacial development,Mus musculus,mm10,chr15,34751000,34754612,,Pop1,Enhancer,Silenced,Normal,,,,Embryonic craniofacial tissue,UBERON:0000922,Embryonic craniofacial cells,,mesenchymal cell,CL:0000134,Enhancer activity assay,ChIP-seq,Transgenic Reporter Assay
2017,29273679,The HoxD cluster is a dynamic and resilient TAD boundary controlling the segregation of antagonistic regulatory landscapes,Mus musculus,mm10,chr2,73970064,73983434,,Hoxd9,Enhancer,Active,Normal,,,,Limb bud,UBERON:0005417,Primary limb cells,,limb mesenchyme cell,CL:0000134,Enhancer activity assay,Hi-C, 4C-seq,LacZ Reporter Assay, RT-RT-qPCR
2018,29284139,Coordinated D-cyclin/Foxd1 activation drives mitogenic activity of the Sonic Hedgehog signaling pathway,Mus musculus,mm10,chr13,98353215,98355279,,Foxd1,Enhancer,Active,Normal,,,,Face,UBERON:0001456,iMEFs,,mouse embryonic fibroblast,CL:0000057,Functional perturbation assay,,CRISPR Knockout, RT-RT-qPCR
2024,38923989,A distal enhancer of GATA3 regulates Th2 differentiation and allergic inflammation,Mus musculus,mm10,chr2,8936092,8980864,,Gata3,Enhancer,Active,Normal,,,,Thymus,UBERON:0002370,CD4+ T cell,,CD4-positive T cell,CL:0000624,Functional perturbation assay,,CRISPR Knockout
2014,25223790,Comparison of TALE designer transcription factors and the CRISPR/dCas9 in regulation of gene expression by targeting enhancers,Mus musculus,mm10,chr17,35500000,35501700,,46299,Enhancer,Active,Normal,,,,Embryo,UBERON:0000922,Mouse embryonic fibroblasts,CVCL_0003,mouse embryonic fibroblast,CL:0000057,Enhancer activity assay, Functional perturbation assay,,Luciferase Reporter Assay, ChIP-RT-qPCR, RT-RT-qPCR, Flow Cytometry
2014,25223790,Comparison of TALE designer transcription factors and the CRISPR/dCas9 in regulation of gene expression by targeting enhancers,Mus musculus,mm10,chr6,12265000,12266000,,Nanog,Enhancer,Active,Normal,,,,Embryo,UBERON:0000922,Epiblast stem cells,,epiblast stem cell,CL:0002322,Enhancer activity assay, Functional perturbation assay,,Luciferase Reporter Assay, ChIP-RT-qPCR, RT-RT-qPCR, Flow Cytometry
2015,25644605,PRDM16 enhances nuclear receptor-dependent transcription of the brown fat-specific Ucp1 gene through interactions with Mediator subunit MED1,Mus musculus,mm10,chr8,105552148,105552347,Prdm16,Ucp1,Enhancer,Active,Normal,,,,Embryo,UBERON:0000922,Mouse embryonic fibroblasts,CVCL_0003,mouse embryonic fibroblast,CL:0000057,Enhancer activity assay, TF binding assay, Chromatin interaction assay,,Luciferase Reporter Assay, ChIP-RT-qPCR, RT-RT-qPCR, Western blot, Co-IP, In vitro transcription assay
2015,25644605,PRDM16 enhances nuclear receptor-dependent transcription of the brown fat-specific Ucp1 gene through interactions with Mediator subunit MED1,Mus musculus,mm10,chr8,123453500,123453720,,Ucp1,Enhancer,Active,Normal,,,,Embryo,UBERON:0000922,Mouse embryonic fibroblasts,CVCL_0003,mouse embryonic fibroblast,CL:0000057,Enhancer activity assay,,Luciferase Reporter Assay
2025,40404660,Massively parallel reporter assays and mouse transgenic assays provide correlated and complementary information about neuronal enhancer activity,Mus musculus,mm10,chr6,97306690,97307260,,Gpr63,Enhancer,Active,Normal,,,,Brain,UBERON:0000955,Neurons,,neuron,CL:0000540,Enhancer activity assay,RNA-seq, ATAC-seq,Transgenic Reporter Assay
2018,30537984,Enhancers in the Peril lincRNA locus regulate distant but not local genes,Mus musculus,mm10,chr3,34765000,34767361,,Mccc1,Enhancer,Active,Normal,,,,Embryo,UBERON:0000922,Mouse embryonic stem cells,,mouse embryonic stem cell,CL:0002322,Enhancer activity assay, Functional perturbation assay, Chromatin interaction assay,MPRA, RNA-seq, Hi-C,qRT-PCR, and ChIP-qPCR
2015,25490687,Identification of Hypothalamic Arcuate Nucleus-Specific Enhancer Region of Kiss1 Gene in Mice,Mus musculus,mm10,chr10,74487110,74497835,Esr1,Kiss1,Enhancer,Active,Normal,,,,Hypothalamus,UBERON:0001898,Arcuate nucleus neurons,,arcuate nucleus neuron,CL:0000540,Enhancer activity assay, Chromatin interaction assay, TF binding assay,,Transgenic Reporter Assay, 3C, ChIP-RT-qPCR, Immunofluorescence
2015,26364592,A highly conserved NF-??B-responsive enhancer is critical for thymic expression of Aire in mice,Mus musculus,mm10,chr10,177510950,177511040,,Aire,Enhancer,Active,Normal,,,,Thymus,UBERON:0002370,mTEC,,medullary thymic epithelial cell,CL:0002366,Enhancer activity assay,,Luciferase Reporter Assay
2015,26110280,An insulator element located at the cyclin B1 interacting protein 1 gene locus is highly conserved among mammalian species,Mus musculus,mm10,chr11,96840000,96840185,,Ccnb1Ip1,Enhancer,Active,Normal,,,,Embryo,UBERON:0000922,E9.5 embryo,,mouse embryo,CL:0000000,Enhancer activity assay,,Luciferase Reporter Assay
2024,38509385,Increased enhancer-promoter interactions during developmental enhancer activation in mammals,Mus musculus,mm10,chr13,84638399,84640848,,Mir9-2,Enhancer,Active,Normal,,,,Forebrain,UBERON:0001890,transgenic mouse embryo,,mouse embryo,CL:0000000,CRISPR deletion, Transgenic reporter assay,Capture Hi-C,RT-RT-qPCR, lacZ whole-mount staining
2024,38509385,Increased enhancer-promoter interactions during developmental enhancer activation in mammals,Mus musculus,mm10,chr13,84751727,84752626,,Mir9-2,Enhancer,Active,Normal,,,,Forebrain,UBERON:0001890,transgenic mouse embryo,,mouse embryo,CL:0000000,CRISPR deletion, Transgenic reporter assay,Capture Hi-C,RT-RT-qPCR, lacZ whole-mount staining
2013,24009265,The control of hematopoietic stem cell maintenance, self-renewal, and differentiation by Mysm1-mediated epigenetic regulation,Mus musculus,mm10,chr11,98250000,98285000,Gata2,Gfi1,Enhancer,Active,Normal,,,,Bone marrow,UBERON:0002371,Hematopoietic stem cells,,hematopoietic stem cell,CL:0001029,Enhancer activity assay, TF binding assay,,ChIP-RT-qPCR, Luciferase reporter assay
2011,21652712,Suppression of the Pancreatic Duodenal Homeodomain Transcription Factor-1 (Pdx-1) Promoter by Sterol Regulatory Element-binding Protein-1c,Mus musculus,mm10,chr5,148601086,148601161,,Pdx1,Enhancer,Silenced,Normal,,,,Pancreas,UBERON:0001264,INS-1,CVCL_0352,pancreatic beta cell,CL:0000169,Enhancer activity assay, TF binding assay, Functional perturbation assay,,Luciferase Reporter Assay, ChIP-RT-qPCR, RT-RT-qPCR, RNAi
2011,21652712,Suppression of the Pancreatic Duodenal Homeodomain Transcription Factor-1 (Pdx-1) Promoter by Sterol Regulatory Element-binding Protein-1c,Mus musculus,mm10,chr5,148601086,148601161,,Pdx1,Enhancer,Silenced,Normal,,,,Pancreas,UBERON:0001264,?? cell lines,,,,Enhancer activity assay, TF binding assay, Functional perturbation assay,,Luciferase Reporter Assay, ChIP-RT-qPCR, RT-RT-qPCR, RNAi
2011,21454523,Cohesin Mediates Chromatin Interactions That Regulate Mammalian ??-globin Expression,Mus musculus,mm10,chr7,103826000,103826500,Rad21,Hbb-B1,Enhancer,Active,Normal,,,,Fetal liver,UBERON:0002107,MEL erythroleukemia cells,CVCL_2109,erythroid progenitor cell,CL:0000038,Enhancer activity assay, Chromatin interaction assay, Functional perturbation assay,,3C, ChIP-loop, ChIP-RT-qPCR, siRNA Knockdown, RT-RT-qPCR
2009,19584292,Activating Transcription Factor 2 and c-Jun-Mediated Induction of FoxP3 for Experimental Therapy of Mammary Tumor in the Mouse,Mus musculus,mm10,chrX,4899200,4899465,Atf2,Foxp3,Enhancer,Active,Disease,breast carcinoma,MONDO:0006120,DOID:1612,Mammary Gland,UBERON:0001911,4T1,CVCL_0125,breast carcinoma cell,CL:0000646,Enhancer activity assay, TF binding assay,,Luciferase Reporter Assay, ChIP-RT-qPCR
2009,19584292,Activating Transcription Factor 2 and c-Jun-Mediated Induction of FoxP3 for Experimental Therapy of Mammary Tumor in the Mouse,Mus musculus,mm10,chrX,4899200,4899465,Atf2,Foxp3,Enhancer,Active,Disease,breast carcinoma,MONDO:0006120,DOID:1612,Mammary Gland,UBERON:0001911,TSA,CVCL_Z585,breast carcinoma cell,CL:0000646,Enhancer activity assay, TF binding assay,,Luciferase Reporter Assay, ChIP-RT-qPCR
2008,18552207,Stem cell-specific epigenetic priming and B cell-specific transcriptional activation at the mouse Cd19 locus,Mus musculus,mm10,chr7,1911568,1911832,E2A,Cd19,Enhancer,Active,Normal,,,,Bone Marrow,UBERON:0002371,Pro-B cells,,pro-B cell,CL:0000945,Enhancer activity assay, TF binding assay,DNase-seq,Luciferase Reporter Assay, ChIP-RT-qPCR, RT-RT-qPCR
2008,18552207,Stem cell-specific epigenetic priming and B cell-specific transcriptional activation at the mouse Cd19 locus,Mus musculus,mm10,chr7,1911568,1911832,E2A,Cd19,Enhancer,Active,Normal,,,,Bone Marrow,UBERON:0002371,B cells,,B cell,CL:0000945,Enhancer activity assay, TF binding assay,DNase-seq,Luciferase Reporter Assay, ChIP-RT-qPCR, RT-RT-qPCR
2008,18552207,Stem cell-specific epigenetic priming and B cell-specific transcriptional activation at the mouse Cd19 locus,Mus musculus,mm10,chr7,1911568,1911832,E2A,Cd19,Enhancer,Active,Normal,,,,Bone Marrow,UBERON:0002371,Multipotent Progenitors,,multipotent progenitor cell,CL:0000837,Enhancer activity assay, TF binding assay,DNase-seq,Luciferase Reporter Assay, ChIP-RT-qPCR, RT-RT-qPCR
2006,16709834,CD86 Stimulation on a B Cell Activates the Phosphatidylinositol 3-Kinase/Akt and Phospholipase Cgamma2/Protein Kinase C Signaling Pathways,Mus musculus,mm10,chr12,114450000,114450225,Nfkb1,Ighg1,Enhancer,Active,Normal,,,,Spleen,UBERON:0002106,CH12.LX,CVCL_5199,B cell,CL:0000945,Enhancer activity assay, TF binding assay,,Luciferase Reporter Assay, ChIP-RT-qPCR, RT-RT-qPCR, ELISA
2006,16709834,CD86 Stimulation on a B Cell Activates the Phosphatidylinositol 3-Kinase/Akt and Phospholipase Cgamma2/Protein Kinase C Signaling Pathways,Mus musculus,mm10,chr12,114450000,114450225,Nfkb1,Ighg1,Enhancer,Active,Disease,B-cell lymphoma,MONDO:0005029,DOID:164,Spleen,UBERON:0002106,A20,CVCL_1940,B cell lymphoma cell,CL:0000945,Enhancer activity assay, TF binding assay,,Luciferase Reporter Assay, ChIP-RT-qPCR, RT-RT-qPCR, ELISA
2006,16709834,CD86 Stimulation on a B Cell Activates the Phosphatidylinositol 3-Kinase/Akt and Phospholipase Cgamma2/Protein Kinase C Signaling Pathways,Mus musculus,mm10,chr12,114450000,114450225,Nfkb1,Ighg1,Enhancer,Active,Normal,,,,Spleen,UBERON:0002106,Primary B Cells,,B cell,CL:0000945,Enhancer activity assay, TF binding assay,,Luciferase Reporter Assay, ChIP-RT-qPCR, RT-RT-qPCR, ELISA
2019,31290539,A 50bp enhancer of the mouse Acrv1 gene activates round spermatid-specific transcription in vivo,Mus musculus,mm10,chr9,110254800,110254851,,Luc,Enhancer,Active,Normal,,,,Testis,UBERON:0000473,Round spermatids,,spermatid,CL:0000018,Enhancer activity assay,,Transgenic Reporter Assay, Luciferase Reporter Assay
2019,30739802,The cis-Regulatory Atlas of the Mouse Immune System,Mus musculus,mm10,chr6,71233400,71233600,,Cd8A,Enhancer,Active,Normal,,,,Thymus,UBERON:0002370,CD8+ T,,CD8-positive T cell,CL:0000625,Enhancer activity assay,ATAC-seq, RNA-seq,Transgenic Reporter Assay
2019,31290539,A 50bp enhancer of the mouse Acrv1 gene activates round spermatid-specific transcription in vivo,Mus musculus,mm10,chr9,59048862,59048913,,Acrv1,Enhancer,Active,Normal,,,,Testis,UBERON:0000473,Round spermatids,,spermatid,CL:0000018,Enhancer activity assay, TF binding assay,,Transgenic Reporter Assay, Luciferase Reporter Assay
2019,31744543,ETV2/ER71 regulates the generation of FLK1+ cells from mouse embryonic stem cells through miR-126-MAPK signaling,Mus musculus,mm10,chr8,47323116,47325387,,Flk1 (Kdr),Enhancer,Active,Normal,,,,Embryo,UBERON:0000922,Mouse Embryonic Stem Cells (mESCs),,mouse embryonic stem cell,CL:0002322,Enhancer activity assay, TF binding assay,miRNA sequencing, RNA-seq,Luciferase Reporter Assay, ChIP-PCR, qRT-PCR, Western blot
2021,34739481,The Nestin neural enhancer is essential for normal levels of endogenous Nestin in neuroprogenitors but is not required for embryo development,Mus musculus,mm10,chr10,87376120,87376374,,Nes,Enhancer,Active,Normal,,,,Central nervous system,UBERON:0001017,Embryonic neuroprogenitor cells,,neural progenitor cell,CL:0002672,Functional perturbation assay, Enhancer activity assay,,CRISPR Knockout, qRT-PCR, In situ hybridization, Immunohistochemistry
2024,38448444,Dynamic enhancer landscapes in human craniofacial development,Mus musculus,mm10,chr9,55546300,55546600,,Isl2,Enhancer,Active,Normal,,,,Embryonic craniofacial tissue,UBERON:0000922,Sensory neurons,,sensory neuron,CL:0000101,Enhancer activity assay,snATAC-seq, scRNA-seq,Transgenic Reporter Assay
2024,38448444,Dynamic enhancer landscapes in human craniofacial development,Mus musculus,mm10,chr9,55546300,55546600,,Scaper,Enhancer,Active,Normal,,,,Embryonic craniofacial tissue,UBERON:0000922,epithelial cells,,epithelial cell,CL:0000066,Enhancer activity assay,snATAC-seq, scRNA-seq,Transgenic Reporter Assay
2024,38448444,Dynamic enhancer landscapes in human craniofacial development,Mus musculus,mm10,chr7,66376000,66378000,,Lrrk1,Enhancer,Active,Normal,,,,Embryonic craniofacial tissue,UBERON:0000922,Epithelial cells,,epithelial cell,CL:0000066,Enhancer activity assay,snATAC-seq, scRNA-seq,Transgenic Reporter Assay
2023,36749647,Prdm6 drives ductus arteriosus closure by promoting ductus arteriosus smooth muscle cell identity and contractility,Mus musculus,mm10,chr15,100452350,100452650,Prdm6,Acta2,Enhancer,Active,Normal,,,,Heart,UBERON:0000948,Mouse outflow tract smooth muscle,,smooth muscle cell,CL:0000192,TF binding assay,ChIP-seq,qRT-PCR, and ChIP-qPCR
2018,29284139,Coordinated D-cyclin/Foxd1 activation drives mitogenic activity of the Sonic Hedgehog signaling pathway,Mus musculus,mm10,chr7,150644800,150646500,,Foxd1,Enhancer,Silenced,Normal,,,,Face,UBERON:0001456,iMEFs,,mouse embryonic fibroblast,CL:0000057,Enhancer activity assay,,Luciferase Reporter Assay, RT-RT-qPCR
2018,30537984,Enhancers in the Peril lincRNA locus regulate distant but not local genes,Mus musculus,mm10,chr11,3650000,3652019,,Morc2A,Enhancer,Active,Normal,,,,Skeletal Muscle,UBERON:0001134,Mouse myoblast cell,CVCL_0188,myoblast,CL:0000056,Enhancer activity assay,MPRA,qRT-PCR, and ChIP-qPCR
2018,30537984,Enhancers in the Peril lincRNA locus regulate distant but not local genes,Mus musculus,mm10,chr13,10543000,10544508,,Enc1,Enhancer,Active,Normal,,,,Skeletal Muscle,UBERON:0001134,Mouse myoblast cell,CVCL_0188,myoblast,CL:0000056,Enhancer activity assay,MPRA,qRT-PCR, and ChIP-qPCR
2018,30537984,Enhancers in the Peril lincRNA locus regulate distant but not local genes,Mus musculus,mm10,chr17,29065000,29066050,,Cdkn1A,Enhancer,Active,Normal,,,,Skeletal Muscle,UBERON:0001134,Mouse myoblast cell,CVCL_0188,myoblast,CL:0000056,Enhancer activity assay,MPRA,qRT-PCR, and ChIP-qPCR
2018,30537984,Enhancers in the Peril lincRNA locus regulate distant but not local genes,Mus musculus,mm10,chr17,29072000,29073308,,Cdkn1A,Enhancer,Active,Normal,,,,Skeletal Muscle,UBERON:0001134,Mouse myoblast cell,CVCL_0188,myoblast,CL:0000056,Enhancer activity assay,MPRA,qRT-PCR, and ChIP-qPCR
2025,37225984,BRD4 in Cx3cr1-positive macrophages drives proinflammatory transcription in heart failure pathogenesis,Mus musculus,mm10,chr3,54351833,54571175,Creb5; Runx2; Arid5A,Meox1,Enhancer,Active,Disease,,,,Heart,UBERON:0000948,Cardiac Fibroblast,,cardiac fibroblast,CL:0002547,Chromatin interaction assay,scATAC-seq,ChIP-RT-qPCR, RT-RT-qPCR
2024,38509385,Increased enhancer-promoter interactions during developmental enhancer activation in mammals,Mus musculus,mm10,chr13,84570044,84572517,,Mir9-2,Enhancer,Active,Normal,,,,Neural tube,UBERON:0000934,transgenic mouse embryo,,mouse embryo,CL:0000000,CRISPR deletion, Transgenic reporter assay,Capture Hi-C,RT-RT-qPCR, lacZ whole-mount staining
2016,26645089,Characterizing a distal muscle enhancer in the mouse Igf2 locus,Mus musculus,mm10,chr7,142580000,142580293,,Igf2,Enhancer,Active,Normal,,,,Skeletal muscle,UBERON:0001134,C3H10T1/2,CVCL_0190,mesenchymal stem cell,CL:0000134,Enhancer activity assay, Functional perturbation assay,,Transgenic reporter assay, RT-RT-qPCR, Western blot
2016,26645089,Characterizing a distal muscle enhancer in the mouse Igf2 locus,Mus musculus,mm10,chr7,142580000,142580293,,Igf2,Enhancer,Active,Normal,,,,Skeletal muscle,UBERON:0001134,Myoblasts,,myoblast,CL:0000056,Enhancer activity assay, Functional perturbation assay,,Transgenic reporter assay, RT-RT-qPCR, Western blot
2011,21486496,Identification of a novel intronic enhancer responsible for the transcriptional regulation of musashi1 in neural stem/progenitor cells,Mus musculus,mm10,chr5,115502658,115512658,,Msi1,Enhancer,Active,Normal,,,,Nervous system,UBERON:0001016,NS/PCs,,neural stem cell,CL:0002672,Enhancer activity assay,,Luciferase Reporter Assay
2011,21486496,Identification of a novel intronic enhancer responsible for the transcriptional regulation of musashi1 in neural stem/progenitor cells,Mus musculus,mm10,chr5,115502658,115512658,,Msi1,Enhancer,Active,Normal,,,,Nervous system,UBERON:0001016,ESCs,,embryonic stem cell,CL:0002322,Enhancer activity assay,,Luciferase Reporter Assay
2011,21486496,Identification of a novel intronic enhancer responsible for the transcriptional regulation of musashi1 in neural stem/progenitor cells,Mus musculus,mm10,chr5,115574958,115575553,Sox2,Msi1,Enhancer,Active,Normal,,,,Nervous system,UBERON:0001016,NS/PCs,,neural stem cell,CL:0002672,Enhancer activity assay, TF binding assay,,Luciferase Reporter Assay, ChIP-RT-qPCR
2011,21486496,Identification of a novel intronic enhancer responsible for the transcriptional regulation of musashi1 in neural stem/progenitor cells,Mus musculus,mm10,chr5,115574958,115575553,Sox2,Msi1,Enhancer,Active,Normal,,,,Nervous system,UBERON:0001016,ESCs,,embryonic stem cell,CL:0002322,Enhancer activity assay, TF binding assay,,Luciferase Reporter Assay, ChIP-RT-qPCR
2011,21549805,Differential regulation of sense and antisense promoter activity at the Csf1R locus in B cells by the transcription factor PAX5,Mus musculus,mm10,chr18,61235500,61235837,Pax5,Csf1R,Enhancer,Active,Normal,,,,Blood,UBERON:0000178,RAW264,CVCL_0493,macrophage,CL:0000235,Enhancer activity assay, TF binding assay,,Luciferase Reporter Assay, ChIP-RT-qPCR
2011,21549805,Differential regulation of sense and antisense promoter activity at the Csf1R locus in B cells by the transcription factor PAX5,Mus musculus,mm10,chr18,61235500,61235837,Pax5,Csf1R,Enhancer,Active,Normal,,,,Blood,UBERON:0000178,38B9,CVCL_UE53,pre-B cell,CL:0000945,Enhancer activity assay, TF binding assay,,Luciferase Reporter Assay, ChIP-RT-qPCR
2011,21549805,Differential regulation of sense and antisense promoter activity at the Csf1R locus in B cells by the transcription factor PAX5,Mus musculus,mm10,chr18,61235500,61235837,Pax5,Csf1R,Enhancer,Active,Disease,B-cell lymphoma,MONDO:0005029,DOID:164,Blood,UBERON:0000178,A20,CVCL_1940,B cell lymphoma cell,CL:0000945,Enhancer activity assay, TF binding assay,,Luciferase Reporter Assay, ChIP-RT-qPCR
2023,37542287,FACT regulates pluripotency through proximal and distal regulation of gene expression in murine embryonic stem cells,Mus musculus,mm10,chr6,122612768,122617768,,Nanog,SE,Active,Normal,,,,Embryo,UBERON:0000922,murine embryonic stem cells (mESCs),,mouse embryonic stem cell,CL:0002322,Enhancer activity assay, TF binding assay, Chromatin interaction assay,,Luciferase Reporter Assay, ChIP-RT-qPCR, qRT-PCR
2023,37542287,FACT regulates pluripotency through proximal and distal regulation of gene expression in murine embryonic stem cells,Mus musculus,mm10,chr6,122652768,122657768,,Nanog,SE,Active,Normal,,,,Embryo,UBERON:0000922,murine embryonic stem cells (mESCs),,mouse embryonic stem cell,CL:0002322,Enhancer activity assay, TF binding assay, Chromatin interaction assay,,Luciferase Reporter Assay, ChIP-RT-qPCR, qRT-PCR
2023,37542287,FACT regulates pluripotency through proximal and distal regulation of gene expression in murine embryonic stem cells,Mus musculus,mm10,chr6,122717768,122722768,,Nanog,SE,Active,Normal,,,,Embryo,UBERON:0000922,murine embryonic stem cells (mESCs),,mouse embryonic stem cell,CL:0002322,Enhancer activity assay, TF binding assay, Chromatin interaction assay,,Luciferase Reporter Assay, ChIP-RT-qPCR, qRT-PCR
2023,37542287,FACT regulates pluripotency through proximal and distal regulation of gene expression in murine embryonic stem cells,Mus musculus,mm10,chr3,34756748,34761748,,Sox2,SE,Active,Normal,,,,Embryo,UBERON:0000922,murine embryonic stem cells (mESCs),,mouse embryonic stem cell,CL:0002322,Enhancer activity assay, TF binding assay, Chromatin interaction assay,,Luciferase Reporter Assay, ChIP-RT-qPCR, qRT-PCR
2024,39333082,A cell type-aware framework for nominating non-coding variants in Mendelian regulatory disorders,Mus musculus,mm10,chr13,116000000,116001000,,Isl1,Enhancer,Active,Normal,,,,Brainstem,UBERON:0002298,Cranial motor neurons,,motor neuron,CL:0000100,Enhancer activity assay, Chromatin interaction assay,scATAC-seq, scRNA-seq, scCUT&Tag,Transgenic Reporter Assay
2024,39333082,A cell type-aware framework for nominating non-coding variants in Mendelian regulatory disorders,Mus musculus,mm10,chr13,116002000,116003000,,Isl1,Enhancer,Active,Normal,,,,Brainstem,UBERON:0002298,Cranial motor neurons,,motor neuron,CL:0000100,Enhancer activity assay, Chromatin interaction assay,scATAC-seq, scRNA-seq, scCUT&Tag,Transgenic Reporter Assay
2024,39333082,A cell type-aware framework for nominating non-coding variants in Mendelian regulatory disorders,Mus musculus,mm10,chr13,116004000,116005000,,Isl1,Enhancer,Active,Normal,,,,Brainstem,UBERON:0002298,Cranial motor neurons,,motor neuron,CL:0000100,Enhancer activity assay, Chromatin interaction assay,scATAC-seq, scRNA-seq, scCUT&Tag,Transgenic Reporter Assay
2024,39333082,A cell type-aware framework for nominating non-coding variants in Mendelian regulatory disorders,Mus musculus,mm10,chr13,116006000,116007000,,Isl1,Enhancer,Active,Normal,,,,Brainstem,UBERON:0002298,Cranial motor neurons,,motor neuron,CL:0000100,Enhancer activity assay, Chromatin interaction assay,scATAC-seq, scRNA-seq, scCUT&Tag,Transgenic Reporter Assay
2018,30404901,Promoter-enhancer looping and shadow enhancers of the mouse ??A-crystallin locus,Mus musculus,mm10,chr17,31321000,31322000,,Cryaa,Enhancer,Active,Normal,,,,Lens,UBERON:0000965,Embryonic lens vesicle,,lens vesicle cell,CL:0002224,Enhancer activity assay, Chromatin interaction assay,,qRT-PCR, and ChIP-qPCR
2018,30404901,Promoter-enhancer looping and shadow enhancers of the mouse ??A-crystallin locus,Mus musculus,mm10,chr17,31322000,31323000,,Cryaa,Enhancer,Active,Normal,,,,Lens,UBERON:0000965,Embryonic lens vesicle,,lens vesicle cell,CL:0002224,Enhancer activity assay, Chromatin interaction assay,,qRT-PCR, and ChIP-qPCR
2019,30770393,Lmx1a drives Cux2 expression in the cortical hem through activation of a conserved intronic enhancer,Mus musculus,mm10,chr5,135012000,135012856,Lmx1A,Cux2,Enhancer,Active,Normal,,,,Forebrain,UBERON:0001890,Embryonic neural progenitor,,neural progenitor cell,CL:0002672,Enhancer activity assay, TF binding assay,,Transgenic Reporter Assay, ChIP-RT-qPCR, RT-RT-qPCR
2019,31278164,The Prrx1 limb enhancer marks an adult subpopulation of injury-responsive dermal fibroblasts,Mus musculus,mm10,chr1,17147835,17150235,,Prrx1,Enhancer,Active,Normal,,,,Embryonic Limb Bud,UBERON:0005417,Limb mesenchymal progenitors,,mesenchymal progenitor cell,CL:0000134,Enhancer activity assay,RNA-seq, FACS,Transgenic Reporter Assay, Lineage tracing, Immunohistochemistry, Whole-mount imaging
2019,31278164,The Prrx1 limb enhancer marks an adult subpopulation of injury-responsive dermal fibroblasts,Mus musculus,mm10,chr1,17147835,17150235,,Prrx1,Enhancer,Active,Normal,,,,Dermis,UBERON:0002067,Dermal fibroblasts,,dermal fibroblast,CL:0000057,Enhancer activity assay,RNA-seq, FACS,Transgenic Reporter Assay, Lineage tracing, Immunohistochemistry, Whole-mount imaging
2020,32817515,The Atoh7 remote enhancer provides transcriptional robustness during retinal ganglion cell development,Mus musculus,mm10,chr10,72890000,72890392,,Atoh7,Enhancer,Active,Normal,,,,Retina,UBERON:0000966,Retinal Progenitor Cells,,retinal progenitor cell,CL:0002672,Enhancer activity assay,,Transgenic Reporter Assay
2020,32817515,The Atoh7 remote enhancer provides transcriptional robustness during retinal ganglion cell development,Mus musculus,mm10,chr10,72890000,72890392,,Atoh7,Enhancer,Active,Normal,,,,Retina,UBERON:0000966,Retinal Ganglion Cells,,retinal ganglion cell,CL:0000740,Enhancer activity assay,,Transgenic Reporter Assay
2020,32817515,The Atoh7 remote enhancer provides transcriptional robustness during retinal ganglion cell development,Mus musculus,mm10,chr10,72894616,72895600,,Atoh7,Enhancer,Active,Normal,,,,Retina,UBERON:0000966,Retinal Progenitor Cells,,retinal progenitor cell,CL:0002672,Enhancer activity assay,,Transgenic Reporter Assay
2020,32817515,The Atoh7 remote enhancer provides transcriptional robustness during retinal ganglion cell development,Mus musculus,mm10,chr10,72894616,72895600,,Atoh7,Enhancer,Active,Normal,,,,Retina,UBERON:0000966,Retinal Ganglion Cells,,retinal ganglion cell,CL:0000740,Enhancer activity assay,,Transgenic Reporter Assay
2020,33229569,Chromatin topology and the timing of enhancer function at the HoxD locus,Mus musculus,mm10,chr2,74558139,74559639,,Hoxd9,Enhancer,Active,Normal,,,,Limb,UBERON:0002101,Not available,,,,Enhancer activity assay,,Transgenic Reporter Assay
2020,33229569,Chromatin topology and the timing of enhancer function at the HoxD locus,Mus musculus,mm10,chr2,74558139,74559639,,Hoxd11,Enhancer,Active,Normal,,,,Limb,UBERON:0002101,Not available,,,,Enhancer activity assay,,Transgenic Reporter Assay
2020,33229569,Chromatin topology and the timing of enhancer function at the HoxD locus,Mus musculus,mm10,chr2,74560139,74561639,,Hoxd9,Enhancer,Active,Normal,,,,Limb,UBERON:0002101,Not available,,,,Enhancer activity assay,,Transgenic Reporter Assay
2020,33229569,Chromatin topology and the timing of enhancer function at the HoxD locus,Mus musculus,mm10,chr2,74560139,74561639,,Hoxd11,Enhancer,Active,Normal,,,,Limb,UBERON:0002101,Not available,,,,Enhancer activity assay,,Transgenic Reporter Assay
2020,33229569,Chromatin topology and the timing of enhancer function at the HoxD locus,Mus musculus,mm10,chr2,74728139,74729639,,Hoxd9,Enhancer,Active,Normal,,,,Limb,UBERON:0002101,Not available,,,,Enhancer activity assay,,Transgenic Reporter Assay
2020,33229569,Chromatin topology and the timing of enhancer function at the HoxD locus,Mus musculus,mm10,chr2,74728139,74729639,,Hoxd11,Enhancer,Active,Normal,,,,Limb,UBERON:0002101,Not available,,,,Enhancer activity assay,,Transgenic Reporter Assay
2020,33229569,Chromatin topology and the timing of enhancer function at the HoxD locus,Mus musculus,mm10,chr2,74808139,74809639,,Hoxd9,Enhancer,Active,Normal,,,,Limb,UBERON:0002101,Not available,,,,Enhancer activity assay,,Transgenic Reporter Assay
2020,33229569,Chromatin topology and the timing of enhancer function at the HoxD locus,Mus musculus,mm10,chr2,74808139,74809639,,Hoxd11,Enhancer,Active,Normal,,,,Limb,UBERON:0002101,Not available,,,,Enhancer activity assay,,Transgenic Reporter Assay
2020,33229569,Chromatin topology and the timing of enhancer function at the HoxD locus,Mus musculus,mm10,chr2,74888139,74889639,,Hoxd9,Enhancer,Active,Normal,,,,Limb,UBERON:0002101,Not available,,,,Enhancer activity assay,,Transgenic Reporter Assay
2020,33229569,Chromatin topology and the timing of enhancer function at the HoxD locus,Mus musculus,mm10,chr2,74888139,74889639,,Hoxd11,Enhancer,Active,Normal,,,,Limb,UBERON:0002101,Not available,,,,Enhancer activity assay,,Transgenic Reporter Assay
2003,12732147,A Global Control Region Defines a Chromosomal Regulatory Landscape Containing the HoxD Cluster,Mus musculus,mm10,chr2,74460000,74500000,,Hoxd13,Enhancer,Active,Normal,,,,Limb,UBERON:0002101,,,,,Enhancer activity assay, Functional perturbation assay,,Transgenic Reporter Assay, Southern Blot, Whole-mount In Situ Hybridization
2003,12732147,A Global Control Region Defines a Chromosomal Regulatory Landscape Containing the HoxD Cluster,Mus musculus,mm10,chr2,74460000,74500000,,Hoxd12,Enhancer,Active,Normal,,,,Limb,UBERON:0002101,,,,,Enhancer activity assay, Functional perturbation assay,,Transgenic Reporter Assay, Southern Blot, Whole-mount In Situ Hybridization
2003,12732147,A Global Control Region Defines a Chromosomal Regulatory Landscape Containing the HoxD Cluster,Mus musculus,mm10,chr2,74460000,74500000,,Hoxd11,Enhancer,Active,Normal,,,,Limb,UBERON:0002101,,,,,Enhancer activity assay, Functional perturbation assay,,Transgenic Reporter Assay, Southern Blot, Whole-mount In Situ Hybridization
2003,12732147,A Global Control Region Defines a Chromosomal Regulatory Landscape Containing the HoxD Cluster,Mus musculus,mm10,chr2,74460000,74500000,,Hoxd10,Enhancer,Active,Normal,,,,Limb,UBERON:0002101,,,,,Enhancer activity assay, Functional perturbation assay,,Transgenic Reporter Assay, Southern Blot, Whole-mount In Situ Hybridization
2003,12732147,A Global Control Region Defines a Chromosomal Regulatory Landscape Containing the HoxD Cluster,Mus musculus,mm10,chr2,74460000,74500000,,Evx2,Enhancer,Active,Normal,,,,Limb,UBERON:0002101,,,,,Enhancer activity assay, Functional perturbation assay,,Transgenic Reporter Assay, Southern Blot, Whole-mount In Situ Hybridization
2003,12732147,A Global Control Region Defines a Chromosomal Regulatory Landscape Containing the HoxD Cluster,Mus musculus,mm10,chr2,74460000,74500000,,Lnp,Enhancer,Active,Normal,,,,Limb,UBERON:0002101,,,,,Enhancer activity assay, Functional perturbation assay,,Transgenic Reporter Assay, Southern Blot, Whole-mount In Situ Hybridization
2015,26490266,Identification of the 187 bp EphA7 Genomic DNA as the Dorsal Midline-Specific Enhancer of the Diencephalon and Mesencephalon,Mus musculus,mm10,chr4,84506800,84506986,,Epha7,Enhancer,Active,Normal,,,,Brain,UBERON:0000955,Embryonic tissue,,embryonic tissue,CL:0000000,Enhancer activity assay,,qRT-PCR, and ChIP-qPCR
2018,29301908,Deletion of a Long-Range Dlx5 Enhancer Disrupts Inner Ear Development in Mice,Mus musculus,mm10,chr6,6163229,6163674,,Dlx5,Enhancer,Active,Normal,,,,Embryo,UBERON:0000922,Embryonic whole mount,,mouse embryo,CL:0000000,Enhancer activity assay,,qRT-PCR, and ChIP-qPCR
2013,23613851,In Vivo Analysis of Aicda Gene Regulation: A Critical Balance between Upstream Enhancers and Intronic Silencers Governs Appropriate Expression,Mus musculus,mm10,chr6,122563494,122564540,,Aicda,Enhancer,Active,Normal,,,,Lymph node,UBERON:0000029,Germinal center B cells,,germinal center B cell,CL:0000945,Enhancer activity assay, Functional perturbation assay,,Transgenic reporter assay, RT-RT-qPCR, FACS
2013,23613851,In Vivo Analysis of Aicda Gene Regulation: A Critical Balance between Upstream Enhancers and Intronic Silencers Governs Appropriate Expression,Mus musculus,mm10,chr6,122573553,122574125,,Aicda,Enhancer,Active,Normal,,,,Lymph node,UBERON:0000029,Germinal center B cells,,germinal center B cell,CL:0000945,Enhancer activity assay, Functional perturbation assay,,Transgenic reporter assay, RT-RT-qPCR, FACS
2015,25652130,Enhancer cooperativity as a novel mechanism underlying the transcriptional regulation of E-cadherin during mesenchymal to epithelial transition,Mus musculus,mm10,chr8,125454150,125454370,Hnf4A,Cdh1,Enhancer,Active,Normal,,,,Mammary gland,UBERON:0001911,NMuMG cells,CVCL_0077,mammary epithelial cell,CL:0000066,TF binding assay,,ChIP-RT-qPCR
1996,8977525,Specific versus cooperative regulatory mechanisms of the cytokine genes that are clustered on the same chromosome,Mus musculus,mm10,chr11,53495000,53501000,,Cat,Enhancer,Active,Normal,,,,Blood,UBERON:0000178,Murine T Lymphocytes,,T cell,CL:0000084,Enhancer activity assay,,CAT Reporter Assay, DNase I Hypersensitivity Assay
2023,36729834,Diverse logics and grammar encode notochord enhancers,Mus musculus,mm10,chr17,67749535,67749594,,Lama1,Enhancer,Active,Normal,,,,Notochord,UBERON:0002329,Embryonic notochord,,notochordal cell,CL:0000000,Enhancer activity assay,,Transgenic Reporter Assay
2023,36729834,Diverse logics and grammar encode notochord enhancers,Mus musculus,mm10,chr17,8396191,8396849,,,Enhancer,Active,Normal,,,,Notochord,UBERON:0002329,Embryonic notochord,,notochordal cell,CL:0000000,Enhancer activity assay,,Transgenic Reporter Assay
2023,36729834,Diverse logics and grammar encode notochord enhancers,Mus musculus,mm10,chr17,8444218,8444317,,,Enhancer,Active,Normal,,,,Notochord,UBERON:0002329,Embryonic notochord,,notochordal cell,CL:0000000,Enhancer activity assay,,Transgenic Reporter Assay
2019,30990414,Dynamic enhancer partitioning instructs activation of a growth-related gene during exit from naive pluripotency,Mus musculus,mm10,chr1,63189000,63192000,Pou5F1,Zdbf2,Enhancer,Active,Normal,,,,Embryo,UBERON:0000922,Mouse Embryonic Stem Cells (mESCs),,mouse embryonic stem cell,CL:0002322,Enhancer activity assay, Chromatin interaction assay, TF binding assay,4C-seq, ATAC-seq, ChIP-seq, RNA-seq, WGBS,CRISPR Knockout, ChIP-RT-qPCR, RT-RT-qPCR, Bisulfite Pyrosequencing
2019,30990414,Dynamic enhancer partitioning instructs activation of a growth-related gene during exit from naive pluripotency,Mus musculus,mm10,chr1,63189000,63192000,Pou5F1,Zdbf2,Enhancer,Active,Normal,,,,Embryo,UBERON:0000922,E14TG2a,CVCL_2167,mouse embryonic stem cell,CL:0002322,Enhancer activity assay, Chromatin interaction assay, TF binding assay,4C-seq, ATAC-seq, ChIP-seq, RNA-seq, WGBS,CRISPR Knockout, ChIP-RT-qPCR, RT-RT-qPCR, Bisulfite Pyrosequencing
2019,30990414,Dynamic enhancer partitioning instructs activation of a growth-related gene during exit from naive pluripotency,Mus musculus,mm10,chr1,63189000,63192000,Pou5F1,Zdbf2,Enhancer,Active,Normal,,,,Embryo,UBERON:0000922,J1),CVCL_2167,mouse embryonic stem cell,CL:0002322,Enhancer activity assay, Chromatin interaction assay, TF binding assay,4C-seq, ATAC-seq, ChIP-seq, RNA-seq, WGBS,CRISPR Knockout, ChIP-RT-qPCR, RT-RT-qPCR, Bisulfite Pyrosequencing
2019,30990414,Dynamic enhancer partitioning instructs activation of a growth-related gene during exit from naive pluripotency,Mus musculus,mm10,chr1,63193000,63196000,Pou5F1,Zdbf2,Enhancer,Active,Normal,,,,Embryo,UBERON:0000922,Mouse Embryonic Stem Cells (mESCs),,mouse embryonic stem cell,CL:0002322,Enhancer activity assay, Chromatin interaction assay, TF binding assay,4C-seq, ATAC-seq, ChIP-seq, RNA-seq, WGBS,CRISPR Knockout, ChIP-RT-qPCR, RT-RT-qPCR, Bisulfite Pyrosequencing
2019,30990414,Dynamic enhancer partitioning instructs activation of a growth-related gene during exit from naive pluripotency,Mus musculus,mm10,chr1,63193000,63196000,Pou5F1,Zdbf2,Enhancer,Active,Normal,,,,Embryo,UBERON:0000922,E14TG2a,CVCL_2167,mouse embryonic stem cell,CL:0002322,Enhancer activity assay, Chromatin interaction assay, TF binding assay,4C-seq, ATAC-seq, ChIP-seq, RNA-seq, WGBS,CRISPR Knockout, ChIP-RT-qPCR, RT-RT-qPCR, Bisulfite Pyrosequencing
2019,30990414,Dynamic enhancer partitioning instructs activation of a growth-related gene during exit from naive pluripotency,Mus musculus,mm10,chr1,63193000,63196000,Pou5F1,Zdbf2,Enhancer,Active,Normal,,,,Embryo,UBERON:0000922,J1),CVCL_2167,mouse embryonic stem cell,CL:0002322,Enhancer activity assay, Chromatin interaction assay, TF binding assay,4C-seq, ATAC-seq, ChIP-seq, RNA-seq, WGBS,CRISPR Knockout, ChIP-RT-qPCR, RT-RT-qPCR, Bisulfite Pyrosequencing
2016,27376235,Genetic dissection of the alpha-globin super-enhancer in vivo,Mus musculus,mm10,chr11,32115000,32145000,Gata1,Hba1,Enhancer,Active,Normal,,,,Bone marrow,UBERON:0002371,Erythroid progenitor,,erythroid progenitor cell,CL:0000038,Enhancer activity assay, Functional perturbation assay, Chromatin interaction assay,ChIP-seq, RNA-seq, 3C,CRISPR Knockout, Transgenic Reporter Assay
2018,30328555,STAT5-Driven Enhancers Tightly Control Temporal Expression of Mammary-Specific Genes,Mus musculus,mm10,chr11,100810000,100812000,Stat5A,Stat5A,Enhancer,Active,Normal,,,,Mammary Gland,UBERON:0001911,Mammary epithelial cells,,mammary epithelial cell,CL:0000066,Functional perturbation assay,ChIP-seq, RNA-seq, 3C-seq,CRISPR Knockout, RT-RT-qPCR, Western blot
2024,38509385,Increased enhancer-promoter interactions during developmental enhancer activation in mammals,Mus musculus,mm10,chr1,40942777,40944397,,,Enhancer,Active,Normal,,,,Heart,UBERON:0000948,,,embryonic cardiomyocyte,CL:0000746,Enhancer capture Hi-C assay, In vivo functional validation,Capture Hi-C, ChIP-seq, RNA-seq, Bisulfite-seq,CRISPR-Cas9 knockout, RT-RT-qPCR
2024,38509385,Increased enhancer-promoter interactions during developmental enhancer activation in mammals,Mus musculus,mm10,chr1,41143611,41146744,,,Enhancer,Active,Normal,,,,Eye,UBERON:0000970,,,embryonic ocular cell,CL:0000000,Enhancer capture Hi-C assay, In vivo functional validation,Capture Hi-C, ChIP-seq, RNA-seq, Bisulfite-seq,CRISPR-Cas9 knockout, RT-RT-qPCR
2024,38509385,Increased enhancer-promoter interactions during developmental enhancer activation in mammals,Mus musculus,mm10,chr1,41603697,41606058,,,Enhancer,Active,Normal,,,,Forebrain,UBERON:0001890,,,embryonic forebrain cell,CL:0000000,Enhancer capture Hi-C assay, In vivo functional validation,Capture Hi-C, ChIP-seq, RNA-seq, Bisulfite-seq,CRISPR-Cas9 knockout, RT-RT-qPCR
2024,38509385,Increased enhancer-promoter interactions during developmental enhancer activation in mammals,Mus musculus,mm10,chr1,42365513,42367630,,,Enhancer,Active,Normal,,,,Forebrain,UBERON:0001890,,,embryonic forebrain cell,CL:0000000,Enhancer capture Hi-C assay, In vivo functional validation,Capture Hi-C, ChIP-seq, RNA-seq, Bisulfite-seq,CRISPR-Cas9 knockout, RT-RT-qPCR
2024,38509385,Increased enhancer-promoter interactions during developmental enhancer activation in mammals,Mus musculus,mm10,chr1,42538429,42540496,,,Enhancer,Active,Normal,,,,Forebrain,UBERON:0001890,,,embryonic forebrain cell,CL:0000000,Enhancer capture Hi-C assay, In vivo functional validation,Capture Hi-C, ChIP-seq, RNA-seq, Bisulfite-seq,CRISPR-Cas9 knockout, RT-RT-qPCR
2024,38509385,Increased enhancer-promoter interactions during developmental enhancer activation in mammals,Mus musculus,mm10,chr1,75770058,75773197,,,Enhancer,Active,Normal,,,,Limb,UBERON:0002101,,,embryonic limb cell,CL:0000000,Enhancer capture Hi-C assay, In vivo functional validation,Capture Hi-C, ChIP-seq, RNA-seq, Bisulfite-seq,CRISPR-Cas9 knockout, RT-RT-qPCR
2024,38509385,Increased enhancer-promoter interactions during developmental enhancer activation in mammals,Mus musculus,mm10,chr1,86488603,86493027,,,Enhancer,Active,Normal,,,,Heart,UBERON:0000948,,,embryonic cardiomyocyte,CL:0000746,Enhancer capture Hi-C assay, In vivo functional validation,Capture Hi-C, ChIP-seq, RNA-seq, Bisulfite-seq,CRISPR-Cas9 knockout, RT-RT-qPCR
2024,38509385,Increased enhancer-promoter interactions during developmental enhancer activation in mammals,Mus musculus,mm10,chr1,92718827,92721406,,,Enhancer,Active,Normal,,,,Heart,UBERON:0000948,,,embryonic cardiomyocyte,CL:0000746,Enhancer capture Hi-C assay, In vivo functional validation,Capture Hi-C, ChIP-seq, RNA-seq, Bisulfite-seq,CRISPR-Cas9 knockout, RT-RT-qPCR
2024,38509385,Increased enhancer-promoter interactions during developmental enhancer activation in mammals,Mus musculus,mm10,chr1,155038871,155039989,,,Enhancer,Active,Normal,,,,Heart,UBERON:0000948,,,embryonic cardiomyocyte,CL:0000746,Enhancer capture Hi-C assay, In vivo functional validation,Capture Hi-C, ChIP-seq, RNA-seq, Bisulfite-seq,CRISPR-Cas9 knockout, RT-RT-qPCR
2024,38509385,Increased enhancer-promoter interactions during developmental enhancer activation in mammals,Mus musculus,mm10,chr1,163361752,163364252,,,Enhancer,Active,Normal,,,,Limb,UBERON:0002101,,,embryonic limb cell,CL:0000000,Enhancer capture Hi-C assay, In vivo functional validation,Capture Hi-C, ChIP-seq, RNA-seq, Bisulfite-seq,CRISPR-Cas9 knockout, RT-RT-qPCR
2024,38509385,Increased enhancer-promoter interactions during developmental enhancer activation in mammals,Mus musculus,mm10,chr1,169343173,169345241,,,Enhancer,Active,Normal,,,,Limb,UBERON:0002101,,,embryonic limb cell,CL:0000000,Enhancer capture Hi-C assay, In vivo functional validation,Capture Hi-C, ChIP-seq, RNA-seq, Bisulfite-seq,CRISPR-Cas9 knockout, RT-RT-qPCR
2024,38509385,Increased enhancer-promoter interactions during developmental enhancer activation in mammals,Mus musculus,mm10,chr1,190655086,190655625,,,Enhancer,Active,Normal,,,,Forebrain,UBERON:0001890,,,embryonic forebrain cell,CL:0000000,Enhancer capture Hi-C assay, In vivo functional validation,Capture Hi-C, ChIP-seq, RNA-seq, Bisulfite-seq,CRISPR-Cas9 knockout, RT-RT-qPCR
2024,38509385,Increased enhancer-promoter interactions during developmental enhancer activation in mammals,Mus musculus,mm10,chr1,190727026,190730523,,,Enhancer,Active,Normal,,,,Forebrain,UBERON:0001890,,,embryonic forebrain cell,CL:0000000,Enhancer capture Hi-C assay, In vivo functional validation,Capture Hi-C, ChIP-seq, RNA-seq, Bisulfite-seq,CRISPR-Cas9 knockout, RT-RT-qPCR
2024,38509385,Increased enhancer-promoter interactions during developmental enhancer activation in mammals,Mus musculus,mm10,chr10,3393773,3395290,,,Enhancer,Active,Normal,,,,Heart,UBERON:0000948,,,,,Enhancer capture Hi-C, in vivo functional validation,Capture Hi-C, ChIP-seq, RNA-seq, Bisulfite-seq,CRISPR/Cas9 knockout, RT-qPCR
2024,38509385,Increased enhancer-promoter interactions during developmental enhancer activation in mammals,Mus musculus,mm10,chr10,21082099,21084259,,,Enhancer,Active,Normal,,,,Eye,UBERON:0000970,,,,,Enhancer capture Hi-C, in vivo functional validation,Capture Hi-C, ChIP-seq, RNA-seq, Bisulfite-seq,CRISPR/Cas9 knockout, RT-qPCR
2024,38509385,Increased enhancer-promoter interactions during developmental enhancer activation in mammals,Mus musculus,mm10,chr10,31052886,31054461,,,Enhancer,Active,Normal,,,,Heart,UBERON:0000948,,,,,Enhancer capture Hi-C, in vivo functional validation,Capture Hi-C, ChIP-seq, RNA-seq, Bisulfite-seq,CRISPR/Cas9 knockout, RT-qPCR
2024,38509385,Increased enhancer-promoter interactions during developmental enhancer activation in mammals,Mus musculus,mm10,chr10,31228851,31230590,,,Enhancer,Active,Normal,,,,Heart,UBERON:0000948,,,,,Enhancer capture Hi-C, in vivo functional validation,Capture Hi-C, ChIP-seq, RNA-seq, Bisulfite-seq,CRISPR/Cas9 knockout, RT-qPCR
2024,38509385,Increased enhancer-promoter interactions during developmental enhancer activation in mammals,Mus musculus,mm10,chr10,45894288,45894827,,,Enhancer,Active,Normal,,,,Limb,UBERON:0002101,,,,,Enhancer capture Hi-C, in vivo functional validation,Capture Hi-C, ChIP-seq, RNA-seq, Bisulfite-seq,CRISPR/Cas9 knockout, RT-qPCR
2024,38509385,Increased enhancer-promoter interactions during developmental enhancer activation in mammals,Mus musculus,mm10,chr10,49983887,49986266,,,Enhancer,Active,Normal,,,,Limb,UBERON:0002101,,,,,Enhancer capture Hi-C, in vivo functional validation,Capture Hi-C, ChIP-seq, RNA-seq, Bisulfite-seq,CRISPR/Cas9 knockout, RT-qPCR
2024,38509385,Increased enhancer-promoter interactions during developmental enhancer activation in mammals,Mus musculus,mm10,chr10,53324321,53325988,,,Enhancer,Active,Normal,,,,Heart,UBERON:0000948,,,,,Enhancer capture Hi-C, in vivo functional validation,Capture Hi-C, ChIP-seq, RNA-seq, Bisulfite-seq,CRISPR/Cas9 knockout, RT-qPCR
2024,38509385,Increased enhancer-promoter interactions during developmental enhancer activation in mammals,Mus musculus,mm10,chr10,87324145,87327333,,,Enhancer,Active,Normal,,,,Midbrain,UBERON:0001891,,,,,Enhancer capture Hi-C, in vivo functional validation,Capture Hi-C, ChIP-seq, RNA-seq, Bisulfite-seq,CRISPR/Cas9 knockout, RT-qPCR
2024,38509385,Increased enhancer-promoter interactions during developmental enhancer activation in mammals,Mus musculus,mm10,chr10,92555796,92557968,,,Enhancer,Active,Normal,,,,Forebrain,UBERON:0001890,,,,,Enhancer capture Hi-C, in vivo functional validation,Capture Hi-C, ChIP-seq, RNA-seq, Bisulfite-seq,CRISPR/Cas9 knockout, RT-qPCR
2024,38509385,Increased enhancer-promoter interactions during developmental enhancer activation in mammals,Mus musculus,mm10,chr10,96707809,96707988,,,Enhancer,Active,Normal,,,,Heart,UBERON:0000948,,,,,Enhancer capture Hi-C, in vivo functional validation,Capture Hi-C, ChIP-seq, RNA-seq, Bisulfite-seq,CRISPR/Cas9 knockout, RT-qPCR
2024,38509385,Increased enhancer-promoter interactions during developmental enhancer activation in mammals,Mus musculus,mm10,chr11,11955959,11958746,,,Enhancer,Active,Normal,,,,Heart,UBERON:0000948,,,,,Enhancer capture Hi-C, in vivo functional validation,Capture Hi-C, ChIP-seq, RNA-seq, Bisulfite-seq,CRISPR/Cas9 knockout, RT-qPCR
2024,38509385,Increased enhancer-promoter interactions during developmental enhancer activation in mammals,Mus musculus,mm10,chr11,18915780,18919026,,,Enhancer,Active,Normal,,,,Forebrain,UBERON:0001890,,,,,Enhancer capture Hi-C, in vivo functional validation,Capture Hi-C, ChIP-seq, RNA-seq, Bisulfite-seq,CRISPR/Cas9 knockout, RT-qPCR
2024,38509385,Increased enhancer-promoter interactions during developmental enhancer activation in mammals,Mus musculus,mm10,chr11,22077830,22079309,,,Enhancer,Active,Normal,,,,Midbrain,UBERON:0001891,,,,,Enhancer capture Hi-C, in vivo functional validation,Capture Hi-C, ChIP-seq, RNA-seq, Bisulfite-seq,CRISPR/Cas9 knockout, RT-qPCR
2024,38509385,Increased enhancer-promoter interactions during developmental enhancer activation in mammals,Mus musculus,mm10,chr11,24096035,24096394,,,Enhancer,Active,Normal,,,,Forebrain,UBERON:0001890,,,,,Enhancer capture Hi-C, in vivo functional validation,Capture Hi-C, ChIP-seq, RNA-seq, Bisulfite-seq,CRISPR/Cas9 knockout, RT-qPCR
2024,38509385,Increased enhancer-promoter interactions during developmental enhancer activation in mammals,Mus musculus,mm10,chr11,24330054,24333979,,,Enhancer,Active,Normal,,,,Hindbrain,UBERON:0002028,,,,,Enhancer capture Hi-C, in vivo functional validation,Capture Hi-C, ChIP-seq, RNA-seq, Bisulfite-seq,CRISPR/Cas9 knockout, RT-qPCR
2024,38509385,Increased enhancer-promoter interactions during developmental enhancer activation in mammals,Mus musculus,mm10,chr11,24369946,24372657,,,Enhancer,Active,Normal,,,,Forebrain,UBERON:0001890,,,,,Enhancer capture Hi-C, in vivo functional validation,Capture Hi-C, ChIP-seq, RNA-seq, Bisulfite-seq,CRISPR/Cas9 knockout, RT-qPCR
2024,38509385,Increased enhancer-promoter interactions during developmental enhancer activation in mammals,Mus musculus,mm10,chr11,25287174,25289345,,,Enhancer,Active,Normal,,,,Face,UBERON:0001456,,,,,Enhancer capture Hi-C, in vivo functional validation,Capture Hi-C, ChIP-seq, RNA-seq, Bisulfite-seq,CRISPR/Cas9 knockout, RT-qPCR
2024,38509385,Increased enhancer-promoter interactions during developmental enhancer activation in mammals,Mus musculus,mm10,chr11,25531402,25532001,,,Enhancer,Active,Normal,,,,Midbrain,UBERON:0001891,,,,,Enhancer capture Hi-C, in vivo functional validation,Capture Hi-C, ChIP-seq, RNA-seq, Bisulfite-seq,CRISPR/Cas9 knockout, RT-qPCR
2024,38509385,Increased enhancer-promoter interactions during developmental enhancer activation in mammals,Mus musculus,mm10,chr11,26006299,26007590,,,Enhancer,Active,Normal,,,,Limb,UBERON:0002101,,,,,Enhancer capture Hi-C, in vivo functional validation,Capture Hi-C, ChIP-seq, RNA-seq, Bisulfite-seq,CRISPR/Cas9 knockout, RT-qPCR
2024,38509385,Increased enhancer-promoter interactions during developmental enhancer activation in mammals,Mus musculus,mm10,chr11,26120058,26122427,,,Enhancer,Active,Normal,,,,Dorsal root ganglion,UBERON:0001685,,,,,Enhancer capture Hi-C, in vivo functional validation,Capture Hi-C, ChIP-seq, RNA-seq, Bisulfite-seq,CRISPR/Cas9 knockout, RT-qPCR
2024,38509385,Increased enhancer-promoter interactions during developmental enhancer activation in mammals,Mus musculus,mm10,chr11,44799152,44801733,,,Enhancer,Active,Normal,,,,Neural tube,UBERON:0000934,,,,,Enhancer capture Hi-C, in vivo functional validation,Capture Hi-C, ChIP-seq, RNA-seq, Bisulfite-seq,CRISPR/Cas9 knockout, RT-qPCR
2024,38509385,Increased enhancer-promoter interactions during developmental enhancer activation in mammals,Mus musculus,mm10,chr11,45549323,45551898,,,Enhancer,Active,Normal,,,,Limb,UBERON:0002101,,,,,Enhancer capture Hi-C, in vivo functional validation,Capture Hi-C, ChIP-seq, RNA-seq, Bisulfite-seq,CRISPR/Cas9 knockout, RT-qPCR
2024,38509385,Increased enhancer-promoter interactions during developmental enhancer activation in mammals,Mus musculus,mm10,chr11,54879406,54883911,,,Enhancer,Active,Normal,,,,Heart,UBERON:0000948,,,,,Enhancer capture Hi-C, in vivo functional validation,Capture Hi-C, ChIP-seq, RNA-seq, Bisulfite-seq,CRISPR/Cas9 knockout, RT-qPCR
2024,38509385,Increased enhancer-promoter interactions during developmental enhancer activation in mammals,Mus musculus,mm10,chr11,59638982,59640132,,,Enhancer,Active,Normal,,,,Heart,UBERON:0000948,,,,,Enhancer capture Hi-C, in vivo functional validation,Capture Hi-C, ChIP-seq, RNA-seq, Bisulfite-seq,CRISPR/Cas9 knockout, RT-qPCR
2024,38509385,Increased enhancer-promoter interactions during developmental enhancer activation in mammals,Mus musculus,mm10,chr11,64898966,64900764,,,Enhancer,Active,Normal,,,,Face,UBERON:0001456,,,,,Enhancer capture Hi-C, in vivo functional validation,Capture Hi-C, ChIP-seq, RNA-seq, Bisulfite-seq,CRISPR/Cas9 knockout, RT-qPCR
2024,38509385,Increased enhancer-promoter interactions during developmental enhancer activation in mammals,Mus musculus,mm10,chr11,65209858,65211177,,,Enhancer,Active,Normal,,,,Heart,UBERON:0000948,,,,,Enhancer capture Hi-C, in vivo functional validation,Capture Hi-C, ChIP-seq, RNA-seq, Bisulfite-seq,CRISPR/Cas9 knockout, RT-qPCR
2024,38509385,Increased enhancer-promoter interactions during developmental enhancer activation in mammals,Mus musculus,mm10,chr11,65648676,65651675,,,Enhancer,Active,Normal,,,,Heart,UBERON:0000948,,,,,Enhancer capture Hi-C, in vivo functional validation,Capture Hi-C, ChIP-seq, RNA-seq, Bisulfite-seq,CRISPR/Cas9 knockout, RT-qPCR
2024,38509385,Increased enhancer-promoter interactions during developmental enhancer activation in mammals,Mus musculus,mm10,chr11,75048409,75050731,,,Enhancer,Active,Normal,,,,Limb,UBERON:0002101,,,,,Enhancer capture Hi-C, in vivo functional validation,Capture Hi-C, ChIP-seq, RNA-seq, Bisulfite-seq,CRISPR/Cas9 knockout, RT-qPCR
2024,38509385,Increased enhancer-promoter interactions during developmental enhancer activation in mammals,Mus musculus,mm10,chr11,77422172,77424768,,,Enhancer,Active,Normal,,,,Heart,UBERON:0000948,,,,,Enhancer capture Hi-C, in vivo functional validation,Capture Hi-C, ChIP-seq, RNA-seq, Bisulfite-seq,CRISPR/Cas9 knockout, RT-qPCR
2024,38509385,Increased enhancer-promoter interactions during developmental enhancer activation in mammals,Mus musculus,mm10,chr11,84495459,84496979,,,Enhancer,Active,Normal,,,,Hindbrain,UBERON:0002028,,,,,Enhancer capture Hi-C, in vivo functional validation,Capture Hi-C, ChIP-seq, RNA-seq, Bisulfite-seq,CRISPR/Cas9 knockout, RT-qPCR
2024,38509385,Increased enhancer-promoter interactions during developmental enhancer activation in mammals,Mus musculus,mm10,chr11,84765200,84766279,,,Enhancer,Active,Normal,,,,Limb,UBERON:0002101,,,,,Enhancer capture Hi-C, in vivo functional validation,Capture Hi-C, ChIP-seq, RNA-seq, Bisulfite-seq,CRISPR/Cas9 knockout, RT-qPCR
2024,38509385,Increased enhancer-promoter interactions during developmental enhancer activation in mammals,Mus musculus,mm10,chr11,85856960,85860695,,,Enhancer,Active,Normal,,,,Midbrain,UBERON:0001891,,,,,Enhancer capture Hi-C, in vivo functional validation,Capture Hi-C, ChIP-seq, RNA-seq, Bisulfite-seq,CRISPR/Cas9 knockout, RT-qPCR
2024,38509385,Increased enhancer-promoter interactions during developmental enhancer activation in mammals,Mus musculus,mm10,chr11,85875857,85878048,,,Enhancer,Active,Normal,,,,Limb,UBERON:0002101,,,,,Enhancer capture Hi-C, in vivo functional validation,Capture Hi-C, ChIP-seq, RNA-seq, Bisulfite-seq,CRISPR/Cas9 knockout, RT-qPCR
2024,38509385,Increased enhancer-promoter interactions during developmental enhancer activation in mammals,Mus musculus,mm10,chr11,85962963,85963802,,,Enhancer,Active,Normal,,,,Limb,UBERON:0002101,,,,,Enhancer capture Hi-C, in vivo functional validation,Capture Hi-C, ChIP-seq, RNA-seq, Bisulfite-seq,CRISPR/Cas9 knockout, RT-qPCR
2024,38509385,Increased enhancer-promoter interactions during developmental enhancer activation in mammals,Mus musculus,mm10,chr11,98338371,98340241,,,Enhancer,Active,Normal,,,,Midbrain,UBERON:0001891,,,,,Enhancer capture Hi-C, in vivo functional validation,Capture Hi-C, ChIP-seq, RNA-seq, Bisulfite-seq,CRISPR/Cas9 knockout, RT-qPCR
2024,38509385,Increased enhancer-promoter interactions during developmental enhancer activation in mammals,Mus musculus,mm10,chr11,106133614,106136287,,,Enhancer,Active,Normal,,,,Heart,UBERON:0000948,,,,,Enhancer capture Hi-C, in vivo functional validation,Capture Hi-C, ChIP-seq, RNA-seq, Bisulfite-seq,CRISPR/Cas9 knockout, RT-qPCR
2024,38509385,Increased enhancer-promoter interactions during developmental enhancer activation in mammals,Mus musculus,mm10,chr11,111563103,111564513,,,Enhancer,Active,Normal,,,,Limb,UBERON:0002101,,,,,Enhancer capture Hi-C, in vivo functional validation,Capture Hi-C, ChIP-seq, RNA-seq, Bisulfite-seq,CRISPR/Cas9 knockout, RT-qPCR
2024,38509385,Increased enhancer-promoter interactions during developmental enhancer activation in mammals,Mus musculus,mm10,chr11,111568057,111570396,,,Enhancer,Active,Normal,,,,Pharyngeal arch,UBERON:0003066,,,,,Enhancer capture Hi-C, in vivo functional validation,Capture Hi-C, ChIP-seq, RNA-seq, Bisulfite-seq,CRISPR/Cas9 knockout, RT-qPCR
2024,38509385,Increased enhancer-promoter interactions during developmental enhancer activation in mammals,Mus musculus,mm10,chr11,111827949,111829442,,,Enhancer,Active,Normal,,,,Limb,UBERON:0002101,,,,,Enhancer capture Hi-C, in vivo functional validation,Capture Hi-C, ChIP-seq, RNA-seq, Bisulfite-seq,CRISPR/Cas9 knockout, RT-qPCR
2024,38509385,Increased enhancer-promoter interactions during developmental enhancer activation in mammals,Mus musculus,mm10,chr11,114335424,114336143,,,Enhancer,Active,Normal,,,,Forebrain,UBERON:0001890,,,,,Enhancer capture Hi-C, in vivo functional validation,Capture Hi-C, ChIP-seq, RNA-seq, Bisulfite-seq,CRISPR/Cas9 knockout, RT-qPCR
2024,38509385,Increased enhancer-promoter interactions during developmental enhancer activation in mammals,Mus musculus,mm10,chr11,5266607,5270082,,,Enhancer,Active,Normal,,,,Ear,UBERON:0001690,,,,,Enhancer capture Hi-C, in vivo functional validation,Capture Hi-C, ChIP-seq, RNA-seq, Bisulfite-seq,CRISPR/Cas9 knockout, RT-qPCR
2024,38509385,Increased enhancer-promoter interactions during developmental enhancer activation in mammals,Mus musculus,mm10,chr12,12178866,12180524,,,Enhancer,Active,Normal,,,,Heart,UBERON:0000948,,,,,Enhancer capture Hi-C, in vivo functional validation,Capture Hi-C, ChIP-seq, RNA-seq, Bisulfite-seq,CRISPR/Cas9 knockout, RT-qPCR
2024,38509385,Increased enhancer-promoter interactions during developmental enhancer activation in mammals,Mus musculus,mm10,chr12,12866488,12867793,,,Enhancer,Active,Normal,,,,Midbrain,UBERON:0001891,,,,,Enhancer capture Hi-C, in vivo functional validation,Capture Hi-C, ChIP-seq, RNA-seq, Bisulfite-seq,CRISPR/Cas9 knockout, RT-qPCR
2024,38509385,Increased enhancer-promoter interactions during developmental enhancer activation in mammals,Mus musculus,mm10,chr12,34219098,34222003,,,Enhancer,Active,Normal,,,,Limb,UBERON:0002101,,,,,Enhancer capture Hi-C, in vivo functional validation,Capture Hi-C, ChIP-seq, RNA-seq, Bisulfite-seq,CRISPR/Cas9 knockout, RT-qPCR
2024,38509385,Increased enhancer-promoter interactions during developmental enhancer activation in mammals,Mus musculus,mm10,chr12,38435899,38436969,,,Enhancer,Active,Normal,,,,Hindbrain,UBERON:0002028,,,,,Enhancer capture Hi-C, in vivo functional validation,Capture Hi-C, ChIP-seq, RNA-seq, Bisulfite-seq,CRISPR/Cas9 knockout, RT-qPCR
2024,38509385,Increased enhancer-promoter interactions during developmental enhancer activation in mammals,Mus musculus,mm10,chr12,49944259,49946938,,,Enhancer,Active,Normal,,,,Forebrain,UBERON:0001890,,,,,Enhancer capture Hi-C, in vivo functional validation,Capture Hi-C, ChIP-seq, RNA-seq, Bisulfite-seq,CRISPR/Cas9 knockout, RT-qPCR
2024,38509385,Increased enhancer-promoter interactions during developmental enhancer activation in mammals,Mus musculus,mm10,chr12,49973819,49974898,,,Enhancer,Active,Normal,,,,Hindbrain,UBERON:0002028,,,,,Enhancer capture Hi-C, in vivo functional validation,Capture Hi-C, ChIP-seq, RNA-seq, Bisulfite-seq,CRISPR/Cas9 knockout, RT-qPCR
2024,38509385,Increased enhancer-promoter interactions during developmental enhancer activation in mammals,Mus musculus,mm10,chr12,50120052,50121911,,,Enhancer,Active,Normal,,,,Forebrain,UBERON:0001890,,,,,Enhancer capture Hi-C, in vivo functional validation,Capture Hi-C, ChIP-seq, RNA-seq, Bisulfite-seq,CRISPR/Cas9 knockout, RT-qPCR
2024,38509385,Increased enhancer-promoter interactions during developmental enhancer activation in mammals,Mus musculus,mm10,chr12,52227850,52229485,,,Enhancer,Active,Normal,,,,Heart,UBERON:0000948,,,,,Enhancer capture Hi-C, in vivo functional validation,Capture Hi-C, ChIP-seq, RNA-seq, Bisulfite-seq,CRISPR/Cas9 knockout, RT-qPCR
2024,38509385,Increased enhancer-promoter interactions during developmental enhancer activation in mammals,Mus musculus,mm10,chr12,53873637,53876199,,,Enhancer,Active,Normal,,,,Heart,UBERON:0000948,,,,,Enhancer capture Hi-C, in vivo functional validation,Capture Hi-C, ChIP-seq, RNA-seq, Bisulfite-seq,CRISPR/Cas9 knockout, RT-qPCR
2024,38509385,Increased enhancer-promoter interactions during developmental enhancer activation in mammals,Mus musculus,mm10,chr12,55643171,55644130,,,Enhancer,Active,Normal,,,,Forebrain,UBERON:0001890,,,,,Enhancer capture Hi-C, in vivo functional validation,Capture Hi-C, ChIP-seq, RNA-seq, Bisulfite-seq,CRISPR/Cas9 knockout, RT-qPCR
2024,38509385,Increased enhancer-promoter interactions during developmental enhancer activation in mammals,Mus musculus,mm10,chr12,56114427,56116838,,,Enhancer,Active,Normal,,,,Hindbrain,UBERON:0002028,,,,,Enhancer capture Hi-C, in vivo functional validation,Capture Hi-C, ChIP-seq, RNA-seq, Bisulfite-seq,CRISPR/Cas9 knockout, RT-qPCR
2024,38509385,Increased enhancer-promoter interactions during developmental enhancer activation in mammals,Mus musculus,mm10,chr12,56458924,56460465,,,Enhancer,Active,Normal,,,,Forebrain,UBERON:0001890,,,,,Enhancer capture Hi-C, in vivo functional validation,Capture Hi-C, ChIP-seq, RNA-seq, Bisulfite-seq,CRISPR/Cas9 knockout, RT-qPCR
2024,38509385,Increased enhancer-promoter interactions during developmental enhancer activation in mammals,Mus musculus,mm10,chr12,57290916,57292614,,,Enhancer,Active,Normal,,,,Midbrain,UBERON:0001891,,,,,Enhancer capture Hi-C, in vivo functional validation,Capture Hi-C, ChIP-seq, RNA-seq, Bisulfite-seq,CRISPR/Cas9 knockout, RT-qPCR
2024,38509385,Increased enhancer-promoter interactions during developmental enhancer activation in mammals,Mus musculus,mm10,chr12,69757650,69759599,,,Enhancer,Active,Normal,,,,Heart,UBERON:0000948,,,,,Enhancer capture Hi-C, in vivo functional validation,Capture Hi-C, ChIP-seq, RNA-seq, Bisulfite-seq,CRISPR/Cas9 knockout, RT-qPCR
2024,38509385,Increased enhancer-promoter interactions during developmental enhancer activation in mammals,Mus musculus,mm10,chr12,79795735,79797174,,,Enhancer,Active,Normal,,,,Blood vessel,UBERON:0001981,,,,,Enhancer capture Hi-C, in vivo functional validation,Capture Hi-C, ChIP-seq, RNA-seq, Bisulfite-seq,CRISPR/Cas9 knockout, RT-qPCR
2024,38509385,Increased enhancer-promoter interactions during developmental enhancer activation in mammals,Mus musculus,mm10,chr12,85453982,85456023,,,Enhancer,Active,Normal,,,,Heart,UBERON:0000948,,,,,Enhancer capture Hi-C, in vivo functional validation,Capture Hi-C, ChIP-seq, RNA-seq, Bisulfite-seq,CRISPR/Cas9 knockout, RT-qPCR
2024,38509385,Increased enhancer-promoter interactions during developmental enhancer activation in mammals,Mus musculus,mm10,chr12,86800395,86804134,,,Enhancer,Active,Normal,,,,Neural tube,UBERON:0000934,,,,,Enhancer capture Hi-C, in vivo functional validation,Capture Hi-C, ChIP-seq, RNA-seq, Bisulfite-seq,CRISPR/Cas9 knockout, RT-qPCR
2025,40592854,Klf5-adjacent super-enhancer functions as a 3D genome structure-dependent transcriptional driver to safeguard ESC identity,Mus musculus,mm10,chr14,99260419,99393893,Sox2,Klf5,SE,Active,Normal,,,,Embryonic tissue,UBERON:0000922,Mouse Embryonic Stem Cells (E14),CVCL_2167,mouse embryonic stem cell,CL:0002322,Enhancer activity assay, TF binding assay, Chromatin interaction assay, Functional perturbation assay,ChIP-seq, RNA-seq, Hi-C, 4C-seq, scRNA-seq, ATAC-seq,CRISPR Knockout, CRISPRa, qRT-PCR, Western blot, 3C-PCR
2017,27881681,A Novel Regulatory Mechanism of Type II Collagen Expression via a SOX9-dependent Enhancer in Intron 6,Mus musculus,mm10,chr11,96800000,96801500,Sox9,Col2A1,Enhancer,Active,Normal,,,,Cartilage,UBERON:0002418,RCS chondrocytes,CVCL_5256,chondrocyte,CL:0000138,Enhancer activity assay, TF binding assay,ChIP-seq,Luciferase Reporter Assay, ChIP-RT-qPCR, EMSA, CRISPR Knockout
2018,30017589,GRHL2-dependent enhancer switching maintains a pluripotent stem cell transcriptional subnetwork after exit from naive pluripotency,Mus musculus,mm10,chr18,24562000,24562200,Klf4,Dsp,Enhancer,Active,Normal,,,,Embryo,UBERON:0000922,ESCs,,embryonic stem cell,CL:0002322,Functional perturbation assay,ChIP-seq, ATAC-seq, RNA-seq,CRISPR Knockout, RT-RT-qPCR, Western blot
2024,38509385,Increased enhancer-promoter interactions during developmental enhancer activation in mammals,Mus musculus,mm10,chr1,19698786,19700794,,,Enhancer,Active,Normal,,,,Hindbrain,UBERON:0002028,,,embryonic cell,CL:0000000,Enhancer capture Hi-C assay, In vivo functional validation,Capture Hi-C, ChIP-seq, RNA-seq, Bisulfite-seq,CRISPR-Cas9 knockout, RT-RT-qPCR
2024,38509385,Increased enhancer-promoter interactions during developmental enhancer activation in mammals,Mus musculus,mm10,chr1,39945410,39950481,,,Enhancer,Active,Normal,,,,Dorsal root ganglion,UBERON:0001685,,,embryonic cell,CL:0000000,Enhancer capture Hi-C assay, In vivo functional validation,Capture Hi-C, ChIP-seq, RNA-seq, Bisulfite-seq,CRISPR-Cas9 knockout, RT-RT-qPCR
2024,38509385,Increased enhancer-promoter interactions during developmental enhancer activation in mammals,Mus musculus,mm10,chr1,41165774,41167470,,,Enhancer,Active,Normal,,,,Midbrain,UBERON:0001891,,,embryonic cell,CL:0000000,Enhancer capture Hi-C assay, In vivo functional validation,Capture Hi-C, ChIP-seq, RNA-seq, Bisulfite-seq,CRISPR-Cas9 knockout, RT-RT-qPCR
2024,38509385,Increased enhancer-promoter interactions during developmental enhancer activation in mammals,Mus musculus,mm10,chr1,41274809,41277330,,,Enhancer,Active,Normal,,,,Hindbrain,UBERON:0002028,,,embryonic cell,CL:0000000,Enhancer capture Hi-C assay, In vivo functional validation,Capture Hi-C, ChIP-seq, RNA-seq, Bisulfite-seq,CRISPR-Cas9 knockout, RT-RT-qPCR
2024,38509385,Increased enhancer-promoter interactions during developmental enhancer activation in mammals,Mus musculus,mm10,chr1,41274477,41276046,,,Enhancer,Active,Normal,,,,Midbrain,UBERON:0001891,,,embryonic cell,CL:0000000,Enhancer capture Hi-C assay, In vivo functional validation,Capture Hi-C, ChIP-seq, RNA-seq, Bisulfite-seq,CRISPR-Cas9 knockout, RT-RT-qPCR
2024,38509385,Increased enhancer-promoter interactions during developmental enhancer activation in mammals,Mus musculus,mm10,chr1,41389098,41390679,,,Enhancer,Active,Normal,,,,Neural tube,UBERON:0000934,,,embryonic cell,CL:0000000,Enhancer capture Hi-C assay, In vivo functional validation,Capture Hi-C, ChIP-seq, RNA-seq, Bisulfite-seq,CRISPR-Cas9 knockout, RT-RT-qPCR
2024,38509385,Increased enhancer-promoter interactions during developmental enhancer activation in mammals,Mus musculus,mm10,chr1,41558620,41559699,,,Enhancer,Active,Normal,,,,Dorsal root ganglion,UBERON:0001685,,,embryonic cell,CL:0000000,Enhancer capture Hi-C assay, In vivo functional validation,Capture Hi-C, ChIP-seq, RNA-seq, Bisulfite-seq,CRISPR-Cas9 knockout, RT-RT-qPCR
2024,38509385,Increased enhancer-promoter interactions during developmental enhancer activation in mammals,Mus musculus,mm10,chr1,41936018,41937045,,,Enhancer,Active,Normal,,,,Pharyngeal arch,UBERON:0003066,,,embryonic cell,CL:0000000,Enhancer capture Hi-C assay, In vivo functional validation,Capture Hi-C, ChIP-seq, RNA-seq, Bisulfite-seq,CRISPR-Cas9 knockout, RT-RT-qPCR
2024,38509385,Increased enhancer-promoter interactions during developmental enhancer activation in mammals,Mus musculus,mm10,chr1,41980560,41982826,,,Enhancer,Active,Normal,,,,Hindbrain,UBERON:0002028,,,embryonic cell,CL:0000000,Enhancer capture Hi-C assay, In vivo functional validation,Capture Hi-C, ChIP-seq, RNA-seq, Bisulfite-seq,CRISPR-Cas9 knockout, RT-RT-qPCR
2024,38509385,Increased enhancer-promoter interactions during developmental enhancer activation in mammals,Mus musculus,mm10,chr1,42242028,42244560,,,Enhancer,Active,Normal,,,,Midbrain,UBERON:0001891,,,embryonic cell,CL:0000000,Enhancer capture Hi-C assay, In vivo functional validation,Capture Hi-C, ChIP-seq, RNA-seq, Bisulfite-seq,CRISPR-Cas9 knockout, RT-RT-qPCR
2024,38509385,Increased enhancer-promoter interactions during developmental enhancer activation in mammals,Mus musculus,mm10,chr1,42740097,42742436,,,Enhancer,Active,Normal,,,,Hindbrain,UBERON:0002028,,,embryonic cell,CL:0000000,Enhancer capture Hi-C assay, In vivo functional validation,Capture Hi-C, ChIP-seq, RNA-seq, Bisulfite-seq,CRISPR-Cas9 knockout, RT-RT-qPCR
2024,38509385,Increased enhancer-promoter interactions during developmental enhancer activation in mammals,Mus musculus,mm10,chr1,42888276,42890025,,,Enhancer,Active,Normal,,,,Neural tube,UBERON:0000934,,,embryonic cell,CL:0000000,Enhancer capture Hi-C assay, In vivo functional validation,Capture Hi-C, ChIP-seq, RNA-seq, Bisulfite-seq,CRISPR-Cas9 knockout, RT-RT-qPCR
2024,38509385,Increased enhancer-promoter interactions during developmental enhancer activation in mammals,Mus musculus,mm10,chr1,56287621,56287740,,,Enhancer,Active,Normal,,,,Pharyngeal arch,UBERON:0003066,,,embryonic cell,CL:0000000,Enhancer capture Hi-C assay, In vivo functional validation,Capture Hi-C, ChIP-seq, RNA-seq, Bisulfite-seq,CRISPR-Cas9 knockout, RT-RT-qPCR
2024,38509385,Increased enhancer-promoter interactions during developmental enhancer activation in mammals,Mus musculus,mm10,chr1,59333610,59335295,,,Enhancer,Active,Normal,,,,Somite,UBERON:0002329,,,embryonic cell,CL:0000000,Enhancer capture Hi-C assay, In vivo functional validation,Capture Hi-C, ChIP-seq, RNA-seq, Bisulfite-seq,CRISPR-Cas9 knockout, RT-RT-qPCR
2024,38509385,Increased enhancer-promoter interactions during developmental enhancer activation in mammals,Mus musculus,mm10,chr1,59340469,59342458,,,Enhancer,Active,Normal,,,,Midbrain,UBERON:0001891,,,embryonic cell,CL:0000000,Enhancer capture Hi-C assay, In vivo functional validation,Capture Hi-C, ChIP-seq, RNA-seq, Bisulfite-seq,CRISPR-Cas9 knockout, RT-RT-qPCR
2024,38509385,Increased enhancer-promoter interactions during developmental enhancer activation in mammals,Mus musculus,mm10,chr1,61202186,61204482,,,Enhancer,Active,Normal,,,,Face,UBERON:0001456,,,embryonic cell,CL:0000000,Enhancer capture Hi-C assay, In vivo functional validation,Capture Hi-C, ChIP-seq, RNA-seq, Bisulfite-seq,CRISPR-Cas9 knockout, RT-RT-qPCR
2024,38509385,Increased enhancer-promoter interactions during developmental enhancer activation in mammals,Mus musculus,mm10,chr1,67795652,67796989,,,Enhancer,Active,Normal,,,,Neural tube,UBERON:0000934,,,embryonic cell,CL:0000000,Enhancer capture Hi-C assay, In vivo functional validation,Capture Hi-C, ChIP-seq, RNA-seq, Bisulfite-seq,CRISPR-Cas9 knockout, RT-RT-qPCR
2024,38509385,Increased enhancer-promoter interactions during developmental enhancer activation in mammals,Mus musculus,mm10,chr1,68045495,68048139,,,Enhancer,Active,Normal,,,,Hindbrain,UBERON:0002028,,,embryonic cell,CL:0000000,Enhancer capture Hi-C assay, In vivo functional validation,Capture Hi-C, ChIP-seq, RNA-seq, Bisulfite-seq,CRISPR-Cas9 knockout, RT-RT-qPCR
2024,38509385,Increased enhancer-promoter interactions during developmental enhancer activation in mammals,Mus musculus,mm10,chr1,75784481,75787064,,,Enhancer,Active,Normal,,,,Limb,UBERON:0002101,,,embryonic cell,CL:0000000,Enhancer capture Hi-C assay, In vivo functional validation,Capture Hi-C, ChIP-seq, RNA-seq, Bisulfite-seq,CRISPR-Cas9 knockout, RT-RT-qPCR
2024,38509385,Increased enhancer-promoter interactions during developmental enhancer activation in mammals,Mus musculus,mm10,chr1,75832340,75835632,,,Enhancer,Active,Normal,,,,Limb,UBERON:0002101,,,embryonic cell,CL:0000000,Enhancer capture Hi-C assay, In vivo functional validation,Capture Hi-C, ChIP-seq, RNA-seq, Bisulfite-seq,CRISPR-Cas9 knockout, RT-RT-qPCR
2024,38509385,Increased enhancer-promoter interactions during developmental enhancer activation in mammals,Mus musculus,mm10,chr1,78058902,78059702,,,Enhancer,Active,Normal,,,,Skin,UBERON:0000014,,,embryonic melanocyte,CL:0000148,Enhancer capture Hi-C assay, In vivo functional validation,Capture Hi-C, ChIP-seq, RNA-seq, Bisulfite-seq,CRISPR-Cas9 knockout, RT-RT-qPCR
2024,38509385,Increased enhancer-promoter interactions during developmental enhancer activation in mammals,Mus musculus,mm10,chr1,89713239,89715218,,,Enhancer,Active,Normal,,,,Limb,UBERON:0002101,,,embryonic cell,CL:0000000,Enhancer capture Hi-C assay, In vivo functional validation,Capture Hi-C, ChIP-seq, RNA-seq, Bisulfite-seq,CRISPR-Cas9 knockout, RT-RT-qPCR
2024,38509385,Increased enhancer-promoter interactions during developmental enhancer activation in mammals,Mus musculus,mm10,chr1,89750247,89752564,,,Enhancer,Active,Normal,,,,Hindbrain,UBERON:0002028,,,embryonic cell,CL:0000000,Enhancer capture Hi-C assay, In vivo functional validation,Capture Hi-C, ChIP-seq, RNA-seq, Bisulfite-seq,CRISPR-Cas9 knockout, RT-RT-qPCR
2024,38509385,Increased enhancer-promoter interactions during developmental enhancer activation in mammals,Mus musculus,mm10,chr1,89847226,89849959,,,Enhancer,Active,Normal,,,,Forebrain,UBERON:0001890,,,embryonic cell,CL:0000000,Enhancer capture Hi-C assay, In vivo functional validation,Capture Hi-C, ChIP-seq, RNA-seq, Bisulfite-seq,CRISPR-Cas9 knockout, RT-RT-qPCR
2024,38509385,Increased enhancer-promoter interactions during developmental enhancer activation in mammals,Mus musculus,mm10,chr1,90752845,90755953,,,Enhancer,Active,Normal,,,,Somite,UBERON:0002329,,,embryonic cell,CL:0000000,Enhancer capture Hi-C assay, In vivo functional validation,Capture Hi-C, ChIP-seq, RNA-seq, Bisulfite-seq,CRISPR-Cas9 knockout, RT-RT-qPCR
2024,38509385,Increased enhancer-promoter interactions during developmental enhancer activation in mammals,Mus musculus,mm10,chr1,91962915,91965571,,,Enhancer,Active,Normal,,,,Pharyngeal arch,UBERON:0003066,,,embryonic cell,CL:0000000,Enhancer capture Hi-C assay, In vivo functional validation,Capture Hi-C, ChIP-seq, RNA-seq, Bisulfite-seq,CRISPR-Cas9 knockout, RT-RT-qPCR
2024,38509385,Increased enhancer-promoter interactions during developmental enhancer activation in mammals,Mus musculus,mm10,chr1,92786133,92787932,,,Enhancer,Active,Normal,,,,Hindbrain,UBERON:0002028,,,embryonic cell,CL:0000000,Enhancer capture Hi-C assay, In vivo functional validation,Capture Hi-C, ChIP-seq, RNA-seq, Bisulfite-seq,CRISPR-Cas9 knockout, RT-RT-qPCR
2024,38509385,Increased enhancer-promoter interactions during developmental enhancer activation in mammals,Mus musculus,mm10,chr1,92789742,92792954,,,Enhancer,Active,Normal,,,,Limb,UBERON:0002101,,,embryonic cell,CL:0000000,Enhancer capture Hi-C assay, In vivo functional validation,Capture Hi-C, ChIP-seq, RNA-seq, Bisulfite-seq,CRISPR-Cas9 knockout, RT-RT-qPCR
2024,38509385,Increased enhancer-promoter interactions during developmental enhancer activation in mammals,Mus musculus,mm10,chr1,97538458,97543032,,,Enhancer,Active,Normal,,,,Neural tube,UBERON:0000934,,,embryonic cell,CL:0000000,Enhancer capture Hi-C assay, In vivo functional validation,Capture Hi-C, ChIP-seq, RNA-seq, Bisulfite-seq,CRISPR-Cas9 knockout, RT-RT-qPCR
2024,38509385,Increased enhancer-promoter interactions during developmental enhancer activation in mammals,Mus musculus,mm10,chr1,118776992,118777951,,,Enhancer,Active,Normal,,,,Hindbrain,UBERON:0002028,,,embryonic cell,CL:0000000,Enhancer capture Hi-C assay, In vivo functional validation,Capture Hi-C, ChIP-seq, RNA-seq, Bisulfite-seq,CRISPR-Cas9 knockout, RT-RT-qPCR
2024,38509385,Increased enhancer-promoter interactions during developmental enhancer activation in mammals,Mus musculus,mm10,chr1,120023430,120025609,,,Enhancer,Active,Normal,,,,Embryo,UBERON:0000922,,,embryonic cell,CL:0000000,Enhancer capture Hi-C assay, In vivo functional validation,Capture Hi-C, ChIP-seq, RNA-seq, Bisulfite-seq,CRISPR-Cas9 knockout, RT-RT-qPCR
2024,38509385,Increased enhancer-promoter interactions during developmental enhancer activation in mammals,Mus musculus,mm10,chr1,132332673,132334764,,,Enhancer,Active,Normal,,,,Hindbrain,UBERON:0002028,,,embryonic cell,CL:0000000,Enhancer capture Hi-C assay, In vivo functional validation,Capture Hi-C, ChIP-seq, RNA-seq, Bisulfite-seq,CRISPR-Cas9 knockout, RT-RT-qPCR
2024,38509385,Increased enhancer-promoter interactions during developmental enhancer activation in mammals,Mus musculus,mm10,chr1,133079543,133081905,,,Enhancer,Active,Normal,,,,Neural tube,UBERON:0000934,,,embryonic cell,CL:0000000,Enhancer capture Hi-C assay, In vivo functional validation,Capture Hi-C, ChIP-seq, RNA-seq, Bisulfite-seq,CRISPR-Cas9 knockout, RT-RT-qPCR
2024,38509385,Increased enhancer-promoter interactions during developmental enhancer activation in mammals,Mus musculus,mm10,chr1,133491760,133493483,,,Enhancer,Active,Normal,,,,Blood vessel,UBERON:0001981,,,embryonic vascular cell,CL:0000000,Enhancer capture Hi-C assay, In vivo functional validation,Capture Hi-C, ChIP-seq, RNA-seq, Bisulfite-seq,CRISPR-Cas9 knockout, RT-RT-qPCR
2024,38509385,Increased enhancer-promoter interactions during developmental enhancer activation in mammals,Mus musculus,mm10,chr1,138498963,138501215,,,Enhancer,Active,Normal,,,,Hindbrain,UBERON:0002028,,,embryonic cell,CL:0000000,Enhancer capture Hi-C assay, In vivo functional validation,Capture Hi-C, ChIP-seq, RNA-seq, Bisulfite-seq,CRISPR-Cas9 knockout, RT-RT-qPCR
2024,38509385,Increased enhancer-promoter interactions during developmental enhancer activation in mammals,Mus musculus,mm10,chr1,158265584,158268273,,,Enhancer,Active,Normal,,,,Hindbrain,UBERON:0002028,,,embryonic cell,CL:0000000,Enhancer capture Hi-C assay, In vivo functional validation,Capture Hi-C, ChIP-seq, RNA-seq, Bisulfite-seq,CRISPR-Cas9 knockout, RT-RT-qPCR
2024,38509385,Increased enhancer-promoter interactions during developmental enhancer activation in mammals,Mus musculus,mm10,chr1,162074122,162077977,,,Enhancer,Active,Normal,,,,Somite,UBERON:0002329,,,embryonic cell,CL:0000000,Enhancer capture Hi-C assay, In vivo functional validation,Capture Hi-C, ChIP-seq, RNA-seq, Bisulfite-seq,CRISPR-Cas9 knockout, RT-RT-qPCR
2024,38509385,Increased enhancer-promoter interactions during developmental enhancer activation in mammals,Mus musculus,mm10,chr1,162829985,162833284,,,Enhancer,Active,Normal,,,,Neural tube,UBERON:0000934,,,embryonic cell,CL:0000000,Enhancer capture Hi-C assay, In vivo functional validation,Capture Hi-C, ChIP-seq, RNA-seq, Bisulfite-seq,CRISPR-Cas9 knockout, RT-RT-qPCR
2024,38509385,Increased enhancer-promoter interactions during developmental enhancer activation in mammals,Mus musculus,mm10,chr1,163897046,163900155,,,Enhancer,Active,Normal,,,,Limb,UBERON:0002101,,,embryonic cell,CL:0000000,Enhancer capture Hi-C assay, In vivo functional validation,Capture Hi-C, ChIP-seq, RNA-seq, Bisulfite-seq,CRISPR-Cas9 knockout, RT-RT-qPCR
2024,38509385,Increased enhancer-promoter interactions during developmental enhancer activation in mammals,Mus musculus,mm10,chr1,166047034,166051082,,,Enhancer,Active,Normal,,,,Neural tube,UBERON:0000934,,,embryonic cell,CL:0000000,Enhancer capture Hi-C assay, In vivo functional validation,Capture Hi-C, ChIP-seq, RNA-seq, Bisulfite-seq,CRISPR-Cas9 knockout, RT-RT-qPCR
2024,38509385,Increased enhancer-promoter interactions during developmental enhancer activation in mammals,Mus musculus,mm10,chr1,168341325,168343770,,,Enhancer,Active,Normal,,,,Hindbrain,UBERON:0002028,,,embryonic cell,CL:0000000,Enhancer capture Hi-C assay, In vivo functional validation,Capture Hi-C, ChIP-seq, RNA-seq, Bisulfite-seq,CRISPR-Cas9 knockout, RT-RT-qPCR
2024,38509385,Increased enhancer-promoter interactions during developmental enhancer activation in mammals,Mus musculus,mm10,chr1,168356497,168358717,,,Enhancer,Active,Normal,,,,Hindbrain,UBERON:0002028,,,embryonic cell,CL:0000000,Enhancer capture Hi-C assay, In vivo functional validation,Capture Hi-C, ChIP-seq, RNA-seq, Bisulfite-seq,CRISPR-Cas9 knockout, RT-RT-qPCR
2024,38509385,Increased enhancer-promoter interactions during developmental enhancer activation in mammals,Mus musculus,mm10,chr1,169384774,169387004,,,Enhancer,Active,Normal,,,,Hindbrain,UBERON:0002028,,,embryonic cell,CL:0000000,Enhancer capture Hi-C assay, In vivo functional validation,Capture Hi-C, ChIP-seq, RNA-seq, Bisulfite-seq,CRISPR-Cas9 knockout, RT-RT-qPCR
2024,38509385,Increased enhancer-promoter interactions during developmental enhancer activation in mammals,Mus musculus,mm10,chr1,177151814,177152053,,,Enhancer,Active,Normal,,,,Neural tube,UBERON:0000934,,,embryonic cell,CL:0000000,Enhancer capture Hi-C assay, In vivo functional validation,Capture Hi-C, ChIP-seq, RNA-seq, Bisulfite-seq,CRISPR-Cas9 knockout, RT-RT-qPCR
2024,38509385,Increased enhancer-promoter interactions during developmental enhancer activation in mammals,Mus musculus,mm10,chr1,179385555,179387659,,,Enhancer,Active,Normal,,,,Midbrain,UBERON:0001891,,,embryonic cell,CL:0000000,Enhancer capture Hi-C assay, In vivo functional validation,Capture Hi-C, ChIP-seq, RNA-seq, Bisulfite-seq,CRISPR-Cas9 knockout, RT-RT-qPCR
2024,38509385,Increased enhancer-promoter interactions during developmental enhancer activation in mammals,Mus musculus,mm10,chr1,187907873,187909312,,,Enhancer,Active,Normal,,,,Cranial nerve,UBERON:0001785,,,embryonic cell,CL:0000000,Enhancer capture Hi-C assay, In vivo functional validation,Capture Hi-C, ChIP-seq, RNA-seq, Bisulfite-seq,CRISPR-Cas9 knockout, RT-RT-qPCR
2024,38509385,Increased enhancer-promoter interactions during developmental enhancer activation in mammals,Mus musculus,mm10,chr1,189186446,189189286,,,Enhancer,Active,Normal,,,,Neural tube,UBERON:0000934,,,embryonic cell,CL:0000000,Enhancer capture Hi-C assay, In vivo functional validation,Capture Hi-C, ChIP-seq, RNA-seq, Bisulfite-seq,CRISPR-Cas9 knockout, RT-RT-qPCR
2024,38509385,Increased enhancer-promoter interactions during developmental enhancer activation in mammals,Mus musculus,mm10,chr1,191238682,191241679,,,Enhancer,Active,Normal,,,,Neural tube,UBERON:0000934,,,embryonic neural tube cell,CL:0000000,Enhancer capture Hi-C assay, In vivo functional validation,Capture Hi-C, ChIP-seq, RNA-seq, Bisulfite-seq,CRISPR-Cas9 knockout, RT-RT-qPCR
2024,38509385,Increased enhancer-promoter interactions during developmental enhancer activation in mammals,Mus musculus,mm10,chr1,192798078,192799697,,,Enhancer,Active,Normal,,,,Somite,UBERON:0002329,,,,,Enhancer capture Hi-C, in vivo functional validation,Capture Hi-C, ChIP-seq, RNA-seq, Bisulfite-seq,CRISPR/Cas9 knockout, RT-qPCR
2024,38509385,Increased enhancer-promoter interactions during developmental enhancer activation in mammals,Mus musculus,mm10,chr1,193140090,193141613,,,Enhancer,Active,Normal,,,,Limb,UBERON:0002101,,,,,Enhancer capture Hi-C, in vivo functional validation,Capture Hi-C, ChIP-seq, RNA-seq, Bisulfite-seq,CRISPR/Cas9 knockout, RT-qPCR
2024,38509385,Increased enhancer-promoter interactions during developmental enhancer activation in mammals,Mus musculus,mm10,chr10,14462982,14465275,,,Enhancer,Active,Normal,,,,Limb,UBERON:0002101,,,,,Enhancer capture Hi-C, in vivo functional validation,Capture Hi-C, ChIP-seq, RNA-seq, Bisulfite-seq,CRISPR/Cas9 knockout, RT-qPCR
2024,38509385,Increased enhancer-promoter interactions during developmental enhancer activation in mammals,Mus musculus,mm10,chr10,17228620,17231920,,,Enhancer,Active,Normal,,,,Hindbrain,UBERON:0002028,,,,,Enhancer capture Hi-C, in vivo functional validation,Capture Hi-C, ChIP-seq, RNA-seq, Bisulfite-seq,CRISPR/Cas9 knockout, RT-qPCR
2024,38509385,Increased enhancer-promoter interactions during developmental enhancer activation in mammals,Mus musculus,mm10,chr10,36483060,36486674,,,Enhancer,Active,Normal,,,,Midbrain,UBERON:0001891,,,,,Enhancer capture Hi-C, in vivo functional validation,Capture Hi-C, ChIP-seq, RNA-seq, Bisulfite-seq,CRISPR/Cas9 knockout, RT-qPCR
2024,38509385,Increased enhancer-promoter interactions during developmental enhancer activation in mammals,Mus musculus,mm10,chr10,38551938,38556574,,,Enhancer,Active,Normal,,,,Neural tube,UBERON:0000934,,,,,Enhancer capture Hi-C, in vivo functional validation,Capture Hi-C, ChIP-seq, RNA-seq, Bisulfite-seq,CRISPR/Cas9 knockout, RT-qPCR
2024,38509385,Increased enhancer-promoter interactions during developmental enhancer activation in mammals,Mus musculus,mm10,chr10,45228796,45231475,,,Enhancer,Active,Normal,,,,Limb,UBERON:0002101,,,,,Enhancer capture Hi-C, in vivo functional validation,Capture Hi-C, ChIP-seq, RNA-seq, Bisulfite-seq,CRISPR/Cas9 knockout, RT-qPCR
2024,38509385,Increased enhancer-promoter interactions during developmental enhancer activation in mammals,Mus musculus,mm10,chr10,51257317,51258816,,,Enhancer,Active,Normal,,,,Midbrain,UBERON:0001891,,,,,Enhancer capture Hi-C, in vivo functional validation,Capture Hi-C, ChIP-seq, RNA-seq, Bisulfite-seq,CRISPR/Cas9 knockout, RT-qPCR
2024,38509385,Increased enhancer-promoter interactions during developmental enhancer activation in mammals,Mus musculus,mm10,chr10,52741597,52745163,,,Enhancer,Active,Normal,,,,Neural tube,UBERON:0000934,,,,,Enhancer capture Hi-C, in vivo functional validation,Capture Hi-C, ChIP-seq, RNA-seq, Bisulfite-seq,CRISPR/Cas9 knockout, RT-qPCR
2024,38509385,Increased enhancer-promoter interactions during developmental enhancer activation in mammals,Mus musculus,mm10,chr10,87292824,87294448,,,Enhancer,Active,Normal,,,,Midbrain,UBERON:0001891,,,,,Enhancer capture Hi-C, in vivo functional validation,Capture Hi-C, ChIP-seq, RNA-seq, Bisulfite-seq,CRISPR/Cas9 knockout, RT-qPCR
2024,38509385,Increased enhancer-promoter interactions during developmental enhancer activation in mammals,Mus musculus,mm10,chr10,87445090,87449904,,,Enhancer,Active,Normal,,,,Hindbrain,UBERON:0002028,,,,,Enhancer capture Hi-C, in vivo functional validation,Capture Hi-C, ChIP-seq, RNA-seq, Bisulfite-seq,CRISPR/Cas9 knockout, RT-qPCR
2024,38509385,Increased enhancer-promoter interactions during developmental enhancer activation in mammals,Mus musculus,mm10,chr10,87472791,87473750,,,Enhancer,Active,Normal,,,,Neural tube,UBERON:0000934,,,,,Enhancer capture Hi-C, in vivo functional validation,Capture Hi-C, ChIP-seq, RNA-seq, Bisulfite-seq,CRISPR/Cas9 knockout, RT-qPCR
2024,38509385,Increased enhancer-promoter interactions during developmental enhancer activation in mammals,Mus musculus,mm10,chr10,91880854,91881573,,,Enhancer,Active,Normal,,,,Midbrain,UBERON:0001891,,,,,Enhancer capture Hi-C, in vivo functional validation,Capture Hi-C, ChIP-seq, RNA-seq, Bisulfite-seq,CRISPR/Cas9 knockout, RT-qPCR
2024,38509385,Increased enhancer-promoter interactions during developmental enhancer activation in mammals,Mus musculus,mm10,chr10,120551807,120554146,,,Enhancer,Active,Normal,,,,Neural tube,UBERON:0000934,,,,,Enhancer capture Hi-C, in vivo functional validation,Capture Hi-C, ChIP-seq, RNA-seq, Bisulfite-seq,CRISPR/Cas9 knockout, RT-qPCR
2024,38509385,Increased enhancer-promoter interactions during developmental enhancer activation in mammals,Mus musculus,mm10,chr10,120646283,120649237,,,Enhancer,Active,Normal,,,,Hindbrain,UBERON:0002028,,,,,Enhancer capture Hi-C, in vivo functional validation,Capture Hi-C, ChIP-seq, RNA-seq, Bisulfite-seq,CRISPR/Cas9 knockout, RT-qPCR
2024,38509385,Increased enhancer-promoter interactions during developmental enhancer activation in mammals,Mus musculus,mm10,chr10,125809640,125811484,,,Enhancer,Active,Normal,,,,Somite,UBERON:0002329,,,,,Enhancer capture Hi-C, in vivo functional validation,Capture Hi-C, ChIP-seq, RNA-seq, Bisulfite-seq,CRISPR/Cas9 knockout, RT-qPCR
2024,38509385,Increased enhancer-promoter interactions during developmental enhancer activation in mammals,Mus musculus,mm10,chr11,17448900,17451834,,,Enhancer,Active,Normal,,,,Hindbrain,UBERON:0002028,,,,,Enhancer capture Hi-C, in vivo functional validation,Capture Hi-C, ChIP-seq, RNA-seq, Bisulfite-seq,CRISPR/Cas9 knockout, RT-qPCR
2024,38509385,Increased enhancer-promoter interactions during developmental enhancer activation in mammals,Mus musculus,mm10,chr11,18357518,18358569,,,Enhancer,Active,Normal,,,,Hindbrain,UBERON:0002028,,,,,Enhancer capture Hi-C, in vivo functional validation,Capture Hi-C, ChIP-seq, RNA-seq, Bisulfite-seq,CRISPR/Cas9 knockout, RT-qPCR
2024,38509385,Increased enhancer-promoter interactions during developmental enhancer activation in mammals,Mus musculus,mm10,chr11,24426421,24428736,,,Enhancer,Active,Normal,,,,Midbrain,UBERON:0001891,,,,,Enhancer capture Hi-C, in vivo functional validation,Capture Hi-C, ChIP-seq, RNA-seq, Bisulfite-seq,CRISPR/Cas9 knockout, RT-qPCR
2024,38509385,Increased enhancer-promoter interactions during developmental enhancer activation in mammals,Mus musculus,mm10,chr11,25356124,25357143,,,Enhancer,Active,Normal,,,,Neural tube,UBERON:0000934,,,,,Enhancer capture Hi-C, in vivo functional validation,Capture Hi-C, ChIP-seq, RNA-seq, Bisulfite-seq,CRISPR/Cas9 knockout, RT-qPCR
2024,38509385,Increased enhancer-promoter interactions during developmental enhancer activation in mammals,Mus musculus,mm10,chr11,26771684,26773636,,,Enhancer,Active,Normal,,,,Hindbrain,UBERON:0002028,,,,,Enhancer capture Hi-C, in vivo functional validation,Capture Hi-C, ChIP-seq, RNA-seq, Bisulfite-seq,CRISPR/Cas9 knockout, RT-qPCR
2024,38509385,Increased enhancer-promoter interactions during developmental enhancer activation in mammals,Mus musculus,mm10,chr11,32245096,32247223,,,Enhancer,Active,Normal,,,,Heart,UBERON:0000948,,,,,Enhancer capture Hi-C, in vivo functional validation,Capture Hi-C, ChIP-seq, RNA-seq, Bisulfite-seq,CRISPR/Cas9 knockout, RT-qPCR
2024,38509385,Increased enhancer-promoter interactions during developmental enhancer activation in mammals,Mus musculus,mm10,chr11,33299155,33301650,,,Enhancer,Active,Normal,,,,Hindbrain,UBERON:0002028,,,,,Enhancer capture Hi-C, in vivo functional validation,Capture Hi-C, ChIP-seq, RNA-seq, Bisulfite-seq,CRISPR/Cas9 knockout, RT-qPCR
2024,38509385,Increased enhancer-promoter interactions during developmental enhancer activation in mammals,Mus musculus,mm10,chr11,33399382,33401384,,,Enhancer,Active,Normal,,,,Neural tube,UBERON:0000934,,,,,Enhancer capture Hi-C, in vivo functional validation,Capture Hi-C, ChIP-seq, RNA-seq, Bisulfite-seq,CRISPR/Cas9 knockout, RT-qPCR
2024,38509385,Increased enhancer-promoter interactions during developmental enhancer activation in mammals,Mus musculus,mm10,chr11,44634961,44636269,,,Enhancer,Active,Normal,,,,Neural tube,UBERON:0000934,,,,,Enhancer capture Hi-C, in vivo functional validation,Capture Hi-C, ChIP-seq, RNA-seq, Bisulfite-seq,CRISPR/Cas9 knockout, RT-qPCR
2024,38509385,Increased enhancer-promoter interactions during developmental enhancer activation in mammals,Mus musculus,mm10,chr11,44656049,44658617,,,Enhancer,Active,Normal,,,,Neural tube,UBERON:0000934,,,,,Enhancer capture Hi-C, in vivo functional validation,Capture Hi-C, ChIP-seq, RNA-seq, Bisulfite-seq,CRISPR/Cas9 knockout, RT-qPCR
2024,38509385,Increased enhancer-promoter interactions during developmental enhancer activation in mammals,Mus musculus,mm10,chr11,45136282,45138321,,,Enhancer,Active,Normal,,,,Limb,UBERON:0002101,,,,,Enhancer capture Hi-C, in vivo functional validation,Capture Hi-C, ChIP-seq, RNA-seq, Bisulfite-seq,CRISPR/Cas9 knockout, RT-qPCR
2024,38509385,Increased enhancer-promoter interactions during developmental enhancer activation in mammals,Mus musculus,mm10,chr11,46201700,46203391,,,Enhancer,Active,Normal,,,,Pharyngeal arch,UBERON:0003066,,,,,Enhancer capture Hi-C, in vivo functional validation,Capture Hi-C, ChIP-seq, RNA-seq, Bisulfite-seq,CRISPR/Cas9 knockout, RT-qPCR
2024,38509385,Increased enhancer-promoter interactions during developmental enhancer activation in mammals,Mus musculus,mm10,chr11,62983610,62986909,,,Enhancer,Active,Normal,,,,Neural tube,UBERON:0000934,,,,,Enhancer capture Hi-C, in vivo functional validation,Capture Hi-C, ChIP-seq, RNA-seq, Bisulfite-seq,CRISPR/Cas9 knockout, RT-qPCR
2024,38509385,Increased enhancer-promoter interactions during developmental enhancer activation in mammals,Mus musculus,mm10,chr11,77905947,77908190,,,Enhancer,Active,Normal,,,,Hindbrain,UBERON:0002028,,,,,Enhancer capture Hi-C, in vivo functional validation,Capture Hi-C, ChIP-seq, RNA-seq, Bisulfite-seq,CRISPR/Cas9 knockout, RT-qPCR
2024,38509385,Increased enhancer-promoter interactions during developmental enhancer activation in mammals,Mus musculus,mm10,chr11,81611872,81614511,,,Enhancer,Active,Normal,,,,Neural tube,UBERON:0000934,,,,,Enhancer capture Hi-C, in vivo functional validation,Capture Hi-C, ChIP-seq, RNA-seq, Bisulfite-seq,CRISPR/Cas9 knockout, RT-qPCR
2024,38509385,Increased enhancer-promoter interactions during developmental enhancer activation in mammals,Mus musculus,mm10,chr11,86167051,86168070,,,Enhancer,Active,Normal,,,,Embryo,UBERON:0000922,,,,,Enhancer capture Hi-C, in vivo functional validation,Capture Hi-C, ChIP-seq, RNA-seq, Bisulfite-seq,CRISPR/Cas9 knockout, RT-qPCR
2024,38509385,Increased enhancer-promoter interactions during developmental enhancer activation in mammals,Mus musculus,mm10,chr11,88274108,88276472,,,Enhancer,Active,Normal,,,,Neural tube,UBERON:0000934,,,,,Enhancer capture Hi-C, in vivo functional validation,Capture Hi-C, ChIP-seq, RNA-seq, Bisulfite-seq,CRISPR/Cas9 knockout, RT-qPCR
2024,38509385,Increased enhancer-promoter interactions during developmental enhancer activation in mammals,Mus musculus,mm10,chr11,94159442,94162241,,,Enhancer,Active,Normal,,,,Hindbrain,UBERON:0002028,,,,,Enhancer capture Hi-C, in vivo functional validation,Capture Hi-C, ChIP-seq, RNA-seq, Bisulfite-seq,CRISPR/Cas9 knockout, RT-qPCR
2024,38509385,Increased enhancer-promoter interactions during developmental enhancer activation in mammals,Mus musculus,mm10,chr11,94880838,94883684,,,Enhancer,Active,Normal,,,,Neural tube,UBERON:0000934,,,,,Enhancer capture Hi-C, in vivo functional validation,Capture Hi-C, ChIP-seq, RNA-seq, Bisulfite-seq,CRISPR/Cas9 knockout, RT-qPCR
2024,38509385,Increased enhancer-promoter interactions during developmental enhancer activation in mammals,Mus musculus,mm10,chr11,96883943,96888120,,,Enhancer,Active,Normal,,,,Hindbrain,UBERON:0002028,,,,,Enhancer capture Hi-C, in vivo functional validation,Capture Hi-C, ChIP-seq, RNA-seq, Bisulfite-seq,CRISPR/Cas9 knockout, RT-qPCR
2024,38509385,Increased enhancer-promoter interactions during developmental enhancer activation in mammals,Mus musculus,mm10,chr11,98496932,98499144,,,Enhancer,Active,Normal,,,,Neural tube,UBERON:0000934,,,,,Enhancer capture Hi-C, in vivo functional validation,Capture Hi-C, ChIP-seq, RNA-seq, Bisulfite-seq,CRISPR/Cas9 knockout, RT-qPCR
2024,38509385,Increased enhancer-promoter interactions during developmental enhancer activation in mammals,Mus musculus,mm10,chr11,103840502,103842458,,,Enhancer,Active,Normal,,,,Neural tube,UBERON:0000934,,,,,Enhancer capture Hi-C, in vivo functional validation,Capture Hi-C, ChIP-seq, RNA-seq, Bisulfite-seq,CRISPR/Cas9 knockout, RT-qPCR
2024,38509385,Increased enhancer-promoter interactions during developmental enhancer activation in mammals,Mus musculus,mm10,chr11,107761860,107764266,,,Enhancer,Active,Normal,,,,Embryo,UBERON:0000922,,,,,Enhancer capture Hi-C, in vivo functional validation,Capture Hi-C, ChIP-seq, RNA-seq, Bisulfite-seq,CRISPR/Cas9 knockout, RT-qPCR
2024,38509385,Increased enhancer-promoter interactions during developmental enhancer activation in mammals,Mus musculus,mm10,chr11,109269018,109271202,,,Enhancer,Active,Normal,,,,Neural tube,UBERON:0000934,,,,,Enhancer capture Hi-C, in vivo functional validation,Capture Hi-C, ChIP-seq, RNA-seq, Bisulfite-seq,CRISPR/Cas9 knockout, RT-qPCR
2024,38509385,Increased enhancer-promoter interactions during developmental enhancer activation in mammals,Mus musculus,mm10,chr11,112411851,112414154,,,Enhancer,Active,Normal,,,,Limb,UBERON:0002101,,,,,Enhancer capture Hi-C, in vivo functional validation,Capture Hi-C, ChIP-seq, RNA-seq, Bisulfite-seq,CRISPR/Cas9 knockout, RT-qPCR
2024,38509385,Increased enhancer-promoter interactions during developmental enhancer activation in mammals,Mus musculus,mm10,chr11,113012998,113015716,,,Enhancer,Active,Normal,,,,Limb,UBERON:0002101,,,,,Enhancer capture Hi-C, in vivo functional validation,Capture Hi-C, ChIP-seq, RNA-seq, Bisulfite-seq,CRISPR/Cas9 knockout, RT-qPCR
2024,38509385,Increased enhancer-promoter interactions during developmental enhancer activation in mammals,Mus musculus,mm10,chr11,113307250,113310296,,,Enhancer,Active,Normal,,,,Neural tube,UBERON:0000934,,,,,Enhancer capture Hi-C, in vivo functional validation,Capture Hi-C, ChIP-seq, RNA-seq, Bisulfite-seq,CRISPR/Cas9 knockout, RT-qPCR
2024,38509385,Increased enhancer-promoter interactions during developmental enhancer activation in mammals,Mus musculus,mm10,chr11,113783986,113787857,,,Enhancer,Active,Normal,,,,Neural tube,UBERON:0000934,,,,,Enhancer capture Hi-C, in vivo functional validation,Capture Hi-C, ChIP-seq, RNA-seq, Bisulfite-seq,CRISPR/Cas9 knockout, RT-qPCR
2024,38509385,Increased enhancer-promoter interactions during developmental enhancer activation in mammals,Mus musculus,mm10,chr11,120314730,120315389,,,Enhancer,Active,Normal,,,,Dorsal root ganglion,UBERON:0001685,,,,,Enhancer capture Hi-C, in vivo functional validation,Capture Hi-C, ChIP-seq, RNA-seq, Bisulfite-seq,CRISPR/Cas9 knockout, RT-qPCR
2024,38509385,Increased enhancer-promoter interactions during developmental enhancer activation in mammals,Mus musculus,mm10,chr12,8385536,8387745,,,Enhancer,Active,Normal,,,,Heart,UBERON:0000948,,,,,Enhancer capture Hi-C, in vivo functional validation,Capture Hi-C, ChIP-seq, RNA-seq, Bisulfite-seq,CRISPR/Cas9 knockout, RT-qPCR
2024,38509385,Increased enhancer-promoter interactions during developmental enhancer activation in mammals,Mus musculus,mm10,chr12,9338781,9340056,,,Enhancer,Active,Normal,,,,Somite,UBERON:0002329,,,,,Enhancer capture Hi-C, in vivo functional validation,Capture Hi-C, ChIP-seq, RNA-seq, Bisulfite-seq,CRISPR/Cas9 knockout, RT-qPCR
2024,38509385,Increased enhancer-promoter interactions during developmental enhancer activation in mammals,Mus musculus,mm10,chr12,12707452,12712121,,,Enhancer,Active,Normal,,,,Midbrain,UBERON:0001891,,,,,Enhancer capture Hi-C, in vivo functional validation,Capture Hi-C, ChIP-seq, RNA-seq, Bisulfite-seq,CRISPR/Cas9 knockout, RT-qPCR
2024,38509385,Increased enhancer-promoter interactions during developmental enhancer activation in mammals,Mus musculus,mm10,chr12,25890817,25892310,,,Enhancer,Active,Normal,,,,Forebrain,UBERON:0001890,,,,,Enhancer capture Hi-C, in vivo functional validation,Capture Hi-C, ChIP-seq, RNA-seq, Bisulfite-seq,CRISPR/Cas9 knockout, RT-qPCR
2024,38509385,Increased enhancer-promoter interactions during developmental enhancer activation in mammals,Mus musculus,mm10,chr12,27564419,27567345,,,Enhancer,Active,Normal,,,,Neural tube,UBERON:0000934,,,,,Enhancer capture Hi-C, in vivo functional validation,Capture Hi-C, ChIP-seq, RNA-seq, Bisulfite-seq,CRISPR/Cas9 knockout, RT-qPCR
2024,38509385,Increased enhancer-promoter interactions during developmental enhancer activation in mammals,Mus musculus,mm10,chr12,28817230,28818444,,,Enhancer,Active,Normal,,,,Hindbrain,UBERON:0002028,,,,,Enhancer capture Hi-C, in vivo functional validation,Capture Hi-C, ChIP-seq, RNA-seq, Bisulfite-seq,CRISPR/Cas9 knockout, RT-qPCR
2024,38509385,Increased enhancer-promoter interactions during developmental enhancer activation in mammals,Mus musculus,mm10,chr12,31309806,31310405,,,Enhancer,Active,Normal,,,,Dorsal root ganglion,UBERON:0001685,,,,,Enhancer capture Hi-C, in vivo functional validation,Capture Hi-C, ChIP-seq, RNA-seq, Bisulfite-seq,CRISPR/Cas9 knockout, RT-qPCR
2024,38509385,Increased enhancer-promoter interactions during developmental enhancer activation in mammals,Mus musculus,mm10,chr12,34198954,34201589,,,Enhancer,Active,Normal,,,,Hindbrain,UBERON:0002028,,,,,Enhancer capture Hi-C, in vivo functional validation,Capture Hi-C, ChIP-seq, RNA-seq, Bisulfite-seq,CRISPR/Cas9 knockout, RT-qPCR
2024,38509385,Increased enhancer-promoter interactions during developmental enhancer activation in mammals,Mus musculus,mm10,chr12,34215806,34216763,,,Enhancer,Active,Normal,,,,Limb,UBERON:0002101,,,,,Enhancer capture Hi-C, in vivo functional validation,Capture Hi-C, ChIP-seq, RNA-seq, Bisulfite-seq,CRISPR/Cas9 knockout, RT-qPCR
2024,38509385,Increased enhancer-promoter interactions during developmental enhancer activation in mammals,Mus musculus,mm10,chr12,39300476,39302395,,,Enhancer,Active,Normal,,,,Forebrain,UBERON:0001890,,,,,Enhancer capture Hi-C, in vivo functional validation,Capture Hi-C, ChIP-seq, RNA-seq, Bisulfite-seq,CRISPR/Cas9 knockout, RT-qPCR
2024,38509385,Increased enhancer-promoter interactions during developmental enhancer activation in mammals,Mus musculus,mm10,chr12,39341105,39343483,,,Enhancer,Active,Normal,,,,Hindbrain,UBERON:0002028,,,,,Enhancer capture Hi-C, in vivo functional validation,Capture Hi-C, ChIP-seq, RNA-seq, Bisulfite-seq,CRISPR/Cas9 knockout, RT-qPCR
2024,38509385,Increased enhancer-promoter interactions during developmental enhancer activation in mammals,Mus musculus,mm10,chr12,44402329,44404831,,,Enhancer,Active,Normal,,,,Midbrain,UBERON:0001891,,,,,Enhancer capture Hi-C, in vivo functional validation,Capture Hi-C, ChIP-seq, RNA-seq, Bisulfite-seq,CRISPR/Cas9 knockout, RT-qPCR
2024,38509385,Increased enhancer-promoter interactions during developmental enhancer activation in mammals,Mus musculus,mm10,chr12,46020387,46022607,,,Enhancer,Active,Normal,,,,Neural tube,UBERON:0000934,,,,,Enhancer capture Hi-C, in vivo functional validation,Capture Hi-C, ChIP-seq, RNA-seq, Bisulfite-seq,CRISPR/Cas9 knockout, RT-qPCR
2024,38509385,Increased enhancer-promoter interactions during developmental enhancer activation in mammals,Mus musculus,mm10,chr12,49991668,49994699,,,Enhancer,Active,Normal,,,,Hindbrain,UBERON:0002028,,,,,Enhancer capture Hi-C, in vivo functional validation,Capture Hi-C, ChIP-seq, RNA-seq, Bisulfite-seq,CRISPR/Cas9 knockout, RT-qPCR
2024,38509385,Increased enhancer-promoter interactions during developmental enhancer activation in mammals,Mus musculus,mm10,chr12,56482102,56482581,,,Enhancer,Active,Normal,,,,Hindbrain,UBERON:0002028,,,,,Enhancer capture Hi-C, in vivo functional validation,Capture Hi-C, ChIP-seq, RNA-seq, Bisulfite-seq,CRISPR/Cas9 knockout, RT-qPCR
2024,38509385,Increased enhancer-promoter interactions during developmental enhancer activation in mammals,Mus musculus,mm10,chr12,79846147,79848987,,,Enhancer,Active,Normal,,,,Limb,UBERON:0002101,,,,,Enhancer capture Hi-C, in vivo functional validation,Capture Hi-C, ChIP-seq, RNA-seq, Bisulfite-seq,CRISPR/Cas9 knockout, RT-qPCR
2024,38509385,Increased enhancer-promoter interactions during developmental enhancer activation in mammals,Mus musculus,mm10,chr12,83072708,83074410,,,Enhancer,Active,Normal,,,,Midbrain,UBERON:0001891,,,,,Enhancer capture Hi-C, in vivo functional validation,Capture Hi-C, ChIP-seq, RNA-seq, Bisulfite-seq,CRISPR/Cas9 knockout, RT-qPCR
2017,28982762,A dynamic interplay of enhancer elements regulates Klf4 expression in naive pluripotency,Mus musculus,mm10,chr4,55559000,55560500,Pou5F1,Klf4,Enhancer,Active,Normal,,,,Embryo,UBERON:0000922,Mouse JM8.N4 ESCs,CVCL_2155,mouse embryonic stem cell,CL:0002322,Functional perturbation assay,ChIP-exo, ATAC-seq, RNA-seq,CRISPR Knockout, Luciferase Reporter Assay, RT-RT-qPCR, ChIP-RT-qPCR
2018,30328555,STAT5-Driven Enhancers Tightly Control Temporal Expression of Mammary-Specific Genes,Mus musculus,mm10,chr11,98346350,98346550,Stat5A,Wap,Enhancer,Active,Normal,,,,Mammary Gland,UBERON:0001911,Mammary epithelial cells,,mammary epithelial cell,CL:0000066,Functional perturbation assay,ChIP-seq, RNA-seq,CRISPR Knockout, RT-RT-qPCR, Western blot
2020,32817427,Enhancer dependence of cell-type-specific gene expression increases with developmental age,Mus musculus,mm10,chr4,46410632,46411247,Gata1,Hemgn,Enhancer,Active,Normal,,,,Bone Marrow,UBERON:0002371,Erythroblasts,,erythroblast,CL:0000765,Functional perturbation assay, Chromatin interaction assay, TF binding assay,HiChIP, ChIP-seq, RNA-seq, ATAC-seq,CRISPR Knockout, RT-RT-qPCR
2020,32817427,Enhancer dependence of cell-type-specific gene expression increases with developmental age,Mus musculus,mm10,chr4,46410632,46411247,Gata1,Trmo,Enhancer,Active,Normal,,,,Fetal Liver,UBERON:0002107,MEL Cells,CVCL_2109,erythroid progenitor cell,CL:0000038,Functional perturbation assay, Chromatin interaction assay, TF binding assay,HiChIP, ChIP-seq, RNA-seq, ATAC-seq,CRISPR Knockout, RT-RT-qPCR
2025,40570123,Reactivation of mammalian regeneration by turning on an evolutionarily disabled genetic switch,Mus musculus,mm10,chr10,87230000,87234000,,Aldh1A2,Enhancer,Active,Normal,,,,Ear pinna,UBERON:0001847,Wound-induced Fibroblast,,fibroblast,CL:0000057,Functional perturbation assay,RNA-seq,Transgenic Reporter Assay, RT-RT-qPCR
2015,25644605,PRDM16 enhances nuclear receptor-dependent transcription of the brown fat-specific Ucp1 gene through interactions with Mediator subunit MED1,Mus musculus,mm10,chr8,84109163,84109362,Prdm16,Ucp1,Enhancer,Active,Normal,,,,Embryo,UBERON:0000922,Mouse embryonic fibroblasts,CVCL_0003,mouse embryonic fibroblast,CL:0000057,TF binding assay, Functional perturbation assay,,ChIP-RT-qPCR, RT-RT-qPCR
2018,29301908,Deletion of a Long-Range Dlx5 Enhancer Disrupts Inner Ear Development in Mice,Mus musculus,mm10,chr6,6058554,6059028,,Dlx5,Enhancer,Active,Normal,,,,Embryo,UBERON:0000922,Embryonic whole mount,,embryonic cell,CL:0000000,Enhancer activity assay,,qRT-PCR, and ChIP-qPCR
2011,21673114,Combinatorial Regulation of Photoreceptor Differentiation Factor, Neural Retina Leucine Zipper Gene Nrl,Mus musculus,mm10,chr11,75210000,75210304,,Nrl,Enhancer,Active,Normal,,,,Retina,UBERON:0000966,Primary Retinal Cells,,retinal cell,CL:0000540,Enhancer activity assay,,Transgenic Reporter Assay
2007,17715390,Tissue-specific histone modification and transcription factor binding in alpha globin gene expression,Mus musculus,mm10,chr11,3210000,3215000,,Hba1,Enhancer,Active,Normal,,,,Bone Marrow,UBERON:0002371,Primary Murine Erythroblasts,,mouse erythroblast,CL:0000765,Enhancer activity assay, TF binding assay,ChIP-chip,ChIP-RT-qPCR, RT-RT-qPCR
2022,35885978,Transcriptional Interference Regulates the Evolutionary Development of Speech,Mus musculus,mm10,chr4,10329803,10537032,,Gdf6,Enhancer,Active,Normal,,,,Limb bud,UBERON:0005417,Limb bud,,limb bud cell,CL:0000000,Enhancer activity assay,,Transgenic Reporter Assay
2022,35885978,Transcriptional Interference Regulates the Evolutionary Development of Speech,Mus musculus,mm10,chr4,10329803,10537032,,Gdf6,Enhancer,Active,Normal,,,,Limb bud,UBERON:0005417,Embryonic tissue,,embryonic cell,CL:0000000,Enhancer activity assay,,Transgenic Reporter Assay
2009,19041414,Smad3 activates the Sox9-dependent transcription on chromatin,Mus musculus,mm10,chr15,98129939,98130247,Sox9,Col2A1,Enhancer,Active,Normal,,,,Cartilage,UBERON:0002418,,,,,Enhancer activity assay, TF binding assay,,ChIP-RT-qPCR, EMSA
2020,32321991,The interdependence of mammary-specific super-enhancers and their native promoters facilitates gene activation during pregnancy,Mus musculus,mm10,chr11,10081501,10082508,Stat5; Nfib; Nr3C1,Wap,Enhancer,Active,Normal,,,,Mammary Gland,UBERON:0001911,Primary Mouse Mammary Epithelial,,mouse mammary epithelial cell,CL:0000066,Enhancer activity assay, TF binding assay, Functional perturbation assay,ChIP-seq, RNA-seq,CRISPR Knockout, CRISPRi, RT-RT-qPCR
2017,28045957,Normal Levels of Sox9 Expression in the Developing Mouse Testis Depend on the TES/TESCO Enhancer, but This Does Not Act Alone,Mus musculus,mm10,chr11,97550000,97553161,Sry; Sf1; Sox9,Sox9,Enhancer,Active,Normal,,,,Gonad,UBERON:0000991,Fetal gonadal somatic cells,,gonadal somatic cell,CL:0000000,Enhancer activity assay, TF binding assay, Functional perturbation assay,ChIP-seq,Transgenic Reporter Assay, ChIP-RT-qPCR, CRISPR Knockout
2017,28045957,Normal Levels of Sox9 Expression in the Developing Mouse Testis Depend on the TES/TESCO Enhancer, but This Does Not Act Alone,Mus musculus,mm10,chr11,97551000,97552292,Sry; Sf1; Sox9,Sox9,Enhancer,Active,Normal,,,,Gonad,UBERON:0000991,Fetal gonadal somatic cells,,gonadal somatic cell,CL:0000000,Enhancer activity assay, TF binding assay, Functional perturbation assay,ChIP-seq,Transgenic Reporter Assay, ChIP-RT-qPCR, CRISPR Knockout
2024,38341433,Matrin3 mediates differentiation through stabilizing chromatin loop-domain interactions and YY1 mediated enhancer-promoter interactions,Mus musculus,mm10,chr7,67890000,67910000,,Mphosph8,Enhancer,Active,Normal,,,,Skeletal muscle,UBERON:0001134,C2C12 myoblasts,CVCL_0188,myoblast,CL:0000187,Chromatin interaction assay, Functional perturbation assay,Hi-C, ATAC-seq,CRISPR Knockout, RT-RT-qPCR
2020,32251373,Spt5-mediated enhancer transcription directly couples enhancer activation with physical promoter interaction,Mus musculus,mm10,chr12,114664163,114667348,,Ighm,Enhancer,Active,Normal,,,,Spleen,UBERON:0002106,mature B,,mature B cell,CL:0000785,Enhancer activity assay, Chromatin interaction assay, Functional perturbation assay,ChIP-seq, GRO-seq, ATAC-seq, 3C-seq,3C-RT-qPCR, ChIP-RT-qPCR, RT-RT-qPCR
2025,39443808,Chromatin remodelling drives immune cell-fibroblast communication in heart failure,Mus musculus,mm10,chr2,129323600,129328600,,Il1B,Enhancer,Active,Disease,atherosclerosis,MONDO:0005147,DOID:1936,Heart,UBERON:0000948,Macrophage,,macrophage,CL:0000235,Enhancer activity assay,scATAC-seq,Luciferase Reporter Assay, CRISPR Knockout, RT-RT-qPCR
2025,39443808,Chromatin remodelling drives immune cell-fibroblast communication in heart failure,Mus musculus,mm10,chr11,101828402,101833529,Creb5; Runx2,Postn,Enhancer,Active,Disease,cardiac fibrosis,MONDO:0004976,DOID:3770,Heart,UBERON:0000948,Cardiac Fibroblast,,cardiac fibroblast,CL:0002547,Chromatin interaction assay,scATAC-seq,ChIP-RT-qPCR, RT-RT-qPCR
2024,38509385,Increased enhancer-promoter interactions during developmental enhancer activation in mammals,Mus musculus,mm10,chr9,90690384,90694866,,Zic1,Enhancer,Active,Normal,,,,Midbrain,UBERON:0001891,transgenic mouse embryo,,mouse embryo,CL:0000000,CRISPR deletion, Transgenic reporter assay,Capture Hi-C,RT-RT-qPCR, lacZ whole-mount staining
2019,30686579,The cis-Regulatory Atlas of the Mouse Immune System,Mus musculus,mm10,chr11,44112300,44112500,Pu.1,Spi1,Enhancer,Active,Normal,,,,Bone marrow,UBERON:0002371,B,,B cell,CL:0000945,Enhancer activity assay,ATAC-seq, RNA-seq,ChIP-RT-qPCR
2011,21673114,Combinatorial Regulation of Photoreceptor Differentiation Factor, Neural Retina Leucine Zipper Gene Nrl, Revealed by in Vivo Promoter Analysis,Mus musculus,mm10,chr14,54721862,54722816,,Nrl,Enhancer,Active,Normal,,,,Retina,UBERON:0000966,Rod photoreceptor,,rod photoreceptor,CL:0000740,Enhancer activity assay,,Transgenic Reporter Assay, Luciferase Reporter Assay
2010,20042469,c-Maf activates the promoter and enhancer of the IL-21 gene, and TGF-beta inhibits c-Maf-induced IL-21 production in CD4+ T cells,Mus musculus,mm10,chr3,37283342,37283854,C-Maf,Il21,Enhancer,Active,Disease,T-cell lymphoma,MONDO:0005114,DOID:0050747,Lymph node,UBERON:0000029,EL4,CVCL_0255,T lymphoma cell,CL:0000084,Enhancer activity assay, TF binding assay,,Luciferase Reporter Assay, ChIP-RT-qPCR, EMSA
2010,20042469,c-Maf activates the promoter and enhancer of the IL-21 gene, and TGF-beta inhibits c-Maf-induced IL-21 production in CD4+ T cells,Mus musculus,mm10,chr3,37283342,37283854,C-Maf,Il21,Enhancer,Active,Normal,,,,Embryonic Kidney,UBERON:0002113,293T,CVCL_0063,embryonic kidney cell,CL:0002139,Enhancer activity assay, TF binding assay,,Luciferase Reporter Assay, ChIP-RT-qPCR, EMSA
2010,20042469,c-Maf activates the promoter and enhancer of the IL-21 gene, and TGF-beta inhibits c-Maf-induced IL-21 production in CD4+ T cells,Mus musculus,mm10,chr3,37283342,37283854,C-Maf,Il21,Enhancer,Active,Normal,,,,Blood,UBERON:0000178,CD4+ T cell,,CD4-positive T cell,CL:0000624,Enhancer activity assay, TF binding assay,,Luciferase Reporter Assay, ChIP-RT-qPCR, EMSA
2001,11263787,Activation of a Fibroblast-Specific Enhancer of the Proalpha2(I) Collagen Gene in Tight-Skin Mice,Mus musculus,mm10,chr6,122479265,122485265,,Col1A2,Enhancer,Active,Disease,scleroderma,MONDO:0005100,DOID:418,Skin,UBERON:0000014,Dermal Fibroblast,,dermal fibroblast,CL:0000057,Enhancer activity assay,,Transgenic Reporter Assay, Luciferase Reporter Assay
2001,11263787,Activation of a Fibroblast-Specific Enhancer of the Proalpha2(I) Collagen Gene in Tight-Skin Mice,Mus musculus,mm10,chr6,122481665,122483665,,Col1A2,Enhancer,Active,Disease,scleroderma,MONDO:0005100,DOID:418,Skin,UBERON:0000014,Dermal Fibroblast,,dermal fibroblast,CL:0000057,Enhancer activity assay,,Transgenic Reporter Assay, Luciferase Reporter Assay
2015,25775043,Functional annotation of native enhancers with a Cas9-assisted histone demethylase fusion,Mus musculus,mm10,chr17,35605300,35605800,,Pou5F1,Enhancer,Active,Normal,,,,Embryo,UBERON:0000922,mESC,,mouse embryonic stem cell,CL:0002322,Enhancer activity assay,,Luciferase Reporter Assay
2015,25486239,Identification of hypothalamic arcuate nucleus-specific enhancer region of Kiss1 gene in mice,Mus musculus,mm10,chr10,128065200,128076800,Esr1,Kiss1,Enhancer,Active,Normal,,,,Hypothalamus,UBERON:0001898,Arcuate nucleus primary,,arcuate nucleus cell,CL:0000540,Enhancer activity assay, Chromatin interaction assay, TF binding assay,,Transgenic Reporter Assay, 3C assay, ChIP-RT-qPCR
2015,25486239,Identification of hypothalamic arcuate nucleus-specific enhancer region of Kiss1 gene in mice,Mus musculus,mm10,chr10,74487110,74497835,Esr1,Kiss1,Enhancer,Active,Normal,,,,Hypothalamus,UBERON:0001898,Arcuate nucleus neurons,,arcuate nucleus neuron,CL:0000540,Enhancer activity assay, Chromatin interaction assay, TF binding assay,,Transgenic Reporter Assay, Chromosome Conformation Capture (3C), ChIP-RT-qPCR, Immunofluorescence
2005,15798195,Identification of Neuronal Enhancers of the Proopiomelanocortin Gene by Transgenic Mouse Analysis and Phylogenetic Footprinting,Mus musculus,mm10,chr12,103439326,103439476,,Pomc,Enhancer,Active,Normal,,,,Hypothalamus,UBERON:0001898,POMC Arcuate Neuron,,POMC neuron,CL:0000540,Enhancer activity assay,,Transgenic Reporter Assay, CRISPR Knockout
2000,11120820,Peroxisome proliferator activator receptor-gamma agonists and 15-deoxy-Delta(12,14)(12,14)-PGJ(2) induce apoptosis in normal and malignant B-lineage cells,Mus musculus,mm10,chr3,37390149,37390163,Ahr,Il2,Enhancer,Active,Normal,,,,Thymus,UBERON:0002370,Thymocytes,,thymocyte,CL:0000893,Enhancer activity assay, TF binding assay,,Luciferase Reporter Assay, EMSA, RT-RT-qPCR, ELISA
2000,11120820,Peroxisome proliferator activator receptor-gamma agonists and 15-deoxy-Delta(12,14)(12,14)-PGJ(2) induce apoptosis in normal and malignant B-lineage cells,Mus musculus,mm10,chr3,37390149,37390163,Ahr,Il2,Enhancer,Active,Normal,,,,Thymus,UBERON:0002370,Splenic T cells,,T cell,CL:0000084,Enhancer activity assay, TF binding assay,,Luciferase Reporter Assay, EMSA, RT-RT-qPCR, ELISA
2000,11120820,Peroxisome proliferator activator receptor-gamma agonists and 15-deoxy-Delta(12,14)(12,14)-PGJ(2) induce apoptosis in normal and malignant B-lineage cells,Mus musculus,mm10,chr3,37390185,37390199,Ahr,Il2,Enhancer,Active,Normal,,,,Thymus,UBERON:0002370,Thymocytes,,thymocyte,CL:0000893,Enhancer activity assay, TF binding assay,,Luciferase Reporter Assay, EMSA, RT-RT-qPCR, ELISA
2000,11120820,Peroxisome proliferator activator receptor-gamma agonists and 15-deoxy-Delta(12,14)(12,14)-PGJ(2) induce apoptosis in normal and malignant B-lineage cells,Mus musculus,mm10,chr3,37390185,37390199,Ahr,Il2,Enhancer,Active,Normal,,,,Thymus,UBERON:0002370,Splenic T cells,,T cell,CL:0000084,Enhancer activity assay, TF binding assay,,Luciferase Reporter Assay, EMSA, RT-RT-qPCR, ELISA
2017,28405742,CRISPR/Cas9-mediated deletion of lncRNA Gm26878 in the distant Foxf1 enhancer region,Mus musculus,mm10,chr8,120880096,120882492,,Foxf1,Enhancer,Active,Normal,,,,Lung,UBERON:0002048,Embryonic lung tissue,,embryonic lung cell,CL:0000000,Functional perturbation assay,,CRISPR Knockout, RT-RT-qPCR, Sanger Sequencing
2018,30146478,Combinatorial CRISPR/Cas9 Approach to Elucidate a Far-Upstream Enhancer Complex for Tissue-Specific Sox9 Expression,Mus musculus,mm10,chr11,111838889,111839334,,Sox9,Enhancer,Active,Normal,,,,Cartilage,UBERON:0002418,Primary Chondrocytes,,chondrocyte,CL:0000138,Enhancer activity assay, Chromatin interaction assay, Functional perturbation assay,3C-seq,qRT-PCR, and ChIP-qPCR
2018,30146478,Combinatorial CRISPR/Cas9 Approach to Elucidate a Far-Upstream Enhancer Complex for Tissue-Specific Sox9 Expression,Mus musculus,mm10,chr11,111838889,111839334,,Sox9,Enhancer,Active,Normal,,,,Cartilage,UBERON:0002418,ATDC5,CVCL_3894,chondrogenic cell,CL:0000138,Enhancer activity assay, Chromatin interaction assay, Functional perturbation assay,3C-seq,qRT-PCR, and ChIP-qPCR
2018,30146478,Combinatorial CRISPR/Cas9 Approach to Elucidate a Far-Upstream Enhancer Complex for Tissue-Specific Sox9 Expression,Mus musculus,mm10,chr11,111838889,111839334,,Sox9,Enhancer,Active,Normal,,,,Cartilage,UBERON:0002418,C3H10T1/2,CVCL_0190,mesenchymal stem cell,CL:0000134,Enhancer activity assay, Chromatin interaction assay, Functional perturbation assay,3C-seq,qRT-PCR, and ChIP-qPCR
2025,39626663,Enhancer cooperativity can compensate for loss of activity over large genomic distances,Mus musculus,mm10,chr6,122698567,122721126,Nanog,Nanog,Enhancer,Active,Normal,,,,Embryo,UBERON:0000922,Mouse Embryonic Stem Cells (v6.5),,mouse embryonic stem cell,CL:0002322,Enhancer activity assay,ChIP-seq, ATAC-seq,Luciferase Reporter Assay, Fluorescent Reporter Assay (mCherry), Flow-FISH, RT-RT-qPCR
2022,35831318,A SOX17-PDGFB signaling axis regulates aortic root development,Mus musculus,mm10,chr15,79850614,79850824,Sox17,Pdgfb,Enhancer,Active,Normal,,,,Heart,UBERON:0000948,Mouse Cardiac Endothelial Cells (MCECs),,cardiac endothelial cell,CL:0000115,Enhancer activity assay, TF binding assay,ChIP-seq, RNA-seq,Luciferase Reporter Assay, ChIP-RT-qPCR, qRT-PCR, Western blot
2011,21673114,Combinatorial Regulation of Photoreceptor Differentiation Factor, Neural Retina Leucine Zipper Gene Nrl, Revealed by in Vivo Promoter Analysis,Mus musculus,mm10,chr14,54721862,54722143,,Nrl,Enhancer,Active,Normal,,,,Retina,UBERON:0000966,Rod photoreceptor,,rod photoreceptor,CL:0000740,Enhancer activity assay,,Transgenic Reporter Assay, Luciferase Reporter Assay, EMSA
2011,21673114,Combinatorial Regulation of Photoreceptor Differentiation Factor, Neural Retina Leucine Zipper Gene Nrl, Revealed by in Vivo Promoter Analysis,Mus musculus,mm10,chr14,54722765,54722816,,Nrl,Enhancer,Active,Normal,,,,Retina,UBERON:0000966,Rod photoreceptor,,rod photoreceptor,CL:0000740,Enhancer activity assay,,Transgenic Reporter Assay, Luciferase Reporter Assay, EMSA
2021,33976173,A Stat1 bound enhancer promotes Nampt expression and function within tumor associated macrophages,Mus musculus,mm10,chr9,102705800,102706400,Stat1,Nampt,Enhancer,Active,Disease,tumor microenvironment,MONDO:0005070,DOID:162,Bone marrow,UBERON:0002371,Bone marrow-derived macrophages (BMMs),,macrophage,CL:0000235,Enhancer activity assay, TF binding assay, Functional perturbation assay,RNA-seq, scRNA-seq, ChIP-seq,qRT-PCR, and ChIP-qPCR
2021,33976173,A Stat1 bound enhancer promotes Nampt expression and function within tumor associated macrophages,Mus musculus,mm10,chr9,102705800,102706400,Stat1,Nampt,Enhancer,Active,Disease,tumor microenvironment,MONDO:0005070,DOID:162,Bone marrow,UBERON:0002371,RAW 264.7 cell line,CVCL_0493,macrophage,CL:0000235,Enhancer activity assay, TF binding assay, Functional perturbation assay,RNA-seq, scRNA-seq, ChIP-seq,qRT-PCR, and ChIP-qPCR
2021,33976173,A Stat1 bound enhancer promotes Nampt expression and function within tumor associated macrophages,Mus musculus,mm10,chr9,102705800,102706400,Stat1,Nampt,Enhancer,Active,Disease,tumor microenvironment,MONDO:0005070,DOID:162,Bone marrow,UBERON:0002371,tumor-associated macrophages (TAMs),,macrophage,CL:0000235,Enhancer activity assay, TF binding assay, Functional perturbation assay,RNA-seq, scRNA-seq, ChIP-seq,qRT-PCR, and ChIP-qPCR
2011,21652712,Suppression of the Pancreatic Duodenal Homeodomain Transcription Factor-1 (Pdx-1) Promoter by Sterol Regulatory Element-binding Protein-1c (SREBP-1c),Mus musculus,mm10,chr12,53054974,53055029,Usf1,Pdx1,Enhancer,Active,Normal,,,,Pancreatic islet,UBERON:0001264,INS-1,CVCL_0352,pancreatic beta cell,CL:0000169,TF binding assay,,Luciferase Reporter Assay, EMSA, ChIP-RT-qPCR
2011,21652712,Suppression of the Pancreatic Duodenal Homeodomain Transcription Factor-1 (Pdx-1) Promoter by Sterol Regulatory Element-binding Protein-1c (SREBP-1c),Mus musculus,mm10,chr12,53054974,53055029,Usf1,Pdx1,Enhancer,Active,Normal,,,,Pancreatic islet,UBERON:0001264,HIT,CVCL_0294,pancreatic beta cell,CL:0000169,TF binding assay,,Luciferase Reporter Assay, EMSA, ChIP-RT-qPCR
2015,25652130,Enhancer cooperativity as a novel mechanism underlying the transcriptional regulation of E-cadherin during mesenchymal to epithelial transition,Mus musculus,mm10,chr8,125450780,125451000,,Cdh1,Enhancer,Active,Normal,,,,Mammary gland,UBERON:0001911,NMuMG,CVCL_0077,mammary epithelial cell,CL:0000066,Enhancer activity assay,,Luciferase Reporter Assay
2023,37821107,Allelic chromatin structure precedes imprinted expression of Kcnk9 during neurogenesis,Mus musculus,mm10,chr15,72250000,72250650,Ctcf,Kcnk9,Enhancer,Silenced,Normal,,,,Brain,UBERON:0000955,Embryonic Stem Cells (ESCs),,embryonic stem cell,CL:0002322,Enhancer activity assay, Chromatin interaction assay, Functional perturbation assay,Hi-C, ChIP-seq, RNA-seq,CRISPR Knockout, ChIP-qPCR, RT-qPCR, Western blot, Region Capture Hi-C
2023,37821107,Allelic chromatin structure precedes imprinted expression of Kcnk9 during neurogenesis,Mus musculus,mm10,chr15,72290000,72290650,Ctcf,Kcnk9,Enhancer,Silenced,Normal,,,,Brain,UBERON:0000955,Embryonic Stem Cells (ESCs),,embryonic stem cell,CL:0002322,Enhancer activity assay, Chromatin interaction assay, Functional perturbation assay,Hi-C, ChIP-seq, RNA-seq,CRISPR Knockout, ChIP-qPCR, RT-qPCR, Western blot, Region Capture Hi-C
2017,29272704,AP-1 transcription factors and the SWI/SNF complex mediate signal-dependent enhancer selection,Mus musculus,mm10,chr17,45790442,45800636,Fos,Vegfa,Enhancer,Active,Normal,,,,Embryo,UBERON:0000922,Mouse embryonic fibroblasts (MEFs),CVCL_0003,mouse embryonic fibroblast,CL:0000057,Enhancer activity assay, Signal-dependent regulation study,ChIP-seq, ATAC-seq, RNA-seq,Co-IP, Western blot, CRISPR knock-in
2013,23321477,Hypoxic adaptation engages the CBP/CREST-induced coactivator complex of Creb-HIF-1?|?? in transactivating murine neuroblastic glucose transporter,Mus musculus,mm10,chr11,119715961,119716245,Hif1A,Slc2A3,Enhancer,Active,Normal,,,,Brain,UBERON:0000955,Neuro-2a (N2A) cells,CVCL_0470,neuroblastoma cell,CL:0000031,Enhancer activity assay,,Luciferase reporter assay, ChIP-qPCR, EMSA
2019,31422875,Dynamic Enhancer DNA Methylation as Basis for Transcriptional and Cellular Heterogeneity of ESCs,Mus musculus,mm10,chr3,34752523,34766449,Pou5F1; Nanog,Sox2,Enhancer,Active,Normal,,,,Embryo,UBERON:0000922,Mouse embryonic stem cells (129Â¡ÃCast F1; v6.5),CVCL_2167,mouse embryonic stem cell,CL:0002322,Enhancer activity assay, TF binding assay, Functional perturbation assay,ChIP-seq, RNA-seq, WGBS, ATAC-seq,Transgenic Reporter Assay, CRISPR Knockout, ChIP-qPCR, RT-qPCR, DNA FISH, Immunofluorescence, Confocal Imaging
2019,31422875,Dynamic Enhancer DNA Methylation as Basis for Transcriptional and Cellular Heterogeneity of ESCs,Mus musculus,mm10,chr3,34752523,34766449,Pou5F1; Nanog,Sox2,Enhancer,Active,Normal,,,,Embryo,UBERON:0000922,v6.5),,mouse embryonic stem cell,CL:0002322,Enhancer activity assay, TF binding assay, Functional perturbation assay,ChIP-seq, RNA-seq, WGBS, ATAC-seq,Transgenic Reporter Assay, CRISPR Knockout, ChIP-qPCR, RT-qPCR, DNA FISH, Immunofluorescence, Confocal Imaging
2021,33930308,Distinct Foxp3 enhancer elements coordinate development, maintenance, and function of regulatory T cells,Mus musculus,mm10,chrX,76054800,76055800,Stat5,Foxp3,Enhancer,Active,Normal,,,,Thymus,UBERON:0002370,Primary CD4+ T cells,,CD4-positive regulatory T cell,CL:0000815,Functional perturbation assay, Chromatin interaction assay, TF binding assay,HiChIP, ChIP-seq, ATAC-seq,CRISPR Knockout, CRISPRi, ChIP-qPCR
2021,33930308,Distinct Foxp3 enhancer elements coordinate development, maintenance, and function of regulatory T cells,Mus musculus,mm10,chrX,76054800,76055800,Stat5,Foxp3,Enhancer,Active,Normal,,,,Thymus,UBERON:0002370,thymocytes,,thymocyte,CL:0000893,Functional perturbation assay, Chromatin interaction assay, TF binding assay,HiChIP, ChIP-seq, ATAC-seq,CRISPR Knockout, CRISPRi, ChIP-qPCR
2021,33930308,Distinct Foxp3 enhancer elements coordinate development, maintenance, and function of regulatory T cells,Mus musculus,mm10,chrX,76071800,76072800,C-Rel,Foxp3,Enhancer,Active,Normal,,,,Thymus,UBERON:0002370,Primary CD4+ T cells,,CD4-positive regulatory T cell,CL:0000815,Functional perturbation assay, Chromatin interaction assay, TF binding assay,HiChIP, ChIP-seq, ATAC-seq,CRISPR Knockout, CRISPRi, ChIP-qPCR
2021,33930308,Distinct Foxp3 enhancer elements coordinate development, maintenance, and function of regulatory T cells,Mus musculus,mm10,chrX,76071800,76072800,C-Rel,Foxp3,Enhancer,Active,Normal,,,,Thymus,UBERON:0002370,thymocytes,,thymocyte,CL:0000893,Functional perturbation assay, Chromatin interaction assay, TF binding assay,HiChIP, ChIP-seq, ATAC-seq,CRISPR Knockout, CRISPRi, ChIP-qPCR
2018,29930091,Coactivator condensation at super-enhancers links phase separation and gene control,Mus musculus,mm10,chr6,122620000,122660000,,Nanog,Enhancer,Active,Normal,,,,Embryo,UBERON:0000922,Mouse embryonic stem cells,CVCL_2167,mouse embryonic stem cell,CL:0002322,Enhancer activity assay, TF binding assay,ChIP-seq, ATAC-seq,Luciferase Reporter Assay, RT-qPCR
2023,36717694,Enhancer-promoter interactions can bypass CTCF-mediated boundaries and contribute to phenotypic robustness,Mus musculus,mm10,chr3,34824938,34837938,Oct4,Sox2,Nanog,Sox2,Enhancer,Active,Normal,,,,Embryo,UBERON:0000922,Mouse embryonic stem cells,CVCL_2167,mouse embryonic stem cell,CL:0002322,CRISPR deletion functional assay,Capture Hi-C, ChIP-seq, CUT&RUN,RT-qPCR, Immunofluorescence staining
2025,40966339,Functional maps of a genomic locus reveal confinement of an enhancer by its target gene,Mus musculus,mm10,chr3,34824938,34837938,Oct4,Sox2,Nanog,Sox2,Enhancer,Active,Normal,,,,Embryo,UBERON:0000922,Mouse embryonic stem cells,CVCL_2167,mouse embryonic stem cell,CL:0002322,CRISPR deletion functional assay,ATAC-seq, ChIP-seq, Micro-C, transposon integration mapping,RT-qPCR, flow cytometry
2018,29141987,BRACHYURY directs histone acetylation to target loci during mesoderm development,Mus musculus,mm10,chr17,86425000,86432000,Tbxt,Tbxt,Enhancer,Active,Normal,,,,Embryo,UBERON:0000922,Mouse embryonic stem cells,,mouse embryonic stem cell,CL:0002322,CRISPR knockout enhancer assay,ChIP-seq, RNA-seq,qRT-PCR, and ChIP-qPCR
2018,29141987,BRACHYURY directs histone acetylation to target loci during mesoderm development,Mus musculus,mm10,chr2,27480000,27480400,Tbxt,Lmo2,Enhancer,Active,Normal,,,,Embryo,UBERON:0000922,Mouse embryonic stem cells,,mouse embryonic stem cell,CL:0002322,CRISPR enhancer knockout assay,ChIP-seq, RNA-seq,qRT-PCR, and ChIP-qPCR
2024,39413158,Core enhancers of the 3' RR optimize IgH nuclear position and loop conformation for successful oriented class switch recombination,Mus musculus,mm10,chr12,113005000,113005100,,Igh,Enhancer,Active,Normal,,,,Lymph node,UBERON:0000029,Primary resting B lymphocytes,,resting B cell,CL:0000945,Functional perturbation assay, Chromatin topology assay,ATAC-seq,CRISPR Knockout, CRISPRi, RT-qPCR, FISH
2024,39413158,Core enhancers of the 3' RR optimize IgH nuclear position and loop conformation for successful oriented class switch recombination,Mus musculus,mm10,chr12,113010000,113010100,,Igh,Enhancer,Active,Normal,,,,Lymph node,UBERON:0000029,Primary resting B lymphocytes,,resting B cell,CL:0000945,Functional perturbation assay, Chromatin topology assay,ATAC-seq,CRISPR Knockout, CRISPRi, RT-qPCR, FISH
2024,39413158,Core enhancers of the 3' RR optimize IgH nuclear position and loop conformation for successful oriented class switch recombination,Mus musculus,mm10,chr12,113015000,113015100,,Igh,Enhancer,Active,Normal,,,,Lymph node,UBERON:0000029,Primary resting B lymphocytes,,resting B cell,CL:0000945,Functional perturbation assay, Chromatin topology assay,ATAC-seq,CRISPR Knockout, CRISPRi, RT-qPCR, FISH
2024,39413158,Core enhancers of the 3' RR optimize IgH nuclear position and loop conformation for successful oriented class switch recombination,Mus musculus,mm10,chr12,113019000,113019100,,Igh,Enhancer,Active,Normal,,,,Lymph node,UBERON:0000029,Primary resting B lymphocytes,,resting B cell,CL:0000945,Functional perturbation assay, Chromatin topology assay,ATAC-seq,CRISPR Knockout, CRISPRi, RT-qPCR, FISH
2021,33334884,Genome editing demonstrates that the -5 kb Nanog enhancer regulates Nanog expression by modulating RNAPII initiation and/or recruitment,Mus musculus,mm10,chr6,122655000,122657500,,Nanog,Enhancer,Active,Normal,,,,Embryo,UBERON:0000922,Mouse embryonic stem cells,,mouse embryonic stem cell,CL:0002322,Functional perturbation assay,,CRISPR Knockout, RT-qPCR
2009,19345119,Stepwise Activation of Enhancer and Promoter Regions of the B Cell Commitment Gene Pax5 in Early Lymphopoiesis,Mus musculus,mm10,chr4,118656335,118661035,,Pax5,Enhancer,Active,Normal,,,,Bone marrow,UBERON:0002371,Primary B cell progenitors,,pro-B cell,CL:0000945,Enhancer activity assay, TF binding assay,,Transgenic Reporter Assay, Luciferase Reporter Assay
2018,30349647,3'Igh enhancers hs3b/hs4 are dispensable for Myc deregulation in mouse plasmacytomas with T(12;15) translocations,Mus musculus,mm10,chr12,113005000,113005100,,Myc,Enhancer,Active,Disease,plasmacytoma,MONDO:0005086,DOID:1324,Lymph node,UBERON:0000029,Primary plasmacytoma cells,,plasma cell,CL:0000786,Functional perturbation assay, Tumorigenesis assay,RNA-seq,qRT-PCR, and ChIP-qPCR
2018,30349647,3'Igh enhancers hs3b/hs4 are dispensable for Myc deregulation in mouse plasmacytomas with T(12;15) translocations,Mus musculus,mm10,chr12,113005000,113005100,,Myc,Enhancer,Active,Disease,plasmacytoma,MONDO:0005086,DOID:1324,Lymph node,UBERON:0000029,plasma cells,,plasma cell,CL:0000786,Functional perturbation assay, Tumorigenesis assay,RNA-seq,qRT-PCR, and ChIP-qPCR
2018,30349647,3'Igh enhancers hs3b/hs4 are dispensable for Myc deregulation in mouse plasmacytomas with T(12;15) translocations,Mus musculus,mm10,chr12,113010000,113010100,,Myc,Enhancer,Active,Disease,plasmacytoma,MONDO:0005086,DOID:1324,Lymph node,UBERON:0000029,Primary plasmacytoma cells,,plasma cell,CL:0000786,Functional perturbation assay, Tumorigenesis assay,RNA-seq,qRT-PCR, and ChIP-qPCR
2018,30349647,3'Igh enhancers hs3b/hs4 are dispensable for Myc deregulation in mouse plasmacytomas with T(12;15) translocations,Mus musculus,mm10,chr12,113010000,113010100,,Myc,Enhancer,Active,Disease,plasmacytoma,MONDO:0005086,DOID:1324,Lymph node,UBERON:0000029,plasma cells,,plasma cell,CL:0000786,Functional perturbation assay, Tumorigenesis assay,RNA-seq,qRT-PCR, and ChIP-qPCR
2018,30349647,3'Igh enhancers hs3b/hs4 are dispensable for Myc deregulation in mouse plasmacytomas with T(12;15) translocations,Mus musculus,mm10,chr12,113015000,113015100,,Myc,Enhancer,Active,Disease,plasmacytoma,MONDO:0005086,DOID:1324,Lymph node,UBERON:0000029,Primary plasmacytoma cells,,plasma cell,CL:0000786,Functional perturbation assay, Tumorigenesis assay,RNA-seq,qRT-PCR, and ChIP-qPCR
2018,30349647,3'Igh enhancers hs3b/hs4 are dispensable for Myc deregulation in mouse plasmacytomas with T(12;15) translocations,Mus musculus,mm10,chr12,113015000,113015100,,Myc,Enhancer,Active,Disease,plasmacytoma,MONDO:0005086,DOID:1324,Lymph node,UBERON:0000029,plasma cells,,plasma cell,CL:0000786,Functional perturbation assay, Tumorigenesis assay,RNA-seq,qRT-PCR, and ChIP-qPCR
2018,30349647,3'Igh enhancers hs3b/hs4 are dispensable for Myc deregulation in mouse plasmacytomas with T(12;15) translocations,Mus musculus,mm10,chr12,113019000,113019100,,Myc,Enhancer,Active,Disease,plasmacytoma,MONDO:0005086,DOID:1324,Lymph node,UBERON:0000029,Primary plasmacytoma cells,,plasma cell,CL:0000786,Functional perturbation assay, Tumorigenesis assay,RNA-seq,qRT-PCR, and ChIP-qPCR
2018,30349647,3'Igh enhancers hs3b/hs4 are dispensable for Myc deregulation in mouse plasmacytomas with T(12;15) translocations,Mus musculus,mm10,chr12,113019000,113019100,,Myc,Enhancer,Active,Disease,plasmacytoma,MONDO:0005086,DOID:1324,Lymph node,UBERON:0000029,plasma cells,,plasma cell,CL:0000786,Functional perturbation assay, Tumorigenesis assay,RNA-seq,qRT-PCR, and ChIP-qPCR
2023,37858706,YY1 Binding to Regulatory Elements That Lack Enhancer Activity Promotes Locus Folding and Gene Activation,Mus musculus,mm10,chr16,19007329,19008187,E2A,Igkv1-110,Enhancer,Active,Normal,,,,Lymph node,UBERON:0000029,103/BCL-2 pre-B cells,,pre-B cell,CL:0000945,Enhancer activity assay, TF binding assay,,Luciferase Reporter Assay, ChIP-qPCR
2025,40456823,Divergent combinations of enhancers encode spatial gene expression,Mus musculus,mm10,chr6,64732005,64901125,,Atoh1,Enhancer,Active,Normal,,,,Spinal cord,UBERON:0002240,Neurons,,neuron,CL:0000540,Enhancer activity assay, Functional perturbation assay,ATAC-seq, RNA-seq,Transgenic Reporter Assay, CRISPR Knockout, qRT-PCR, FISH
2019,31387996,TonEBP/NFAT5 promotes obesity and insulin resistance by epigenetic suppression of white adipose tissue beiging,Mus musculus,mm10,chr8,115656318,115662318,,Adrb3,Enhancer,Silenced,Normal,,,,Adipose tissue,UBERON:0001013,3T3-L1 Adipocytes,CVCL_0123,adipocyte,CL:0000136,Enhancer activity assay, TF binding assay, Functional perturbation assay,RNA-seq,Luciferase Reporter Assay, ChIP-RT-qPCR, qRT-PCR, Western blot, EMSA, Bisulfite Sequencing, Co-Immunoprecipitation
2017,28575180,MyoD- and FoxO3-mediated hotspot interaction orchestrates super-enhancer activity during myogenic differentiation,Mus musculus,mm10,chr1,136170803,136192554,Myod1; Foxo3,Myog,Enhancer,Active,Normal,,,,Skeletal muscle,UBERON:0001134,C2C12 myoblast cell line,CVCL_0188,myoblast,CL:0000187,Enhancer activity assay, TF binding assay, Chromatin interaction assay,ChIP-seq, RNA-seq, 3C-seq,Luciferase Reporter Assay, CRISPR Knockout, ChIP-RT-qPCR, 3C-RT-qPCR, RT-RT-qPCR, Co-IP, DNA pulldown, Western blot
2017,28749941,Krox20 hindbrain regulation incorporates multiple modes of cooperation between cis-acting elements,Mus musculus,mm10,chr10,72782000,72783500,Egr2,Egr2,Enhancer,Active,Normal,,,,Brain,UBERON:0000955,Primary mouse embryonic hindbrain cells,,embryonic hindbrain neuron,CL:0000540,Functional perturbation assay,ChIP-seq, ATAC-seq, RNA-seq,CRISPR Knockout, Luciferase Reporter Assay, 3C, RT-RT-qPCR
2017,28749941,Krox20 hindbrain regulation incorporates multiple modes of cooperation between cis-acting elements,Mus musculus,mm10,chr10,72855000,72856500,Hoxa1,Egr2,Enhancer,Active,Normal,,,,Brain,UBERON:0000955,Primary mouse embryonic hindbrain cells,,embryonic hindbrain neuron,CL:0000540,Functional perturbation assay,ChIP-seq, ATAC-seq, RNA-seq,CRISPR Knockout, Luciferase Reporter Assay, 3C, RT-RT-qPCR
2017,28575289,MyoD- and FoxO3-mediated hotspot interaction orchestrates super-enhancer activity during myogenic differentiation,Mus musculus,mm10,chr1,136170800,136171203,Myog,Myog,Enhancer,Active,Normal,,,,Skeletal muscle,UBERON:0001134,Mouse myoblast/myotube cell,CVCL_0188,myoblast/myotube,CL:0000187,Enhancer activity assay, Functional perturbation assay,ChIP-seq, RNA-seq, 3C-seq,Luciferase Reporter Assay, ChIP-RT-qPCR, CRISPR Knockout, RT-RT-qPCR, 3C-PCR
2017,28575289,MyoD- and FoxO3-mediated hotspot interaction orchestrates super-enhancer activity during myogenic differentiation,Mus musculus,mm10,chr1,136170803,136192554,Myod1,Myog,SE,Active,Normal,,,,Skeletal muscle,UBERON:0001134,Mouse myoblast/myotube cell,CVCL_0188,myoblast/myotube,CL:0000187,Enhancer activity assay,ChIP-seq, RNA-seq, 3C-seq,Luciferase Reporter Assay, ChIP-RT-qPCR, CRISPR Knockout, RT-RT-qPCR, Western blot, Immunofluorescence Staining
2017,28575289,MyoD- and FoxO3-mediated hotspot interaction orchestrates super-enhancer activity during myogenic differentiation,Mus musculus,mm10,chr1,136171700,136172103,Foxo3,Myog,Enhancer,Active,Normal,,,,Skeletal muscle,UBERON:0001134,Mouse myoblast/myotube cell,CVCL_0188,myoblast/myotube,CL:0000187,Enhancer activity assay, TF binding assay, Functional perturbation assay,ChIP-seq, RNA-seq, 3C-seq,Luciferase Reporter Assay, ChIP-RT-qPCR, CRISPR Knockout, RT-RT-qPCR, 3C-PCR
2017,28575289,MyoD- and FoxO3-mediated hotspot interaction orchestrates super-enhancer activity during myogenic differentiation,Mus musculus,mm10,chr1,136177900,136178345,Myod1,Myog,Enhancer,Active,Normal,,,,Skeletal muscle,UBERON:0001134,Mouse myoblast/myotube cell,CVCL_0188,myoblast/myotube,CL:0000187,Enhancer activity assay, TF binding assay, Chromatin interaction assay, Functional perturbation assay,ChIP-seq, RNA-seq, 3C-seq,Luciferase Reporter Assay, ChIP-RT-qPCR, CRISPR Knockout, RT-RT-qPCR, 3C-PCR, DNA Pulldown Assay, Immunoprecipitation
2017,28575289,MyoD- and FoxO3-mediated hotspot interaction orchestrates super-enhancer activity during myogenic differentiation,Mus musculus,mm10,chr1,136180500,136180903,Myod1,Myog,Enhancer,Active,Normal,,,,Skeletal muscle,UBERON:0001134,Mouse myoblast/myotube cell,CVCL_0188,myoblast/myotube,CL:0000187,Enhancer activity assay, TF binding assay, Chromatin interaction assay, Functional perturbation assay,ChIP-seq, RNA-seq, 3C-seq,Luciferase Reporter Assay, ChIP-RT-qPCR, CRISPR Knockout, RT-RT-qPCR, 3C-PCR
2017,28575289,MyoD- and FoxO3-mediated hotspot interaction orchestrates super-enhancer activity during myogenic differentiation,Mus musculus,mm10,chr1,136184128,136184880,Myod1,Myog,Enhancer,Active,Normal,,,,Skeletal muscle,UBERON:0001134,Mouse myoblast/myotube cell,CVCL_0188,myoblast/myotube,CL:0000187,Enhancer activity assay, TF binding assay, Functional perturbation assay,ChIP-seq, RNA-seq, 3C-seq,Luciferase Reporter Assay, ChIP-RT-qPCR, CRISPR Knockout, RT-RT-qPCR, 3C-PCR
2015,26595656,Stimulus-specific combinatorial functionality of neuronal c-fos enhancers,Mus musculus,mm10,chr12,85460146,85464510,Creb1,Fos,Enhancer,Active,Normal,,,,Cerebral Cortex,UBERON:0000956,Primary mouse cortical neurons,,cortical neuron,CL:0000540,Enhancer activity assay, TF binding assay, Chromatin interaction assay, Functional perturbation assay,ChIP-seq, RNA-seq,Luciferase Reporter Assay, CRISPRi, 3C, RT-RT-qPCR, ChIP-RT-qPCR
2015,26595656,Stimulus-specific combinatorial functionality of neuronal c-fos enhancers,Mus musculus,mm10,chr12,85486555,85490135,Creb1,Fos,Enhancer,Active,Normal,,,,Cerebral Cortex,UBERON:0000956,Primary mouse cortical neurons,,cortical neuron,CL:0000540,Enhancer activity assay, TF binding assay, Chromatin interaction assay, Functional perturbation assay,ChIP-seq, RNA-seq,Luciferase Reporter Assay, CRISPRi, 3C, RT-RT-qPCR, ChIP-RT-qPCR
2015,26595656,Stimulus-specific combinatorial functionality of neuronal c-fos enhancers,Mus musculus,mm10,chr12,85505903,85509655,Creb1,Fos,Enhancer,Active,Normal,,,,Cerebral Cortex,UBERON:0000956,Primary mouse cortical neurons,,cortical neuron,CL:0000540,Enhancer activity assay, TF binding assay, Chromatin interaction assay, Functional perturbation assay,ChIP-seq, RNA-seq,Luciferase Reporter Assay, CRISPRi, 3C, RT-RT-qPCR, ChIP-RT-qPCR
2021,33473108,SOX-5 activates a novel ROR?|??t enhancer to facilitate experimental autoimmune encephalomyelitis by promoting Th17 cell differentiation,Mus musculus,mm10,chr3,94170946,94172113,Sox5,Rorc,Enhancer,Active,Disease,experimental autoimmune encephalomyelitis,MONDO:0005257,DOID:3310,Spleen,UBERON:0002106,CD4+ Th17 cells,,CD4-positive Th17 cell,CL:0000899,Enhancer activity assay, TF binding assay, Chromatin interaction assay, Functional perturbation assay,ChIP-seq, RNA-seq,Luciferase Reporter Assay, ChIP-RT-qPCR, 3C-RT-qPCR, ChIP-loop assay, CRISPR Knockout, RT-RT-qPCR, ELISA, Flow Cytometry
2021,33473108,SOX-5 activates a novel ROR?|??t enhancer to facilitate experimental autoimmune encephalomyelitis by promoting Th17 cell differentiation,Mus musculus,mm10,chr3,94170946,94172113,Sox5,Rorc,Enhancer,Active,Disease,experimental autoimmune encephalomyelitis,MONDO:0005257,DOID:3310,Spleen,UBERON:0002106,Naive CD4+ T cells,,naive CD4-positive T cell,CL:0000896,Enhancer activity assay, TF binding assay, Chromatin interaction assay, Functional perturbation assay,ChIP-seq, RNA-seq,Luciferase Reporter Assay, CRISPR knockout, ChIP-RT-qPCR, 3C-RT-qPCR, ChIP-loop assay, RT-RT-qPCR, Western blot, Co-IP, Flow cytometry, ELISA
2015,26538132,Stimulus-specific combinatorial functionality of neuronal c-fos enhancers,Mus musculus,mm10,chr12,85425800,85426300,Creb1,Fos,Enhancer,Active,Normal,,,,Brain,UBERON:0000955,Cortical neurons,,cortical neuron,CL:0000540,Enhancer activity assay, TF binding assay, Chromatin interaction assay,ChIP-seq, RNA-seq,Luciferase Reporter Assay, 3C, ChIP-RT-qPCR, CRISPRi
2020,32701507,ERG orchestrates chromatin interactions to drive prostate cell fate reprogramming,Mus musculus,mm10,chr16,25400000,25900000,,Trp63,SE,Silenced,Disease,prostate cancer,MONDO:0008315,DOID:10283,Prostate,UBERON:0002367,Mouse Prostate Epithelial Organoids,,mouse prostate epithelial organoid cell,CL:0000066,Enhancer activity assay, TF binding assay, Chromatin interaction assay, Functional perturbation assay,ChIP-seq, RNA-seq, Hi-C, ATAC-seq,CRISPR Knockout, qRT-PCR, Western blot, Immunofluorescence
2019,31636200,Long-range Pitx2c enhancer-promoter interactions prevent predisposition to atrial fibrillation,Mus musculus,mm10,chr3,128750000,128770000,Ctcf,Pitx2C,Enhancer,Active,Disease,atrial fibrillation,MONDO:0004978,DOID:0060224,Heart,UBERON:0000948,Left Atrial Cardiomyocytes,,atrial cardiomyocyte,CL:0000746,Functional perturbation assay, Chromatin interaction assay, Enhancer activity assay,4C-seq, ChIP-seq, ATAC-seq, RNA-seq,CRISPR Knockout, RT-RT-qPCR, Programmed Intracardiac Pacing
2019,31666509,An enhancer cluster controls gene activity and topology of the SCN5A-SCN10A locus in vivo,Mus musculus,mm10,chr9,119377827,119379749,Tbx5,Scn5A,Enhancer,Active,Normal,,,,Heart,UBERON:0000948,Mouse cardiomyocyte cell,,cardiomyocyte,CL:0000746,Enhancer activity assay, Functional perturbation assay, TF binding assay,ChIP-seq, RNA-seq, ATAC-seq,CRISPR knockout, RT-RT-qPCR, Luciferase Reporter Assay, Western blot
2019,31666509,An enhancer cluster controls gene activity and topology of the SCN5A-SCN10A locus in vivo,Mus musculus,mm10,chr9,119377827,119389749,Tbx3,Scn5A,Enhancer,Active,Normal,,,,Heart,UBERON:0000948,Cardiomyocytes,,cardiomyocyte,CL:0000746,Enhancer activity assay, Functional perturbation assay, Chromatin interaction assay, TF binding assay,ChIP-seq, RNA-seq, ATAC-seq, 4C-seq,Transgenic Reporter Assay, CRISPR Knockout, RT-RT-qPCR, Western blot, in vivo electrophysiology
2015,26595767,Stimulus-specific combinatorial functionality of neuronal c-fos enhancers,Mus musculus,mm10,chr12,85454000,85457752,Creb1,Fos,Enhancer,Active,Normal,,,,Brain,UBERON:0000955,Primary mouse cortical neurons,,cortical neuron,CL:0000540,Enhancer activity assay,ChIP-seq, RNA-seq,Luciferase Reporter Assay, CRISPRi, 3C, RT-RT-qPCR
2024,38855864,Chromatin profiling identifies chondrocyte-specific Sox9 enhancers important for skeletal development,Mus musculus,mm10,chr11,112334364,112335294,Pitx1,Sox9,Enhancer,Active,Normal,,,,Cartilage,UBERON:0002418,Primary Mouse Chondrocytes,,chondrocyte,CL:0000138,Enhancer activity assay, TF binding assay, Functional perturbation assay,ATAC-seq, ChIP-seq, RNA-seq,Luciferase Reporter Assay, CRISPR Knockout, ChIP-RT-qPCR, RT-RT-qPCR, Western blot, Alcian Blue Staining, DNA Pull-Down Assay
2024,38855864,Chromatin profiling identifies chondrocyte-specific Sox9 enhancers important for skeletal development,Mus musculus,mm10,chr11,112334364,112335294,Pitx1,Sox9,Enhancer,Active,Normal,,,,Limb bud,UBERON:0005417,HEK293,CVCL_0045,embryonic kidney cell,CL:0002139,Enhancer activity assay, TF binding assay, Functional perturbation assay,ATAC-seq, ChIP-seq, RNA-seq,Luciferase Reporter Assay, CRISPR Knockout, ChIP-RT-qPCR, RT-RT-qPCR, Western blot, Alcian Blue Staining, DNA Pull-Down Assay
2024,38855864,Chromatin profiling identifies chondrocyte-specific Sox9 enhancers important for skeletal development,Mus musculus,mm10,chr11,112334364,112335294,Pitx1,Sox9,Enhancer,Active,Normal,,,,Cartilage,UBERON:0002418,ATDC5,CVCL_3894,chondrogenic cell,CL:0000138,Enhancer activity assay, TF binding assay, Functional perturbation assay,ATAC-seq, ChIP-seq, RNA-seq,Luciferase Reporter Assay, CRISPR Knockout, ChIP-RT-qPCR, RT-RT-qPCR, Western blot, Alcian Blue Staining, DNA Pull-Down Assay
2024,38855864,Chromatin profiling identifies chondrocyte-specific Sox9 enhancers important for skeletal development,Mus musculus,mm10,chr11,112334364,112335294,Pitx1,Sox9,Enhancer,Active,Normal,,,,Cartilage,UBERON:0002418,C3H10T1/2,CVCL_0190,mesenchymal stem cell,CL:0000134,Enhancer activity assay, TF binding assay, Functional perturbation assay,ATAC-seq, ChIP-seq, RNA-seq,Luciferase Reporter Assay, CRISPR Knockout, ChIP-RT-qPCR, RT-RT-qPCR, Western blot, Alcian Blue Staining, DNA Pull-Down Assay
2024,38855864,Chromatin profiling identifies chondrocyte-specific Sox9 enhancers important for skeletal development,Mus musculus,mm10,chr11,112482190,112483273,Pitx1,Sox9,Enhancer,Active,Normal,,,,Cartilage,UBERON:0002418,Primary Mouse Chondrocytes,,chondrocyte,CL:0000138,Enhancer activity assay, TF binding assay, Functional perturbation assay,ATAC-seq, ChIP-seq, RNA-seq,Luciferase Reporter Assay, CRISPR Knockout, ChIP-RT-qPCR, RT-RT-qPCR, Western blot, Alcian Blue Staining, DNA Pull-Down Assay
2024,38855864,Chromatin profiling identifies chondrocyte-specific Sox9 enhancers important for skeletal development,Mus musculus,mm10,chr11,112482190,112483273,Pitx1,Sox9,Enhancer,Active,Normal,,,,Limb bud,UBERON:0005417,HEK293,CVCL_0045,embryonic kidney cell,CL:0002139,Enhancer activity assay, TF binding assay, Functional perturbation assay,ATAC-seq, ChIP-seq, RNA-seq,Luciferase Reporter Assay, CRISPR Knockout, ChIP-RT-qPCR, RT-RT-qPCR, Western blot, Alcian Blue Staining, DNA Pull-Down Assay
2024,38855864,Chromatin profiling identifies chondrocyte-specific Sox9 enhancers important for skeletal development,Mus musculus,mm10,chr11,112482190,112483273,Pitx1,Sox9,Enhancer,Active,Normal,,,,Cartilage,UBERON:0002418,ATDC5,CVCL_3894,chondrogenic cell,CL:0000138,Enhancer activity assay, TF binding assay, Functional perturbation assay,ATAC-seq, ChIP-seq, RNA-seq,Luciferase Reporter Assay, CRISPR Knockout, ChIP-RT-qPCR, RT-RT-qPCR, Western blot, Alcian Blue Staining, DNA Pull-Down Assay
2024,38855864,Chromatin profiling identifies chondrocyte-specific Sox9 enhancers important for skeletal development,Mus musculus,mm10,chr11,112482190,112483273,Pitx1,Sox9,Enhancer,Active,Normal,,,,Cartilage,UBERON:0002418,C3H10T1/2,CVCL_0190,mesenchymal stem cell,CL:0000134,Enhancer activity assay, TF binding assay, Functional perturbation assay,ATAC-seq, ChIP-seq, RNA-seq,Luciferase Reporter Assay, CRISPR Knockout, ChIP-RT-qPCR, RT-RT-qPCR, Western blot, Alcian Blue Staining, DNA Pull-Down Assay
2021,34183853,Orphan CpG islands amplify poised enhancer regulatory activity and determine target gene responsiveness,Mus musculus,mm10,chr8,12428828,12432474,,,Enhancer,Silenced,Normal,,,,Embryo,UBERON:0000922,Mouse embryonic stem cells,,mouse embryonic stem cell,CL:0002322,Enhancer activity assay, Functional perturbation assay, Chromatin interaction assay,ChIP-seq, RNA-seq, 4C-seq,CRISPR Knockout, CRISPR Knock-in, RT-RT-qPCR, ChIP-RT-qPCR, Bisulfite Sequencing, Immunofluorescence
2017,28520978,LDB1-mediated enhancer looping can be established independent of mediator and cohesin,Mus musculus,mm10,chr7,103816000,103817000,Gata1,Hbb-B1,Enhancer,Active,Normal,,,,Fetal liver,UBERON:0002107,MEL (mouse erythroleukemia) cell line,CVCL_2109,erythroid progenitor cell,CL:0000038,Chromatin interaction assay, Functional perturbation assay,ChIP-seq, Hi-C, RNA-seq,3C, ChIP-RT-qPCR, CRISPR Knockout, RT-RT-qPCR, Western blot
2017,28575180,MyoD- and FoxO3-mediated hotspot interaction orchestrates super-enhancer activity during myogenic differentiation,Mus musculus,mm10,chr1,136178700,136179145,Myod1,Myog,Enhancer,Silenced,Normal,,,,Skeletal muscle,UBERON:0001134,C2C12 myoblast cell line,CVCL_0188,myoblast,CL:0000187,Functional perturbation assay,ChIP-seq,CRISPR Knockout, Luciferase Reporter Assay, RT-RT-qPCR
2020,32293525,Tandem CTCF sites function as insulators to balance spatial chromatin contacts and topological enhancer-promoter selection,Mus musculus,mm10,chr18,37169500,37170500,Ctcf,Pcdha,Enhancer,Active,Normal,,,,Cerebral cortex,UBERON:0000956,Cortical neurons,,cortical neuron,CL:0000540,Enhancer activity assay, Chromatin interaction assay, Functional perturbation assay,ChIP-seq, RNA-seq, Hi-C, 5C, QHR-4C, Single-cell RNA-seq,CRISPR Knockout, CRISPR Inversion, dCas9 Blocking
2020,32293525,Tandem CTCF sites function as insulators to balance spatial chromatin contacts and topological enhancer-promoter selection,Mus musculus,mm10,chr18,37169500,37170500,Ctcf,Pcdha,Enhancer,Active,Normal,,,,Endometrium,UBERON:0001295,HEC-1-B cells,CVCL_0294,endometrial carcinoma cell,CL:0000069,Enhancer activity assay, Chromatin interaction assay, Functional perturbation assay,ChIP-seq, RNA-seq, Hi-C, 5C, QHR-4C, Single-cell RNA-seq,CRISPR Knockout, CRISPR Inversion, dCas9 Blocking
2020,32293525,Tandem CTCF sites function as insulators to balance spatial chromatin contacts and topological enhancer-promoter selection,Mus musculus,mm10,chr18,37172000,37173000,,Pcdha,Enhancer,Active,Normal,,,,Cerebral cortex,UBERON:0000956,Cortical neurons,,cortical neuron,CL:0000540,Enhancer activity assay, Chromatin interaction assay, Functional perturbation assay,ChIP-seq, RNA-seq, Hi-C, 5C, QHR-4C,CRISPR Knockout, CRISPR Inversion
2020,32293525,Tandem CTCF sites function as insulators to balance spatial chromatin contacts and topological enhancer-promoter selection,Mus musculus,mm10,chr18,37172000,37173000,,Pcdhb,Enhancer,Active,Normal,,,,Endometrium,UBERON:0001295,HEC-1-B cells,CVCL_0294,endometrial carcinoma cell,CL:0000069,Enhancer activity assay, Chromatin interaction assay, Functional perturbation assay,ChIP-seq, RNA-seq, Hi-C, 5C, QHR-4C,CRISPR Knockout, CRISPR Inversion
2020,32293525,Tandem CTCF sites function as insulators to balance spatial chromatin contacts and topological enhancer-promoter selection,Mus musculus,mm10,chr18,37000000,37100000,Ctcf,Pcdhb,Enhancer,Active,Normal,,,,Cerebral cortex,UBERON:0000956,Cortical neurons,CVCL_0470,cortical neuron,CL:0000540,Enhancer activity assay, Chromatin interaction assay, Functional perturbation assay,ChIP-seq, RNA-seq, Hi-C, 5C, QHR-4C,CRISPR Knockout, dCas9 Blocking
2020,32293525,Tandem CTCF sites function as insulators to balance spatial chromatin contacts and topological enhancer-promoter selection,Mus musculus,mm10,chr18,37000000,37100000,Ctcf,Pcdhg,Enhancer,Active,Normal,,,,Brain,UBERON:0000955,Neuro-2A cells,CVCL_0470,neuroblastoma cell,CL:0000031,Enhancer activity assay, Chromatin interaction assay, Functional perturbation assay,ChIP-seq, RNA-seq, Hi-C, 5C, QHR-4C,CRISPR Knockout, dCas9 Blocking
2015,25486255,CRISPR reveals a distal super-enhancer required for Sox2 expression in mouse embryonic stem cells,Mus musculus,mm10,chr3,3464735,3477735,Pou5F1; Sox2; Nanog,Sox2,SE,Active,Normal,,,,Embryo,UBERON:0000922,Mouse embryonic stem cells,,mouse embryonic stem cell,CL:0002322,Functional perturbation assay, Chromatin interaction assay,ChIP-seq, RNA-seq, Hi-C,CRISPR Knockout, qRT-PCR, Western blot
2019,31666509,An enhancer cluster controls gene activity and topology of the SCN5A-SCN10A locus in vivo,Mus musculus,mm10,chr9,119378700,119379271,Tbx5,Scn5A,Enhancer,Active,Normal,,,,Heart,UBERON:0000948,Mouse cardiomyocyte cell,,cardiomyocyte,CL:0000746,Enhancer activity assay, Functional perturbation assay,ChIP-seq, RNA-seq,Luciferase Reporter Assay, CRISPR Knockout, RT-RT-qPCR, Western blot
2015,26595656,Stimulus-specific combinatorial functionality of neuronal c-fos enhancers,Mus musculus,mm10,chr12,85471268,85473533,Mef2,Fos,Enhancer,Active,Normal,,,,Cerebral Cortex,UBERON:0000956,Primary mouse cortical neurons,,cortical neuron,CL:0000540,Enhancer activity assay, TF binding assay, Functional perturbation assay,ChIP-seq, RNA-seq,Luciferase Reporter Assay, CRISPRi, RT-RT-qPCR, ChIP-RT-qPCR
2025,39863595,The ?|??-globin super-enhancer acts in an orientation-dependent manner,Mus musculus,mm10,chr11,32144500,32150000,Gata1,Hba-A1,Enhancer,Active,Normal,,,,Fetal Liver,UBERON:0002107,Erythroid cells,,erythroid cell,CL:0000038,Enhancer activity assay, Chromatin interaction assay, Functional perturbation assay,ATAC-seq, ChIP-seq, 3C-seq,CRISPR Knockout, RT-RT-qPCR
2025,39863595,The ?|??-globin super-enhancer acts in an orientation-dependent manner,Mus musculus,mm10,chr11,32145000,32145500,Gata1,Hba-A1,Enhancer,Active,Normal,,,,Fetal Liver,UBERON:0002107,Erythroid cells,,erythroid cell,CL:0000038,Enhancer activity assay, Chromatin interaction assay, Functional perturbation assay,ATAC-seq, ChIP-seq, 3C-seq,CRISPR Knockout, RT-RT-qPCR
2025,39863595,The ?|??-globin super-enhancer acts in an orientation-dependent manner,Mus musculus,mm10,chr11,32146000,32146500,Gata1,Hba-A1,Enhancer,Active,Normal,,,,Fetal Liver,UBERON:0002107,Erythroid cells,,erythroid cell,CL:0000038,Enhancer activity assay, Chromatin interaction assay, Functional perturbation assay,ATAC-seq, ChIP-seq, 3C-seq,CRISPR Knockout, RT-RT-qPCR
2025,39863595,The ?|??-globin super-enhancer acts in an orientation-dependent manner,Mus musculus,mm10,chr11,32147000,32147500,Gata1,Hba-A1,Enhancer,Active,Normal,,,,Fetal Liver,UBERON:0002107,Erythroid cells,,erythroid cell,CL:0000038,Enhancer activity assay, Chromatin interaction assay, Functional perturbation assay,ATAC-seq, ChIP-seq, 3C-seq,CRISPR Knockout, RT-RT-qPCR
2025,39863595,The ?|??-globin super-enhancer acts in an orientation-dependent manner,Mus musculus,mm10,chr11,32148000,32148500,Gata1,Hba-A1,Enhancer,Active,Normal,,,,Fetal Liver,UBERON:0002107,Erythroid cells,,erythroid cell,CL:0000038,Enhancer activity assay, Chromatin interaction assay, Functional perturbation assay,ATAC-seq, ChIP-seq, 3C-seq,CRISPR Knockout, RT-RT-qPCR
2025,39863595,The ?|??-globin super-enhancer acts in an orientation-dependent manner,Mus musculus,mm10,chr11,32149000,32149500,Gata1,Hba-A1,Enhancer,Active,Normal,,,,Fetal Liver,UBERON:0002107,Erythroid cells,,erythroid cell,CL:0000038,Enhancer activity assay, Chromatin interaction assay, Functional perturbation assay,ATAC-seq, ChIP-seq, 3C-seq,CRISPR Knockout, RT-RT-qPCR
2013,24285714,Role of SWI/SNF in acute leukemia maintenance and enhancer-mediated Myc regulation,Mus musculus,mm10,chr15,97300000,97400000,,Myc,Enhancer,Active,Disease,acute myeloid leukemia,MONDO:0018874,DOID:9119,Bone marrow,UBERON:0002371,RN2 AML cell line,CVCL_WT32,acute myeloid leukemia cell,CL:0001054,Enhancer activity assay, Chromatin interaction assay,ChIP-seq, RNA-seq,Luciferase reporter assay, ChIP-RT-qPCR, 3C-RT-qPCR
2020,32991700,NFIA differentially controls adipogenic and myogenic gene program through distinct pathways to ensure brown and beige adipocyte differentiation,Mus musculus,mm10,chr3,3103577,3104077,Nfia,Pparg,Enhancer,Active,Normal,,,,Skeletal muscle,UBERON:0001134,C2C12 myoblast,CVCL_0188,myoblast,CL:0000187,Enhancer activity assay, TF binding assay, Functional perturbation assay,FAIRE-seq, ChIP-seq, RNA-seq,ChIP-RT-qPCR, FAIRE-RT-qPCR, CRISPRi, Luciferase Reporter Assay, RT-RT-qPCR, Oil-Red-O Staining
2020,32991700,NFIA differentially controls adipogenic and myogenic gene program through distinct pathways to ensure brown and beige adipocyte differentiation,Mus musculus,mm10,chr3,3103577,3104077,Nfia,Pparg,Enhancer,Active,Normal,,,,Adipose tissue,UBERON:0001013,3T3-F442A preadipocyte,CVCL_5246,preadipocyte,CL:0000136,Enhancer activity assay, TF binding assay, Functional perturbation assay,FAIRE-seq, ChIP-seq, RNA-seq,ChIP-RT-qPCR, FAIRE-RT-qPCR, CRISPRi, Luciferase Reporter Assay, RT-RT-qPCR, Oil-Red-O Staining
2017,28575180,MyoD- and FoxO3-mediated hotspot interaction orchestrates super-enhancer activity during myogenic differentiation,Mus musculus,mm10,chr1,136185800,136186245,Myod1; Foxo3,Myog,Enhancer,Active,Normal,,,,Skeletal muscle,UBERON:0001134,C2C12 myoblast cell line,CVCL_0188,myoblast,CL:0000187,Chromatin interaction assay, TF binding assay,ChIP-seq, 3C-seq,3C-RT-qPCR, ChIP-RT-qPCR, Luciferase Reporter Assay, DNA pulldown, Co-IP
2018,29342133,A Myc enhancer cluster regulates normal and leukaemic haematopoietic stem cell hierarchies,Mus musculus,mm10,chr15,63442671,63443111,Spi1,Myc,Enhancer,Silenced,Disease,acute myeloid leukemia,MONDO:0018874,DOID:9119,Bone Marrow,UBERON:0002371,LSK Cells,,hematopoietic stem cell,CL:0001029,Functional perturbation assay,ChIP-seq, ATAC-seq,CRISPR Knockout, RT-RT-qPCR
2018,29342133,A Myc enhancer cluster regulates normal and leukaemic haematopoietic stem cell hierarchies,Mus musculus,mm10,chr15,63479681,63480222,Runx1,Myc,Enhancer,Active,Disease,acute myeloid leukemia,MONDO:0018874,DOID:9119,Bone Marrow,UBERON:0002371,LT-HSCs,,long-term hematopoietic stem cell,CL:0001029,Functional perturbation assay,ChIP-seq, RNA-seq,CRISPR Knockout, RT-RT-qPCR
2025,39626660,Long-range regulation of transcription scales with genomic distance in a gene-specific manner,Mus musculus,mm10,chr5,98680000,98682000,,Fgf5,Enhancer,Active,Normal,,,,Embryo,UBERON:0000922,EpiLCs,,epiblast-like cell,CL:0002322,Enhancer activity assay, Functional perturbation assay,ChIP-seq, RNA-seq, ATAC-seq,CRISPRa, RT-RT-qPCR
2025,39626660,Long-range regulation of transcription scales with genomic distance in a gene-specific manner,Mus musculus,mm10,chr5,98660000,98662000,,Fgf5,Enhancer,Active,Normal,,,,Embryo,UBERON:0000922,EpiLCs,,epiblast-like cell,CL:0002322,Enhancer activity assay, Functional perturbation assay,ChIP-seq, RNA-seq, ATAC-seq,CRISPRa, RT-RT-qPCR
2020,32499651,A distal enhancer at risk locus 11q135 promotes suppression of colitis by Treg cells,Mus musculus,mm10,chr7,105711382,105713753,Stat5,Lrrc32,Enhancer,Active,Disease,colitis,MONDO:0005075,DOID:0060180,Colon,UBERON:0001155,Primary Treg cells,,regulatory T cell,CL:0000815,Functional perturbation assay, Enhancer activity assay, TF binding assay,RNA-seq, ChIP-seq, ATAC-seq,CRISPR Knockout, ChIP-RT-qPCR, qRT-PCR, Flow Cytometry
2021,33044128,ATAC-Seq Reveals an Isl1 Enhancer That Regulates Sinoatrial Node Development and Function,Mus musculus,mm10,chr15,103026344,103028143,Mef2C,Hcn4,Enhancer,Active,Normal,,,,Heart,UBERON:0000948,Not available,,cardiomyocyte,CL:0000746,Enhancer activity assay, Functional perturbation assay,ATAC-seq, RNA-seq, ChIP-seq,Transgenic Reporter Assay, CRISPR knockout, X-gal Staining
2014,25030696,The active enhancer network operated by liganded RXR supports angiogenic activity in macrophages,Mus musculus,mm10,chr17,31172998,31173656,Rxra,Abcg1,Enhancer,Active,Normal,,,,Bone Marrow,UBERON:0002371,Bone marrow-derived macrophages,,macrophage,CL:0000235,Enhancer activity assay, TF binding assay, Chromatin interaction assay,ChIP-seq, RNA-seq, GRO-seq, 3C-seq,ChIP-RT-qPCR, RT-RT-qPCR, Luciferase Reporter Assay, 3C-RT-RT-qPCR
2014,25030696,The active enhancer network operated by liganded RXR supports angiogenic activity in macrophages,Mus musculus,mm10,chr17,45890060,45890829,Rxra,Vegfa,Enhancer,Active,Normal,,,,Bone Marrow,UBERON:0002371,Bone marrow-derived macrophages,,macrophage,CL:0000235,Enhancer activity assay, TF binding assay, Chromatin interaction assay, Functional perturbation assay,ChIP-seq, RNA-seq, GRO-seq, 3C-seq,ChIP-RT-qPCR, RT-RT-qPCR, Luciferase Reporter Assay, 3C-RT-RT-qPCR, ELISA, CAM Assay
2020,32251373,Spt5-mediated enhancer transcription directly couples enhancer activation with physical promoter interaction,Mus musculus,mm10,chr12,114462800,114464200,,Ighm,Ighg1,Enhancer,Active,Normal,,,,Spleen,UBERON:0002106,Primary mature B cells (activated with LPS + IL-4),,activated B cell,CL:0000945,Enhancer activity assay, Chromatin interaction assay, Functional perturbation assay,ChIP-seq, GRO-seq, ATAC-seq, 3C-seq,3C-RT-qPCR, ChIP-RT-qPCR, RT-RT-qPCR, CRISPRa
2020,32251373,Spt5-mediated enhancer transcription directly couples enhancer activation with physical promoter interaction,Mus musculus,mm10,chr12,114465285,114467786,,Ighm,Ighg1,Enhancer,Active,Normal,,,,Spleen,UBERON:0002106,Primary mature B cells (activated with LPS + IL-4),,activated B cell,CL:0000945,Enhancer activity assay, Chromatin interaction assay, Functional perturbation assay,ChIP-seq, GRO-seq, ATAC-seq, 3C-seq,3C-RT-qPCR, ChIP-RT-qPCR, RT-RT-qPCR, CRISPRa
2020,32251373,Spt5-mediated enhancer transcription directly couples enhancer activation with physical promoter interaction,Mus musculus,mm10,chr12,114479200,114480600,,Ighm,Ighg1,Enhancer,Active,Normal,,,,Spleen,UBERON:0002106,Primary mature B cells (activated with LPS + IL-4),,activated B cell,CL:0000945,Enhancer activity assay, Chromatin interaction assay, Functional perturbation assay,ChIP-seq, GRO-seq, ATAC-seq, 3C-seq,3C-RT-qPCR, ChIP-RT-qPCR, RT-RT-qPCR, CRISPRa
2020,32251373,Spt5-mediated enhancer transcription directly couples enhancer activation with physical promoter interaction,Mus musculus,mm10,chr12,114481431,114482631,,Ighm,Ighg1,Enhancer,Active,Normal,,,,Spleen,UBERON:0002106,Primary mature B cells (activated with LPS + IL-4),,activated B cell,CL:0000945,Enhancer activity assay, Chromatin interaction assay, Functional perturbation assay,ChIP-seq, GRO-seq, ATAC-seq, 3C-seq,3C-RT-qPCR, ChIP-RT-qPCR, RT-RT-qPCR, CRISPRa
2020,32251373,Spt5-mediated enhancer transcription directly couples enhancer activation with physical promoter interaction,Mus musculus,mm10,chr12,114461575,114496377,,Ighm,Ighg3,Igha,Enhancer,Active,Normal,,,,Spleen,UBERON:0002106,Primary mature B cells (activated with LPS + IL-4),,activated B cell,CL:0000945,Enhancer activity assay, Chromatin interaction assay, Functional perturbation assay,ChIP-seq, GRO-seq, ATAC-seq, Hi-C, 3C-seq,3C-RT-qPCR, ChIP-RT-qPCR, RT-RT-qPCR, CRISPRa, Flow cytometry
2015,26595767,Stimulus-specific combinatorial functionality of neuronal c-fos enhancers,Mus musculus,mm10,chr12,85488233,85490498,Mef2A,Fos,Enhancer,Active,Normal,,,,Brain,UBERON:0000955,Primary mouse cortical neurons,,cortical neuron,CL:0000540,Enhancer activity assay,ChIP-seq, RNA-seq,Luciferase Reporter Assay, CRISPRi, RT-RT-qPCR
2020,32701507,ERG orchestrates chromatin interactions to drive prostate cell fate reprogramming,Mus musculus,mm10,chr15,102000000,102800000,,Krt8,SE,Active,Disease,prostate cancer,MONDO:0008315,DOID:10283,Prostate,UBERON:0002367,Mouse Prostate Epithelial Organoids,,mouse prostate epithelial organoid cell,CL:0000066,Enhancer activity assay, TF binding assay, Chromatin interaction assay, Functional perturbation assay,ChIP-seq, RNA-seq, Hi-C, ATAC-seq,shRNA Knockdown, qRT-PCR, Western blot, Immunofluorescence
2024,39183203,Multi-omics profiling of retinal pigment epithelium reveals enhancer-driven activation of RANK-NFATc1 signaling in traumatic proliferative vitreoretinopathy,Mus musculus,mm10,chr18,87758000,87762000,Nfatc1; Creb5; Ets1; Tgif1; Smad3,Nfatc1,Enhancer,Active,Disease,proliferative vitreoretinopathy,MONDO:0006007,DOID:0080067,Retina,UBERON:0000966,Primary retinal pigment epithelium (RPE) cells,,retinal pigment epithelial cell,CL:0002586,Enhancer activity assay, TF binding assay, Functional perturbation assay,ATAC-seq, ChIP-seq, RNA-seq,ChIP-RT-qPCR, RT-RT-qPCR, Western blot, CRISPRi (shRNA), Immunofluorescence
2018,29903884,Sex reversal following deletion of a single far upstream enhancer of Sox9,Mus musculus,mm10,chr11,10954273,10955559,,Sox9,Enhancer,Active,Disease,sex reversal,MONDO:0008637,DOID:14450,Testis,UBERON:0000473,Sertoli cells,,Sertoli cell,CL:0000216,Developmental biology assay, Functional genomics assay, Epigenomic profiling assay, Genome editing assay, Transcriptional regulation assay, In vivo transgenic reporter assay,ATAC-seq, ChIP-seq [targets: H3K27ac], DNase-seq,CRISPR-Cas9 Mediated Enhancer Deletion, qRT-PCR, LacZ Transgenic Reporter Assay, Immunofluorescence Microscopy, Pronuclear Microinjection, Genotyping PCR, Sanger Sequencing
2012,22264824,Intragenic enhancers act as alternative promoters,Mus musculus,mm10,chr11,32154500,32155500,Gata1,Hba-A1,Enhancer,Active,Normal,,,,Fetal Liver,UBERON:0002107,Primary erythroid cells,,erythroid cell,CL:0000038,Enhancer activity assay, Functional perturbation assay, Chromatin interaction assay,ChIP-seq, RNA-seq, DNase-seq,CRISPR Knockout, RT-PCR, qRT-PCR, Northern Blot, RNA-FISH, Western blot
2012,22264824,Intragenic enhancers act as alternative promoters,Mus musculus,mm10,chr11,32156045,32157045,Gata1,Hba-A1,Enhancer,Active,Normal,,,,Fetal Liver,UBERON:0002107,Primary erythroid cells,,erythroid cell,CL:0000038,Enhancer activity assay, Functional perturbation assay, Chromatin interaction assay,ChIP-seq, RNA-seq, DNase-seq,CRISPR Knockout, RT-PCR, qRT-PCR, Northern Blot, RNA-FISH, Western blot
2012,22264824,Intragenic enhancers act as alternative promoters,Mus musculus,mm10,chr11,32158500,32159500,Gata1,Hba-A1,Enhancer,Active,Normal,,,,Fetal Liver,UBERON:0002107,Primary erythroid cells,,erythroid cell,CL:0000038,Enhancer activity assay, Functional perturbation assay, Chromatin interaction assay,ChIP-seq, RNA-seq, DNase-seq,CRISPR Knockout, RT-PCR, qRT-PCR, Northern Blot, RNA-FISH, Western blot
2012,22264824,Intragenic enhancers act as alternative promoters,Mus musculus,mm10,chr11,32160500,32161500,Gata1,Hba-A1,Enhancer,Active,Normal,,,,Fetal Liver,UBERON:0002107,Primary erythroid cells,,erythroid cell,CL:0000038,Enhancer activity assay, Functional perturbation assay, Chromatin interaction assay,ChIP-seq, RNA-seq, DNase-seq,CRISPR Knockout, RT-PCR, qRT-PCR, Northern Blot, RNA-FISH, Western blot
2012,22264824,Intragenic enhancers act as alternative promoters,Mus musculus,mm10,chr11,32163000,32164000,Gata1,Hba-A1,Enhancer,Active,Normal,,,,Fetal Liver,UBERON:0002107,Primary erythroid cells,,erythroid cell,CL:0000038,Enhancer activity assay, Functional perturbation assay, Chromatin interaction assay,ChIP-seq, RNA-seq, DNase-seq,CRISPR Knockout, RT-PCR, qRT-PCR, Northern Blot, RNA-FISH, Western blot
2016,26446995,An autoregulatory enhancer controls mammary-specific STAT5 functions,Mus musculus,mm10,chr11,9746900,9747200,Stat5A,Stat5A,Enhancer,Active,Normal,,,,Mammary gland,UBERON:0001911,Primary MECs,,mammary epithelial cell,CL:0000066,Functional perturbation assay,ChIP-seq, RNA-seq,CRISPR Knockout, RT-RT-qPCR
2016,27166834,Long-range enhancers modulate Foxf1 transcription in blood vessels of pulmonary vascular network,Mus musculus,mm10,chr8,123400044,123400756,Gata,Foxf1,Enhancer,Active,Disease,pulmonary vascular disease,MONDO:0005022,DOID:1307,Lung,UBERON:0002048,Embryonic lung cells,,embryonic lung cell,CL:0000000,Chromatin interaction assay,ChIP-seq,3C-seq, Luciferase Reporter Assay
2016,27166834,Long-range enhancers modulate Foxf1 transcription in blood vessels of pulmonary vascular network,Mus musculus,mm10,chr8,123406634,123407310,Gli1,Foxf1,Enhancer,Active,Disease,pulmonary vascular disease,MONDO:0005022,DOID:1307,Lung,UBERON:0002048,Embryonic lung cells,,embryonic lung cell,CL:0000000,Chromatin interaction assay,ChIP-seq,3C-seq, Luciferase Reporter Assay, RT-RT-qPCR
2018,29342133,A Myc enhancer cluster regulates normal and leukaemic haematopoietic stem cell hierarchies,Mus musculus,mm10,chr15,63489392,63491254,Runx1,Myc,Enhancer,Active,Disease,acute myeloid leukemia,MONDO:0018874,DOID:9119,Bone Marrow,UBERON:0002371,CLPs,,common lymphoid progenitor,CL:0000842,Functional perturbation assay,ChIP-seq, ATAC-seq,CRISPR Knockout, RT-RT-qPCR
2020,32293525,Tandem CTCF sites function as insulators to balance spatial chromatin contacts and topological enhancer-promoter selection,Mus musculus,mm10,chr18,37148500,37149500,Ctcf,Pcdha,Enhancer,Active,Normal,,,,Cerebral cortex,UBERON:0000956,Primary cortical neurons,,cortical neuron,CL:0000540,Enhancer activity assay, TF binding assay, Chromatin interaction assay, Functional perturbation assay,ChIP-seq, RNA-seq, 5C, QHR-4C,CRISPR Knockout, CRISPR Inversion, dCas9 Blocking, RT-RT-qPCR
2020,32293525,Tandem CTCF sites function as insulators to balance spatial chromatin contacts and topological enhancer-promoter selection,Mus musculus,mm10,chr18,37148500,37149500,Ctcf,Pcdha,Enhancer,Active,Normal,,,,Endometrium,UBERON:0001295,HEC-1-B cell line,CVCL_0294,endometrial carcinoma cell,CL:0000069,Enhancer activity assay, TF binding assay, Chromatin interaction assay, Functional perturbation assay,ChIP-seq, RNA-seq, 5C, QHR-4C,CRISPR Knockout, CRISPR Inversion, dCas9 Blocking, RT-RT-qPCR
2020,32293525,Tandem CTCF sites function as insulators to balance spatial chromatin contacts and topological enhancer-promoter selection,Mus musculus,mm10,chr18,37380000,37385000,Ctcf,Pcdhb,Enhancer,Active,Normal,,,,Cerebral cortex,UBERON:0000956,Primary cortical neurons,CVCL_0470,cortical neuron,CL:0000540,Enhancer activity assay, TF binding assay, Chromatin interaction assay, Functional perturbation assay,ChIP-seq, RNA-seq, 5C, QHR-4C, Single-cell RNA-seq,CRISPR Knockout, dCas9 Blocking, RT-RT-qPCR
2020,32293525,Tandem CTCF sites function as insulators to balance spatial chromatin contacts and topological enhancer-promoter selection,Mus musculus,mm10,chr18,37380000,37385000,Ctcf,Pcdhg,Enhancer,Active,Normal,,,,Brain,UBERON:0000955,Neuro-2A cell line,CVCL_0470,neuroblastoma cell,CL:0000031,Enhancer activity assay, TF binding assay, Chromatin interaction assay, Functional perturbation assay,ChIP-seq, RNA-seq, 5C, QHR-4C, Single-cell RNA-seq,CRISPR Knockout, dCas9 Blocking, RT-RT-qPCR
2018,29903884,Sex reversal following deletion of a single far upstream enhancer of Sox9,Mus musculus,mm10,chr11,10941473,10942029,Sry; Sox9; Nr5A1,Sox9,Enhancer,Active,Disease,sex reversal,MONDO:0008637,DOID:14450,Genital ridge,UBERON:0005294,Bipotential gonadal somatic cells,,gonadal somatic cell,CL:0000000,Developmental biology assay, Functional genomics assay, Epigenomic profiling assay, Genome editing assay, Transcriptional regulation assay, In vivo transgenic reporter assay, In vivo functional assay,ATAC-seq, ChIP-seq, DNase-seq,CRISPR-Cas9 enhancer deletion, RT-RT-qPCR, ChIP-RT-qPCR, LacZ Transgenic Reporter Assay, Immunofluorescence, H&E staining, FACS, Genotyping PCR, Sanger Sequencing
2018,29903884,Sex reversal following deletion of a single far upstream enhancer of Sox9,Mus musculus,mm10,chr11,10996600,10999794,Sry; Sox9; Nr5A1,Sox9,Enhancer,Active,Disease,sex reversal,MONDO:0008637,DOID:14450,Testis,UBERON:0000473,Sertoli cell precursors,,Sertoli cell precursor,CL:0000216,Developmental biology assay, Functional genomics assay, Epigenomic profiling assay, Genome editing assay, Transcriptional regulation assay, In vivo functional assay,ChIP-seq, DNase-seq, ATAC-seq,CRISPR-Cas9 enhancer deletion, RT-RT-qPCR, ChIP-RT-qPCR, Immunofluorescence, Genotyping PCR, Sanger Sequencing
2014,25030696,The active enhancer network operated by liganded RXR supports angiogenic activity in macrophages,Mus musculus,mm10,chr2,122450000,122450200,Rxra,Tgm2,Enhancer,Active,Normal,,,,Bone Marrow,UBERON:0002371,Bone marrow-derived macrophages,,macrophage,CL:0000235,Enhancer activity assay, Chromatin interaction assay,ChIP-seq, GRO-seq, 3C-seq,Luciferase Reporter Assay, ChIP-RT-qPCR, RT-RT-qPCR
2013,24040411,Identification of an Evolutionarily Conserved Cis-Regulatory Element Controlling the Peg3 Imprinted Domain,Mus musculus,mm10,chr7,6650000,6650600,Yy1,Peg3,Enhancer,Active,Normal,,,,Brain,UBERON:0000955,Neuro-2a cells,CVCL_0470,neuroblastoma cell,CL:0000031,Enhancer activity assay,ChIP-seq,3C assay, Luciferase reporter assay, RT-RT-qPCR
2017,28520978,LDB1-mediated enhancer looping can be established independent of mediator and cohesin,Mus musculus,mm10,chr16,92950000,92951000,Gata1,Runx1,Enhancer,Active,Normal,,,,Fetal liver,UBERON:0002107,MEL (mouse erythroleukemia) cell line,CVCL_2109,erythroid progenitor cell,CL:0000038,Chromatin interaction assay,Promoter capture Hi-C, ChIP-seq, RNA-seq,ChIP-RT-qPCR
2017,28520978,LDB1-mediated enhancer looping can be established independent of mediator and cohesin,Mus musculus,mm10,chr2,12870000,12871000,Gata1,Lmo2,Enhancer,Active,Normal,,,,Fetal liver,UBERON:0002107,MEL (mouse erythroleukemia) cell line,CVCL_2109,erythroid progenitor cell,CL:0000038,Chromatin interaction assay,Promoter capture Hi-C, ChIP-seq, RNA-seq,ChIP-RT-qPCR
2018,29342133,A Myc enhancer cluster regulates normal and leukaemic haematopoietic stem cell hierarchies,Mus musculus,mm10,chr15,63496914,63497514,Tal1,Myc,Enhancer,Active,Disease,acute myeloid leukemia,MONDO:0018874,DOID:9119,Bone Marrow,UBERON:0002371,CMPs,,common myeloid progenitor,CL:0000835,Functional perturbation assay,ChIP-seq,CRISPR Knockout, RT-RT-qPCR
2018,29342133,A Myc enhancer cluster regulates normal and leukaemic haematopoietic stem cell hierarchies,Mus musculus,mm10,chr15,63510497,63510914,Cebpa,Myc,Enhancer,Active,Disease,acute myeloid leukemia,MONDO:0018874,DOID:9119,Bone Marrow,UBERON:0002371,MEPs,,megakaryocyte-erythroid progenitor,CL:0000836,Functional perturbation assay,ChIP-seq,CRISPR Knockout, RT-RT-qPCR
2018,29342133,A Myc enhancer cluster regulates normal and leukaemic haematopoietic stem cell hierarchies,Mus musculus,mm10,chr15,63536261,63536739,Ebf1,Myc,Enhancer,Active,Disease,acute myeloid leukemia,MONDO:0018874,DOID:9119,Bone Marrow,UBERON:0002371,CLPs,,common lymphoid progenitor,CL:0000842,Functional perturbation assay,ChIP-seq,CRISPR Knockout, RT-RT-qPCR
2018,29342133,A Myc enhancer cluster regulates normal and leukaemic haematopoietic stem cell hierarchies,Mus musculus,mm10,chr15,63567831,63568301,Gata1,Myc,Enhancer,Active,Disease,acute myeloid leukemia,MONDO:0018874,DOID:9119,Bone Marrow,UBERON:0002371,MEPs,,megakaryocyte-erythroid progenitor,CL:0000836,Functional perturbation assay,ChIP-seq,CRISPR Knockout, RT-RT-qPCR
2018,29527594,A Novel Distal Enhancer Mediates Inflammation-, PTH-, and Early Onset Murine Kidney Disease-Induced Expression of the Mouse Fgf23 Gene,Mus musculus,mm10,chr6,127006796,127007720,Nfkb1; Hif1A; Stat3; Stat5A; Stat6; Arnt; Clock; Arntl; Npas2,Fgf23,Enhancer,Active,Disease,chronic kidney disease,MONDO:0005102,DOID:784,Kidney,UBERON:0002113,Bone marrow-derived mesenchymal stem cells,,mesenchymal stromal cell,CL:0000134,Functional genomics assay, Epigenomic profiling assay, Genome editing assay, Transcriptional regulation assay, In vivo functional assay,ChIP-seq, Microarray, Comparative genomic conservation analysis,CRISPR-Cas9 enhancer deletion, RT-RT-qPCR, FGF23 ELISA, DXA, Serum biochemical analysis, Genotyping PCR, Sanger sequencing, In vivo LPS stimulation assay, In vivo cytokine stimulation assay, In vivo PTH stimulation assay, In vivo CKD model assay
2017,29078395,STAT5-mediated chromatin interactions in superenhancers activate IL-2 highly inducible genes,Mus musculus,mm10,chr11,5202000,5255000,,Il2Ra,Enhancer,Active,Disease,immune dysregulation,MONDO:0005317,DOID:2914,Blood,UBERON:0000178,CD4+ T cells,,CD4-positive T cell,CL:0000624,Chromatin interaction assay, Functional perturbation assay,ChIA-PET, RNA-seq,CRISPR knockout, Luciferase reporter assay, RT-RT-qPCR
2019,31666509,An enhancer cluster controls gene activity and topology of the SCN5A-SCN10A locus in vivo,Mus musculus,mm10,chr9,119377827,119389749,,Scn5A,Enhancer,Active,Normal,,,,Heart,UBERON:0000948,Cardiomyocytes,,cardiomyocyte,CL:0000746,Enhancer activity assay,4C-seq, RNA-seq,Transgenic Reporter Assay, CRISPR Knockout, RT-RT-qPCR, Western blot
2017,28575289,MyoD- and FoxO3-mediated hotspot interaction orchestrates super-enhancer activity during myogenic differentiation,Mus musculus,mm10,chr1,136179654,136180057,Foxo3,Myog,Enhancer,Active,Normal,,,,Skeletal muscle,UBERON:0001134,Mouse myoblast cell line,CVCL_0188,myoblast,CL:0000187,Enhancer activity assay, Functional perturbation assay, TF binding assay,,Luciferase Reporter Assay, CRISPR Knockout, CRISPRi, ChIP-RT-qPCR
2017,28575289,MyoD- and FoxO3-mediated hotspot interaction orchestrates super-enhancer activity during myogenic differentiation,Mus musculus,mm10,chr1,136185854,136186299,Myod1,Myog,Enhancer,Active,Normal,,,,Skeletal muscle,UBERON:0001134,Mouse myoblast cell line,CVCL_0188,myoblast,CL:0000187,Enhancer activity assay, Functional perturbation assay, TF binding assay,,Luciferase Reporter Assay, CRISPR Knockout, CRISPRi, ChIP-RT-qPCR
2017,28575289,MyoD- and FoxO3-mediated hotspot interaction orchestrates super-enhancer activity during myogenic differentiation,Mus musculus,mm10,chr1,136188454,136188857,Myod1,Myog,Enhancer,Active,Normal,,,,Skeletal muscle,UBERON:0001134,Mouse myoblast cell line,CVCL_0188,myoblast,CL:0000187,Enhancer activity assay, Functional perturbation assay, TF binding assay,,Luciferase Reporter Assay, CRISPR Knockout, CRISPRi, ChIP-RT-qPCR
2019,30638865,LRH1-driven transcription factor circuitry for hepatocyte identity: Super-enhancer cistromic analysis,Mus musculus,mm10,chr11,97576234,97587534,Nr5A2,Nr5A2,SE,Active,Normal,,,,Liver,UBERON:0002107,Primary mouse hepatocytes,,hepatocyte,CL:0000182,Enhancer activity assay, TF binding assay, Functional perturbation assay,ChIP-seq, RNA-seq,Luciferase Reporter Assay, ChIP-RT-qPCR, RT-RT-qPCR, Western blot
2019,30638865,LRH1-driven transcription factor circuitry for hepatocyte identity: Super-enhancer cistromic analysis,Mus musculus,mm10,chr15,4422074,4423282,Nr5A2,Ppara,SE,Active,Normal,,,,Liver,UBERON:0002107,Primary mouse hepatocytes,,hepatocyte,CL:0000182,Enhancer activity assay, TF binding assay, Functional perturbation assay,ChIP-seq, RNA-seq,Luciferase Reporter Assay, ChIP-RT-qPCR, RT-RT-qPCR, Western blot
2019,30638865,LRH1-driven transcription factor circuitry for hepatocyte identity: Super-enhancer cistromic analysis,Mus musculus,mm10,chr2,171152164,171153352,Nr5A2,Rxra,SE,Active,Normal,,,,Liver,UBERON:0002107,Primary mouse hepatocytes,,hepatocyte,CL:0000182,Enhancer activity assay, TF binding assay, Functional perturbation assay,ChIP-seq, RNA-seq,Luciferase Reporter Assay, ChIP-RT-qPCR, RT-RT-qPCR, Western blot
2019,30638865,LRH1-driven transcription factor circuitry for hepatocyte identity: Super-enhancer cistromic analysis,Mus musculus,mm10,chr8,56652281,56653526,Nr5A2,Hnf4A,Enhancer,Active,Normal,,,,Liver,UBERON:0002107,Primary mouse hepatocytes,,hepatocyte,CL:0000182,Enhancer activity assay, TF binding assay, Functional perturbation assay,ChIP-seq, RNA-seq,Luciferase Reporter Assay, ChIP-RT-qPCR, RT-RT-qPCR, Western blot
2015,26595656,Stimulus-specific combinatorial functionality of neuronal c-fos enhancers,Mus musculus,mm10,chr12,85475221,85476912,Mef2,Fos,Enhancer,Silenced,Normal,,,,Cerebral Cortex,UBERON:0000956,Primary mouse cortical neurons,,cortical neuron,CL:0000540,Enhancer activity assay, TF binding assay,ChIP-seq, RNA-seq,Luciferase Reporter Assay, RT-RT-qPCR, ChIP-RT-qPCR
2014,25223790,Comparison of TALE designer transcription factors and the CRISPR/dCas9 in regulation of gene expression by targeting enhancers,Mus musculus,mm10,chr17,35643073,35645472,Tale Designer Transcription Factor,Pou5F1,Enhancer,Active,Normal,,,,Embryo,UBERON:0000922,Mouse embryonic fibroblasts,CVCL_0003,mouse embryonic fibroblast,CL:0000057,Enhancer activity assay, Functional perturbation assay,RNA-seq, ChIP-seq,Luciferase Reporter Assay, ChIP-RT-qPCR, RT-RT-qPCR, Flow Cytometry, Alkaline Phosphatase Staining
2019,30527662,Promoter-Enhancer Communication Occurs Primarily within Insulated Neighborhoods,Mus musculus,mm10,chr1,189023000,189023400,Esrrb,Ly75,Enhancer,Active,Normal,,,,Embryo,UBERON:0000922,Mouse embryonic stem cells,,mouse embryonic stem cell,CL:0002322,Enhancer activity assay, Functional perturbation assay, TF binding assay,ChIP-seq, RNA-seq, Hi-C, ChIA-PET,siRNA knockdown, RT-RT-qPCR
2021,33473108,SOX-5 activates a novel ROR?|??t enhancer to facilitate experimental autoimmune encephalomyelitis by promoting Th17 cell differentiation,Mus musculus,mm10,chr3,94169746,94173149,Sox5,Rorc,Enhancer,Active,Disease,experimental autoimmune encephalomyelitis,MONDO:0005257,DOID:3310,Spleen,UBERON:0002106,Naive CD4+ T cells,,naive CD4-positive T cell,CL:0000896,Enhancer activity assay, TF binding assay,ChIP-seq, RNA-seq,Luciferase Reporter Assay, ChIP-RT-qPCR, RT-RT-qPCR, Flow cytometry
2019,31041782,PCGF6 regulates stem cell pluripotency as a transcription activator via super-enhancer dependent chromatin interactions,Mus musculus,mm10,chr4,147122070,148025142,,Agtrap,Enhancer,Active,Normal,,,,Embryo,UBERON:0000922,Mouse embryonic stem cells (mESCs),,mouse embryonic stem cell,CL:0002322,Enhancer activity assay, TF binding assay, Chromatin interaction assay, Functional perturbation assay,ChIP-seq, RNA-seq, Hi-C,ChIP-RT-qPCR, RT-RT-qPCR, Western blot
2019,31041782,PCGF6 regulates stem cell pluripotency as a transcription activator via super-enhancer dependent chromatin interactions,Mus musculus,mm10,chrX,7230000,7720000,,Tfe3,Enhancer,Active,Normal,,,,Embryo,UBERON:0000922,Mouse embryonic stem cells (mESCs),,mouse embryonic stem cell,CL:0002322,Enhancer activity assay, TF binding assay, Chromatin interaction assay, Functional perturbation assay,ChIP-seq, RNA-seq, Hi-C,RT-RT-qPCR, Western blot
2017,29078395,STAT5-mediated chromatin interactions in superenhancers activate IL-2 highly inducible genes: Functional dissection of the Il2ra gene locus,Mus musculus,mm10,chr11,5202000,5255000,,Il2Ra,Enhancer,Active,Disease,immune dysregulation,MONDO:0005317,DOID:2914,Blood,UBERON:0000178,CD4+ T cells,,CD4-positive T cell,CL:0000624,Chromatin interaction assay, Functional perturbation assay,ChIA-PET, RNA-seq,CRISPR knockout, Luciferase reporter assay, RT-RT-qPCR
2019,30527662,Promoter-Enhancer Communication Occurs Primarily within Insulated Neighborhoods,Mus musculus,mm10,chr11,78901000,78901400,Esrrb,Nfkbid,Enhancer,Active,Normal,,,,Embryo,UBERON:0000922,Mouse embryonic stem cells,,mouse embryonic stem cell,CL:0002322,Enhancer activity assay, Functional perturbation assay, TF binding assay,ChIP-seq, RNA-seq, Hi-C, ChIA-PET,siRNA knockdown, RT-RT-qPCR
2019,30527662,Promoter-Enhancer Communication Occurs Primarily within Insulated Neighborhoods,Mus musculus,mm10,chr11,97234000,97234400,Esrrb,Slc13A5,Enhancer,Active,Normal,,,,Embryo,UBERON:0000922,Mouse embryonic stem cells,,mouse embryonic stem cell,CL:0002322,Enhancer activity assay, Functional perturbation assay, TF binding assay,ChIP-seq, RNA-seq, Hi-C, ChIA-PET,siRNA knockdown, RT-RT-qPCR
2019,30527662,Promoter-Enhancer Communication Occurs Primarily within Insulated Neighborhoods,Mus musculus,mm10,chr13,48792000,48792400,Esrrb,Stard8,Enhancer,Active,Normal,,,,Embryo,UBERON:0000922,Mouse embryonic stem cells,,mouse embryonic stem cell,CL:0002322,Enhancer activity assay, Functional perturbation assay, TF binding assay,ChIP-seq, RNA-seq, Hi-C, ChIA-PET,siRNA knockdown, RT-RT-qPCR
2019,30527662,Promoter-Enhancer Communication Occurs Primarily within Insulated Neighborhoods,Mus musculus,mm10,chr16,31208000,31208400,Esrrb,Cdyl2,Enhancer,Active,Normal,,,,Embryo,UBERON:0000922,Mouse embryonic stem cells,,mouse embryonic stem cell,CL:0002322,Enhancer activity assay, Functional perturbation assay, Chromatin interaction assay, TF binding assay,ChIP-seq, RNA-seq, Hi-C, 4C-seq,siRNA knockdown, RT-RT-qPCR
2019,30527662,Promoter-Enhancer Communication Occurs Primarily within Insulated Neighborhoods,Mus musculus,mm10,chr19,45678000,45678400,Esrrb,Kirrel2,Enhancer,Active,Normal,,,,Embryo,UBERON:0000922,Mouse embryonic stem cells,,mouse embryonic stem cell,CL:0002322,Enhancer activity assay, Functional perturbation assay, TF binding assay,ChIP-seq, RNA-seq, Hi-C, ChIA-PET,siRNA knockdown, RT-RT-qPCR
2019,30527662,Promoter-Enhancer Communication Occurs Primarily within Insulated Neighborhoods,Mus musculus,mm10,chr2,130890000,130890400,Esrrb,Nphs1,Enhancer,Active,Normal,,,,Embryo,UBERON:0000922,Mouse embryonic stem cells,,mouse embryonic stem cell,CL:0002322,Enhancer activity assay, Functional perturbation assay, TF binding assay,ChIP-seq, RNA-seq, Hi-C, ChIA-PET,siRNA knockdown, RT-RT-qPCR
2019,30527662,Promoter-Enhancer Communication Occurs Primarily within Insulated Neighborhoods,Mus musculus,mm10,chr7,56789000,56789400,Esrrb,Aard,Enhancer,Active,Normal,,,,Embryo,UBERON:0000922,Mouse embryonic stem cells,,mouse embryonic stem cell,CL:0002322,Enhancer activity assay, Functional perturbation assay, TF binding assay,ChIP-seq, RNA-seq, Hi-C, ChIA-PET,siRNA knockdown, RT-RT-qPCR
2019,30527662,Promoter-Enhancer Communication Occurs Primarily within Insulated Neighborhoods,Mus musculus,mm10,chr8,34567000,34567400,Esrrb,Manba,Enhancer,Active,Normal,,,,Embryo,UBERON:0000922,Mouse embryonic stem cells,,mouse embryonic stem cell,CL:0002322,Enhancer activity assay, Functional perturbation assay, TF binding assay,ChIP-seq, RNA-seq, Hi-C, ChIA-PET,siRNA knockdown, RT-RT-qPCR
2019,30527662,Promoter-Enhancer Communication Occurs Primarily within Insulated Neighborhoods,Mus musculus,mm10,chr9,112345000,112345400,Esrrb,Icam1,Enhancer,Active,Normal,,,,Embryo,UBERON:0000922,Mouse embryonic stem cells,,mouse embryonic stem cell,CL:0002322,Enhancer activity assay, Functional perturbation assay, TF binding assay,ChIP-seq, RNA-seq, Hi-C, ChIA-PET,siRNA knockdown, RT-RT-qPCR
2019,30527662,Promoter-Enhancer Communication Occurs Primarily within Insulated Neighborhoods,Mus musculus,mm10,chr9,12456000,12456400,Esrrb,Aplp1,Enhancer,Active,Normal,,,,Embryo,UBERON:0000922,Mouse embryonic stem cells,,mouse embryonic stem cell,CL:0002322,Enhancer activity assay, Functional perturbation assay, TF binding assay,ChIP-seq, RNA-seq, Hi-C, ChIA-PET,siRNA knockdown, RT-RT-qPCR
2019,30527662,Promoter-Enhancer Communication Occurs Primarily within Insulated Neighborhoods,Mus musculus,mm10,chrX,14567000,14567400,Esrrb,Xaf1,Enhancer,Active,Normal,,,,Embryo,UBERON:0000922,Mouse embryonic stem cells,,mouse embryonic stem cell,CL:0002322,Enhancer activity assay, Functional perturbation assay, TF binding assay,ChIP-seq, RNA-seq, Hi-C, ChIA-PET,siRNA knockdown, RT-RT-qPCR
2019,30527662,Promoter-Enhancer Communication Occurs Primarily within Insulated Neighborhoods,Mus musculus,mm10,chrX,98765000,98765400,Esrrb,Nr0B1,Enhancer,Active,Normal,,,,Embryo,UBERON:0000922,Mouse embryonic stem cells,,mouse embryonic stem cell,CL:0002322,Enhancer activity assay, Functional perturbation assay, TF binding assay,ChIP-seq, RNA-seq, Hi-C, ChIA-PET,siRNA knockdown, RT-RT-qPCR
2019,30527662,Promoter-Enhancer Communication Occurs Primarily within Insulated Neighborhoods,Mus musculus,mm10,chr4,55621000,55621400,Esrrb,Klf4,Enhancer,Active,Normal,,,,Embryo,UBERON:0000922,Mouse embryonic stem cells,,mouse embryonic stem cell,CL:0002322,Enhancer activity assay, Functional perturbation assay, Chromatin interaction assay, TF binding assay,ChIP-seq, RNA-seq, Hi-C, 4C-seq,siRNA knockdown, RT-RT-qPCR
2019,30527662,Promoter-Enhancer Communication Occurs Primarily within Insulated Neighborhoods,Mus musculus,mm10,chr5,120456000,120456400,Esrrb,Tbx3,Enhancer,Active,Normal,,,,Embryo,UBERON:0000922,Mouse embryonic stem cells,,mouse embryonic stem cell,CL:0002322,Enhancer activity assay, Functional perturbation assay, Chromatin interaction assay, TF binding assay,ChIP-seq, RNA-seq, Hi-C, 4C-seq,siRNA knockdown, RT-RT-qPCR
2019,30527662,Promoter-Enhancer Communication Occurs Primarily within Insulated Neighborhoods,Mus musculus,mm10,chr6,53214500,53214900,Esrrb,Sik1,Enhancer,Active,Normal,,,,Embryo,UBERON:0000922,Mouse embryonic stem cells,,mouse embryonic stem cell,CL:0002322,Enhancer activity assay, Functional perturbation assay, Chromatin interaction assay, TF binding assay,ChIP-seq, RNA-seq, Hi-C, 4C-seq, ChIA-PET,siRNA knockdown, RT-RT-qPCR, Western blot
2019,30527662,Promoter-Enhancer Communication Occurs Primarily within Insulated Neighborhoods,Mus musculus,mm10,chr6,87652000,87652400,Esrrb,Mitf,Enhancer,Active,Normal,,,,Embryo,UBERON:0000922,Mouse embryonic stem cells,,mouse embryonic stem cell,CL:0002322,Enhancer activity assay, Chromatin interaction assay, TF binding assay,ChIP-seq, RNA-seq, Hi-C, 4C-seq, ChIA-PET,siRNA knockdown, RT-RT-qPCR
2020,33315856,HOX paralogs selectively convert binding of ubiquitous transcription factors into tissue-specific patterns of enhancer activation,Mus musculus,mm10,chr16,18164900,18165100,Pbx1,Zfp703,Enhancer,Active,Normal,,,,Pharyngeal arch,UBERON:0003066,NIH/3T3 cell line,CVCL_0594,fibroblast,CL:0000057,Enhancer activity assay, TF binding assay,ChIP-seq,Luciferase Reporter Assay, Transgenic Reporter Assay, ChIP-RT-qPCR
2020,33315856,HOX paralogs selectively convert binding of ubiquitous transcription factors into tissue-specific patterns of enhancer activation,Mus musculus,mm10,chr2,73389900,73390100,Pbx1,Meis2,Enhancer,Active,Normal,,,,Pharyngeal arch,UBERON:0003066,NIH/3T3 cell line,CVCL_0594,fibroblast,CL:0000057,Enhancer activity assay, TF binding assay,ChIP-seq,Luciferase Reporter Assay, Transgenic Reporter Assay, ChIP-RT-qPCR
2014,25263596,5mC Oxidation by Tet2 Modulates Enhancer Activity and Timing of Transcriptome Reprogramming during Differentiation,Mus musculus,mm10,chr3,133140000,133200000,,Lefty1,Enhancer,Silenced,Normal,,,,Embryo,UBERON:0000922,Mouse embryonic stem cells (mESC),,mouse embryonic stem cell,CL:0002322,Functional perturbation assay,Hi-C, ChIP-seq, RNA-seq,ChIP-RT-qPCR, RT-RT-qPCR
2014,25263596,5mC Oxidation by Tet2 Modulates Enhancer Activity and Timing of Transcriptome Reprogramming during Differentiation,Mus musculus,mm10,chr3,62280000,62340000,,Lef1,Enhancer,Silenced,Normal,,,,Embryo,UBERON:0000922,Mouse embryonic stem cells (mESC),,mouse embryonic stem cell,CL:0002322,Functional perturbation assay,Hi-C, ChIP-seq, RNA-seq,ChIP-RT-qPCR, RT-RT-qPCR
2014,25263596,5mC Oxidation by Tet2 Modulates Enhancer Activity and Timing of Transcriptome Reprogramming during Differentiation,Mus musculus,mm10,chr3,62280000,62340000,,Stat5A,Enhancer,Silenced,Normal,,,,Embryo,UBERON:0000922,Mouse embryonic stem cells (mESC),,mouse embryonic stem cell,CL:0002322,Functional perturbation assay,Hi-C, ChIP-seq, RNA-seq,ChIP-RT-qPCR, RT-RT-qPCR
2015,25271055,HDAC5 controls MEF2C-driven sclerostin expression in osteocytes,Mus musculus,mm10,chr11,101892458,101969015,Mef2C,Sost,Enhancer,Active,Normal,,,,Bone,UBERON:0001474,Ocy454 osteocyte cell line,CVCL_UP49,osteocyte,CL:0000064,Enhancer activity assay,ChIP-seq, RNA-seq,Luciferase reporter assay, ChIP-RT-qPCR, RT-RT-qPCR
2011,21081494,AKR1B7 is induced by the farnesoid X receptor and metabolizes bile acids,Mus musculus,mm10,chr13,74520100,74520400,Nr1H4,Akr1B7,Enhancer,Active,Normal,,,,Liver,UBERON:0002107,HEK293 cell line,CVCL_0045,embryonic kidney cell,CL:0002139,Enhancer activity assay,ChIP-seq,Luciferase Reporter Assay
2010,20393465,Widespread transcription at neuronal activity-regulated enhancers,Mus musculus,mm10,chr12,79240000,79242000,Creb1,Fos,Enhancer,Active,Normal,,,,Brain,UBERON:0000955,Primary cortical neurons,,cortical neuron,CL:0000540,Enhancer activity assay, TF binding assay,ChIP-seq, RNA-seq,Luciferase Reporter Assay, ChIP-RT-qPCR, RT-RT-qPCR
2010,20393465,Widespread transcription at neuronal activity-regulated enhancers,Mus musculus,mm10,chr15,93680000,93682000,Crebbp,Arc,Enhancer,Active,Normal,,,,Brain,UBERON:0000955,Primary cortical neurons,,cortical neuron,CL:0000540,Enhancer activity assay,ChIP-seq, RNA-seq,Luciferase Reporter Assay, RT-RT-qPCR
2007,17194078,An inducible enhancer required for Il12b promoter activity in an insulated chromatin environment,Mus musculus,mm10,chr11,96748200,96748700,Nfkb1,Il12B,Enhancer,Active,Normal,,,,Bone marrow,UBERON:0002371,BMDMs,,macrophage,CL:0000235,Enhancer activity assay,ChIP-seq, RNA-seq,Luciferase Reporter Assay, RT-RT-qPCR
2025,40866336,CFP1 promotes germinal center affinity maturation and restrains memory B cell differentiation through H3K4me3 modulation,Mus musculus,mm10,chr16,24176502,24213494,Mef2B,Bcl6,Enhancer,Active,Normal,,,,Spleen,UBERON:0002106,Germinal center B cells,,germinal center B cell,CL:0000945,Chromatin interaction assay, Functional perturbation assay,3C-seq, RNA-seq, ChIP-seq,3C-RT-qPCR, qRT-PCR, Western blot
2020,32054946,Inhibition of cyclooxygenase-1 by nonsteroidal anti-inflammatory drugs demethylates MeR2 enhancer and promotes Mbnl1 transcription in myogenic cells,Mus musculus,mm10,chr3,60330708,60331205,,Mbnl1,Enhancer,Silenced,Normal,,,,Skeletal muscle,UBERON:0001134,C2C12 myoblasts,CVCL_0188,myoblast,CL:0000187,Enhancer activity assay, Functional perturbation assay,,Luciferase Reporter Assay, CRISPR Knockout, Bisulfite Sequencing PCR, qRT-PCR, Western blot
2020,32991700,NFIA differentially controls adipogenic and myogenic gene program through distinct pathways to ensure brown and beige adipocyte differentiation,Mus musculus,mm10,chr8,5325000,5325500,Nfia; Ppargc1A,Ppargc1A,Enhancer,Active,Normal,,,,Adipose tissue,UBERON:0001013,C2C12 myoblast,CVCL_0188,myoblast,CL:0000187,TF binding assay, Enhancer activity assay,ChIP-seq, RNA-seq,ChIP-RT-qPCR, Luciferase Reporter Assay, RT-RT-qPCR
2018,29527594,A Novel Distal Enhancer Mediates Inflammation-, PTH-, and Early Onset Murine Kidney Disease-Induced Expression of the Mouse Fgf23 Gene,Mus musculus,mm10,chr6,127006900,127006914,Nfkb1,Fgf23,Enhancer,Active,Disease,chronic kidney disease,MONDO:0005102,DOID:784,Kidney,UBERON:0002113,Osteocytes,,osteocyte,CL:0000064,Functional genomics assay, Transcriptional regulation assay, In Silico Motif Analysis,Whole-Genome TF Binding Motif Enrichment Analysis, ChIP-seq (Nfkb1),EMSA, Dual-Luciferase Reporter Assay, qRT-PCR, ChIP-RT-qPCR
2018,29527594,A Novel Distal Enhancer Mediates Inflammation-, PTH-, and Early Onset Murine Kidney Disease-Induced Expression of the Mouse Fgf23 Gene,Mus musculus,mm10,chr6,127007050,127007058,Hif1A; Arnt,Fgf23,Enhancer,Active,Disease,chronic kidney disease,MONDO:0005102,DOID:784,Kidney,UBERON:0002113,Renal tubular epithelial cells,,renal tubular epithelial cell,CL:0000066,Functional genomics assay, Transcriptional regulation assay, In Silico Motif Analysis,Whole-Genome TF Binding Motif Enrichment Analysis, ChIP-seq (Hif1a, Arnt),EMSA, Dual-Luciferase Reporter Assay, qRT-PCR, ChIP-RT-qPCR
2018,29527594,A Novel Distal Enhancer Mediates Inflammation-, PTH-, and Early Onset Murine Kidney Disease-Induced Expression of the Mouse Fgf23 Gene,Mus musculus,mm10,chr6,127007200,127007209,Stat3; Stat5A,Fgf23,Enhancer,Active,Disease,chronic kidney disease,MONDO:0005102,DOID:784,Kidney,UBERON:0002113,Renal proximal tubular epithelial cells,,renal proximal tubular epithelial cell,CL:0002306,Functional genomics assay, Transcriptional regulation assay, In Silico Motif Analysis,Whole-Genome TF Binding Motif Enrichment Analysis, ChIP-seq (Stat3, Stat5a),EMSA, Dual-Luciferase Reporter Assay, qRT-PCR, ChIP-RT-qPCR
2019,31053723,Differential methylation of enhancer at IGF2 is associated with abnormal dopamine synthesis in major psychosis,Mus musculus,mm10,chr7,149796331,149801250,,Th,Enhancer,Active,Normal,,,,Striatum,UBERON:0002420,Primary mouse cortical neurons,,cortical neuron,CL:0000540,Functional perturbation assay,Hi-C, RNA-seq, Quantitative mass spectrometry,CRISPR Knockout, RT-RT-qPCR, Western blot, HPLC
2019,31053723,Differential methylation of enhancer at IGF2 is associated with abnormal dopamine synthesis in major psychosis,Mus musculus,mm10,chr7,149796331,149801250,,Igf2,Enhancer,Active,Normal,,,,Frontal Cortex,UBERON:0000956,striatal neurons,,striatal neuron,CL:0000540,Functional perturbation assay,Hi-C, RNA-seq, Quantitative mass spectrometry,CRISPR Knockout, RT-RT-qPCR, Western blot, HPLC
2018,29903884,Sex reversal following deletion of a single far upstream enhancer of Sox9,Mus musculus,mm10,chr11,10997900,10999300,Sry; Sox9; Nr5A1,Sox9,Enhancer,Active,Disease,sex reversal,MONDO:0008637,DOID:14450,Testis,UBERON:0000473,Sertoli cell precursors,,Sertoli cell precursor,CL:0000216,Developmental biology assay, Functional genomics assay, Transcriptional regulation assay,ChIP-seq, DNase-seq,ChIP-RT-qPCR, Dual-Luciferase Reporter Assay, EMSA
2015,26303528,The DEK Oncoprotein Is a Critical Component of the EKLF/KLF1 enhancer in erythroid cells,Mus musculus,mm10,chr8,87424785,87425735,Dek,Klf1,Enhancer,Active,Normal,,,,Blood,UBERON:0000178,Mouse erythroid progenitor cells,,erythroid progenitor cell,CL:0000038,Enhancer activity assay, TF binding assay, Functional perturbation assay,RNA-seq,ChIP-RT-qPCR, CRISPR Knockout, shRNA knockdown, RT-RT-qPCR, Western blot, EMSA, Transgenic Reporter Assay
2011,21487009,Mouse Rankl Expression Is Regulated in T Cells by c-Fos through a Cluster of Distal Regulatory Enhancers Designated the T Cell Control Region,Mus musculus,mm10,chr14,77031707,77033014,Fos,Tnfsf11,Enhancer,Active,Normal,,,,Spleen,UBERON:0002106,Primary mouse CD4+ T cells,,CD4-positive T cell,CL:0000624,Enhancer activity assay, TF binding assay, Chromatin interaction assay, Functional perturbation assay,ChIP-chip, RNA-seq,Luciferase Reporter Assay, ChIP-RT-qPCR, 3C assay, RT-RT-qPCR, Site-directed mutagenesis
2011,21487009,Mouse Rankl Expression Is Regulated in T Cells by c-Fos through a Cluster of Distal Regulatory Enhancers Designated the T Cell Control Region,Mus musculus,mm10,chr14,77080000,77081000,Fos,Tnfsf11,Enhancer,Active,Normal,,,,Spleen,UBERON:0002106,Primary mouse CD4+ T cells,,CD4-positive T cell,CL:0000624,Enhancer activity assay, TF binding assay, Chromatin interaction assay, Functional perturbation assay,ChIP-chip, RNA-seq,Luciferase Reporter Assay, ChIP-RT-qPCR, 3C assay, RT-RT-qPCR, Site-directed mutagenesis
2014,25223790,Comparison of TALE designer transcription factors and the CRISPR/dCas9 in regulation of gene expression by targeting enhancers,Mus musculus,mm10,chr6,122652547,122653538,Tale Designer Transcription Factor,Nanog,Enhancer,Active,Normal,,,,Embryo,UBERON:0000922,Mouse embryonic stem cells,,mouse embryonic stem cell,CL:0002322,Enhancer activity assay, Functional perturbation assay,ChIP-seq,Luciferase Reporter Assay, ChIP-RT-qPCR, RT-RT-qPCR, Flow Cytometry
2015,25249570,Pi3kcb Links Hippo-YAP and PI3K-AKT Signaling Pathways to Promote Cardiomyocyte Proliferation and Survival,Mus musculus,mm10,chr9,99032500,99032700,Yap1,Pik3Cb,Enhancer,Active,Normal,,,,Heart,UBERON:0000948,Neonatal rat ventricular cardiomyocytes,,cardiomyocyte,CL:0000746,Enhancer activity assay, TF binding assay, Functional perturbation assay,ChIP-seq,Luciferase Reporter Assay, ChIP-RT-qPCR, RT-RT-qPCR, Western blot
2015,25249570,Pi3kcb Links Hippo-YAP and PI3K-AKT Signaling Pathways to Promote Cardiomyocyte Proliferation and Survival,Mus musculus,mm10,chr9,99032500,99033051,Yap1,Pik3Cb,Enhancer,Active,Normal,,,,Heart,UBERON:0000948,Mouse atrial cardiomyocyte cell,,atrial cardiomyocyte,CL:0000746,Enhancer activity assay, TF binding assay, Functional perturbation assay,ChIP-seq, Microarray,Luciferase Reporter Assay, ChIP-RT-qPCR, RT-RT-qPCR, Western blot
2021,33044128,ATAC-Seq Reveals an Isl1 Enhancer That Regulates Sinoatrial Node Development and Function,Mus musculus,mm10,chr1,172411511,172413110,Mef2C,Rgs6,Enhancer,Active,Normal,,,,Heart,UBERON:0000948,Not available,,cardiomyocyte,CL:0000746,Enhancer activity assay,ATAC-seq, RNA-seq, ChIP-seq,Transgenic Reporter Assay, X-gal Staining
2021,33044128,ATAC-Seq Reveals an Isl1 Enhancer That Regulates Sinoatrial Node Development and Function,Mus musculus,mm10,chr12,4704343,4706142,Mef2C,Ptgfr,Enhancer,Active,Normal,,,,Heart,UBERON:0000948,Not available,,cardiomyocyte,CL:0000746,Enhancer activity assay,ATAC-seq, RNA-seq, ChIP-seq,Transgenic Reporter Assay, X-gal Staining
2019,31041782,PCGF6 regulates stem cell pluripotency as a transcription activator via super-enhancer dependent chromatin interactions,Mus musculus,mm10,chr17,46687021,48462216,Pcgf6,Ccnd3,Enhancer,Active,Normal,,,,Embryo,UBERON:0000922,Mouse embryonic stem cells,,mouse embryonic stem cell,CL:0002322,Enhancer activity assay, TF binding assay, Chromatin interaction assay, Functional perturbation assay,ChIP-seq, RNA-seq, Hi-C,ChIP-RT-qPCR, RT-RT-qPCR, Western blot
2019,31041782,PCGF6 regulates stem cell pluripotency as a transcription activator via super-enhancer dependent chromatin interactions,Mus musculus,mm10,chr19,10050000,10650000,Pcgf6,Tmem216,Enhancer,Active,Normal,,,,Embryo,UBERON:0000922,Mouse embryonic stem cells,,mouse embryonic stem cell,CL:0002322,Enhancer activity assay, TF binding assay, Chromatin interaction assay, Functional perturbation assay,ChIP-seq, RNA-seq, Hi-C,RT-RT-qPCR, Western blot
2014,25030696,The active enhancer network operated by liganded RXR supports angiogenic activity in macrophages,Mus musculus,mm10,chr2,122739000,122739200,Rxra,Tgm2,Enhancer,Active,Normal,,,,Bone Marrow,UBERON:0002371,Bone marrow-derived macrophages,,macrophage,CL:0000235,Enhancer activity assay,ChIP-seq, GRO-seq,Luciferase Reporter Assay, ChIP-RT-qPCR
2020,33147208,A genetic variant controls interferon-?|?? gene expression in human myeloid cells by preventing C/EBP-?|?? binding on a conserved enhancer,Mus musculus,mm10,chr4,88070000,88070500,,Ifnb1,Enhancer,Active,Normal,,,,Bone Marrow,UBERON:0002371,RAW264.7 macrophage cell line,CVCL_0493,macrophage,CL:0000235,TF binding assay, Enhancer activity assay,ChIP-seq,Luciferase Reporter Assay, ChIP-RT-qPCR
2023,37344599,Histone demethylase KDM5D upregulation drives sex differences in colon cancer,Mus musculus,mm10,chr17,33930235,37702617,,Tap1,Enhancer,Silenced,Disease,colorectal cancer,MONDO:0005176,DOID:9256,Colon,UBERON:0001155,iKAP colorectal cancer cells,,colorectal cancer cell,CL:0000066,Chromatin interaction, Functional perturbation,HiChIP, ChIP-seq, RNA-seq,RT-RT-qPCR, Western blot, Flow cytometry, T cell killing assay
2016,26673693,Dynamic recruitment of Ets1 to both nucleosome-occupied and -depleted enhancer regions mediates a transcriptional program switch during early T-cell differentiation,Mus musculus,mm10,chr14,5320000,5321500,Ets1,Tcra,Enhancer,Active,Normal,,,,Thymus,UBERON:0002370,DN/DP thymocytes,,double-negative/double-positive thymocyte,CL:0000894,Enhancer activity assay, TF binding assay,ChIP-seq, MNase-seq, CAPSTARR-seq,ChIP-RT-qPCR, Luciferase reporter assay
2014,25453760,A negative feedback loop of transcription factors specifies alternative dendritic cell chromatin States,Mus musculus,mm10,chr7,12705000,12706000,Irf8,Siglech,Enhancer,Active,Normal,,,,Bone marrow,UBERON:0002371,Plasmacytoid dendritic cells (pDC),,plasmacytoid dendritic cell,CL:0000786,TF binding assay, Functional perturbation assay,ChIP-seq, ATAC-seq, RNA-seq,ChIP-RT-qPCR, shRNA knockdown, RT-RT-qPCR
2014,25453760,A negative feedback loop of transcription factors specifies alternative dendritic cell chromatin States,Mus musculus,mm10,chr9,10980000,10981000,Irf8,Flt3,Enhancer,Active,Normal,,,,Bone marrow,UBERON:0002371,Plasmacytoid dendritic cells (pDC),,plasmacytoid dendritic cell,CL:0000786,TF binding assay, Functional perturbation assay,ChIP-seq, ATAC-seq, RNA-seq,ChIP-RT-qPCR, shRNA knockdown, RT-RT-qPCR
2014,25453760,A negative feedback loop of transcription factors specifies alternative dendritic cell chromatin States,Mus musculus,mm10,chr15,8725000,8726000,Irf8,Ly6D,Enhancer,Active,Normal,,,,Bone marrow,UBERON:0002371,Plasmacytoid dendritic cells (pDC),,plasmacytoid dendritic cell,CL:0000786,TF binding assay, Functional perturbation assay,ChIP-seq, ATAC-seq, RNA-seq,ChIP-RT-qPCR, shRNA knockdown, RT-RT-qPCR
2014,25453760,A negative feedback loop of transcription factors specifies alternative dendritic cell chromatin States,Mus musculus,mm10,chr4,14960000,14961000,Cebpb,Tlr2,Enhancer,Active,Normal,,,,Bone marrow,UBERON:0002371,Monocyte-derived dendritic cells (moDC),,monocyte-derived dendritic cell,CL:0000784,TF binding assay, Functional perturbation assay,ChIP-seq, ATAC-seq, RNA-seq,ChIP-RT-qPCR, shRNA knockdown, RT-RT-qPCR
2014,25453760,A negative feedback loop of transcription factors specifies alternative dendritic cell chromatin States,Mus musculus,mm10,chr4,14962000,14963000,Cebpb,Tlr4,Enhancer,Active,Normal,,,,Bone marrow,UBERON:0002371,Monocyte-derived dendritic cells (moDC),,monocyte-derived dendritic cell,CL:0000784,TF binding assay, Functional perturbation assay,ChIP-seq, ATAC-seq, RNA-seq,ChIP-RT-qPCR, shRNA knockdown, RT-RT-qPCR
2014,25453760,A negative feedback loop of transcription factors specifies alternative dendritic cell chromatin States,Mus musculus,mm10,chr8,12340000,12341000,Cebpb,F10,Enhancer,Active,Normal,,,,Bone marrow,UBERON:0002371,Monocyte-derived dendritic cells (moDC),,monocyte-derived dendritic cell,CL:0000784,TF binding assay, Functional perturbation assay,ChIP-seq, ATAC-seq, RNA-seq,ChIP-RT-qPCR, shRNA knockdown, RT-RT-qPCR
2013,23932592,Structural basis for the interaction of the Golgi-Associated Retrograde Protein Complex with the t-SNARE Syntaxin 6,Mus musculus,mm10,chr7,53630000,53635000,Myod1,Myog,Enhancer,Active,Normal,,,,Skeletal muscle,UBERON:0001134,C2C12 myoblasts/myotubes,CVCL_0188,myoblast/myotube,CL:0000187,Functional perturbation assay, TF binding assay,ChIP-seq, RNA-seq,ChIP-RT-qPCR, RT-RT-qPCR
2015,26593423,Chromosomal Loop Domains Direct the Recombination of Antigen Receptor Genes,Mus musculus,mm10,chr1,167519257,167519314,,,Enhancer,Active,Normal,,,,Bone marrow,UBERON:0002371,Primary pro-B cells,,pro-B cell,CL:0000945,Enhancer activity assay, Chromatin interaction assay,ChIP-seq, Hi-C,qRT-PCR, and ChIP-qPCR
2015,26593423,Chromosomal Loop Domains Direct the Recombination of Antigen Receptor Genes,Mus musculus,mm10,chr1,167572056,167572182,,,Enhancer,Active,Normal,,,,Bone marrow,UBERON:0002371,Primary pro-B cells,,pro-B cell,CL:0000945,Enhancer activity assay, Chromatin interaction assay,ChIP-seq, Hi-C,qRT-PCR, and ChIP-qPCR
2015,26593423,Chromosomal Loop Domains Direct the Recombination of Antigen Receptor Genes,Mus musculus,mm10,chr18,86761026,86761110,,,Enhancer,Active,Normal,,,,Bone marrow,UBERON:0002371,Primary pro-B cells,,pro-B cell,CL:0000945,Enhancer activity assay, Chromatin interaction assay,ChIP-seq, Hi-C,qRT-PCR, and ChIP-qPCR
2015,26593423,Chromosomal Loop Domains Direct the Recombination of Antigen Receptor Genes,Mus musculus,mm10,chr18,86772479,86772600,,,Enhancer,Active,Normal,,,,Bone marrow,UBERON:0002371,Primary pro-B cells,,pro-B cell,CL:0000945,Enhancer activity assay, Chromatin interaction assay,ChIP-seq, Hi-C,qRT-PCR, and ChIP-qPCR
2015,26593423,Chromosomal Loop Domains Direct the Recombination of Antigen Receptor Genes,Mus musculus,mm10,chr18,86773163,86773345,,,Enhancer,Active,Normal,,,,Bone marrow,UBERON:0002371,Primary pro-B cells,,pro-B cell,CL:0000945,Enhancer activity assay, Chromatin interaction assay,ChIP-seq, Hi-C,qRT-PCR, and ChIP-qPCR
2015,26593423,Chromosomal Loop Domains Direct the Recombination of Antigen Receptor Genes,Mus musculus,mm10,chr2,121974537,121974595,,,Enhancer,Active,Normal,,,,Bone marrow,UBERON:0002371,Primary pro-B cells,,pro-B cell,CL:0000945,Enhancer activity assay, Chromatin interaction assay,ChIP-seq, Hi-C,qRT-PCR, and ChIP-qPCR
2015,26595767,Stimulus-specific combinatorial functionality of neuronal c-fos enhancers,Mus musculus,mm10,chr12,85484889,85486580,,Fos,Enhancer,Active,Normal,,,,Brain,UBERON:0000955,Primary mouse cortical neurons,,cortical neuron,CL:0000540,Enhancer activity assay,ChIP-seq, RNA-seq,Luciferase Reporter Assay, RT-RT-qPCR
2008,19141476,Dynamic regulation of Pdx1 enhancers by Foxa1 and Foxa2 is essential for pancreas development,Mus musculus,mm10,chr5,145320091,145322975,Foxa1,Pdx1,Enhancer,Active,Normal,,,,Pancreas,UBERON:0001264,Pancreatic primordium,,pancreatic epithelial cell,CL:0002078,Enhancer activity assay,ChIP-seq,Luciferase Reporter Assay, ChIP-RT-qPCR, RT-RT-qPCR
2024,39183203,Multi-omics profiling of retinal pigment epithelium reveals enhancer-driven activation of RANK-NFATc1 signaling in traumatic proliferative vitreoretinopathy,Mus musculus,mm10,chr9,121540000,121545000,,Tnfrsf11A (Rank),Enhancer,Active,Disease,proliferative vitreoretinopathy,MONDO:0006007,DOID:0080067,Retina,UBERON:0000966,Primary retinal pigment epithelium (RPE) cells,,retinal pigment epithelial cell,CL:0002586,Enhancer activity assay, Functional perturbation assay,ATAC-seq, ChIP-seq, RNA-seq,RT-RT-qPCR, Western blot, Immunofluorescence
2024,39183203,Multi-omics profiling of retinal pigment epithelium reveals enhancer-driven activation of RANK-NFATc1 signaling in traumatic proliferative vitreoretinopathy,Mus musculus,mm10,chr16,92915000,92925000,Runx1,Runx1,Enhancer,Active,Disease,proliferative vitreoretinopathy,MONDO:0006007,DOID:0080067,Retina,UBERON:0000966,Primary retinal pigment epithelium (RPE) cells,,retinal pigment epithelial cell,CL:0002586,Enhancer activity assay, TF binding assay,ATAC-seq, ChIP-seq, RNA-seq,RT-RT-qPCR, Western blot
2024,39183203,Multi-omics profiling of retinal pigment epithelium reveals enhancer-driven activation of RANK-NFATc1 signaling in traumatic proliferative vitreoretinopathy,Mus musculus,mm10,chr2,13800000,13810000,,Vim,Enhancer,Active,Disease,proliferative vitreoretinopathy,MONDO:0006007,DOID:0080067,Retina,UBERON:0000966,Primary retinal pigment epithelium (RPE) cells,,retinal pigment epithelial cell,CL:0002586,Enhancer activity assay,ATAC-seq, ChIP-seq, RNA-seq,RT-RT-qPCR, Western blot, Immunofluorescence
2011,21797989,Differentiation and fiber type-specific activity of a muscle creatine kinase intronic enhancer,Mus musculus,mm10,chr7,83943095,83943301,Myod; Myogenin,Mck,Enhancer,Active,Normal,,,,Skeletal muscle,UBERON:0001134,MM14 skeletal myocytes,CVCL_W869,myocyte,CL:0000187,Enhancer activity assay, TF binding assay, Functional perturbation assay,ChIP-seq,Transgenic Reporter Assay, ChIP-RT-qPCR, EMSA, Luciferase Reporter Assay
2011,21797989,Differentiation and fiber type-specific activity of a muscle creatine kinase intronic enhancer,Mus musculus,mm10,chr7,83943095,83943301,Myod; Myogenin,Mck,Enhancer,Active,Normal,,,,Skeletal muscle,UBERON:0001134,C2C12 skeletal muscle,CVCL_0188,myoblast,CL:0000187,Enhancer activity assay, TF binding assay, Functional perturbation assay,ChIP-seq,Transgenic Reporter Assay, ChIP-RT-qPCR, EMSA, Luciferase Reporter Assay
2011,21797989,Differentiation and fiber type-specific activity of a muscle creatine kinase intronic enhancer,Mus musculus,mm10,chr7,83943095,83943301,Myod; Myogenin,Mck,Enhancer,Active,Normal,,,,Skeletal muscle,UBERON:0001134,mouse skeletal muscle fibers,,skeletal muscle fiber,CL:0000187,Enhancer activity assay, TF binding assay, Functional perturbation assay,ChIP-seq,Transgenic Reporter Assay, ChIP-RT-qPCR, EMSA, Luciferase Reporter Assay
2011,21797989,Differentiation and fiber type-specific activity of a muscle creatine kinase intronic enhancer,Mus musculus,mm10,chr7,83945252,83945346,Myod; Myogenin,Mck,Enhancer,Active,Normal,,,,Skeletal muscle,UBERON:0001134,MM14 skeletal myocytes,CVCL_W869,myocyte,CL:0000187,Enhancer activity assay, TF binding assay, Functional perturbation assay,ChIP-seq,Transgenic Reporter Assay, ChIP-RT-qPCR, EMSA, Luciferase Reporter Assay
2011,21797989,Differentiation and fiber type-specific activity of a muscle creatine kinase intronic enhancer,Mus musculus,mm10,chr7,83945252,83945346,Myod; Myogenin,Mck,Enhancer,Active,Normal,,,,Skeletal muscle,UBERON:0001134,C2C12 skeletal muscle,CVCL_0188,myoblast,CL:0000187,Enhancer activity assay, TF binding assay, Functional perturbation assay,ChIP-seq,Transgenic Reporter Assay, ChIP-RT-qPCR, EMSA, Luciferase Reporter Assay
2011,21797989,Differentiation and fiber type-specific activity of a muscle creatine kinase intronic enhancer,Mus musculus,mm10,chr7,83945252,83945346,Myod; Myogenin,Mck,Enhancer,Active,Normal,,,,Skeletal muscle,UBERON:0001134,mouse skeletal muscle fibers,,skeletal muscle fiber,CL:0000187,Enhancer activity assay, TF binding assay, Functional perturbation assay,ChIP-seq,Transgenic Reporter Assay, ChIP-RT-qPCR, EMSA, Luciferase Reporter Assay
2017,28087634,Genome-wide identification of regulatory elements in Sertoli cells,Mus musculus,mm10,chr2,104914099,104915125,,Wt1,Enhancer,Active,Normal,,,,Testis,UBERON:0000473,Sertoli cells,,Sertoli cell,CL:0000216,Enhancer activity assay,DNase-seq, ChIP-seq, RNA-seq,Transgenic Reporter Assay
2016,26809507,Integrated genome-scale analysis of the transcriptional regulatory landscape in a blood stem/progenitor cell model,Mus musculus,mm10,chr4,114450000,114451000,Tal1,Tal1,Enhancer,Active,Normal,,,,Fetal liver,UBERON:0002107,HPC-7,CVCL_7992,hematopoietic progenitor cell,CL:0000837,Enhancer activity assay,ChIP-seq, RNA-seq,Transgenic Reporter Assay
2016,26728555,Regulation of the imprinted Dlk1-Dio3 locus by allele-specific enhancer activity,Mus musculus,mm10,chr12,110769000,110772000,Aff3,Meg3,Enhancer,Active,Normal,,,,Embryo,UBERON:0000922,mESC,,mouse embryonic stem cell,CL:0002322,Functional perturbation assay,ChIP-seq, RNA-seq,ChIP-RT-qPCR, RT-RT-qPCR
2017,28263314,ARID1A loss impairs enhancer-mediated gene regulation and drives colon cancer in mice,Mus musculus,mm10,chr11,98800000,98850000,,Gsdmc,Enhancer,Active,Normal,,,,Colon,UBERON:0001155,Colonic epithelium,,colon epithelial cell,CL:1000348,Enhancer activity assay,ChIP-seq, RNA-seq,RT-RT-qPCR
2018,29903884,Sex reversal following deletion of a single far upstream enhancer of Sox9,Mus musculus,mm10,chr11,10999900,11000869,Sox9; Nr5A1,Sox9,Enhancer,Active,Disease,sex reversal,MONDO:0008637,DOID:14450,Testis,UBERON:0000473,Sertoli cells,,Sertoli cell,CL:0000216,Developmental biology assay, Functional genomics assay, Epigenomic profiling assay, Transcriptional regulation assay, In vivo transgenic reporter assay,ATAC-seq, ChIP-seq, DNase-seq,RT-RT-qPCR, LacZ Transgenic Reporter Assay, Immunofluorescence, Pronuclear Microinjection, Genotyping PCR, Sanger Sequencing
2011,21487009,Mouse Rankl Expression Is Regulated in T Cells by c-Fos through a Cluster of Distal Regulatory Enhancers Designated the T Cell Control Region,Mus musculus,mm10,chr14,75279839,75281592,C-Fos,Tnfsf11 (Rankl),Enhancer,Active,Normal,,,,Blood,UBERON:0000178,,,,,Enhancer activity assay, TF binding assay, Chromatin interaction assay,ChIP-chip,Luciferase reporter assay, ChIP-RT-qPCR, 3C
2011,21487009,Mouse Rankl Expression Is Regulated in T Cells by c-Fos through a Cluster of Distal Regulatory Enhancers Designated the T Cell Control Region,Mus musculus,mm10,chr14,75301169,75302562,C-Fos,Tnfsf11 (Rankl),Enhancer,Active,Normal,,,,Blood,UBERON:0000178,,,,,Enhancer activity assay, TF binding assay, Chromatin interaction assay,ChIP-chip,Luciferase reporter assay, ChIP-RT-qPCR, 3C
2011,21487009,Mouse Rankl Expression Is Regulated in T Cells by c-Fos through a Cluster of Distal Regulatory Enhancers Designated the T Cell Control Region,Mus musculus,mm10,chr14,75307707,75309014,C-Fos,Tnfsf11 (Rankl),Enhancer,Active,Normal,,,,Blood,UBERON:0000178,,,,,Enhancer activity assay, TF binding assay, Chromatin interaction assay,ChIP-chip,Luciferase reporter assay, ChIP-RT-qPCR, 3C
2011,21487009,Mouse Rankl Expression Is Regulated in T Cells by c-Fos through a Cluster of Distal Regulatory Enhancers Designated the T Cell Control Region,Mus musculus,mm10,chr14,75355500,75356000,C-Fos,Tnfsf11 (Rankl),Enhancer,Active,Normal,,,,Blood,UBERON:0000178,,,,,Enhancer activity assay, TF binding assay, Chromatin interaction assay,ChIP-chip,Luciferase reporter assay, ChIP-RT-qPCR, 3C
2019,31666509,An enhancer cluster controls gene activity and topology of the SCN5A-SCN10A locus in vivo,Mus musculus,mm10,chr9,119380000,119389749,,Scn5A,Enhancer,Active,Normal,,,,Left Ventricle,UBERON:0002084,Cardiomyocytes,,cardiomyocyte,CL:0000746,Functional perturbation assay,RNA-seq,CRISPR Knockout, RT-RT-qPCR
2012,22264824,Intragenic enhancers act as alternative promoters,Mus musculus,mm10,chr18,68120000,68121000,Gata1,D18Ertd653E,Enhancer,Active,Normal,,,,Fetal Liver,UBERON:0002107,Primary erythroid cells,,erythroid cell,CL:0000038,Enhancer activity assay, Functional perturbation assay,ChIP-seq, RNA-seq, DNase-seq,RT-PCR, RT-RT-qPCR, Northern blot
2024,39210046,YY1-controlled regulatory connectivity and transcription are influenced by the cell cycle,Mus musculus,mm10,chr4,140235012,140235389,Yy1,Rcc2,Enhancer,Active,Normal,,,,Blood,UBERON:0000178,Mouse erythroblast cell,,erythroblast,CL:0000765,Chromatin interaction assay, Functional perturbation assay,ChIP-seq, Micro-C, RNA-seq, TT-seq,ChIP-RT-qPCR, Western blot, RT-RT-qPCR
2024,39210046,YY1-controlled regulatory connectivity and transcription are influenced by the cell cycle,Mus musculus,mm10,chr4,140385104,140385471,Yy1,Padi3,Enhancer,Active,Normal,,,,Blood,UBERON:0000178,Mouse erythroblast cell,,erythroblast,CL:0000765,Chromatin interaction assay, Functional perturbation assay,ChIP-seq, Micro-C, RNA-seq, TT-seq,ChIP-RT-qPCR, Western blot, RT-RT-qPCR
2024,39210046,YY1-controlled regulatory connectivity and transcription are influenced by the cell cycle,Mus musculus,mm10,chr5,142650068,142650435,Yy1,Nbr1,Enhancer,Active,Normal,,,,Blood,UBERON:0000178,Mouse erythroblast cell,,erythroblast,CL:0000765,TF binding assay, Enhancer activity assay,ChIP-seq, RNA-seq, TT-seq,ChIP-RT-qPCR, Western blot, RT-RT-qPCR
2024,39210046,YY1-controlled regulatory connectivity and transcription are influenced by the cell cycle,Mus musculus,mm10,chr6,125380026,125380393,Yy1,Cd4,Enhancer,Active,Normal,,,,Blood,UBERON:0000178,Mouse erythroblast cell,,erythroblast,CL:0000765,TF binding assay, Enhancer activity assay,ChIP-seq, RNA-seq, TT-seq,ChIP-RT-qPCR, Western blot, RT-RT-qPCR
2024,39210046,YY1-controlled regulatory connectivity and transcription are influenced by the cell cycle,Mus musculus,mm10,chr7,27930056,27930423,Yy1,Yy1,Enhancer,Active,Normal,,,,Blood,UBERON:0000178,Mouse erythroblast cell,,erythroblast,CL:0000765,TF binding assay, Functional perturbation assay,ChIP-seq, RNA-seq, TT-seq,ChIP-RT-qPCR, Western blot, RT-RT-qPCR
2024,39210046,YY1-controlled regulatory connectivity and transcription are influenced by the cell cycle,Mus musculus,mm10,chr9,120150022,120150389,Yy1,Lro41,Enhancer,Active,Normal,,,,Blood,UBERON:0000178,Mouse erythroblast cell,,erythroblast,CL:0000765,Chromatin interaction assay, Functional perturbation assay,ChIP-seq, Micro-C, RNA-seq, TT-seq,ChIP-RT-qPCR, Western blot, RT-RT-qPCR
2016,26673693,Dynamic recruitment of Ets1 to both nucleosome-occupied and -depleted enhancer regions mediates a transcriptional program switch during early T-cell differentiation,Mus musculus,mm10,chr6,122500000,122502000,,Cd8,Enhancer,Active,Normal,,,,Thymus,UBERON:0002370,Double-positive thymocytes,,double-positive thymocyte,CL:0000895,Functional perturbation assay,RNA-seq,CRISPR knockout
2017,28045957,Normal Levels of Sox9 Expression in the Developing Mouse Testis Depend on the TES/TESCO Enhancer, but This Does Not Act Alone,Mus musculus,mm10,chr11,112634637,112637797,Sry,Sox9,Enhancer,Active,Normal,,,,Testis,UBERON:0000473,Sertoli cells,,Sertoli cell,CL:0000216,Enhancer activity assay, Functional perturbation assay, TF binding assay,RNA-seq,CRISPR knockout, RT-RT-qPCR, Immunofluorescence, ChIP-RT-qPCR
2017,28045957,Normal Levels of Sox9 Expression in the Developing Mouse Testis Depend on the TES/TESCO Enhancer, but This Does Not Act Alone,Mus musculus,mm10,chr11,112635500,112636792,Sry,Sox9,Enhancer,Active,Normal,,,,Testis,UBERON:0000473,Sertoli cells,,Sertoli cell,CL:0000216,Enhancer activity assay, Functional perturbation assay, TF binding assay,RNA-seq,CRISPR knockout, RT-RT-qPCR, Immunofluorescence, ChIP-RT-qPCR, Transgenic Reporter Assay
2011,21765417,Transcription initiation platforms and GTF recruitment at tissue-specific enhancers and promoters,Mus musculus,mm10,chr6,124835092,124835618,Ets1,Cd4,Enhancer,Active,Normal,,,,Thymus,UBERON:0002370,CD4-positive, CD8-positive thymocyte,,double-positive thymocyte,CL:0000895,Genome-wide regulatory element profiling,ChIP-seq, Strand-specific RNA-seq, FAIRE-seq,qRT-PCR, and ChIP-qPCR
2017,28262751,The SWI/SNF chromatin remodelling complex is required for maintenance of lineage specific enhancers,Mus musculus,mm10,chr7,134235000,134355000,,Spn,Enhancer,Active,Normal,,,,Embryo,UBERON:0000922,Mouse embryonic fibroblast,CVCL_0003,mouse embryonic fibroblast,CL:0000057,Enhancer activity assay, TF binding assay, Functional perturbation assay,ChIP-seq, RNA-seq,Western blot, Immunoprecipitation, In vitro HAT assay
2017,28262751,The SWI/SNF chromatin remodelling complex is required for maintenance of lineage specific enhancers,Mus musculus,mm10,chr4,96790000,97810000,,Nfia,Enhancer,Active,Normal,,,,Embryo,UBERON:0000922,Mouse embryonic fibroblast,CVCL_0003,mouse embryonic fibroblast,CL:0000057,Enhancer activity assay, TF binding assay, Functional perturbation assay,ChIP-seq, RNA-seq,Western blot, Immunoprecipitation, In vitro HAT assay
2014,25209250,A regulatory network controls nephrocan expression and midgut patterning,Mus musculus,mm10,chr2,123456678,123456750,Sox17,Nepn,Enhancer,Active,Normal,,,,Embryo,UBERON:0000922,P19 cells,CVCL_2151,embryonal carcinoma cell,CL:0000031,Enhancer activity assay, TF binding assay,,Luciferase reporter assay, EMSA, RT-RT-qPCR
2014,25185713,The Runx-PU1 pathway preserves normal and AML/ETO9a leukemic stem cells,Mus musculus,mm10,chr2,28950000,28970000,Runx1,Spi1,Enhancer,Active,Normal,,,,Bone marrow,UBERON:0002371,LSK hematopoietic stem cells,,hematopoietic stem cell,CL:0001029,Enhancer activity assay, Chromatin interaction assay, Functional perturbation assay,,3C-RT-qPCR, Luciferase reporter assay, ChIP-RT-qPCR, RT-RT-qPCR
2011,21507944,Mouse Rankl Expression Is Regulated in T Cells by c-Fos through a Cluster of Distal Regulatory Enhancers,Mus musculus,mm10,chr14,77129438,77130831,,Tnfsf11,Enhancer,Active,Disease,T-cell acute lymphoblastic leukemia,MONDO:0004947,DOID:0050890,Blood,UBERON:0000178,Jurkat T cells,CVCL_0065,T lymphoblast,CL:0002419,Enhancer activity assay,ChIP-chip, RNA-seq,Luciferase Reporter Assay, RT-RT-qPCR
2011,20942803,The pancreatic islet ?|??-cell-enriched transcription factor Pdx-1 regulates Slc30a8 gene transcription through an intronic enhancer,Mus musculus,mm10,chr16,13020425,13021045,Pdx-1,Slc30A8,Enhancer,Active,Normal,,,,Pancreatic islet,UBERON:0000006,Â¦ÃTC-3,CVCL_B077,pancreatic beta cell,CL:0000169,Enhancer activity assay, TF binding assay,,Luciferase Reporter Assay, EMSA, ChIP-RT-qPCR, RT-RT-qPCR, Western blot
2011,20942803,The pancreatic islet ?|??-cell-enriched transcription factor Pdx-1 regulates Slc30a8 gene transcription through an intronic enhancer,Mus musculus,mm10,chr16,13020425,13021045,Pdx-1,Slc30A8,Enhancer,Active,Normal,,,,Pancreatic islet,UBERON:0000006,Â¦ÃTC-6,CVCL_B078,pancreatic beta cell,CL:0000169,Enhancer activity assay, TF binding assay,,Luciferase Reporter Assay, EMSA, ChIP-RT-qPCR, RT-RT-qPCR, Western blot
2011,20942803,The pancreatic islet ?|??-cell-enriched transcription factor Pdx-1 regulates Slc30a8 gene transcription through an intronic enhancer,Mus musculus,mm10,chr16,13020425,13021045,Pdx-1,Slc30A8,Enhancer,Active,Disease,cervical cancer,MONDO:0001156,DOID:2871,Cervix,UBERON:0000002,HeLa,CVCL_0030,cervical adenocarcinoma cell,CL:0000069,Enhancer activity assay, TF binding assay,,Luciferase Reporter Assay, EMSA, ChIP-RT-qPCR, RT-RT-qPCR, Western blot
2011,21331042,Tbx6-dependent Sox2 regulation determines neural or mesodermal fate in axial stem cells,Mus musculus,mm10,chr3,34668260,34668560,Lef1,Sox2,Enhancer,Active,Normal,,,,Embryo,UBERON:0000922,Mouse embryonic stem,,mouse embryonic stem cell,CL:0002322,Enhancer activity assay, Functional perturbation assay,,Transgenic Reporter Assay, CRISPR Knockout, EMSA, in situ Hybridization, Immunohistochemistry
2011,21331042,Tbx6-dependent Sox2 regulation determines neural or mesodermal fate in axial stem cells,Mus musculus,mm10,chr3,34668260,34668560,Lef1,Sox2,Enhancer,Active,Normal,,,,Embryo,UBERON:0000922,primary embryonic tissue,,embryonic cell,CL:0000000,Enhancer activity assay, Functional perturbation assay,,Transgenic Reporter Assay, CRISPR Knockout, EMSA, in situ Hybridization, Immunohistochemistry
2017,28262751,The SWI/SNF chromatin remodelling complex is required for maintenance of lineage specific enhancers,Mus musculus,mm10,chr7,134235000,134355000,Smarca4; Smarcc1; Smarcb1,Spn,Enhancer,Active,Normal,,,,Embryo,UBERON:0000922,Mouse Embryonic Fibroblast (MEF),CVCL_0003,mouse embryonic fibroblast,CL:0000057,Enhancer activity assay, TF binding assay, Functional perturbation assay,ChIP-seq, RNA-seq,Western blot, Immunoprecipitation, In vitro HAT Assay
2016,27941798,ARID1A loss impairs enhancer-mediated gene regulation and drives colon cancer in mice,Mus musculus,mm10,chr15,63606018,63757541,,Gsdmc,Enhancer,Active,Normal,,,,Colon,UBERON:0001155,Colonic epithelial,,colon epithelial cell,CL:1000348,Enhancer activity assay,ChIP-seq, RNA-seq,RT-RT-qPCR
2020,32290491,Expression of a Constitutively Active Form of Hck in Chondrocytes Activates Wnt and Hedgehog Signaling Pathways, and Induces Chondrocyte Proliferation in Mice,Mus musculus,mm10,chr2,155134800,155135200,Runx2,Hck,Enhancer,Active,Normal,,,,Cartilage,UBERON:0002418,Primary Mouse Chondrocytes,,chondrocyte,CL:0000138,TF binding assay, Functional perturbation assay,CAGE, ChIP-seq, RNA-seq, Microarray,ChIP-RT-qPCR, RT-RT-qPCR
2020,32290491,Expression of a Constitutively Active Form of Hck in Chondrocytes Activates Wnt and Hedgehog Signaling Pathways, and Induces Chondrocyte Proliferation in Mice,Mus musculus,mm10,chr2,155134800,155135200,Runx2,Hck,Enhancer,Active,Normal,,,,Cartilage,UBERON:0002418,ATDC5 Chondrogenic,CVCL_3894,chondrocyte,CL:0000138,TF binding assay, Functional perturbation assay,CAGE, ChIP-seq, RNA-seq, Microarray,ChIP-RT-qPCR, RT-RT-qPCR
2018,29527594,A Novel Distal Enhancer Mediates Inflammation-, PTH-, and Early Onset Murine Kidney Disease-Induced Expression of the Mouse Fgf23 Gene,Mus musculus,mm10,chr6,126984000,126986000,Ctcf,Fgf23,Enhancer,Active,Disease,chronic kidney disease,MONDO:0005102,DOID:784,Kidney,UBERON:0002113,Osteocytes,,osteocyte,CL:0000064,Functional genomics assay, Epigenomic profiling assay, Transcriptional regulation assay,ChIP-seq,ChIP-RT-qPCR, qRT-PCR, Genotyping PCR, Sanger Sequencing
2018,29527594,A Novel Distal Enhancer Mediates Inflammation-, PTH-, and Early Onset Murine Kidney Disease-Induced Expression of the Mouse Fgf23 Gene,Mus musculus,mm10,chr6,127030000,127032000,Ctcf,Fgf23,Enhancer,Active,Disease,chronic kidney disease,MONDO:0005102,DOID:784,Kidney,UBERON:0002113,Osteocytes,,osteocyte,CL:0000064,Functional genomics assay, Epigenomic profiling assay, Transcriptional regulation assay,ChIP-seq,ChIP-RT-qPCR, qRT-PCR, Genotyping PCR, Sanger Sequencing
2017,28121289,Mapping cell type-specific transcriptional enhancers using high affinity, lineage-specific Ep300 bioChIP-seq,Mus musculus,mm10,chr4,114743698,114748936,,Lacz,Enhancer,Active,Normal,,,,Blood vessel,UBERON:0001981,Endothelial cells,,endothelial cell,CL:0000115,Enhancer activity assay,ChIP-seq (Ep300 bioChIP-seq),Transgenic Reporter Assay (LacZ)
2011,21566115,A distal enhancer in Il12b is the target of transcriptional repression by the STAT3 Pathway and Requires the Basic Leucine Zipper (B-ZIP) Protein NFIL3,Mus musculus,mm10,chr11,44203545,44203644,Nfil3,Il12B,Enhancer,Active,Normal,,,,Bone Marrow,UBERON:0002371,Bone marrow-derived macrophages,,macrophage,CL:0000235,Enhancer activity assay, TF binding assay, Functional perturbation assay,,Luciferase Reporter Assay, qRT-PCR, Western blot, EMSA, Knockout Mouse Model, Mass Spectrometry
2016,26809507,Integrated genome-scale analysis of the transcriptional regulatory landscape in a blood stem/progenitor cell model,Mus musculus,mm10,chr4,114484000,114485000,Tal1,Tal1,Enhancer,Active,Normal,,,,Fetal liver,UBERON:0002107,HPC-7,CVCL_7992,hematopoietic progenitor cell,CL:0000837,Enhancer activity assay,ChIP-seq,Transgenic Reporter Assay
2016,26809507,Integrated genome-scale analysis of the transcriptional regulatory landscape in a blood stem/progenitor cell model,Mus musculus,mm10,chr19,45050000,45051000,Tal1,Hhex,Enhancer,Active,Normal,,,,Fetal liver,UBERON:0002107,HPC-7,CVCL_7992,hematopoietic progenitor cell,CL:0000837,Enhancer activity assay,ChIP-seq,Transgenic Reporter Assay
2017,28614915,Identification of an Enhancer Critical for the ephrin-A5 Gene Expression in the Posterior Region of the Mesencephalon,Mus musculus,mm10,chr1,134714823,134715623,Ascl1,Efna5,Enhancer,Active,Normal,,,,Brain,UBERON:0000955,Primary mouse mesencephalic cells,,neuron,CL:0000540,Enhancer activity assay,,Transgenic Reporter Assay, Luciferase Reporter Assay, EMSA
2007,17053039,Transcriptional Control of Receptor Activator of Nuclear Factor-B Ligand by the Protein Kinase A Activator Forskolin and the Transmembrane Glycoprotein 130-Activating Cytokine, Oncostatin M, Is Exerted through Multiple Distal Enhancers,Mus musculus,mm10,chr14,75355295,75355954,Creb1,Tnfsf11,Enhancer,Active,Normal,,,,Blood,UBERON:0000178,,,,,Enhancer activity assay, TF binding assay,,Luciferase reporter assay, ChIP-RT-qPCR, qRT-PCR, EMSA
2007,17053039,Transcriptional Control of Receptor Activator of Nuclear Factor-B Ligand by the Protein Kinase A Activator Forskolin and the Transmembrane Glycoprotein 130-Activating Cytokine, Oncostatin M, Is Exerted through Multiple Distal Enhancers,Mus musculus,mm10,chr14,75355295,75357027,Creb1,Tnfsf11,Enhancer,Active,Normal,,,,Blood,UBERON:0000178,,,,,Enhancer activity assay, TF binding assay,,Luciferase reporter assay, ChIP-RT-qPCR, qRT-PCR, EMSA
2007,17053039,Transcriptional Control of Receptor Activator of Nuclear Factor-B Ligand by the Protein Kinase A Activator Forskolin and the Transmembrane Glycoprotein 130-Activating Cytokine, Oncostatin M, Is Exerted through Multiple Distal Enhancers,Mus musculus,mm10,chr14,75355955,75357027,Creb1,Tnfsf11,Enhancer,Active,Normal,,,,Blood,UBERON:0000178,,,,,Enhancer activity assay, TF binding assay,,Luciferase reporter assay, ChIP-RT-qPCR, qRT-PCR, EMSA
2007,17053039,Transcriptional Control of Receptor Activator of Nuclear Factor-B Ligand by the Protein Kinase A Activator Forskolin and the Transmembrane Glycoprotein 130-Activating Cytokine, Oncostatin M, Is Exerted through Multiple Distal Enhancers,Mus musculus,mm10,chr14,75363000,75363900,Creb1,Tnfsf11,Enhancer,Active,Normal,,,,Blood,UBERON:0000178,,,,,Enhancer activity assay, TF binding assay,,Luciferase reporter assay, ChIP-RT-qPCR, qRT-PCR, EMSA
2007,17053039,Transcriptional Control of Receptor Activator of Nuclear Factor-B Ligand by the Protein Kinase A Activator Forskolin and the Transmembrane Glycoprotein 130-Activating Cytokine, Oncostatin M, Is Exerted through Multiple Distal Enhancers,Mus musculus,mm10,chr14,75371600,75372700,Creb1,Tnfsf11,Enhancer,Active,Normal,,,,Blood,UBERON:0000178,,,,,Enhancer activity assay, TF binding assay,,Luciferase reporter assay, ChIP-RT-qPCR, qRT-PCR, EMSA
2007,17053039,Transcriptional Control of Receptor Activator of Nuclear Factor-B Ligand by the Protein Kinase A Activator Forskolin and the Transmembrane Glycoprotein 130-Activating Cytokine, Oncostatin M, Is Exerted through Multiple Distal Enhancers,Mus musculus,mm10,chr14,75408900,75410500,Creb1,Tnfsf11,Enhancer,Active,Normal,,,,Blood,UBERON:0000178,,,,,Enhancer activity assay, TF binding assay,,Luciferase reporter assay, ChIP-RT-qPCR, qRT-PCR, EMSA
2007,17053039,Transcriptional Control of Receptor Activator of Nuclear Factor-B Ligand by the Protein Kinase A Activator Forskolin and the Transmembrane Glycoprotein 130-Activating Cytokine, Oncostatin M, Is Exerted through Multiple Distal Enhancers,Mus musculus,mm10,chr14,75415600,75416800,Creb1,Tnfsf11,Enhancer,Active,Normal,,,,Blood,UBERON:0000178,,,,,Enhancer activity assay, TF binding assay,,Luciferase reporter assay, ChIP-RT-qPCR, qRT-PCR, EMSA
2014,24692107,Dlx5 and Mef2 Regulate a Novel Runx2 Enhancer for Osteoblast-Specific Expression,Mus musculus,mm10,chr17,44838751,44840051,Dlx5,Runx2,Enhancer,Active,Normal,,,,Bone,UBERON:0001474,Primary mouse osteoblasts,,osteoblast,CL:0000062,Enhancer activity assay, TF binding assay,,Transgenic Reporter Assay, Luciferase Reporter Assay, EMSA, ChIP-RT-qPCR, GST-pulldown
2014,24692107,Dlx5 and Mef2 Regulate a Novel Runx2 Enhancer for Osteoblast-Specific Expression,Mus musculus,mm10,chr17,44839209,44839551,Dlx5,Runx2,Enhancer,Active,Normal,,,,Bone,UBERON:0001474,Primary mouse osteoblasts,,osteoblast,CL:0000062,Enhancer activity assay, TF binding assay, Functional perturbation assay,,Transgenic Reporter Assay, Luciferase Reporter Assay, EMSA, ChIP-RT-qPCR, GST-pulldown, Site-directed Mutagenesis
2014,24692107,Dlx5 and Mef2 Regulate a Novel Runx2 Enhancer for Osteoblast-Specific Expression,Mus musculus,mm10,chr17,44839381,44839469,Dlx5,Runx2,Enhancer,Active,Normal,,,,Bone,UBERON:0001474,Primary mouse osteoblasts,,osteoblast,CL:0000062,Enhancer activity assay, TF binding assay,,Transgenic Reporter Assay, Luciferase Reporter Assay, EMSA, ChIP-RT-qPCR, GST-pulldown
2019,31666509,An enhancer cluster controls gene activity and topology of the SCN5A-SCN10A locus in vivo,Mus musculus,mm10,chr9,119385000,119387000,,Scn5A,Enhancer,Active,Normal,,,,Heart,UBERON:0000948,Cardiomyocytes,,cardiomyocyte,CL:0000746,Functional perturbation assay,,CRISPR Knockout, RT-RT-qPCR
2017,28121289,Mapping cell type-specific transcriptional enhancers using high affinity, lineage-specific Ep300 bioChIP-seq,Mus musculus,mm10,chr11,32145270,32146411,,Lacz,Enhancer,Active,Normal,,,,Blood vessel,UBERON:0001981,Endothelial cells,,endothelial cell,CL:0000115,Enhancer activity assay,ChIP-seq (Ep300 bioChIP-seq),Transgenic Reporter Assay (LacZ)
2017,28121289,Mapping cell type-specific transcriptional enhancers using high affinity, lineage-specific Ep300 bioChIP-seq,Mus musculus,mm10,chr13,28809515,28811310,,Lacz,Enhancer,Active,Normal,,,,Blood vessel,UBERON:0001981,Endothelial cells,,endothelial cell,CL:0000115,Enhancer activity assay,ChIP-seq (Ep300 bioChIP-seq),Transgenic Reporter Assay (LacZ)
2017,28121289,Mapping cell type-specific transcriptional enhancers using high affinity, lineage-specific Ep300 bioChIP-seq,Mus musculus,mm10,chr17,12982583,12985936,,Lacz,Enhancer,Active,Normal,,,,Blood vessel,UBERON:0001981,Endothelial cells,,endothelial cell,CL:0000115,Enhancer activity assay,ChIP-seq (Ep300 bioChIP-seq),Transgenic Reporter Assay (LacZ)
2017,28121289,Mapping cell type-specific transcriptional enhancers using high affinity, lineage-specific Ep300 bioChIP-seq,Mus musculus,mm10,chr3,87786601,87790798,,Lacz,Enhancer,Active,Normal,,,,Blood vessel,UBERON:0001981,Endothelial cells,,endothelial cell,CL:0000115,Enhancer activity assay,ChIP-seq (Ep300 bioChIP-seq),Transgenic Reporter Assay (LacZ)
2017,28121289,Mapping cell type-specific transcriptional enhancers using high affinity, lineage-specific Ep300 bioChIP-seq,Mus musculus,mm10,chr5,93426293,93427320,,Lacz,Enhancer,Active,Normal,,,,Blood vessel,UBERON:0001981,Endothelial cells,,endothelial cell,CL:0000115,Enhancer activity assay,ChIP-seq (Ep300 bioChIP-seq),Transgenic Reporter Assay (LacZ)
2017,28121289,Mapping cell type-specific transcriptional enhancers using high affinity, lineage-specific Ep300 bioChIP-seq,Mus musculus,mm10,chr7,116256647,116260817,,Lacz,Enhancer,Active,Normal,,,,Heart,UBERON:0000948,Cardiomyocytes,,cardiomyocyte,CL:0000746,Enhancer activity assay,ChIP-seq (Ep300 bioChIP-seq),Transgenic Reporter Assay (LacZ)
2017,28121289,Mapping cell type-specific transcriptional enhancers using high affinity, lineage-specific Ep300 bioChIP-seq,Mus musculus,mm10,chr8,28216799,28218903,,Lacz,Enhancer,Active,Normal,,,,Blood vessel,UBERON:0001981,Endothelial cells,,endothelial cell,CL:0000115,Enhancer activity assay,ChIP-seq (Ep300 bioChIP-seq),Transgenic Reporter Assay (LacZ)
2017,28121289,Mapping cell type-specific transcriptional enhancers using high affinity, lineage-specific Ep300 bioChIP-seq,Mus musculus,mm10,chr8,28216817,28218896,,Lacz,Enhancer,Active,Normal,,,,Blood vessel,UBERON:0001981,Endothelial cells,,endothelial cell,CL:0000115,Enhancer activity assay,ChIP-seq (Ep300 bioChIP-seq),Transgenic Reporter Assay (LacZ)
2017,27920250,Renal Anemia Model Mouse Established by Transgenic Rescue with Erythropoietin Gene Lacking Kidney-specific Regulatory Elements,Mus musculus,mm10,chr5,137487678,137501478,,Epo,Enhancer,Active,Normal,,,,Kidney,UBERON:0002113,Renal EPO-producing cells,,renal erythropoietin-producing cell,CL:0000647,Enhancer activity assay, Functional perturbation assay,,Transgenic Reporter Assay, CRISPR knockout, CRISPRi, RT-RT-qPCR
2016,26673693,Dynamic recruitment of Ets1 to both nucleosome-occupied and -depleted enhancer regions mediates a transcriptional program switch during early T-cell differentiation,Mus musculus,mm10,chr14,53200000,53202000,Ets1,Tcra,Enhancer,Active,Normal,,,,Thymus,UBERON:0002370,Double-negative thymocytes,,double-negative thymocyte,CL:0000894,Enhancer activity assay,ChIP-seq,ChIP-RT-qPCR
2016,26673693,Dynamic recruitment of Ets1 to both nucleosome-occupied and -depleted enhancer regions mediates a transcriptional program switch during early T-cell differentiation,Mus musculus,mm10,chr6,72100000,72102000,Ets1,Tcrb,Enhancer,Active,Normal,,,,Thymus,UBERON:0002370,Double-negative thymocytes,,double-negative thymocyte,CL:0000894,Enhancer activity assay,ChIP-seq,ChIP-RT-qPCR
2014,25030696,The active enhancer network operated by liganded RXR supports angiogenic activity in macrophages,Mus musculus,mm10,chr10,95800000,95800200,Rxr,Angptl4,Enhancer,Active,Normal,,,,Bone Marrow,UBERON:0002371,Bone marrow-derived macrophages,,macrophage,CL:0000235,Enhancer activity assay,ChIP-seq, GRO-seq,ChIP-RT-qPCR, RT-RT-qPCR
2014,25030696,The active enhancer network operated by liganded RXR supports angiogenic activity in macrophages,Mus musculus,mm10,chr11,82100000,82100200,Rxr,Ccl2,Enhancer,Active,Normal,,,,Bone Marrow,UBERON:0002371,Bone marrow-derived macrophages,,macrophage,CL:0000235,TF binding assay,ChIP-seq,ChIP-RT-qPCR
2014,25030696,The active enhancer network operated by liganded RXR supports angiogenic activity in macrophages,Mus musculus,mm10,chr4,5320000,5320100,Rxr,Abca1,Enhancer,Active,Normal,,,,Bone Marrow,UBERON:0002371,Bone marrow-derived macrophages,,macrophage,CL:0000235,Enhancer activity assay,ChIP-seq, GRO-seq,ChIP-RT-qPCR, RT-RT-qPCR
2016,27920250,Renal Anemia Model Mouse Established by Transgenic Rescue with Erythropoietin Gene Lacking Kidney-specific Regulatory Elements,Mus musculus,mm10,chr5,137531500,137531600,Hif1A; Hif2A,Epo,Enhancer,Active,Normal,,,,Liver,UBERON:0002107,Hepatocytes,,hepatocyte,CL:0000182,Enhancer activity assay, TF binding assay,,Luciferase Reporter Assay, Transgenic Reporter Assay, EMSA
2009,19212405,ChIP-seq accurately predicts tissue-specific activity of enhancers,Mus musculus,mm10,chr1,134976575,134977476,,,Enhancer,Active,Normal,,,,Forebrain,UBERON:0001890,Transgenic mouse embryo,,embryonic cell,CL:0000000,Transgenic reporter assay,ChIP-seq,In vivo transgenic reporter assay
2009,19212405,ChIP-seq accurately predicts tissue-specific activity of enhancers,Mus musculus,mm10,chr1,140396600,140397726,,,Enhancer,Active,Normal,,,,Forebrain,UBERON:0001890,Transgenic mouse embryo,,embryonic cell,CL:0000000,Transgenic reporter assay,ChIP-seq,In vivo transgenic reporter assay
2009,19212405,ChIP-seq accurately predicts tissue-specific activity of enhancers,Mus musculus,mm10,chr1,165828000,165828801,,,Enhancer,Active,Normal,,,,Midbrain,UBERON:0001891,Transgenic mouse embryo,,embryonic cell,CL:0000000,Transgenic reporter assay,ChIP-seq,In vivo transgenic reporter assay
2009,19212405,ChIP-seq accurately predicts tissue-specific activity of enhancers,Mus musculus,mm10,chr1,167864800,167866051,,,Enhancer,Active,Normal,,,,Forebrain,UBERON:0001890,Transgenic mouse embryo,,embryonic cell,CL:0000000,Transgenic reporter assay,ChIP-seq,In vivo transgenic reporter assay
2009,19212405,ChIP-seq accurately predicts tissue-specific activity of enhancers,Mus musculus,mm10,chr1,192551300,192552876,,,Enhancer,Active,Normal,,,,Forebrain,UBERON:0001890,Transgenic mouse embryo,,embryonic cell,CL:0000000,Transgenic reporter assay,ChIP-seq,In vivo transgenic reporter assay
2009,19212405,ChIP-seq accurately predicts tissue-specific activity of enhancers,Mus musculus,mm10,chr1,41975300,41976076,,,Enhancer,Active,Normal,,,,Forebrain,UBERON:0001890,Transgenic mouse embryo,,embryonic cell,CL:0000000,Transgenic reporter assay,ChIP-seq,In vivo transgenic reporter assay
2009,19212405,ChIP-seq accurately predicts tissue-specific activity of enhancers,Mus musculus,mm10,chr2,137073600,137074376,,,Enhancer,Active,Normal,,,,Midbrain,UBERON:0001891,Transgenic mouse embryo,,embryonic cell,CL:0000000,Transgenic reporter assay,ChIP-seq,In vivo transgenic reporter assay
2009,19212405,ChIP-seq accurately predicts tissue-specific activity of enhancers,Mus musculus,mm10,chr3,141901125,141902126,,,Enhancer,Active,Normal,,,,Midbrain,UBERON:0001891,Transgenic mouse embryo,,embryonic cell,CL:0000000,Transgenic reporter assay,ChIP-seq,In vivo transgenic reporter assay
2009,19212405,ChIP-seq accurately predicts tissue-specific activity of enhancers,Mus musculus,mm10,chr3,30006475,30007726,,,Enhancer,Active,Normal,,,,Midbrain,UBERON:0001891,Transgenic mouse embryo,,embryonic cell,CL:0000000,Transgenic reporter assay,ChIP-seq,In vivo transgenic reporter assay
2009,19212405,ChIP-seq accurately predicts tissue-specific activity of enhancers,Mus musculus,mm10,chr3,34986900,34988201,,,Enhancer,Active,Normal,,,,Forebrain,UBERON:0001890,Transgenic mouse embryo,,embryonic cell,CL:0000000,Transgenic reporter assay,ChIP-seq,In vivo transgenic reporter assay
2009,19212405,ChIP-seq accurately predicts tissue-specific activity of enhancers,Mus musculus,mm10,chr3,5224600,5225676,,,Enhancer,Active,Normal,,,,Forebrain,UBERON:0001890,Transgenic mouse embryo,,embryonic cell,CL:0000000,Transgenic reporter assay,ChIP-seq,In vivo transgenic reporter assay
2009,19212405,ChIP-seq accurately predicts tissue-specific activity of enhancers,Mus musculus,mm10,chr3,55558975,55559751,,,Enhancer,Active,Normal,,,,Limb,UBERON:0002101,Transgenic mouse embryo,,embryonic cell,CL:0000000,Transgenic reporter assay,ChIP-seq,In vivo transgenic reporter assay
2009,19212405,ChIP-seq accurately predicts tissue-specific activity of enhancers,Mus musculus,mm10,chr3,84741550,84742501,,,Enhancer,Active,Normal,,,,Forebrain,UBERON:0001890,Transgenic mouse embryo,,embryonic cell,CL:0000000,Transgenic reporter assay,ChIP-seq,In vivo transgenic reporter assay
2009,19212405,ChIP-seq accurately predicts tissue-specific activity of enhancers,Mus musculus,mm10,chr4,44864575,44865251,,,Enhancer,Active,Normal,,,,Limb,UBERON:0002101,Transgenic mouse embryo,,embryonic cell,CL:0000000,Transgenic reporter assay,ChIP-seq,In vivo transgenic reporter assay
2009,19212405,ChIP-seq accurately predicts tissue-specific activity of enhancers,Mus musculus,mm10,chr4,5888950,5890926,,,Enhancer,Active,Normal,,,,Forebrain,UBERON:0001890,Transgenic mouse embryo,,embryonic cell,CL:0000000,Transgenic reporter assay,ChIP-seq,In vivo transgenic reporter assay
2009,19212405,ChIP-seq accurately predicts tissue-specific activity of enhancers,Mus musculus,mm10,chr4,6840325,6841401,,,Enhancer,Active,Normal,,,,Forebrain,UBERON:0001890,Transgenic mouse embryo,,embryonic cell,CL:0000000,Transgenic reporter assay,ChIP-seq,In vivo transgenic reporter assay
2009,19212405,ChIP-seq accurately predicts tissue-specific activity of enhancers,Mus musculus,mm10,chr4,71828300,71829751,,,Enhancer,Active,Normal,,,,Forebrain,UBERON:0001890,Transgenic mouse embryo,,embryonic cell,CL:0000000,Transgenic reporter assay,ChIP-seq,In vivo transgenic reporter assay
2009,19212405,ChIP-seq accurately predicts tissue-specific activity of enhancers,Mus musculus,mm10,chr4,97774675,97775901,,,Enhancer,Active,Normal,,,,Forebrain,UBERON:0001890,Transgenic mouse embryo,,embryonic cell,CL:0000000,Transgenic reporter assay,ChIP-seq,In vivo transgenic reporter assay
2009,19212405,ChIP-seq accurately predicts tissue-specific activity of enhancers,Mus musculus,mm10,chr5,74828975,74829601,,,Enhancer,Active,Normal,,,,Limb,UBERON:0002101,Transgenic mouse embryo,,embryonic cell,CL:0000000,Transgenic reporter assay,ChIP-seq,In vivo transgenic reporter assay
2009,19212405,ChIP-seq accurately predicts tissue-specific activity of enhancers,Mus musculus,mm10,chr6,144260800,144262201,,,Enhancer,Active,Normal,,,,Midbrain,UBERON:0001891,Transgenic mouse embryo,,embryonic cell,CL:0000000,Transgenic reporter assay,ChIP-seq,In vivo transgenic reporter assay
2009,19212405,ChIP-seq accurately predicts tissue-specific activity of enhancers,Mus musculus,mm10,chr6,28346175,28347126,,,Enhancer,Active,Normal,,,,Forebrain,UBERON:0001890,Transgenic mouse embryo,,embryonic cell,CL:0000000,Transgenic reporter assay,ChIP-seq,In vivo transgenic reporter assay
2009,19212405,ChIP-seq accurately predicts tissue-specific activity of enhancers,Mus musculus,mm10,chr6,51026850,51028001,,,Enhancer,Active,Normal,,,,Forebrain,UBERON:0001890,Transgenic mouse embryo,,embryonic cell,CL:0000000,Transgenic reporter assay,ChIP-seq,In vivo transgenic reporter assay
2009,19212405,ChIP-seq accurately predicts tissue-specific activity of enhancers,Mus musculus,mm10,chr6,51146275,51148026,,,Enhancer,Active,Normal,,,,Midbrain,UBERON:0001891,Transgenic mouse embryo,,embryonic cell,CL:0000000,Transgenic reporter assay,ChIP-seq,In vivo transgenic reporter assay
2016,26808502,Lineage-affiliated transcription factors bind the Gata3 Tce1 enhancer to mediate lineage-specific programs,Mus musculus,mm10,chr2,9515156,9522270,Tcf7,Gata3,Enhancer,Active,Normal,,,,Thymus,UBERON:0002370,Thymocytes (ETP/DN/DP/CD4 SP),,thymocyte,CL:0000893,Enhancer activity assay, TF binding assay, Functional perturbation assay,,Transgenic reporter assay, CRISPR knockout, ChIP-RT-qPCR, RT-RT-qPCR
2016,26673693,Dynamic recruitment of Ets1 to both nucleosome-occupied and -depleted enhancer regions mediates a transcriptional program switch during early T-cell differentiation,Mus musculus,mm10,chr6,42300000,42301500,Ets1,Tcrb,Enhancer,Active,Normal,,,,Thymus,UBERON:0002370,DN/DP thymocytes,,thymocyte,CL:0000894,Enhancer activity assay, TF binding assay,ChIP-seq, MNase-seq,ChIP-RT-qPCR
2014,24920384,Functional analysis of limb transcriptional enhancers in the mouse,Mus musculus,mm10,chr1,165827290,165830012,,Kifap3,Enhancer,Active,Normal,,,,Limb bud,UBERON:0005417,Limb mesenchymal cells,,mesenchymal cell,CL:0000134,Enhancer activity assay, Functional perturbation assay,,Transgenic reporter assay, CRISPR knockout, RT-RT-qPCR, Whole mount in situ hybridization
2014,24905168,Reorganization of Enhancer Patterns in Transition from Naive to Primed Pluripotency,Mus musculus,mm10,chr5,115320000,115320500,Pou5F1; Otx2,Fgf5,Enhancer,Active,Normal,,,,Embryo,UBERON:0000922,Embryonic stem cells (ESC),,embryonic stem cell,CL:0002322,Enhancer activity assay, TF binding assay,ChIP-seq, RNA-seq,ChIP-RT-qPCR
2014,24905168,Reorganization of Enhancer Patterns in Transition from Naive to Primed Pluripotency,Mus musculus,mm10,chr5,115345000,115345600,Pou5F1; Otx2,Fgf5,Enhancer,Active,Normal,,,,Embryo,UBERON:0000922,Embryonic stem cells (ESC),,embryonic stem cell,CL:0002322,Enhancer activity assay, TF binding assay,ChIP-seq, RNA-seq,ChIP-RT-qPCR
2014,24905168,Reorganization of Enhancer Patterns in Transition from Naive to Primed Pluripotency,Mus musculus,mm10,chr5,142680000,142680600,Pou5F1; Esrrb,Tbx3,Enhancer,Silenced,Normal,,,,Embryo,UBERON:0000922,Embryonic stem cells (ESC),,embryonic stem cell,CL:0002322,Enhancer activity assay,ChIP-seq, RNA-seq,Transgenic reporter assay
2014,24905168,Reorganization of Enhancer Patterns in Transition from Naive to Primed Pluripotency,Mus musculus,mm10,chr4,101250000,101250600,Pou5F1; Otx2,Pou3F1,Enhancer,Active,Normal,,,,Embryo,UBERON:0000922,Epiblast-like cells (EpiLC),,epiblast-like cell,CL:0002322,Enhancer activity assay,ChIP-seq, RNA-seq,Transgenic reporter assay
2011,21498522,Mouse Rankl Expression Is Regulated in T Cells by c-Fos through a Cluster of Distal Regulatory Enhancers Designated the T Cell Control Region,Mus musculus,mm10,chr14,77129438,77130831,,Rankl,Enhancer,Active,Disease,T-cell acute lymphoblastic leukemia,MONDO:0004947,DOID:0050890,Blood,UBERON:0000178,Jurkat cells,CVCL_0065,T lymphoblast,CL:0002419,Enhancer activity assay,,Luciferase Reporter Assay
2011,21797989,Differentiation and fiber type-specific activity of a muscle creatine kinase intronic enhancer,Mus musculus,mm10,chr19,4473287,4473381,Myod,Mck,Enhancer,Active,Normal,,,,Skeletal muscle,UBERON:0001134,MM14 myocytes,CVCL_W869,myocyte,CL:0000187,Enhancer activity assay, TF binding assay,ChIP-seq,CAT Reporter Assay, Transgenic Reporter Assay, ChIP-RT-qPCR, EMSA
2011,21797989,Differentiation and fiber type-specific activity of a muscle creatine kinase intronic enhancer,Mus musculus,mm10,chr19,4473287,4473381,Myod,Mck,Enhancer,Active,Normal,,,,Skeletal muscle,UBERON:0001134,C2C12 myocytes,CVCL_0188,myoblast,CL:0000187,Enhancer activity assay, TF binding assay,ChIP-seq,CAT Reporter Assay, Transgenic Reporter Assay, ChIP-RT-qPCR, EMSA
2000,11395135,Identification and characterization of two CD40-inducible enhancers in the mouse TRAF1 gene locus,Mus musculus,mm10,chr9,19196000,19196100,Nfkb1,Traf1,Enhancer,Active,Disease,B-cell lymphoma,MONDO:0005029,DOID:164,Blood,UBERON:0000178,M12 B cells,,B cell lymphoma cell,CL:0000945,Enhancer activity assay, TF binding assay,,Luciferase Reporter Assay, EMSA, RT-RT-qPCR
2020,32290615,Expression of a Constitutively Active Form of Hck in Chondrocytes Activates Wnt and Hedgehog Signaling Pathways, and Induces Chondrocyte Proliferation in Mice,Mus musculus,mm10,chr2,171850200,171850400,Runx2,Hck,Enhancer,Active,Normal,,,,Cartilage,UBERON:0002418,Primary Chondrocytes,,chondrocyte,CL:0000138,TF binding assay, Functional perturbation assay,RNA-seq, CAGE, ChIP-seq,ChIP-RT-qPCR, qRT-PCR, siRNA Knockdown, Adenoviral Overexpression
2023,37365500,Identification and characterization of transcribed enhancers during cerebellar development through enhancer RNA analysis,Mus musculus,mm10,chr4,82235567,82235814,Atoh1,Nfib,Enhancer,Active,Normal,,,,Cerebellum,UBERON:0002037,Cerebellar granule cells,,cerebellar granule cell,CL:0001031,TF binding assay, Enhancer activity assay,CAGE-seq, ChIP-seq,RNAscope FISH, Colorimetric in situ hybridization
2023,37365500,Identification and characterization of transcribed enhancers during cerebellar development through enhancer RNA analysis,Mus musculus,mm10,chr4,81219772,81219968,Atoh1,Nfib,Enhancer,Active,Normal,,,,Cerebellum,UBERON:0002037,Cerebellar granule cells,,cerebellar granule cell,CL:0001031,TF binding assay, Enhancer activity assay,CAGE-seq, ChIP-seq,RNAscope FISH, Colorimetric in situ hybridization
2023,37365500,Identification and characterization of transcribed enhancers during cerebellar development through enhancer RNA analysis,Mus musculus,mm10,chr4,82185096,82185615,Atoh1,Nfib,Enhancer,Active,Normal,,,,Cerebellum,UBERON:0002037,Cerebellar granule cells,,cerebellar granule cell,CL:0001031,TF binding assay, Enhancer activity assay,CAGE-seq, ChIP-seq,Colorimetric in situ hybridization
2023,37365500,Identification and characterization of transcribed enhancers during cerebellar development through enhancer RNA analysis,Mus musculus,mm10,chr4,81212120,81212422,Atoh1,Nfib,Enhancer,Active,Normal,,,,Cerebellum,UBERON:0002037,Cerebellar granule cells,,cerebellar granule cell,CL:0001031,TF binding assay,CAGE-seq, ChIP-seq,qRT-PCR, and ChIP-qPCR
2011,21486496,Identification of a novel intronic enhancer responsible for the transcriptional regulation of musashi1 in neural stem/progenitor cells,Mus musculus,mm10,chr18,12947300,12947895,,Msi1,Enhancer,Active,Normal,,,,Brain,UBERON:0000955,Neural stem/progenitor,,neural stem cell,CL:0002672,Enhancer activity assay, Functional perturbation assay,RNA-seq,Luciferase Reporter Assay, Transgenic Reporter Assay, BAC deletion assay, RT-RT-qPCR, Flow cytometry, Immunohistochemistry
2011,21486496,Identification of a novel intronic enhancer responsible for the transcriptional regulation of musashi1 in neural stem/progenitor cells,Mus musculus,mm10,chr18,12947300,12947895,,Msi1,Enhancer,Active,Normal,,,,Brain,UBERON:0000955,Mouse embryonic stem,,embryonic stem cell,CL:0002322,Enhancer activity assay, Functional perturbation assay,RNA-seq,Luciferase Reporter Assay, Transgenic Reporter Assay, BAC deletion assay, RT-RT-qPCR, Flow cytometry, Immunohistochemistry
2011,21486496,Identification of a novel intronic enhancer responsible for the transcriptional regulation of musashi1 in neural stem/progenitor cells,Mus musculus,mm10,chr18,12880000,12880676,,Msi1,Enhancer,Active,Normal,,,,Brain,UBERON:0000955,Neural stem/progenitor,,neural stem cell,CL:0002672,Enhancer activity assay, Functional perturbation assay,RNA-seq,Luciferase Reporter Assay, BAC deletion assay, RT-RT-qPCR
2011,21486496,Identification of a novel intronic enhancer responsible for the transcriptional regulation of musashi1 in neural stem/progenitor cells,Mus musculus,mm10,chr18,12880000,12880676,,Msi1,Enhancer,Active,Normal,,,,Brain,UBERON:0000955,Mouse embryonic stem,,embryonic stem cell,CL:0002322,Enhancer activity assay, Functional perturbation assay,RNA-seq,Luciferase Reporter Assay, BAC deletion assay, RT-RT-qPCR
2011,20942803,The pancreatic islet ?|??-cell-enriched transcription factor Pdx-1 regulates Slc30a8 gene transcription through an intronic enhancer,Mus musculus,mm10,chr16,13020625,13020824,Pdx-1,Slc30A8,Enhancer,Active,Normal,,,,Pancreatic islet,UBERON:0000006,Â¦ÃTC-3,CVCL_B077,pancreatic beta cell,CL:0000169,Enhancer activity assay, TF binding assay,,Luciferase Reporter Assay, EMSA, ChIP-RT-qPCR, Site-directed Mutagenesis
2011,20864515,Prep1 Controls Insulin Glucoregulatory Function in Liver by Transcriptional Targeting of SHP1 Tyrosine Phosphatase,Mus musculus,mm10,chr6,1778,2113,Prep1; Pbx1,Ptpn6,Enhancer,Active,Disease,hepatocellular carcinoma,MONDO:0007256,DOID:684,Liver,UBERON:0002107,HepG2,CVCL_0027,hepatocellular carcinoma cell,CL:0000182,Enhancer activity assay, TF binding assay, Functional perturbation assay,,Luciferase Reporter Assay, ChIP-RT-qPCR, Re-ChIP, RT-RT-qPCR, Western blot, Euglycemic Hyperinsulinemic Clamp, Antisense Oligonucleotide Silencing
2011,20864515,Prep1 Controls Insulin Glucoregulatory Function in Liver by Transcriptional Targeting of SHP1 Tyrosine Phosphatase,Mus musculus,mm10,chr6,1778,2113,Prep1; Pbx1,Ptpn6,Enhancer,Active,Normal,,,,Liver,UBERON:0002107,NMuLi,,hepatocyte,CL:0000182,Enhancer activity assay, TF binding assay, Functional perturbation assay,,Luciferase Reporter Assay, ChIP-RT-qPCR, Re-ChIP, RT-RT-qPCR, Western blot, Euglycemic Hyperinsulinemic Clamp, Antisense Oligonucleotide Silencing
2011,20864515,Prep1 Controls Insulin Glucoregulatory Function in Liver by Transcriptional Targeting of SHP1 Tyrosine Phosphatase,Mus musculus,mm10,chr6,1778,2113,Prep1; Pbx1,Ptpn6,Enhancer,Active,Disease,cervical cancer,MONDO:0001156,DOID:2871,Cervix,UBERON:0000002,HeLa,CVCL_0030,cervical adenocarcinoma cell,CL:0000069,Enhancer activity assay, TF binding assay, Functional perturbation assay,,Luciferase Reporter Assay, ChIP-RT-qPCR, Re-ChIP, RT-RT-qPCR, Western blot, Euglycemic Hyperinsulinemic Clamp, Antisense Oligonucleotide Silencing
2019,31784100,ETV2/ER71 regulates the generation of FLK1+ cells from mouse embryonic stem cells through miR-126-MAPK signaling,Mus musculus,mm10,chr5,75546054,75548325,Etv2,Flk1 (Vegfr2),Enhancer,Active,Normal,,,,Embryo,UBERON:0000922,Mouse Embryonic Stem Cells (mESCs),,mouse embryonic stem cell,CL:0002322,Enhancer activity assay, TF binding assay,miRNA-seq,Luciferase Reporter Assay, ChIP-RT-qPCR, RT-RT-qPCR, Western blot, Flow Cytometry
2011,20878775,Conserved regulatory motifs in osteogenic gene promoters integrate cooperative effects of canonical Wnt and BMP pathways,Mus musculus,mm10,chr6,6770399,6771465,Smad1; Smad4; Tcf4,Dlx5,Enhancer,Active,Normal,,,,Skeletal muscle,UBERON:0001134,C2C12 cells,CVCL_0188,myoblast,CL:0000187,Enhancer activity assay, TF binding assay, Chromatin interaction assay,,Luciferase Reporter Assay, ChIP-RT-qPCR, GST Pull-down, Co-IP, RT-RT-qPCR, Western blot
2016,26787680,Desmin enters the nucleus of cardiac stem cells and modulates Nkx25 expression by participating in transcription factor complexes that interact with the nkx25 gene,Mus musculus,mm10,chr17,26841565,26842075,,Nkx2-5,Enhancer,Active,Normal,,,,Heart,UBERON:0000948,Cardiac progenitors,,cardiac progenitor cell,CL:0002248,Enhancer activity assay,,Luciferase Reporter Assay, RT-RT-qPCR, Western blot
2016,26787680,Desmin enters the nucleus of cardiac stem cells and modulates Nkx25 expression by participating in transcription factor complexes that interact with the nkx25 gene,Mus musculus,mm10,chr17,26839438,26839943,,Nkx2-5,Enhancer,Active,Normal,,,,Heart,UBERON:0000948,Cardiac progenitors,,cardiac progenitor cell,CL:0002248,Enhancer activity assay,,Luciferase Reporter Assay, RT-RT-qPCR
2018,29967281,A Muscle-Specific Enhancer RNA Mediates Cohesin Recruitment and Regulates Transcription in Trans,Mus musculus,mm10,chr7,53627200,53627771,,Myog,Enhancer,Active,Normal,,,,Skeletal muscle,UBERON:0001134,C2C12 myoblasts,CVCL_0188,myoblast,CL:0000187,Enhancer activity assay, RNA-mediated regulation assay,RNA-seq,qRT-PCR, and ChIP-qPCR
2017,27920250,Renal Anemia Model Mouse Established by Transgenic Rescue with Erythropoietin Gene Lacking Kidney-specific Regulatory Elements,Mus musculus,mm10,chr5,135080000,135100000,,Epo,Enhancer,Active,Disease,hepatocellular carcinoma,MONDO:0007256,DOID:684,Liver,UBERON:0002107,Human hepatocellular carcinoma cell,,hepatocellular carcinoma cell,CL:0000182,Enhancer activity assay,,Luciferase Reporter Assay
2014,24734888,A mouse renin distal enhancer is essential for blood pressure homeostasis in BAC-rescued renin-null mutant mice,Mus musculus,mm10,chr1,133452484,133452725,,Ren-1C,Enhancer,Active,Normal,,,,Kidney,UBERON:0002113,Mouse juxtaglomerular cells,,juxtaglomerular cell,CL:0000647,Enhancer activity assay, Functional perturbation assay,,BAC Transgenic Reporter Assay, Luciferase Reporter Assay, Northern blot, RT-RT-qPCR, Radioimmunoassay, In situ hybridization, Conditional knockout rescue
2017,27920250,Renal Anemia Model Mouse Established by Transgenic Rescue with Erythropoietin Gene Lacking Kidney-specific Regulatory Elements,Mus musculus,mm10,chr5,135091600,135091864,,Epo,Enhancer,Active,Normal,,,,Kidney,UBERON:0002113,Renal EPO-producing cells,,renal erythropoietin-producing cell,CL:0000647,Enhancer activity assay,,Luciferase Reporter Assay
2016,27920250,Renal Anemia Model Mouse Established by Transgenic Rescue with Erythropoietin Gene Lacking Kidney-specific Regulatory Elements,Mus musculus,mm10,chr5,137521712,137522012,,Epo,Enhancer,Active,Normal,,,,Kidney,UBERON:0002113,Renal EPO-producing cells,,renal erythropoietin-producing cell,CL:0000647,Enhancer activity assay, TF binding assay,,Luciferase Reporter Assay, Transgenic Reporter Assay, RT-RT-qPCR
2003,30146317,The Evf2 Ultraconserved Enhancer lncRNA Functionally and Spatially Organizes Megabase Distant Genes in the Developing Forebrain,Mus musculus,mm10,chr15,76897064,76899064,,Lsm8,Enhancer,Active,Normal,,,,Forebrain,UBERON:0001890,Embryonic forebrain cell,,neural progenitor cell,CL:0002672,Enhancer activity assay, Chromatin interaction assay,,3C, Immunofluorescence, RT-PCR, RT-RT-qPCR
2016,27867070,The Shh Topological Domain Facilitates the Action of Remote Enhancers by Reducing the Effects of Genomic Distances,Mus musculus,mm10,chr5,29641240,29642424,,Shh,Enhancer,Active,Normal,,,,Limb bud,UBERON:0005417,Mouse E14 ESCs,CVCL_2167,mouse embryonic stem cell,CL:0002322,Enhancer activity assay, Chromatin interaction assay, Functional perturbation assay,4C-seq,LacZ transgenic reporter assay, Cre-loxP genome rearrangement, RT-RT-qPCR, Whole-mount in situ hybridization, Skeletal preparation
2016,27867070,The Shh Topological Domain Facilitates the Action of Remote Enhancers by Reducing the Effects of Genomic Distances,Mus musculus,mm10,chr5,29641240,29642424,,Shh,Enhancer,Active,Normal,,,,Limb bud,UBERON:0005417,E11.5 embryonic limb bud cells,,limb bud cell,CL:0000000,Enhancer activity assay, Chromatin interaction assay, Functional perturbation assay,4C-seq,LacZ transgenic reporter assay, Cre-loxP genome rearrangement, RT-RT-qPCR, Whole-mount in situ hybridization, Skeletal preparation
2023,37537334,Transcription modulates chromatin dynamics and locus configuration sampling,Mus musculus,mm10,chr2,105300000,105310000,,Pax6,Enhancer,Active,Normal,,,,Pancreatic islet,UBERON:0000006,Â¦ÃTC-3 cells,CVCL_B077,pancreatic beta cell,CL:0000169,Chromatin interaction assay, Enhancer activity assay,Capture-C, ATAC-seq, ChIP-chip,3D DNA FISH, Computational modeling
2023,37537334,Transcription modulates chromatin dynamics and locus configuration sampling,Mus musculus,mm10,chr2,105480000,105490000,,Pax6,Enhancer,Active,Normal,,,,Pancreatic islet,UBERON:0000006,Â¦ÃTC-3 cells,CVCL_B077,pancreatic beta cell,CL:0000169,Chromatin interaction assay, Enhancer activity assay,Capture-C, ATAC-seq, ChIP-chip,3D DNA FISH, Computational modeling
2016,26957309,Comprehensive benchmarking reveals H2BK20 acetylation as a distinctive signature of cell-state-specific enhancers and promoters,Mus musculus,mm10,chr8,62860000,62865000,,Neural Development Genes,Enhancer,Active,Normal,,,,Forebrain,UBERON:0001890,Mouse embryonic day 11.5 forebrain tissue,,neural progenitor cell,CL:0002672,Enhancer activity assay,ChIP-seq,Transgenic reporter assay
2014,24920384,Functional analysis of limb transcriptional enhancers in the mouse,Mus musculus,mm10,chr4,117063735,117065404,,Tmem53,Enhancer,Active,Normal,,,,Limb bud,UBERON:0005417,Limb mesenchymal cells,,mesenchymal cell,CL:0000134,Enhancer activity assay, Functional perturbation assay,,Transgenic reporter assay, CRISPR knockout, RT-RT-qPCR, Whole mount in situ hybridization
2014,24915132,Identification of two regulatory elements controlling Fucosyltransferase 7 transcription in murine CD4+ T cells,Mus musculus,mm10,chr2,25276566,25277137,,Fut7,Enhancer,Active,Normal,,,,Blood,UBERON:0000178,Primary CD4+ Th1 cells,,CD4-positive Th1 cell,CL:0000897,Enhancer activity assay,ChIP-on-chip,Luciferase reporter assay
2014,24915132,Identification of two regulatory elements controlling Fucosyltransferase 7 transcription in murine CD4+ T cells,Mus musculus,mm10,chr2,25277864,25279387,,Fut7,Enhancer,Active,Normal,,,,Blood,UBERON:0000178,Primary CD4+ Th1 cells,,CD4-positive Th1 cell,CL:0000897,Enhancer activity assay,ChIP-on-chip,Luciferase reporter assay
2014,25209250,A regulatory network controls nephrocan expression and midgut patterning,Mus musculus,mm10,chr2,123454700,123457000,,Nepn,Enhancer,Active,Normal,,,,Embryo,UBERON:0000922,Mouse embryo tissue,,embryonic cell,CL:0000000,Enhancer activity assay,,Transgenic reporter assay, Luciferase reporter assay
2014,25263592,Enhancer RNA facilitates NELF release from immediate early genes,Mus musculus,mm10,chr15,8271300,8272300,,Arc,Enhancer,Active,Normal,,,,Cerebral cortex,UBERON:0000956,Primary mouse cortical neurons,,cortical neuron,CL:0000540,Chromatin interaction assay,,3C, RT-RT-qPCR
2014,25263592,Enhancer RNA facilitates NELF release from immediate early genes,Mus musculus,mm10,chr6,135005780,135006780,,Gadd45B,Enhancer,Active,Normal,,,,Cerebral cortex,UBERON:0000956,Primary mouse cortical neurons,,cortical neuron,CL:0000540,Chromatin interaction assay,,3C, RT-RT-qPCR
2011,21498522,Mouse Rankl Expression Is Regulated in T Cells by c-Fos through a Cluster of Distal Regulatory Enhancers Designated the T Cell Control Region,Mus musculus,mm10,chr14,77122986,77124293,C-Fos,Rankl,Enhancer,Active,Normal,,,,Spleen,UBERON:0002106,CD4+ T cells,,CD4-positive T cell,CL:0000624,Enhancer activity assay, TF binding assay,ChIP-chip,Luciferase Reporter Assay, ChIP-RT-qPCR
2011,21498522,Mouse Rankl Expression Is Regulated in T Cells by c-Fos through a Cluster of Distal Regulatory Enhancers Designated the T Cell Control Region,Mus musculus,mm10,chr14,77122986,77124293,C-Fos,Rankl,Enhancer,Active,Disease,T-cell acute lymphoblastic leukemia,MONDO:0004947,DOID:0050890,Blood,UBERON:0000178,Jurkat cells,CVCL_0065,T lymphoblast,CL:0002419,Enhancer activity assay, TF binding assay,ChIP-chip,Luciferase Reporter Assay, ChIP-RT-qPCR
2010,19940492,c-Maf activates the promoter and enhancer of the IL-21 gene, and TGF-?|?? inhibits c-Maf-induced IL-21 production in CD4+ T cells,Mus musculus,mm10,chr3,90502261,90502522,,Il21,Enhancer,Active,Normal,,,,Blood,UBERON:0000178,CD4+ T cell,,CD4-positive T cell,CL:0000624,Enhancer activity assay,,Luciferase Reporter Assay
1991,1827138,Cloning of Murine TCF-1, a T Cell-specific Transcription Factor Interacting with Functional Motifs in the CD3-E and T Cell Receptor alpha Enhancers,Mus musculus,mm10,chr11,105000000,105000100,Tcf7,Cd3E,Enhancer,Active,Disease,T-cell lymphoma,MONDO:0005114,DOID:0050747,Lymph node,UBERON:0000029,EL4 cells,CVCL_0255,T lymphoma cell,CL:0000084,Enhancer activity assay, TF binding assay,,EMSA, Luciferase Reporter Assay
1991,1827138,Cloning of Murine TCF-1, a T Cell-specific Transcription Factor Interacting with Functional Motifs in the CD3-E and T Cell Receptor alpha Enhancers,Mus musculus,mm10,chr14,54000000,54000100,Tcf7,Tcra,Enhancer,Active,Disease,T-cell lymphoma,MONDO:0005114,DOID:0050747,Lymph node,UBERON:0000029,EL4 cells,CVCL_0255,T lymphoma cell,CL:0000084,Enhancer activity assay, TF binding assay,,EMSA, Luciferase Reporter Assay
2023,37365500,Identification and characterization of transcribed enhancers during cerebellar development through enhancer RNA analysis,Mus musculus,mm10,chr2,74292472,74294212,,Lacz,Enhancer,Active,Normal,,,,Cerebellum,UBERON:0002037,Embryonic cerebellar cells,,neural progenitor cell,CL:0002672,Enhancer activity assay,CAGE-seq, ChIP-seq,Transgenic Reporter Assay
2024,38559809,Functional analysis of a first hindlimb positioning enhancer via Gdf11 expression,Mus musculus,mm10,chr10,128326106,128327832,,Egfp,Enhancer,Active,Normal,,,,Embryo,UBERON:0000922,Mouse embryonic cells (E8.5),,embryonic cell,CL:0000000,Enhancer activity assay, Functional perturbation assay,,Transgenic Reporter Assay, CRISPR Knockout, qRT-PCR, Whole-mount in situ hybridization
2011,20942803,The pancreatic islet ?|??-cell-enriched transcription factor Pdx-1 regulates Slc30a8 gene transcription through an intronic enhancer,Mus musculus,mm10,chr16,13025528,13026004,,Slc30A8,Enhancer,Active,Normal,,,,Pancreatic islet,UBERON:0000006,Â¦ÃTC-3,CVCL_B077,pancreatic beta cell,CL:0000169,Enhancer activity assay,,Luciferase Reporter Assay, Site-directed Mutagenesis
2011,20942803,The pancreatic islet ?|??-cell-enriched transcription factor Pdx-1 regulates Slc30a8 gene transcription through an intronic enhancer,Mus musculus,mm10,chr16,13025528,13026004,,Slc30A8,Enhancer,Active,Normal,,,,Pancreatic islet,UBERON:0000006,Â¦ÃTC-6,CVCL_B078,pancreatic beta cell,CL:0000169,Enhancer activity assay,,Luciferase Reporter Assay, Site-directed Mutagenesis
2011,20878775,Conserved regulatory motifs in osteogenic gene promoters integrate cooperative effects of canonical Wnt and BMP pathways,Mus musculus,mm10,chr6,6770399,6771465,Smad1; Smad4; Tcf4,Msx2,Enhancer,Active,Normal,,,,Skeletal muscle,UBERON:0001134,C2C12,CVCL_0188,myoblast,CL:0000187,Enhancer activity assay, TF binding assay, Chromatin interaction assay,,Luciferase Reporter Assay, ChIP-RT-qPCR, GST Pull-down, Co-IP, RT-RT-qPCR, Western blot
2011,20878775,Conserved regulatory motifs in osteogenic gene promoters integrate cooperative effects of canonical Wnt and BMP pathways,Mus musculus,mm10,chr6,6770399,6771465,Smad1; Smad4; Tcf4,Runx2,Enhancer,Active,Normal,,,,Bone,UBERON:0001474,MC3T3-E1,CVCL_0D73,osteoblast,CL:0000062,Enhancer activity assay, TF binding assay, Chromatin interaction assay,,Luciferase Reporter Assay, ChIP-RT-qPCR, GST Pull-down, Co-IP, RT-RT-qPCR, Western blot
2011,20878775,Conserved regulatory motifs in osteogenic gene promoters integrate cooperative effects of canonical Wnt and BMP pathways,Mus musculus,mm10,chr6,6770399,6771465,Smad1; Smad4; Tcf4,,Enhancer,Active,Normal,,,,Bone marrow,UBERON:0002371,BM-MSC,,mesenchymal stem cell,CL:0000134,Enhancer activity assay, TF binding assay, Chromatin interaction assay,,Luciferase Reporter Assay, ChIP-RT-qPCR, GST Pull-down, Co-IP, RT-RT-qPCR, Western blot
2011,20878775,Conserved regulatory motifs in osteogenic gene promoters integrate cooperative effects of canonical Wnt and BMP pathways,Mus musculus,mm10,chr13,114453916,114454191,Smad1; Smad4; Tcf4,Msx2,Enhancer,Active,Normal,,,,Skeletal muscle,UBERON:0001134,C2C12,CVCL_0188,myoblast,CL:0000187,Enhancer activity assay, TF binding assay,,Luciferase Reporter Assay, ChIP-RT-qPCR, RT-RT-qPCR
2011,20878775,Conserved regulatory motifs in osteogenic gene promoters integrate cooperative effects of canonical Wnt and BMP pathways,Mus musculus,mm10,chr13,114453916,114454191,Smad1; Smad4; Tcf4,Msx2,Enhancer,Active,Normal,,,,Bone,UBERON:0001474,MC3T3-E1,CVCL_0D73,osteoblast,CL:0000062,Enhancer activity assay, TF binding assay,,Luciferase Reporter Assay, ChIP-RT-qPCR, RT-RT-qPCR
2011,20878775,Conserved regulatory motifs in osteogenic gene promoters integrate cooperative effects of canonical Wnt and BMP pathways,Mus musculus,mm10,chr17,44819323,44819541,Smad1; Smad4; Tcf4,Runx2,Enhancer,Active,Normal,,,,Skeletal muscle,UBERON:0001134,C2C12,CVCL_0188,myoblast,CL:0000187,Enhancer activity assay, TF binding assay,,Luciferase Reporter Assay, ChIP-RT-qPCR, RT-RT-qPCR, Western blot
2011,20878775,Conserved regulatory motifs in osteogenic gene promoters integrate cooperative effects of canonical Wnt and BMP pathways,Mus musculus,mm10,chr17,44819323,44819541,Smad1; Smad4; Tcf4,Runx2,Enhancer,Active,Normal,,,,Bone,UBERON:0001474,MC3T3-E1,CVCL_0D73,osteoblast,CL:0000062,Enhancer activity assay, TF binding assay,,Luciferase Reporter Assay, ChIP-RT-qPCR, RT-RT-qPCR, Western blot
2011,20878775,Conserved regulatory motifs in osteogenic gene promoters integrate cooperative effects of canonical Wnt and BMP pathways,Mus musculus,mm10,chr17,44819323,44819541,Smad1; Smad4; Tcf4,Runx2,Enhancer,Active,Normal,,,,Bone marrow,UBERON:0002371,BM-MSC,,mesenchymal stem cell,CL:0000134,Enhancer activity assay, TF binding assay,,Luciferase Reporter Assay, ChIP-RT-qPCR, RT-RT-qPCR, Western blot
2010,20042469,c-Maf activates the promoter and enhancer of the IL-21 gene, and TGF-?|?? inhibits c-Maf-induced IL-21 production in CD4+ T cells,Mus musculus,mm10,chr3,2931,3443,C-Maf; Foxp3,Il21,Enhancer,Silenced,Normal,,,,Lymph node,UBERON:0000029,CD4+ T,,CD4-positive T cell,CL:0000624,Enhancer activity assay, TF binding assay, Functional perturbation assay,,Luciferase Reporter Assay, ChIP-RT-qPCR, RT-RT-qPCR, Western blot, Flow Cytometry, Coimmunoprecipitation
2010,20042469,c-Maf activates the promoter and enhancer of the IL-21 gene, and TGF-?|?? inhibits c-Maf-induced IL-21 production in CD4+ T cells,Mus musculus,mm10,chr3,2931,3443,C-Maf; Foxp3,Il21,Enhancer,Active,Disease,T-cell lymphoma,MONDO:0005114,DOID:0050747,Lymph node,UBERON:0000029,EL4,CVCL_0255,T lymphoma cell,CL:0000084,Enhancer activity assay, TF binding assay, Functional perturbation assay,,Luciferase Reporter Assay, ChIP-RT-qPCR, RT-RT-qPCR, Western blot, Flow Cytometry, Coimmunoprecipitation
2010,20042469,c-Maf activates the promoter and enhancer of the IL-21 gene, and TGF-?|?? inhibits c-Maf-induced IL-21 production in CD4+ T cells,Mus musculus,mm10,chr3,2931,3443,C-Maf; Foxp3,Il21,Enhancer,Silenced,Normal,,,,Embryonic Kidney,UBERON:0002113,293T,CVCL_0063,embryonic kidney cell,CL:0002139,Enhancer activity assay, TF binding assay, Functional perturbation assay,,Luciferase Reporter Assay, ChIP-RT-qPCR, RT-RT-qPCR, Western blot, Flow Cytometry, Coimmunoprecipitation
2014,25321476,Identification and characterization of the novel Col10a1 regulatory mechanism during chondrocyte hypertrophic differentiation,Mus musculus,mm10,chr10,4147,4296,Runx2,Col10A1,Enhancer,Active,Normal,,,,Limb bud,UBERON:0005417,Hypertrophic chondrocytes,,hypertrophic chondrocyte,CL:0000138,Enhancer activity assay, TF binding assay,,Transgenic Reporter Assay, EMSA, ChIP-RT-qPCR, RT-RT-qPCR
2014,25321476,Identification and characterization of the novel Col10a1 regulatory mechanism during chondrocyte hypertrophic differentiation,Mus musculus,mm10,chr10,128347441,128347590,Runx2,Col10A1,Enhancer,Active,Normal,,,,Limb bud,UBERON:0005417,Hypertrophic chondrocytes,,hypertrophic chondrocyte,CL:0000138,Enhancer activity assay, TF binding assay,,Transgenic Reporter Assay, EMSA, ChIP-RT-qPCR, RT-RT-qPCR
2011,21859967,Runx2 Contributes to Murine Col10a1 Gene Regulation Through Direct Interaction With Its Cis-Enhancer,Mus musculus,mm10,chr10,12845732,12845743,Runx2,Col10A1,Enhancer,Active,Normal,,,,Cartilage,UBERON:0002418,Hypertrophic MCT chondrocytes,,hypertrophic chondrocyte,CL:0000138,TF binding assay,,EMSA
2005,15798207,Long-Range Interactions between Three Transcriptional Enhancers, Active VGene Promoters, and a 3Boundary Sequence Spanning 46 Kilobases,Mus musculus,mm10,chr6,70500000,70500100,E47,Igk,Enhancer,Active,Disease,plasmacytoma,MONDO:0005086,DOID:1324,Blood,UBERON:0000178,MPC-11 cells,CVCL_UE61,plasmacytoma cell,CL:0000945,Chromatin interaction assay, TF binding assay,3C-seq,ChIP-RT-qPCR
2005,15798207,Long-Range Interactions between Three Transcriptional Enhancers, Active VGene Promoters, and a 3Boundary Sequence Spanning 46 Kilobases,Mus musculus,mm10,chr6,70500000,70500100,E47,Igk,Enhancer,Active,Normal,,,,Blood,UBERON:0000178,Primary B cells,,B cell,CL:0000945,Chromatin interaction assay, TF binding assay,3C-seq,ChIP-RT-qPCR
2005,15798207,Long-Range Interactions between Three Transcriptional Enhancers, Active VGene Promoters, and a 3Boundary Sequence Spanning 46 Kilobases,Mus musculus,mm10,chr6,70522000,70522100,E47,Igk,Enhancer,Active,Disease,plasmacytoma,MONDO:0005086,DOID:1324,Blood,UBERON:0000178,MPC-11 cells,CVCL_UE61,plasmacytoma cell,CL:0000945,Chromatin interaction assay, TF binding assay,3C-seq,ChIP-RT-qPCR
2005,15798207,Long-Range Interactions between Three Transcriptional Enhancers, Active VGene Promoters, and a 3Boundary Sequence Spanning 46 Kilobases,Mus musculus,mm10,chr6,70522000,70522100,E47,Igk,Enhancer,Active,Normal,,,,Blood,UBERON:0000178,Primary B cells,,B cell,CL:0000945,Chromatin interaction assay, TF binding assay,3C-seq,ChIP-RT-qPCR
2005,15798207,Long-Range Interactions between Three Transcriptional Enhancers, Active VGene Promoters, and a 3Boundary Sequence Spanning 46 Kilobases,Mus musculus,mm10,chr6,70546000,70546100,E47,Igk,Enhancer,Active,Disease,plasmacytoma,MONDO:0005086,DOID:1324,Blood,UBERON:0000178,MPC-11 cells,CVCL_UE61,plasmacytoma cell,CL:0000945,Chromatin interaction assay, TF binding assay,3C-seq,ChIP-RT-qPCR
2005,15798207,Long-Range Interactions between Three Transcriptional Enhancers, Active VGene Promoters, and a 3Boundary Sequence Spanning 46 Kilobases,Mus musculus,mm10,chr6,70546000,70546100,E47,Igk,Enhancer,Active,Normal,,,,Blood,UBERON:0000178,Primary B cells,,B cell,CL:0000945,Chromatin interaction assay, TF binding assay,3C-seq,ChIP-RT-qPCR
2019,31636200,Long-range Pitx2c enhancer-promoter interactions prevent predisposition to atrial fibrillation,Mus musculus,mm10,chr9,119540800,119544032,,Scn5A,Enhancer,Active,Normal,,,,Heart,UBERON:0000948,Cardiomyocyte,,cardiomyocyte,CL:0000746,Enhancer activity assay,,Transgenic Reporter Assay
2019,31636200,Long-range Pitx2c enhancer-promoter interactions prevent predisposition to atrial fibrillation,Mus musculus,mm10,chr9,119378051,119379479,,Scn5A,Enhancer,Active,Normal,,,,Heart,UBERON:0000948,Cardiomyocyte,,cardiomyocyte,CL:0000746,Enhancer activity assay,,Transgenic Reporter Assay
2017,28087634,Genome-wide identification of regulatory elements in Sertoli cells,Mus musculus,mm10,chr11,112638000,112639300,,Sox9,Enhancer,Active,Normal,,,,Testis,UBERON:0000473,Sertoli cells,,Sertoli cell,CL:0000216,Enhancer activity assay,DNase-seq,Transgenic Reporter Assay
2017,27920250,Renal Anemia Model Mouse Established by Transgenic Rescue with Erythropoietin Gene Lacking Kidney-specific Regulatory Elements,Mus musculus,mm10,chr5,135082600,135096400,,Epo,Enhancer,Active,Normal,,,,Kidney,UBERON:0002113,Renal EPO-producing cells,,renal erythropoietin-producing cell,CL:0000647,Functional perturbation assay,,Transgenic Reporter Assay
2016,27920250,Renal Anemia Model Mouse Established by Transgenic Rescue with Erythropoietin Gene Lacking Kidney-specific Regulatory Elements,Mus musculus,mm10,chr5,137512712,137526512,,Epo,Enhancer,Active,Normal,,,,Kidney,UBERON:0002113,Renal EPO-producing cells,,renal erythropoietin-producing cell,CL:0000647,Enhancer activity assay,,Transgenic Reporter Assay, RT-RT-qPCR
2016,27920250,Renal Anemia Model Mouse Established by Transgenic Rescue with Erythropoietin Gene Lacking Kidney-specific Regulatory Elements,Mus musculus,mm10,chr5,137512712,137518112,,Epo,Enhancer,Active,Normal,,,,Kidney,UBERON:0002113,Renal EPO-producing cells,,renal erythropoietin-producing cell,CL:0000647,Enhancer activity assay,,Transgenic Reporter Assay
2016,27920250,Renal Anemia Model Mouse Established by Transgenic Rescue with Erythropoietin Gene Lacking Kidney-specific Regulatory Elements,Mus musculus,mm10,chr5,137518112,137521712,,Epo,Enhancer,Active,Normal,,,,Kidney,UBERON:0002113,Renal EPO-producing cells,,renal erythropoietin-producing cell,CL:0000647,Enhancer activity assay,,Transgenic Reporter Assay
2016,27920250,Renal Anemia Model Mouse Established by Transgenic Rescue with Erythropoietin Gene Lacking Kidney-specific Regulatory Elements,Mus musculus,mm10,chr5,137526512,137530112,,Epo,Enhancer,Active,Normal,,,,Kidney,UBERON:0002113,Renal EPO-producing cells,,renal erythropoietin-producing cell,CL:0000647,Enhancer activity assay,,Transgenic Reporter Assay, RT-RT-qPCR
2015,25548254,A novel Cd8-cis-regulatory element preferentially directs expression in CD44hiCD62L+ CD8+ T cells and in CD8aa+ dendritic cells,Mus musculus,mm10,chr6,71252310,71308680,Runx3,Hcd2,Enhancer,Active,Normal,,,,Blood,UBERON:0000178,Effector memory CD8+ T cells,,effector memory CD8+ T cell,CL:0000625,Enhancer activity assay, TF binding assay,,Transgenic Reporter Assay, ChIP-RT-qPCR
2015,25548254,A novel Cd8-cis-regulatory element preferentially directs expression in CD44hiCD62L+ CD8+ T cells and in CD8aa+ dendritic cells,Mus musculus,mm10,chr6,71272801,71273297,Bcl11B,Cd8A,Enhancer,Active,Normal,,,,Blood,UBERON:0000178,Effector memory CD8+ T cells,,effector memory CD8+ T cell,CL:0000625,Enhancer activity assay, TF binding assay,,Transgenic Reporter Assay, ChIP-RT-qPCR, RT-RT-qPCR
2015,25548254,A novel Cd8-cis-regulatory element preferentially directs expression in CD44hiCD62L+ CD8+ T cells,Mus musculus,mm10,chr6,71275200,71275697,Runx3,Cd8A,Enhancer,Active,Normal,,,,Blood,UBERON:0000178,CD8+ T cells,,CD8-positive T cell,CL:0000625,Enhancer activity assay, TF binding assay,,Transgenic Reporter Assay, ChIP-RT-qPCR
2016,26808502,Lineage-affiliated transcription factors bind the Gata3 Tce1 enhancer to mediate lineage-specific programs,Mus musculus,mm10,chr2,9515156,9516356,,Gata3,Enhancer,Active,Normal,,,,Thymus,UBERON:0002370,Thymocytes,,thymocyte,CL:0000893,Enhancer activity assay,,Transgenic reporter assay
2011,21859967,Runx2 Contributes to Murine Col10a1 Gene Regulation Through Direct Interaction With Its Cis-Enhancer,Mus musculus,mm10,chr10,12845723,12845872,,Col10A1,Enhancer,Active,Normal,,,,Cartilage,UBERON:0002418,Hypertrophic MCT chondrocytes,,hypertrophic chondrocyte,CL:0000138,Enhancer activity assay,,Transgenic Reporter Assay
2007,17715390,Tissue-specific histone modification and transcription factor binding in alpha globin gene expression,Mus musculus,mm10,chr11,3217000,3222000,,Hba1,Enhancer,Active,Normal,,,,Bone Marrow,UBERON:0002371,Primary Murine Erythroblasts,,erythroblast,CL:0000765,Enhancer activity assay, TF binding assay,ChIP-chip,ChIP-RT-qPCR, RT-RT-qPCR
2007,17715390,Tissue-specific histone modification and transcription factor binding in alpha globin gene expression,Mus musculus,mm10,chr11,3222000,3227000,,Hba1,Enhancer,Active,Normal,,,,Bone Marrow,UBERON:0002371,Primary Mur,,,,,,qRT-PCR, and ChIP-qPCR
1991,1827138,Cloning of Murine TCF-1, a T Cell-specific Transcription Factor Interacting with Functional Motifs in the CD3-E and T Cell Receptor alpha Enhancers,Mus musculus,mm10,chr11,105000000,105000100,Tcf7,Cd3E,Enhancer,Active,Normal,,,,Blood,UBERON:0000178,EL4 cells,CVCL_0255,T lymphoma cell,CL:0000084,Enhancer activity assay, TF binding assay,,EMSA, Luciferase Reporter Assay
1991,1827138,Cloning of Murine TCF-1, a T Cell-specific Transcription Factor Interacting with Functional Motifs in the CD3-E and T Cell Receptor alpha Enhancers,Mus musculus,mm10,chr14,54000000,54000100,Tcf7,Tcra,Enhancer,Active,Normal,,,,Blood,UBERON:0000178,EL4 cells,CVCL_0255,T lymphoma cell,CL:0000084,Enhancer activity assay, TF binding assay,,EMSA, Luciferase Reporter Assay
2007,17715390,Tissue-specific histone modification and transcription factor binding in alpha globin gene expression,Mus musculus,mm10,chr11,3222000,3227000,,Hba1,Enhancer,Active,Normal,,,,Bone Marrow,UBERON:0002371,Primary Murine Erythroblasts,,erythroblast,CL:0000765,Enhancer activity assay, TF binding assay,ChIP-chip,ChIP-RT-qPCR, RT-RT-qPCR
2007,17715390,Tissue-specific histone modification and transcription factor binding in alpha globin gene expression,Mus musculus,mm10,chr11,3231000,3236000,,Hba1,Enhancer,Active,Normal,,,,Bone Marrow,UBERON:0002371,Primary Murine Erythroblasts,,erythroblast,CL:0000765,Enhancer activity assay, TF binding assay,ChIP-chip,ChIP-RT-qPCR, RT-RT-qPCR
2007,17715390,Tissue-specific histone modification and transcription factor binding in alpha globin gene expression,Mus musculus,mm10,chr11,3235000,3240000,,Hba1,Enhancer,Active,Normal,,,,Bone Marrow,UBERON:0002371,Primary Murine Erythroblasts,,erythroblast,CL:0000765,Enhancer activity assay, TF binding assay,ChIP-chip,ChIP-RT-qPCR, RT-RT-qPCR
1992,1429727,Immunoglobulin K Gene Enhancers Synergistically Activate Gene Expression but Independently Determine Chromatin Structure,Mus musculus,mm10,chr6,70989543,70989643,,Igkc,Enhancer,Active,Disease,plasmacytoma,MONDO:0005086,DOID:1324,Blood,UBERON:0000178,S194 plasmacytoma cells,CVCL_V125,plasmacytoma cell,CL:0000945,Functional perturbation assay,,RT-RT-qPCR
1992,1429727,Immunoglobulin K Gene Enhancers Synergistically Activate Gene Expression but Independently Determine Chromatin Structure,Mus musculus,mm10,chr6,70999043,70999143,,Igkc,Enhancer,Active,Disease,plasmacytoma,MONDO:0005086,DOID:1324,Blood,UBERON:0000178,S194 plasmacytoma cells,CVCL_V125,plasmacytoma cell,CL:0000945,Functional perturbation assay,,RT-RT-qPCR
2011,21331042,Tbx6-dependent Sox2 regulation determines neural or mesodermal fate in axial stem cells,Mus musculus,mm10,chr3,34668443,34668497,,Sox2,Enhancer,Active,Normal,,,,Embryo,UBERON:0000922,Mouse embryonic tissue,,embryonic cell,CL:0000000,Enhancer activity assay,,Transgenic Reporter Assay, Site-directed Mutagenesis, in situ Hybridization
2019,31773374,The wmN1 Enhancer Region of the Mouse Myelin Proteolipid Protein Gene (mPlp1) is Indispensable for Expression of an mPlp1-lacZ Transgene in Both the CNS and PNS,Mus musculus,mm10,chrX,100581771,100582950,,Plp1,Enhancer,Active,Normal,,,,Brain,UBERON:0000955,Oligodendrocytes,,oligodendrocyte,CL:0000128,Enhancer activity assay, Functional perturbation assay,,Transgenic Reporter Assay, Cre-loxP Mediated Knockout, ?|??-Galactosidase Enzyme Assay, X-gal Staining, Immunohistochemistry
2019,31773374,The wmN1 Enhancer Region of the Mouse Myelin Proteolipid Protein Gene (mPlp1) is Indispensable for Expression of an mPlp1-lacZ Transgene in Both the CNS and PNS,Mus musculus,mm10,chrX,100581771,100582950,,Plp1,Enhancer,Active,Normal,,,,Brain,UBERON:0000955,Oligodendrocyte Precursor,,oligodendrocyte precursor cell,CL:0002453,Enhancer activity assay, Functional perturbation assay,,Transgenic Reporter Assay, Cre-loxP Mediated Knockout, ?|??-Galactosidase Enzyme Assay, X-gal Staining, Immunohistochemistry
2019,31773374,The wmN1 Enhancer Region of the Mouse Myelin Proteolipid Protein Gene (mPlp1) is Indispensable for Expression of an mPlp1-lacZ Transgene in Both the CNS and PNS,Mus musculus,mm10,chrX,100581771,100582950,,Plp1,Enhancer,Active,Normal,,,,Brain,UBERON:0000955,Olfactory Ensheathing,,olfactory ensheathing cell,CL:0002023,Enhancer activity assay, Functional perturbation assay,,Transgenic Reporter Assay, Cre-loxP Mediated Knockout, ?|??-Galactosidase Enzyme Assay, X-gal Staining, Immunohistochemistry
2019,31773374,The wmN1 Enhancer Region of the Mouse Myelin Proteolipid Protein Gene (mPlp1) is Indispensable for Expression of an mPlp1-lacZ Transgene in Both the CNS and PNS,Mus musculus,mm10,chrX,100581771,100582950,,Plp1,Enhancer,Active,Normal,,,,Brain,UBERON:0000955,Schwann,,Schwann cell,CL:0002573,Enhancer activity assay, Functional perturbation assay,,Transgenic Reporter Assay, Cre-loxP Mediated Knockout, ?|??-Galactosidase Enzyme Assay, X-gal Staining, Immunohistochemistry
2019,31773374,The wmN1 Enhancer Region of the Mouse Myelin Proteolipid Protein Gene (mPlp1) is Indispensable for Expression of an mPlp1-lacZ Transgene in Both the CNS and PNS,Mus musculus,mm10,chrX,100581771,100582950,,Plp1,Enhancer,Active,Normal,,,,Brain,UBERON:0000955,Neurons,,neuron,CL:0000540,Enhancer activity assay, Functional perturbation assay,,Transgenic Reporter Assay, Cre-loxP Mediated Knockout, ?|??-Galactosidase Enzyme Assay, X-gal Staining, Immunohistochemistry
2015,26595656,Stimulus-specific combinatorial functionality of neuronal c-fos enhancers,Mus musculus,mm10,chr12,85427000,85427500,Creb,Fos,Enhancer,Active,Normal,,,,Cerebral cortex,UBERON:0000956,Cortical neurons,,cortical neuron,CL:0000540,Enhancer activity assay, TF binding assay, Chromatin interaction assay,ChIP-seq, RNA-seq,Luciferase Reporter Assay, 3C, ChIP-RT-qPCR, CRISPRi
2015,26595656,Stimulus-specific combinatorial functionality of neuronal c-fos enhancers,Mus musculus,mm10,chr12,85428000,85428500,Mef2A,Fos,Enhancer,Active,Normal,,,,Cerebral cortex,UBERON:0000956,Cortical neurons,,cortical neuron,CL:0000540,Enhancer activity assay, TF binding assay, Chromatin interaction assay,ChIP-seq, RNA-seq,Luciferase Reporter Assay, 3C, ChIP-RT-qPCR, CRISPRi
2015,26595656,Stimulus-specific combinatorial functionality of neuronal c-fos enhancers,Mus musculus,mm10,chr12,85429000,85429500,Srf,Fos,Enhancer,Active,Normal,,,,Cerebral cortex,UBERON:0000956,Cortical neurons,,cortical neuron,CL:0000540,Enhancer activity assay, TF binding assay, Chromatin interaction assay,ChIP-seq, RNA-seq,Luciferase Reporter Assay, 3C, ChIP-RT-qPCR, CRISPRi
2015,26595656,Stimulus-specific combinatorial functionality of neuronal c-fos enhancers,Mus musculus,mm10,chr12,85471518,85475098,Creb,Fos,Enhancer,Active,Normal,,,,Brain,UBERON:0000955,Primary mouse cortical neurons,,cortical neuron,CL:0000540,Enhancer activity assay,ChIP-seq, RNA-seq,Luciferase Reporter Assay, CRISPRi, 3C, RT-RT-qPCR
2015,26595656,Stimulus-specific combinatorial functionality of neuronal c-fos enhancers,Mus musculus,mm10,chr12,85499955,85504319,Creb,Fos,Enhancer,Active,Normal,,,,Brain,UBERON:0000955,Primary mouse cortical neurons,,cortical neuron,CL:0000540,Enhancer activity assay,ChIP-seq, RNA-seq,Luciferase Reporter Assay, CRISPRi, 3C, RT-RT-qPCR
2017,28575289,MyoD- and FoxO3-mediated hotspot interaction orchestrates super-enhancer activity during myogenic differentiation,Mus musculus,mm10,chr1,136179600,136180045,Foxo3,Myog,Enhancer,Active,Normal,,,,Skeletal muscle,UBERON:0001134,C2C12,CVCL_0188,myoblast,CL:0000187,Enhancer activity assay,ChIP-seq,Luciferase Reporter Assay, CRISPR Knockout
2020,32991581,NFIA differentially controls adipogenic and myogenic gene program through distinct pathways to ensure brown and beige adipocyte differentiation,Mus musculus,mm10,chr3,3109577,3110077,Nfia,Pparg,Enhancer,Active,Normal,,,,Adipose tissue,UBERON:0001013,C2C12 myoblast,CVCL_0188,myoblast,CL:0000187,Enhancer activity assay, TF binding assay,FAIRE-seq, ChIP-seq, RNA-seq,ChIP-RT-qPCR, FAIRE-RT-qPCR, CRISPRi, Luciferase Reporter Assay
2017,29224777,YY1 Is a Structural Regulator of Enhancer-Promoter Loops,Mus musculus,mm10,chr6,115598005,115604631,Yy1,Raf1,Enhancer,Active,Normal,,,,Embryo,UBERON:0000922,mESC,,mouse embryonic stem cell,CL:0002322,Chromatin interaction assay, Functional perturbation assay,ChIP-seq, Hi-C,CRISPR Knockout, 4C-seq, RT-RT-qPCR
2017,29224777,YY1 Is a Structural Regulator of Enhancer-Promoter Loops,Mus musculus,mm10,chr6,115598005,115604631,Yy1,Raf1,Enhancer,Active,Normal,,,,Embryo,UBERON:0000922,Embryonic stem cell,,embryonic stem cell,CL:0002322,Chromatin interaction assay, Functional perturbation assay,ChIP-seq, Hi-C,CRISPR Knockout, 4C-seq, RT-RT-qPCR
2025,39626660,Long-range regulation of transcription scales with genomic distance in a gene-specific manner,Mus musculus,mm10,chr5,98716000,98718000,,Fgf5,Enhancer,Active,Normal,,,,Embryo,UBERON:0000922,mESCs,,mouse embryonic stem cell,CL:0002322,Enhancer activity assay, Functional perturbation assay, Chromatin interaction assay,ChIP-seq, RNA-seq, ORCA, ATAC-seq,CRISPRa, RT-RT-qPCR, ChIP-RT-qPCR
2016,27852806,SBE6: a novel long-range enhancer involved in driving sonic hedgehog expression in neural progenitor cells,Mus musculus,mm10,chr5,28889688,28890461,Six3,Shh,Enhancer,Active,Normal,,,,Nervous system,UBERON:0001016,Neural progenitor,,neural progenitor cell,CL:0002672,Enhancer activity assay, Functional perturbation assay,ChIP-seq, RNA-seq,CRISPR Knockout, Transgenic Reporter Assay
2017,27986456,Isoform-specific expression and feedback regulation of E protein TCF4 control dendritic cell lineage specification,Mus musculus,mm10,chr19,45700000,45702000,Tcf4,Tcf4,Enhancer,Active,Normal,,,,Bone marrow,UBERON:0002371,Plasmacytoid dendritic cell (pDC),,plasmacytoid dendritic cell,CL:0000786,Functional perturbation assay,ATAC-seq, ChIP-seq,CRISPR Knockout, RT-RT-qPCR
2017,28575289,MyoD- and FoxO3-mediated hotspot interaction orchestrates super-enhancer activity during myogenic differentiation,Mus musculus,mm10,chr1,136188400,136188845,Myod,Myog,Enhancer,Active,Normal,,,,Skeletal muscle,UBERON:0001134,C2C12,CVCL_0188,myoblast,CL:0000187,Functional perturbation assay,ChIP-seq,CRISPR Knockout, RT-RT-qPCR
2016,27867070,The Shh Topological Domain Facilitates the Action of Remote Enhancers by Reducing the Effects of Genomic Distances,Mus musculus,mm10,chr14,97485490,97486674,,Shh,Enhancer,Silenced,Normal,,,,Limb bud,UBERON:0005417,Mouse E14 ESCs,CVCL_2167,mouse embryonic stem cell,CL:0002322,Enhancer activity assay, Functional perturbation assay, Genome rearrangement assay,,LacZ transgenic reporter assay, Cre-loxP genome rearrangement, RT-RT-qPCR, Whole-mount in situ hybridization, Skeletal preparation
2016,27867070,The Shh Topological Domain Facilitates the Action of Remote Enhancers by Reducing the Effects of Genomic Distances,Mus musculus,mm10,chr14,97485490,97486674,,Shh,Enhancer,Silenced,Normal,,,,Limb bud,UBERON:0005417,E11.5 embryonic limb bud cells,,limb bud cell,CL:0000000,Enhancer activity assay, Functional perturbation assay, Genome rearrangement assay,,LacZ transgenic reporter assay, Cre-loxP genome rearrangement, RT-RT-qPCR, Whole-mount in situ hybridization, Skeletal preparation
2011,21887706,Runx2 Contributes to Murine Col10a1 Gene Regulation Through Direct Interaction With Its Cis-Enhancer,Mus musculus,mm10,chr10,12845744,12845755,Runx2,Col10A1,Enhancer,Active,Normal,,,,Cartilage,UBERON:0002418,Hypertrophic MCT chondrocytes,,hypertrophic chondrocyte,CL:0000138,TF binding assay,,EMSA
2011,21673114,Combinatorial regulation of photoreceptor differentiation factor, neural retina leucine zipper gene NRL, revealed by in vivo promoter analysis,Mus musculus,mm10,chr11,75210600,75210904,,Nrl,Enhancer,Active,Normal,,,,Retina,UBERON:0000966,Primary Retinal Cells,,retinal cell,CL:0000540,TF binding assay,,EMSA
2011,20878775,Conserved Regulatory Motifs in Osteogenic Gene Promoters Integrate Cooperative Effects of Canonical Wnt and BMP Pathways,Mus musculus,mm10,chr14,52100000,52101066,,Dlx5,Enhancer,Active,Normal,,,,Skeletal muscle,UBERON:0001134,C2C12,CVCL_0188,myoblast,CL:0000187,Enhancer activity assay,,Luciferase Reporter Assay
2011,20878775,Conserved Regulatory Motifs in Osteogenic Gene Promoters Integrate Cooperative Effects of Canonical Wnt and BMP Pathways,Mus musculus,mm10,chr13,11003340,11003615,,Msx2,Enhancer,Active,Normal,,,,Skeletal muscle,UBERON:0001134,C2C12,CVCL_0188,myoblast,CL:0000187,Enhancer activity assay,,Luciferase Reporter Assay
2011,20878775,Conserved Regulatory Motifs in Osteogenic Gene Promoters Integrate Cooperative Effects of Canonical Wnt and BMP Pathways,Mus musculus,mm10,chr17,45201170,45201388,,Runx2,Enhancer,Active,Normal,,,,Skeletal muscle,UBERON:0001134,C2C12,CVCL_0188,myoblast,CL:0000187,Enhancer activity assay,,Luciferase Reporter Assay
2011,21464046,Nkx2-5 Represses Gata1 Gene Expression and Modulates the Cellular Fate of Cardiac Progenitors during Embryogenesis,Mus musculus,mm10,chrX,10068000,10071900,,Gata1,Enhancer,Silenced,Normal,,,,Heart,UBERON:0000948,ES cells,,embryonic stem cell,CL:0002322,Enhancer activity assay,RNA-seq,Luciferase Reporter Assay
2010,20042469,c-Maf activates the promoter and enhancer of the IL-21 gene, and TGF-beta inhibits c-Maf-induced IL-21 production in CD4+ T cells,Mus musculus,mm10,chr3,90505451,90505963,,Il21,Enhancer,Active,Normal,,,,Blood,UBERON:0000178,CD4+ T cell,,CD4-positive T cell,CL:0000624,Enhancer activity assay,,Luciferase Reporter Assay
2011,21652712,Suppression of the Pancreatic Duodenal Homeodomain Transcription Factor-1 (Pdx-1) Promoter by Sterol Regulatory Element-binding Protein-1c (SREBP-1c),Mus musculus,mm10,chr5,147228000,147228250,,Pdx1,Enhancer,Silenced,Normal,,,,Pancreatic islet,UBERON:0001264,INS-1,CVCL_0352,pancreatic beta cell,CL:0000169,Enhancer activity assay,,Luciferase Reporter Assay
2011,21652712,Suppression of the Pancreatic Duodenal Homeodomain Transcription Factor-1 (Pdx-1) Promoter by Sterol Regulatory Element-binding Protein-1c (SREBP-1c),Mus musculus,mm10,chr5,147228000,147228250,,Pdx1,Enhancer,Silenced,Normal,,,,Pancreatic islet,UBERON:0001264,HIT,CVCL_0294,pancreatic beta cell,CL:0000169,Enhancer activity assay,,Luciferase Reporter Assay
2011,21652712,Suppression of the Pancreatic Duodenal Homeodomain Transcription Factor-1 (Pdx-1) Promoter by Sterol Regulatory Element-binding Protein-1c (SREBP-1c),Mus musculus,mm10,chr5,147228000,147228250,,Pdx1,Enhancer,Silenced,Disease,hepatocellular carcinoma,MONDO:0007256,DOID:684,Liver,UBERON:0002107,HepG2,CVCL_0027,hepatocellular carcinoma cell,CL:0000182,Enhancer activity assay,,Luciferase Reporter Assay
2011,21549805,Differential regulation of sense and antisense promoter activity at the Csf1R locus in B cells by the transcription factor PAX5,Mus musculus,mm10,chr18,60725000,60725403,,Csf1R,Enhancer,Active,Normal,,,,Bone marrow,UBERON:0002371,38B9,CVCL_UE53,pre-B cell,CL:0000945,Enhancer activity assay,,Luciferase Reporter Assay
2011,21549805,Differential regulation of sense and antisense promoter activity at the Csf1R locus in B cells by the transcription factor PAX5,Mus musculus,mm10,chr18,60725000,60725403,,Csf1R,Enhancer,Active,Disease,B-cell lymphoma,MONDO:0005029,DOID:164,Bone marrow,UBERON:0002371,A20,CVCL_1940,B cell lymphoma cell,CL:0000945,Enhancer activity assay,,Luciferase Reporter Assay
2011,21549805,Differential regulation of sense and antisense promoter activity at the Csf1R locus in B cells by the transcription factor PAX5,Mus musculus,mm10,chr18,60725000,60725403,,Csf1R,Enhancer,Active,Normal,,,,Bone marrow,UBERON:0002371,Pro-B Cells,,pro-B cell,CL:0000945,Enhancer activity assay,,Luciferase Reporter Assay
2000,11395135,Identification and characterization of two CD40-inducible enhancers in the mouse TRAF1 gene locus,Mus musculus,mm10,chr9,19188000,19188100,Nfkb1,Traf1,Enhancer,Active,Disease,B-cell lymphoma,MONDO:0005029,DOID:164,Blood,UBERON:0000178,M12 B cells,,B cell lymphoma cell,CL:0000945,Enhancer activity assay, TF binding assay,,Luciferase Reporter Assay, EMSA, RT-RT-qPCR
2025,40866336,CFP1 promotes germinal center affinity maturation and restrains memory B cell differentiation through H3K4me3 modulation,Mus musculus,mm10,chr16,24132522,24174993,Mef2B,Bcl6,Enhancer,Active,Normal,,,,Spleen,UBERON:0002106,Germinal center B cells,,germinal center B cell,CL:0000945,Chromatin interaction assay, Functional perturbation assay,3C-seq, RNA-seq, ChIP-seq,3C-RT-qPCR, qRT-PCR, Western blot
2020,32991581,NFIA differentially controls adipogenic and myogenic gene program through distinct pathways to ensure brown and beige adipocyte differentiation,Mus musculus,mm10,chr8,83360000,83360500,Nfia; Ppar?|??,Ucp1,Enhancer,Active,Normal,,,,Adipose tissue,UBERON:0001013,C2C12 myoblast,CVCL_0188,myoblast,CL:0000187,TF binding assay, Enhancer activity assay,ChIP-seq, RNA-seq,ChIP-RT-qPCR, Luciferase Reporter Assay, RT-RT-qPCR
2011,21566115,A distal enhancer in Il12b is the target of transcriptional repression by the STAT3 pathway and requires the basic leucine zipper (B-ZIP) protein NFIL3,Mus musculus,mm10,chr11,44203400,44203700,Nfil3,Il12B,Enhancer,Silenced,Normal,,,,Bone marrow,UBERON:0002371,BMDM,,macrophage,CL:0000235,Enhancer activity assay, TF binding assay,,Luciferase Reporter Assay, ChIP-RT-qPCR, EMSA, RT-RT-qPCR
2009,19041414,Smad3 activates the Sox9-dependent transcription on chromatin,Mus musculus,mm10,chr15,98750000,98750480,Sox9,Col2A1,Enhancer,Active,Disease,chondrosarcoma,MONDO:0005172,DOID:3369,Cartilage,UBERON:0002418,SW1353 chondrosarcoma cells,CVCL_0543,chondrosarcoma cell,CL:0000138,Enhancer activity assay, TF binding assay,,Luciferase Reporter Assay, EMSA, In vitro transcription assay
2008,19141476,Dynamic regulation of Pdx1 enhancers by Foxa1 and Foxa2 is essential for pancreas development,Mus musculus,mm10,chr5,145326114,145328962,Foxa1,Pdx1,Enhancer,Active,Normal,,,,Pancreas,UBERON:0001264,Fetal pancreatic,,pancreatic epithelial cell,CL:0002078,TF binding assay,ChIP-seq,ChIP-RT-qPCR
2011,21487009,Mouse Rankl Expression Is Regulated in T Cells by c-Fos through a Cluster of Distal Regulatory Enhancers Designated the T Cell Control Region,Mus musculus,mm10,chr14,77150408,77152161,,Rankl,Enhancer,Active,Disease,T-cell acute lymphoblastic leukemia,MONDO:0004947,DOID:0050890,Blood,UBERON:0000178,Jurkat cells,CVCL_0065,T lymphoblast,CL:0002419,Enhancer activity assay,,Luciferase Reporter Assay
2011,21566115,A Distal Enhancer in Il12b Is the Target of Transcriptional Repression by the STAT3 Pathway and Requires the Basic Leucine Zipper Protein NFIL3,Mus musculus,mm10,chr11,44203545,44203644,Nfil3,Il12B,Enhancer,Silenced,Normal,,,,Bone marrow,UBERON:0002371,BMDM,,macrophage,CL:0000235,Enhancer activity assay, TF binding assay, Functional perturbation assay,,Luciferase Reporter Assay, ChIP-RT-qPCR, EMSA, RT-RT-qPCR
2011,21566115,A Distal Enhancer in Il12b Is the Target of Transcriptional Repression by the STAT3 Pathway and Requires the Basic Leucine Zipper Protein NFIL3,Mus musculus,mm10,chr11,44203545,44203644,Nfil3,Il12B,Enhancer,Silenced,Normal,,,,Bone marrow,UBERON:0002371,PDM,,macrophage,CL:0000235,Enhancer activity assay, TF binding assay, Functional perturbation assay,,Luciferase Reporter Assay, ChIP-RT-qPCR, EMSA, RT-RT-qPCR
2011,21566115,A Distal Enhancer in Il12b Is the Target of Transcriptional Repression by the STAT3 Pathway and Requires the Basic Leucine Zipper Protein NFIL3,Mus musculus,mm10,chr11,44203545,44203644,Nfil3,Il12B,Enhancer,Silenced,Normal,,,,Bone marrow,UBERON:0002371,RAW264.7,CVCL_0493,macrophage,CL:0000235,Enhancer activity assay, TF binding assay, Functional perturbation assay,,Luciferase Reporter Assay, ChIP-RT-qPCR, EMSA, RT-RT-qPCR
2011,21797989,Differentiation and fiber type-specific activity of a muscle creatine kinase intronic enhancer,Mus musculus,mm10,chr19,4472130,4472336,Myod,Mck,Enhancer,Active,Normal,,,,Skeletal muscle,UBERON:0001134,MM14 myocytes,CVCL_W869,myocyte,CL:0000187,Enhancer activity assay, TF binding assay,ChIP-seq,CAT Reporter Assay, Transgenic Reporter Assay, ChIP-RT-qPCR, EMSA
2011,21797989,Differentiation and fiber type-specific activity of a muscle creatine kinase intronic enhancer,Mus musculus,mm10,chr19,4472130,4472336,Myod,Mck,Enhancer,Active,Normal,,,,Skeletal muscle,UBERON:0001134,C2C12 myocytes,CVCL_0188,myoblast,CL:0000187,Enhancer activity assay, TF binding assay,ChIP-seq,CAT Reporter Assay, Transgenic Reporter Assay, ChIP-RT-qPCR, EMSA
2025,40296153,Rewiring of SINE-MIR enhancer topology and Esrrb modulation in expanded and naive pluripotency,Mus musculus,mm10,chr14,99739099,99739310,Esrrb,Klf5,Enhancer,Active,Normal,,,,Embryo,UBERON:0000922,Mouse E14 embryonic stem cells,CVCL_2167,mouse embryonic stem cell,CL:0002322,Functional perturbation assay, Chromatin topology assay,Hi-C, H3K27ac HiChIP, ChIP-seq, RNA-seq, ATAC-seq,CRISPR Knockout, CRISPRi, ChIP-qPCR, RT-qPCR, Western blot
2016,26771354,BMP Sustains Embryonic Stem Cell Self-Renewal through Distinct Functions of Different Kr?Â¡Â§?1ppel-like Factors,Mus musculus,mm10,chr13,74952000,74953000,Smad1,Id1,Enhancer,Active,Normal,,,,Embryo,UBERON:0000922,E14 mouse embryonic stem cells,CVCL_2167,mouse embryonic stem cell,CL:0002322,Functional perturbation assay, TF binding assay,ChIP-seq, RNA-seq,CRISPR Knockout, RT-qPCR, Luciferase Reporter Assay
2024,39695228,Nucleosome fibre topology guides transcription factor binding to enhancers,Mus musculus,mm10,chr6,122656000,122657000,Oct4,Sox2,Klf4,Nanog,Enhancer,Active,Normal,,,,Embryo,UBERON:0000922,Mouse embryonic fibroblasts,CVCL_0003,mouse embryonic fibroblast,CL:0000057,Enhancer reporter assay,snATAC-seq, snRNA-seq, Micro-C, MNase-seq, ChIP-seq,EMSA, immunoprecipitation, flow cytometry, immunostaining
2024,39695228,Nucleosome fibre topology guides transcription factor binding to enhancers,Mus musculus,mm10,chr6,122656000,122657000,Oct4,Sox2,Klf4,Nanog,Enhancer,Active,Normal,,,,Embryo,UBERON:0000922,embryonic stem cells,,embryonic stem cell,CL:0002322,Enhancer reporter assay,snATAC-seq, snRNA-seq, Micro-C, MNase-seq, ChIP-seq,EMSA, immunoprecipitation, flow cytometry, immunostaining
2018,29254942,Transcription factor activity rhythms and tissue-specific chromatin interactions explain circadian gene expression across organs,Mus musculus,mm10,chr6,72190000,72200000,,Dbp,Enhancer,Silenced,Normal,,,,Liver,UBERON:0002107,Primary hepatocytes,,hepatocyte,CL:0000182,Chromatin interaction assay, Circadian regulation assay,4C-seq, RNA-seq,qRT-PCR, and ChIP-qPCR
2018,29256171,Multiple enhancer regions govern the transcription of CCN2 during embryonic development,Mus musculus,mm10,chr10,24200250,24202250,Ets1,Ccn2,Enhancer,Active,Normal,,,,Blood vessel,UBERON:0001981,Endothelial cells,,endothelial cell,CL:0000115,Transgenic reporter assay, Developmental regulation assay,ChIP-seq,qRT-PCR, and ChIP-qPCR
2018,29256171,Multiple enhancer regions govern the transcription of CCN2 during embryonic development,Mus musculus,mm10,chr10,24165250,24167250,Sox9,Ccn2,Enhancer,Active,Normal,,,,Cartilage,UBERON:0002418,Chondrocytes,,chondrocyte,CL:0000138,Transgenic reporter assay, Developmental regulation assay,ChIP-seq,qRT-PCR, and ChIP-qPCR
2018,29256171,Multiple enhancer regions govern the transcription of CCN2 during embryonic development,Mus musculus,mm10,chr10,24102250,24104250,Runx2,Ccn2,Enhancer,Active,Normal,,,,Connective tissue,UBERON:0002384,Fibroblasts,,fibroblast,CL:0000057,Transgenic reporter assay, Developmental regulation assay,ChIP-seq,qRT-PCR, and ChIP-qPCR
2018,29256171,Multiple enhancer regions govern the transcription of CCN2 during embryonic development,Mus musculus,mm10,chr10,24071250,24073250,Runx2,Ccn2,Enhancer,Active,Normal,,,,Bone,UBERON:0001474,Osteoblasts,,osteoblast,CL:0000062,Transgenic reporter assay, Developmental regulation assay,ChIP-seq,qRT-PCR, and ChIP-qPCR
2022,36097291,Cohesin is required for long-range enhancer action at the Shh locus,Mus musculus,mm10,chr5,28718122,28719021,,Shh,Enhancer,Active,Normal,,,,Limb bud,UBERON:0005417,Mouse embryonic stem cells,,mouse embryonic stem cell,CL:0002322,Functional perturbation assay, Chromatin interaction assay,Hi-C,RT-qPCR, RNA FISH
2022,36097291,Cohesin is required for long-range enhancer action at the Shh locus,Mus musculus,mm10,chr5,29155811,29156811,,Shh,Enhancer,Active,Normal,,,,Limb bud,UBERON:0005417,Mouse embryonic stem cells,,mouse embryonic stem cell,CL:0002322,Functional perturbation assay, Chromatin interaction assay,Hi-C,RT-qPCR, RNA FISH
2022,36097291,Cohesin is required for long-range enhancer action at the Shh locus,Mus musculus,mm10,chr5,29465811,29466811,,Shh,Enhancer,Active,Normal,,,,Limb bud,UBERON:0005417,Mouse embryonic stem cells,,mouse embryonic stem cell,CL:0002322,Functional perturbation assay, Chromatin interaction assay,Hi-C,RT-qPCR, RNA FISH
2015,25487574,MyoR modulates cardiac conduction by repressing Gata4,Mus musculus,mm10,chr16,20740332,20744432,Gata4,Cx30.2 (Gjd3),Enhancer,Active,Normal,,,,Kidney,UBERON:0002113,COS7,CVCL_0224,fibroblast-like cell,CL:0000057,Enhancer activity assay, TF binding assay, Functional perturbation assay,Microarray,Luciferase Reporter Assay, Transgenic Reporter Assay, ChIP-RT-qPCR, qRT-PCR, Western blot
2020,32991581,NFIA differentially controls adipogenic and myogenic gene program through distinct pathways to ensure brown and beige adipocyte differentiation,Mus musculus,mm10,chr3,3122577,3123077,Nfia,Pparg,Enhancer,Active,Normal,,,,Adipose tissue,UBERON:0001013,C2C12 myoblast,CVCL_0188,myoblast,CL:0000187,Enhancer activity assay, TF binding assay,FAIRE-seq, ChIP-seq, RNA-seq,ChIP-RT-qPCR, FAIRE-RT-qPCR
2020,32991581,NFIA differentially controls adipogenic and myogenic gene program through distinct pathways to ensure brown and beige adipocyte differentiation,Mus musculus,mm10,chr3,3125577,3126077,Nfia,Pparg,Enhancer,Active,Normal,,,,Adipose tissue,UBERON:0001013,C2C12 myoblast,CVCL_0188,myoblast,CL:0000187,Enhancer activity assay, TF binding assay,FAIRE-seq, ChIP-seq, RNA-seq,ChIP-RT-qPCR, FAIRE-RT-qPCR
2020,32991581,NFIA differentially controls adipogenic and myogenic gene program through distinct pathways to ensure brown and beige adipocyte differentiation,Mus musculus,mm10,chr3,3139577,3140077,Nfia,Pparg,Enhancer,Active,Normal,,,,Adipose tissue,UBERON:0001013,C2C12 myoblast,CVCL_0188,myoblast,CL:0000187,Enhancer activity assay, TF binding assay,FAIRE-seq, ChIP-seq, RNA-seq,ChIP-RT-qPCR, FAIRE-RT-qPCR
2020,32991581,NFIA differentially controls adipogenic and myogenic gene program through distinct pathways to ensure brown and beige adipocyte differentiation,Mus musculus,mm10,chr3,3159577,3160077,Nfia,Pparg,Enhancer,Active,Normal,,,,Adipose tissue,UBERON:0001013,C2C12 myoblast,CVCL_0188,myoblast,CL:0000187,Enhancer activity assay, TF binding assay,FAIRE-seq, ChIP-seq, RNA-seq,ChIP-RT-qPCR, FAIRE-RT-qPCR
2020,32991581,NFIA differentially controls adipogenic and myogenic gene program through distinct pathways to ensure brown and beige adipocyte differentiation,Mus musculus,mm10,chr3,3180577,3181077,,Pparg,Enhancer,Active,Normal,,,,Adipose tissue,UBERON:0001013,C2C12 myoblast,CVCL_0188,myoblast,CL:0000187,Enhancer activity assay, Functional perturbation assay,RNA-seq,CRISPRi, RT-RT-qPCR
2020,32991581,NFIA differentially controls adipogenic and myogenic gene program through distinct pathways to ensure brown and beige adipocyte differentiation,Mus musculus,mm10,chr7,46550546,46551046,Nfia; Klf5,Myod1,Enhancer,Silenced,Normal,,,,Skeletal muscle,UBERON:0001134,C2C12 myoblast,CVCL_0188,myoblast,CL:0000187,TF binding assay, Enhancer activity assay,FAIRE-seq, ChIP-seq, RNA-seq,ChIP-RT-qPCR, FAIRE-RT-qPCR, RT-RT-qPCR
2020,32991581,NFIA differentially controls adipogenic and myogenic gene program through distinct pathways to ensure brown and beige adipocyte differentiation,Mus musculus,mm10,chr7,46556546,46557046,Nfia,Myod1,Enhancer,Silenced,Normal,,,,Skeletal muscle,UBERON:0001134,C2C12 myoblast,CVCL_0188,myoblast,CL:0000187,TF binding assay, Enhancer activity assay,FAIRE-seq, ChIP-seq, RNA-seq,ChIP-RT-qPCR, FAIRE-RT-qPCR, RT-RT-qPCR
2020,32991581,NFIA differentially controls adipogenic and myogenic gene program through distinct pathways to ensure brown and beige adipocyte differentiation,Mus musculus,mm10,chr7,46565546,46566046,Nfia; Klf5,Myod1,Enhancer,Silenced,Normal,,,,Skeletal muscle,UBERON:0001134,C2C12 myoblast,CVCL_0188,myoblast,CL:0000187,TF binding assay, Enhancer activity assay, Functional perturbation assay,FAIRE-seq, ChIP-seq, RNA-seq,ChIP-RT-qPCR, FAIRE-RT-qPCR, RT-RT-qPCR, Western blot
2020,32991581,NFIA differentially controls adipogenic and myogenic gene program through distinct pathways to ensure brown and beige adipocyte differentiation,Mus musculus,mm10,chr7,46568546,46569046,Nfia,Myod1,Enhancer,Silenced,Normal,,,,Skeletal muscle,UBERON:0001134,C2C12 myoblast,CVCL_0188,myoblast,CL:0000187,TF binding assay, Enhancer activity assay,FAIRE-seq, ChIP-seq, RNA-seq,ChIP-RT-qPCR, FAIRE-RT-qPCR, RT-RT-qPCR
2020,32991581,NFIA differentially controls adipogenic and myogenic gene program through distinct pathways to ensure brown and beige adipocyte differentiation,Mus musculus,mm10,chr7,46587546,46588046,Nfia,Myod1,Enhancer,Silenced,Normal,,,,Skeletal muscle,UBERON:0001134,C2C12 myoblast,CVCL_0188,myoblast,CL:0000187,Enhancer activity assay, Functional perturbation assay,FAIRE-seq, ChIP-seq, RNA-seq,RT-RT-qPCR, ChIP-RT-qPCR
2020,32991581,NFIA differentially controls adipogenic and myogenic gene program through distinct pathways to ensure brown and beige adipocyte differentiation,Mus musculus,mm10,chr7,46594146,46594646,Nfia,Myod1,Enhancer,Silenced,Normal,,,,Skeletal muscle,UBERON:0001134,C2C12 myoblast,CVCL_0188,myoblast,CL:0000187,TF binding assay, Enhancer activity assay,FAIRE-seq, ChIP-seq, RNA-seq,ChIP-RT-qPCR, FAIRE-RT-qPCR, RT-RT-qPCR
2020,32991581,NFIA differentially controls adipogenic and myogenic gene program through distinct pathways to ensure brown and beige adipocyte differentiation,Mus musculus,mm10,chr7,46595846,46596346,Nfia,Myod1,Enhancer,Silenced,Normal,,,,Skeletal muscle,UBERON:0001134,C2C12 myoblast,CVCL_0188,myoblast,CL:0000187,TF binding assay, Enhancer activity assay,FAIRE-seq, ChIP-seq, RNA-seq,ChIP-RT-qPCR, FAIRE-RT-qPCR, RT-RT-qPCR
2020,32991581,NFIA differentially controls adipogenic and myogenic gene program through distinct pathways to ensure brown and beige adipocyte differentiation,Mus musculus,mm10,chr7,35120000,35120500,Nfia,Cebpa,Enhancer,Active,Normal,,,,Adipose tissue,UBERON:0001013,C2C12 myoblast,CVCL_0188,myoblast,CL:0000187,TF binding assay, Enhancer activity assay,FAIRE-seq, ChIP-seq, RNA-seq,ChIP-RT-qPCR, FAIRE-RT-qPCR
2011,21368045,The Gonadotropin-Releasing Hormone Cell-Specific Element Is Required for Normal Puberty and Estrous Cyclicity,Mus musculus,mm10,chr14,62018722,62019450,,Gnrh1,Enhancer,Active,Normal,,,,Hypothalamus,UBERON:0001898,GnRH neuron,,GnRH neuron,CL:0000111,Functional perturbation assay,,CRISPR Knockout, Transgenic Reporter Assay, Luciferase Reporter Assay, RT-RT-qPCR
2018,29979962,A Muscle-Specific Enhancer RNA Mediates Cohesin Recruitment and Regulates Transcription in Trans,Mus musculus,mm10,chr7,53626726,53628851,Myod1,Myod1,Enhancer,Active,Normal,,,,Skeletal muscle,UBERON:0001134,C2C12 myoblasts,CVCL_0188,myoblast,CL:0000187,Enhancer activity assay, Functional perturbation assay,ChIP-seq, RNA-seq,qRT-PCR, and ChIP-qPCR
2013,23747203,Klf4 Organizes Long-Range Chromosomal Interactions with the Oct4 Locus in Reprogramming and Pluripotency,Mus musculus,mm10,chr17,35643473,35645472,Klf4,Pou5F1,Enhancer,Active,Normal,,,,Embryo,UBERON:0000922,Embryonic stem cells (ESCs),,embryonic stem cell,CL:0002322,Enhancer activity assay, Chromatin interaction assay, TF binding assay, Functional perturbation assay,4C-seq, ChIP-seq, RNA-seq,FISH, ChIP-RT-qPCR, shRNA knockdown, Overexpression assay, Immunoprecipitation, RT-RT-qPCR, Western blot
2015,26593423,Chromosomal Loop Domains Direct the Recombination of Antigen Receptor Genes,Mus musculus,mm10,chr1,120286768,120286837,,,Enhancer,Active,Normal,,,,Bone marrow,UBERON:0002371,Primary pro-B cells,,pro-B cell,CL:0000945,Enhancer activity assay, Chromatin interaction assay,ChIP-seq, Hi-C,qRT-PCR, and ChIP-qPCR
2018,29514092,Transcription Factor IRF8 Governs Enhancer Landscape Dynamics in Mononuclear Phagocyte Progenitors,Mus musculus,mm10,chr11,96880000,96920000,Irf8; Spi1; Klf2,Nr4A1,Enhancer,Active,Normal,,,,Bone marrow,UBERON:0002371,Non-classical monocytes,,non-classical monocyte,CL:0000576,Immunological functional assay, Functional genomics assay, Epigenomic profiling assay, Transcriptional regulation assay,ChIP-seq [targets: H3K4me1, H3K27ac, Irf8], RNA-seq, Gene Expression Microarray,Flow Cytometry, FACS, qRT-PCR, ChIP-RT-qPCR, Western blot, Immunofluorescence Microscopy
2018,29277702,The transcription factors GATA2 and microphthalmia-associated transcription factor regulate Hdc gene expression in mast cells and are required for IgE/mast cell-mediated anaphylaxis,Mus musculus,mm10,chr2,13192908,13194140,Mitf,Hdc,Enhancer,Active,Disease,mastocytosis,MONDO:0005300,DOID:2488,Bone marrow,UBERON:0002371,BMMC,,mast cell,CL:0000097,Luciferase-based enhancer assay,ChIP-seq,Luciferase Reporter Assay, ChIP-RT-qPCR, RT-RT-qPCR
2018,29277702,The transcription factors GATA2 and microphthalmia-associated transcription factor regulate Hdc gene expression in mast cells and are required for IgE/mast cell-mediated anaphylaxis,Mus musculus,mm10,chr2,13192908,13194140,Mitf,Hdc,Enhancer,Active,Disease,mastocytosis,MONDO:0005300,DOID:2488,Bone marrow,UBERON:0002371,Mast cells,,mast cell,CL:0000097,Luciferase-based enhancer assay,ChIP-seq,Luciferase Reporter Assay, ChIP-RT-qPCR, RT-RT-qPCR
2019,30672333,The putative Neuronatin imprint control region is an enhancer that also regulates the Blcap gene,Mus musculus,mm10,chr2,150860120,150860367,,Nnat,Enhancer,Active,Normal,,,,Brain,UBERON:0000955,Primary Mouse Tissues,,mouse brain cell,CL:0000540,Enhancer activity assay, Functional perturbation assay,,CRISPR knockout, Transgenic reporter assay, ChIP-RT-qPCR, RT-RT-qPCR
2019,30672333,The putative Neuronatin imprint control region is an enhancer that also regulates the Blcap gene,Mus musculus,mm10,chr2,150860120,150860367,,Nnat,Enhancer,Active,Disease,cervical cancer,MONDO:0001156,DOID:2871,Cervix,UBERON:0000002,HeLa Cells,CVCL_0030,cervical adenocarcinoma cell,CL:0000069,Enhancer activity assay, Functional perturbation assay,,CRISPR knockout, Transgenic reporter assay, ChIP-RT-qPCR, RT-RT-qPCR
2019,30672333,The putative Neuronatin imprint control region is an enhancer that also regulates the Blcap gene,Mus musculus,mm10,chr2,150860120,150860367,,Blcap,Enhancer,Active,Normal,,,,Brain,UBERON:0000955,Primary Mouse Tissues,,mouse brain cell,CL:0000540,Enhancer activity assay, Functional perturbation assay,,CRISPR knockout, Transgenic reporter assay, ChIP-RT-qPCR, RT-RT-qPCR
2019,30672333,The putative Neuronatin imprint control region is an enhancer that also regulates the Blcap gene,Mus musculus,mm10,chr2,150860120,150860367,,Blcap,Enhancer,Active,Disease,cervical cancer,MONDO:0001156,DOID:2871,Cervix,UBERON:0000002,HeLa Cells,CVCL_0030,cervical adenocarcinoma cell,CL:0000069,Enhancer activity assay, Functional perturbation assay,,CRISPR knockout, Transgenic reporter assay, ChIP-RT-qPCR, RT-RT-qPCR
2019,31028121,Runx1 and ROR??t Cooperate to Upregulate IL-22 Expression in Th Cells through Its Distal Enhancer,Mus musculus,mm10,chr12,31875800,31876373,Runx1,Il22,Enhancer,Active,Normal,,,,Spleen,UBERON:0002106,CD4+ T cells,,CD4-positive T cell,CL:0000624,Enhancer activity assay, TF binding assay, Chromatin interaction assay, Functional perturbation assay,,Luciferase Reporter Assay, 3C-seq, ChIP-RT-qPCR, RT-RT-qPCR
2019,30711920,H2AFY promoter deletion causes PITX1 endoactivation and Liebenberg syndrome,Mus musculus,mm10,chr13,69400000,69410000,,Pitx1,Enhancer,Active,Normal,,,,Limb bud,UBERON:0005417,Mouse embryonic fibroblasts (MEFs),CVCL_0003,mouse embryonic fibroblast,CL:0000057,Enhancer activity assay, Chromatin interaction assay, Functional perturbation assay,RNA-seq,CRISPR Knockout (Pitx1-lieb), RT-RT-qPCR, Whole-mount in situ hybridisation
2019,30711920,H2AFY promoter deletion causes PITX1 endoactivation and Liebenberg syndrome,Mus musculus,mm10,chr13,69400000,69410000,,Pitx1,Enhancer,Active,Normal,,,,Limb bud,UBERON:0005417,E11.5 mouse forelimb/hindlimb buds,,embryonic limb bud cell,CL:0000000,Enhancer activity assay, Chromatin interaction assay, Functional perturbation assay,RNA-seq,CRISPR Knockout (Pitx1-lieb), RT-RT-qPCR, Whole-mount in situ hybridisation
2020,33313982,The anxiety and ethanol intake controlling GAL51 enhancer is epigenetically modulated by, and controls preference for, high-fat diet,Mus musculus,mm10,chr19,3441054,3441445,,Gal,Enhancer,Active,Normal,,,,Hypothalamus,UBERON:0001898,Galaninergic Neuron,,galaninergic neuron,CL:0000540,Enhancer activity assay, Functional perturbation assay,,Luciferase Reporter Assay, CRISPR Knockout, RT-RT-qPCR, Pyrosequencing
2019,30545847,CRISPR-mediated activation of a promoter or enhancer rescues obesity caused by haploinsufficiency,Mus musculus,mm10,chr10,87141000,87142000,,Sim1,Enhancer,Active,Normal,,,,Hypothalamus,UBERON:0001898,Primary neurons,,neuron,CL:0000540,Functional perturbation assay,RNA-seq,CRISPR Knockout/CRISPRi, RT-RT-qPCR
2023,37702072,Temporal analyses reveal a pivotal role for sense and antisense enhancer RNAs in coordinate immunoglobulin lambda locus activation,Mus musculus,mm10,chr16,19026931,19027772,,Igl,Enhancer,Active,Normal,,,,Bone marrow,UBERON:0002371,pro-B cell,,pro-B cell,CL:0000945,Enhancer activity assay, Functional perturbation assay,,Luciferase Reporter Assay, CRISPR Knockout, RT-RT-qPCR
2023,37702072,Temporal analyses reveal a pivotal role for sense and antisense enhancer RNAs in coordinate immunoglobulin lambda locus activation,Mus musculus,mm10,chr16,19026931,19027772,,Igl,Enhancer,Active,Normal,,,,Bone marrow,UBERON:0002371,B cell,,B cell,CL:0000945,Enhancer activity assay, Functional perturbation assay,,Luciferase Reporter Assay, CRISPR Knockout, RT-RT-qPCR
2023,37702072,Temporal analyses reveal a pivotal role for sense and antisense enhancer RNAs in coordinate immunoglobulin lambda locus activation,Mus musculus,mm10,chr16,19007329,19008187,,Igl,Enhancer,Active,Normal,,,,Bone marrow,UBERON:0002371,pro-B cell,,pro-B cell,CL:0000945,Enhancer activity assay, Functional perturbation assay,,Luciferase Reporter Assay, CRISPR Knockout, RT-RT-qPCR
2023,37702072,Temporal analyses reveal a pivotal role for sense and antisense enhancer RNAs in coordinate immunoglobulin lambda locus activation,Mus musculus,mm10,chr16,19007329,19008187,,Igl,Enhancer,Active,Normal,,,,Bone marrow,UBERON:0002371,B cell,,B cell,CL:0000945,Enhancer activity assay, Functional perturbation assay,,Luciferase Reporter Assay, CRISPR Knockout, RT-RT-qPCR
2020,33382813,Decreased sensitivity to the anorectic effects of leptin in mice that lack a Pomc-specific neural enhancer,Mus musculus,mm10,chr12,103024800,103025800,,Pomc,Enhancer,Active,Normal,,,,Hypothalamus,UBERON:0001898,Mouse primary neurons,,neuron,CL:0000540,Functional perturbation assay,RNA-seq,CRISPR Knockout, CRISPRi, RT-RT-qPCR
2018,29514092,Transcription Factor IRF8 Governs Enhancer Landscape Dynamics in Mononuclear Phagocyte Progenitors,Mus musculus,mm10,chr16,5510000,5550000,Irf8; Spi1; Relb; Nfkb1,Cd80,Enhancer,Active,Normal,,,,Bone marrow,UBERON:0002371,B lymphocytes,,B cell,CL:0000945,Immunological functional assay, Functional genomics assay, Epigenomic profiling assay, Transcriptional regulation assay,ChIP-seq, RNA-seq, Microarray,Flow cytometry, FACS, RT-RT-qPCR, ChIP-RT-qPCR, MLR assay, Western blot
2024,38724692,Multiplex profiling of developmental cis-regulatory elements with quantitative single-cell expression reporters,Mus musculus,mm10,chr3,34757100,34758037,,Sox2,Enhancer,Active,Normal,,,,Embryo,UBERON:0000922,Mouse embryonic stem cells,,mouse embryonic stem cell,CL:0002322,Enhancer activity assay,scRNA-seq, scATAC-seq, MPRA,Single-cell Quantitative Expression Reporter Assay (scQers), Luciferase Reporter Assay
2024,38724692,Multiplex profiling of developmental cis-regulatory elements with quantitative single-cell expression reporters,Mus musculus,mm10,chr3,34757100,34758037,,Sox2,Enhancer,Active,Normal,,,,Embryoid body,UBERON:0010001,Pluripotent cells from 21-day mouse embryoid bodies,,pluripotent stem cell,CL:0002248,Enhancer activity assay,scRNA-seq, scATAC-seq, MPRA,Single-cell Quantitative Expression Reporter Assay (scQers), Luciferase Reporter Assay
2024,38724692,Multiplex profiling of developmental cis-regulatory elements with quantitative single-cell expression reporters,Mus musculus,mm10,chr3,34761100,34762000,,Sox2,Enhancer,Active,Normal,,,,Embryo,UBERON:0000922,Mouse embryonic stem cells,,mouse embryonic stem cell,CL:0002322,Enhancer activity assay,scRNA-seq, scATAC-seq, MPRA,Single-cell Quantitative Expression Reporter Assay (scQers), Luciferase Reporter Assay
2024,38724692,Multiplex profiling of developmental cis-regulatory elements with quantitative single-cell expression reporters,Mus musculus,mm10,chr3,34761100,34762000,,Sox2,Enhancer,Active,Normal,,,,Embryoid body,UBERON:0010001,Pluripotent cells from 21-day mouse embryoid bodies,,pluripotent stem cell,CL:0002248,Enhancer activity assay,scRNA-seq, scATAC-seq, MPRA,Single-cell Quantitative Expression Reporter Assay (scQers), Luciferase Reporter Assay
2024,38724692,Multiplex profiling of developmental cis-regulatory elements with quantitative single-cell expression reporters,Mus musculus,mm10,chr4,8201000,8202000,,Bend5,Enhancer,Active,Normal,,,,Embryoid body,UBERON:0010001,Parietal endoderm cells,,parietal endoderm cell,CL:0002322,Enhancer activity assay,scRNA-seq, scATAC-seq, MPRA,Single-cell Quantitative Expression Reporter Assay (scQers), Luciferase Reporter Assay
2015,26626481,NSD3-short is an adaptor protein that couples BRD4 to the CHD8 chromatin remodeler,Mus musculus,mm10,chr15,61978434,61986531,,Myc,Enhancer,Active,Disease,acute myeloid leukemia,MONDO:0018874,DOID:9119,Bone marrow,UBERON:0002371,RN2,CVCL_WT32,acute myeloid leukemia cell,CL:0001054,Enhancer activity assay, TF binding assay,RNA-seq,Luciferase Reporter Assay, ChIP-RT-qPCR
2015,26663721,Enhancer Turnover Is Associated with a Divergent Transcriptional Response to Glucocorticoid in Mouse and Human Macrophages,Mus musculus,mm10,chr13,101200000,101201200,Nr3C1,Dusp1,Enhancer,Active,Normal,,,,Blood,UBERON:0000178,Bone marrow-derived macrophage (mBMDM),,macrophage,CL:0000235,TF binding assay, Enhancer activity assay,ChIP-seq, RNA-seq,RT-RT-qPCR
2015,26663721,Enhancer Turnover Is Associated with a Divergent Transcriptional Response to Glucocorticoid in Mouse and Human Macrophages,Mus musculus,mm10,chr8,72500000,72501100,Nr3C1,F13A1,Enhancer,Active,Normal,,,,Blood,UBERON:0000178,Bone marrow-derived macrophage (mBMDM),,macrophage,CL:0000235,TF binding assay, Enhancer activity assay,ChIP-seq, RNA-seq,RT-RT-qPCR
2024,39196225,A transcriptional enhancer regulates cardiac maturation,Mus musculus,mm10,chr1,154149500,154150000,Mef2A,Actn2,Enhancer,Active,Normal,,,,Heart,UBERON:0000948,Mouse embryonic/Adult cardiomyocytes,,cardiomyocyte,CL:0000746,TF binding assay, Functional perturbation assay,ChIP-seq, RNA-seq,ChIP-RT-qPCR, RT-RT-qPCR, Western blot
2026,41526337,Temporal constraints on enhancer usage shape the regulation of limb gene transcription,Mus musculus,mm39,chr3,66550000,66650000,Hoxa13,Shox2,Enhancer,Active,Normal,,,,Limb bud,UBERON:0005417,Limb mesenchymal cells,,mesenchymal cell,CL:0000134,Enhancer activity assay, Functional perturbation assay, Chromatin interaction assay,ChIP-seq, ATAC-seq, Capture Hi-C, RNA-seq,Transgenic Reporter Assay, CRISPR Knockout, qRT-PCR, EMSA
2026,41526337,Temporal constraints on enhancer usage shape the regulation of limb gene transcription,Mus musculus,mm39,chr3,66850000,66950000,Hoxa13,Shox2,Enhancer,Active,Normal,,,,Limb bud,UBERON:0005417,Limb mesenchymal cells,,mesenchymal cell,CL:0000134,Enhancer activity assay, Functional perturbation assay, Chromatin interaction assay,ChIP-seq, ATAC-seq, Capture Hi-C, RNA-seq,Transgenic Reporter Assay, CRISPR Knockout, qRT-PCR
2024,38413562,The neutrophil-osteogenic cell axis promotes bone destruction in periodontitis,Mus musculus,mm39,chr14,78613540,78616951,Stat3,Tnfsf11,Enhancer,Active,Normal,,,,Bone,UBERON:0001474,Primary osteoblasts,,osteoblast,CL:0000062,Functional perturbation assay, Enhancer activity assay, TF binding assay,ChIP-seq, scRNA-seq, RNA-seq, ATAC-seq,CRISPR Knockout, RT-RT-qPCR, Western blot, ChIP-RT-qPCR, ELISA, Micro-CT
2024,38413562,The neutrophil-osteogenic cell axis promotes bone destruction in periodontitis,Mus musculus,mm39,chr14,78613540,78616951,Stat3,Tnfsf11,Enhancer,Active,Normal,,,,Bone,UBERON:0001474,Periodontal ligament cells,,fibroblast,CL:0000057,Functional perturbation assay, Enhancer activity assay, TF binding assay,ChIP-seq, scRNA-seq, RNA-seq, ATAC-seq,CRISPR Knockout, RT-RT-qPCR, Western blot, ChIP-RT-qPCR, ELISA, Micro-CT
2024,38413562,The neutrophil-osteogenic cell axis promotes bone destruction in periodontitis,Mus musculus,mm39,chr14,78613540,78616951,Stat3,Tnfsf11,Enhancer,Active,Normal,,,,Bone,UBERON:0001474,Osteogenic cells,,osteoblast,CL:0000062,Functional perturbation assay, Enhancer activity assay, TF binding assay,ChIP-seq, scRNA-seq, RNA-seq, ATAC-seq,CRISPR Knockout, RT-RT-qPCR, Western blot, ChIP-RT-qPCR, ELISA, Micro-CT
2024,38413562,The neutrophil-osteogenic cell axis promotes bone destruction in periodontitis,Mus musculus,mm39,chr14,78613540,78616951,Stat3,Tnfsf11,Enhancer,Active,Normal,,,,Bone,UBERON:0001474,Primary calvarial osteoblasts,,osteoblast,CL:0000062,Functional perturbation assay, Enhancer activity assay, TF binding assay,ChIP-seq, scRNA-seq, RNA-seq, ATAC-seq,CRISPR Knockout, RT-RT-qPCR, Western blot, ChIP-RT-qPCR, ELISA, Micro-CT
2026,41526337,Temporal constraints on enhancer usage shape the regulation of limb gene transcription,Mus musculus,mm39,chr3,66750000,66850000,Meis1,Shox2,Enhancer,Active,Normal,,,,Limb bud,UBERON:0005417,Limb mesenchymal cells,,mesenchymal cell,CL:0000134,Enhancer activity assay, Chromatin interaction assay,ChIP-seq, ATAC-seq, Capture Hi-C, RNA-seq,Transgenic Reporter Assay, qRT-PCR
2026,41496593,Neuronal titration of Snca via enhancer disruption mitigates disease onset in a Parkinson's disease mouse model,Mus musculus,mm39,chr6,60769316,60772093,,Snca,Enhancer,Active,Normal,,,,Brain,UBERON:0000955,Primary midbrain dopaminergic neurons,,dopaminergic neuron,CL:0000700,Functional perturbation assay,,CRISPR knockout, CRISPRi, RT-RT-qPCR, Western blot, FISH
2024,38228888,An ancient polymorphic regulatory region within the BDNF gene associated with obesity modulates anxiety-like behaviour in mice and humans,Mus musculus,mm39,chr2,109689202,109690258,,Bdnf,Enhancer,Active,Normal,,,,Amygdala,UBERON:0001876,Mouse amygdala tissue,,mouse amygdala cell,CL:0000540,Functional perturbation assay, Enhancer activity assay,RNA-seq,CRISPR Knockout, qRT-PCR, Transgenic Reporter Assay
2008,18202151,An Enhancer Twenty Kilobases Upstream of the Human Receptor Activator of Nuclear Factor Kappa B Ligand Gene Mediates Dominant Activation by 1,25 Dihydroxyvitamin D3,Mus musculus,mm39,chr14,75391059,75392159,,Tnfsf11,Enhancer,Active,Normal,,,,Bone marrow,UBERON:0002371,ST2,CVCL_2205,mesenchymal stem cell,CL:0000134,Enhancer activity assay,,Luciferase Reporter Assay
2008,18202151,An Enhancer Twenty Kilobases Upstream of the Human Receptor Activator of Nuclear Factor Kappa B Ligand Gene Mediates Dominant Activation by 1,25 Dihydroxyvitamin D3,Mus musculus,mm39,chr14,75331459,75332459,,Tnfsf11,Enhancer,Active,Normal,,,,Bone marrow,UBERON:0002371,ST2,CVCL_2205,mesenchymal stem cell,CL:0000134,Enhancer activity assay,,Luciferase Reporter Assay
