enhancer_chr,enhancer_chr_start,enhancer_chr_end,enhancer_id,promoter_chr,promoter_chr_start,promoter_chr_end,promoter_id,ENSG,gene_id,gene_type,reads_count,P-value,cell_line,methods
chr22,17066736,17097786,K562_SE_431,chr7,152127884,152144628,K562_MPT_12180,ENSG00000055609.13,KMT2C,protein_coding,539,0.0,K562,RIC-seq
chr9,68446876,68456536,K562_TE_21980,chr20,29606857,29616879,K562_MPT_8106,ENSG00000149531.10,FRG1B,protein_coding,415,0.0,K562,RIC-seq
chr19,47359889,47372725,K562_TE_10762,chr19,47416933,47426933,K562_MPT_6842,ENSG00000160007.13,ARHGAP35,protein_coding,397,0.0,K562,RIC-seq
chr7,102608372,102634363,K562_SE_658,chr15,69108225,69118234,K562_MPT_4377,ENSG00000140350.11,ANP32A,protein_coding,384,0.0,K562,RIC-seq
chr1,144593385,144604459,K562_TE_1347,chr1,148555843,148565990,K562_MPT_852,ENSG00000243452.3,NBPF15,protein_coding,319,0.0,K562,RIC-seq
chr9,44875058,44880467,K562_TE_21948,chr9,44985314,45009879,K562_MPT_12846,ENSG00000204805.7,FAM27E4,pseudogene,300,0.0,K562,RIC-seq
chr19,900055,908556,K562_TE_10188,chr19,908231,933817,K562_MPT_6176,ENSG00000267159.1,AC005391.2,lncRNA,255,0.0,K562,RIC-seq
chr8,126937450,126959759,K562_TE_21586,chr8,126958394,126968493,K562_MPT_12613,ENSG00000245164.2,LINC00861,lncRNA,244,0.0,K562,RIC-seq
chr15,28833961,28837697,K562_TE_7042,chr15,28555798,28572298,K562_MPT_4117,ENSG00000256338.1,RPL41P2,pseudogene,228,0.0,K562,RIC-seq
chr2,133094911,133105350,K562_TE_12065,chr19,44855826,44865834,K562_MPT_6787,ENSG00000062370.12,ZNF112,protein_coding,208,0.0,K562,RIC-seq
chr5,84933881,84944654,K562_TE_17293,chr5,84925230,84935230,K562_MPT_10366,ENSG00000265704.1,AC010595.1,miRNA,204,0.0,K562,RIC-seq
chr16,85548387,85639758,K562_SE_284,chr16,85640015,85651958,K562_MPT_5120,ENSG00000131149.13,GSE1,protein_coding,191,0.0,K562,RIC-seq
chr9,44875058,44880467,K562_TE_21948,chr9,67781277,67799111,K562_MPT_12859,ENSG00000232833.4,FAM27E3,protein_coding,178,1.35e-269,K562,RIC-seq
chr2,27975011,27989484,K562_TE_11210,chr2,27989584,27999584,K562_MPT_7181,ENSG00000243147.3,MRPL33,protein_coding,168,1.8199999999999997e-250,K562,RIC-seq
chr6,37391181,37396212,K562_TE_18439,chr6,37395996,37405996,K562_MPT_11058,ENSG00000137200.8,CMTR1,protein_coding,148,1.2300000000000001e-195,K562,RIC-seq
chr7,22686756,22758622,K562_SE_644,chr2,46721870,46731870,K562_MPT_7252,ENSG00000253515.1,RP11-417F21.2,lncRNA,143,8.85e-182,K562,RIC-seq
chr7,100101344,100169966,K562_TE_20170,chr4,44850,58210,K562_MPT_9618,ENSG00000197701.7,ZNF595,protein_coding,138,2.1500000000000002e-169,K562,RIC-seq
chr2,131962319,131968883,K562_TE_12057,chr2,130881795,130907707,K562_MPT_7619,ENSG00000152076.14,CCDC74B,protein_coding,135,1.39e-162,K562,RIC-seq
chr6,27909236,27919950,K562_TE_18285,chr6,27853570,27870344,K562_MPT_10914,ENSG00000197153.3,HIST1H3J,protein_coding,131,5.55e-154,K562,RIC-seq
chr22,42976262,42978519,K562_TE_14183,chr22,42910808,42920808,K562_MPT_8795,ENSG00000189306.6,RRP7A,protein_coding,124,3.67e-138,K562,RIC-seq
chr4,77852542,77865346,K562_TE_16180,chr4,77865856,77876015,K562_MPT_9855,ENSG00000138758.7,SEPT11,protein_coding,124,4.06e-138,K562,RIC-seq
chr9,66454703,66457717,K562_TE_21968,chr9,68403924,68420308,K562_MPT_12863,ENSG00000207277.1,RNA5SP284,rRNA,124,4.3799999999999995e-138,K562,RIC-seq
chr11,46002970,46039116,K562_SE_171,chr4,44850,58210,K562_MPT_9618,ENSG00000197701.7,ZNF595,protein_coding,115,1.25e-118,K562,RIC-seq
chr6,26166188,26176688,K562_TE_18260,chr6,26178958,26209858,K562_MPT_10877,ENSG00000217275.2,RP1-34B20.4,pseudogene,108,5.24e-106,K562,RIC-seq
chr12,7268607,7275690,K562_TE_4742,chr12,7268154,7289982,K562_MPT_2759,ENSG00000205885.3,C1RL-AS1,lncRNA,101,4.41e-93,K562,RIC-seq
chr3,195413396,195443188,K562_TE_15665,chr2,79735126,79746748,K562_MPT_7419,ENSG00000066032.14,CTNNA2,protein_coding,99,2.5499999999999997e-89,K562,RIC-seq
chr9,100797250,100812511,K562_TE_22225,chr9,100814021,100824021,K562_MPT_12984,ENSG00000095380.10,NANS,protein_coding,94,1.6e-81,K562,RIC-seq
chr19,53424232,53441284,K562_SE_351,chr19,53390541,53405946,K562_MPT_6967,ENSG00000182986.8,ZNF320,protein_coding,94,2.2e-81,K562,RIC-seq
chr9,46112543,46126893,K562_TE_21953,chr9,45722107,45743490,K562_MPT_12848,ENSG00000229523.1,RP11-7G23.4,pseudogene,89,4.3500000000000006e-73,K562,RIC-seq
chr2,88957856,88984894,K562_TE_11770,chr2,88986162,88996162,K562_MPT_7456,ENSG00000153574.8,RPIA,protein_coding,86,1.1399999999999998e-68,K562,RIC-seq
chr1,247500404,247535606,K562_TE_2416,chr1,247487547,247500045,K562_MPT_1425,ENSG00000162714.8,ZNF496,protein_coding,83,3.09e-64,K562,RIC-seq
chr11,85732139,85775705,K562_TE_4317,chr1,24013269,24024099,K562_MPT_224,ENSG00000142676.8,RPL11,protein_coding,81,2.73e-61,K562,RIC-seq
chr22,17517756,17518854,K562_TE_13760,chr21,11164720,11174788,K562_MPT_8371,ENSG00000271308.1,AP003900.6,lncRNA,80,2.13e-58,K562,RIC-seq
chr2,26074322,26090773,K562_TE_11172,chr4,44850,58210,K562_MPT_9618,ENSG00000197701.7,ZNF595,protein_coding,76,6.739999999999999e-54,K562,RIC-seq
chr3,101343943,101363344,K562_SE_476,chr3,101329670,101339670,K562_MPT_9213,ENSG00000252348.1,RNU6-1256P,snRNA,75,8.05e-53,K562,RIC-seq
chr6,27866722,27879998,K562_TE_18284,chr6,27853570,27870344,K562_MPT_10914,ENSG00000197153.3,HIST1H3J,protein_coding,74,2.16e-51,K562,RIC-seq
chr11,124060043,124121217,K562_SE_195,chr11,124050923,124060923,K562_MPT_2651,ENSG00000197309.2,OR10D3,protein_coding,73,3.19e-50,K562,RIC-seq
chr6,3163440,3219835,K562_SE_557,chr6,3148296,3162760,K562_MPT_10774,ENSG00000137267.5,TUBB2A,protein_coding,71,1.4800000000000002e-47,K562,RIC-seq
chr11,127611,131154,K562_TE_3500,chr1,128566,145339,K562_MPT_5,ENSG00000237683.5,AL627309.1,protein_coding,68,6.870000000000001e-44,K562,RIC-seq
chr1,142804945,142848352,K562_TE_1329,chr1,143190711,143201803,K562_MPT_798,ENSG00000232274.2,RP11-782C8.2,lncRNA,65,4.46e-40,K562,RIC-seq
chr1,16385235,16415960,K562_TE_220,chr1,16370284,16383818,K562_MPT_155,ENSG00000184908.13,CLCNKB,protein_coding,64,3e-39,K562,RIC-seq
chr5,179082566,179095432,K562_TE_17961,chr5,179038925,179066785,K562_MPT_10725,ENSG00000169045.13,HNRNPH1,protein_coding,64,3.67e-39,K562,RIC-seq
chr9,37079146,37105489,K562_TE_21896,chr9,37115536,37125602,K562_MPT_12812,ENSG00000147905.13,ZCCHC7,protein_coding,58,7.75e-33,K562,RIC-seq
chr3,101411036,101422500,K562_TE_14952,chr3,101390274,101410626,K562_MPT_9216,ENSG00000114391.8,RPL24,protein_coding,54,1.11e-28,K562,RIC-seq
chr20,52654849,52675137,K562_TE_13370,chr19,41094072,41124822,K562_MPT_6724,ENSG00000266164.1,RN7SL758P,misc_RNA,53,1.32e-27,K562,RIC-seq
chrX,86982591,86983838,K562_TE_23057,chrX,86973238,86983238,K562_MPT_13530,ENSG00000271205.1,RP1-138A5.2,pseudogene,50,8.63e-25,K562,RIC-seq
chr15,40833823,40852230,K562_TE_7161,chr2,207018918,207031952,K562_MPT_7849,ENSG00000207406.1,SNORA41,snoRNA,50,8.73e-25,K562,RIC-seq
chr3,40331629,40344723,K562_TE_14570,chr3,40346175,40356175,K562_MPT_8994,ENSG00000114784.3,EIF1B,protein_coding,49,6.72e-24,K562,RIC-seq
chr6,80252310,80256470,K562_TE_18678,chr6,80242125,80252175,K562_MPT_11187,ENSG00000135338.9,LCA5,protein_coding,48,1.05e-22,K562,RIC-seq
chr16,21510171,21577629,K562_SE_267,chr16,18932072,18946604,K562_MPT_4746,ENSG00000157106.12,SMG1,protein_coding,48,1.13e-22,K562,RIC-seq
chr13,20175670,20181011,K562_TE_5852,chr13,20202788,20212821,K562_MPT_3430,ENSG00000196199.9,MPHOSPH8,protein_coding,46,5.83e-21,K562,RIC-seq
chr8,47525980,47531034,K562_TE_21081,chr7,97494289,97506854,K562_MPT_11888,ENSG00000226744.1,AC079781.5,pseudogene,46,5.84e-21,K562,RIC-seq
chr13,108528157,108595890,K562_SE_221,chr13,108514083,108524083,K562_MPT_3632,ENSG00000204442.2,FAM155A,protein_coding,46,6.100000000000001e-21,K562,RIC-seq
chr1,44505462,44519927,K562_TE_678,chr1,44492032,44521865,K562_MPT_465,ENSG00000230615.2,RP5-1198O20.4,lncRNA,44,2.57e-19,K562,RIC-seq
chr7,84439385,84477729,K562_TE_20055,chr7,84500870,84510977,K562_MPT_11844,ENSG00000232605.1,HMGN2P11,pseudogene,43,1.64e-18,K562,RIC-seq
chr9,124217730,124226197,K562_TE_22391,chr9,124127483,124142519,K562_MPT_13070,ENSG00000227355.1,RP11-162D16.2,lncRNA,42,1.62e-17,K562,RIC-seq
chr9,68725067,68734935,K562_TE_21982,chr20,29606857,29616879,K562_MPT_8106,ENSG00000149531.10,FRG1B,protein_coding,42,2.44e-17,K562,RIC-seq
chr1,17181701,17200844,K562_TE_232,chr1,16855719,16884026,K562_MPT_165,ENSG00000233421.3,U1,lncRNA,48,4.05e-17,K562,KARR-seq
chr11,65235059,65278329,K562_SE_179,chr5,179038925,179066785,K562_MPT_10725,ENSG00000169045.13,HNRNPH1,protein_coding,53,4.95e-16,K562,RIC-seq
chr2,96675230,96701704,K562_TE_11783,chr2,97752443,97765619,K562_MPT_7486,ENSG00000144199.7,FAHD2B,protein_coding,40,5.31e-16,K562,RIC-seq
chr7,75767293,75796716,K562_TE_20025,chr7,65950046,65963773,K562_MPT_11768,ENSG00000223473.1,GS1-124K5.3,lncRNA,40,5.34e-16,K562,RIC-seq
chr7,99938728,99943115,K562_TE_20166,chr7,99797896,99826566,K562_MPT_11913,ENSG00000222482.1,AC005071.1,miRNA,40,5.34e-16,K562,RIC-seq
chr8,130546590,130605033,K562_SE_702,chr12,53710365,53723542,K562_MPT_2998,ENSG00000094914.8,AAAS,protein_coding,46,1.18e-15,K562,KARR-seq
chr4,6661684,6680625,K562_TE_15804,chr12,9908497,9918497,K562_MPT_2781,ENSG00000110848.4,CD69,protein_coding,39,1.75e-15,K562,RIC-seq
chr1,25564270,25567335,K562_TE_365,chr1,25553977,25563984,K562_MPT_238,ENSG00000117614.5,SYF2,protein_coding,39,1.75e-15,K562,RIC-seq
chr3,197945525,197948398,K562_TE_15722,chr1,128566,145339,K562_MPT_5,ENSG00000237683.5,AL627309.1,protein_coding,39,1.86e-15,K562,RIC-seq
chr12,122492127,122530639,K562_SE_213,chr12,122511628,122521628,K562_MPT_3344,ENSG00000175727.9,MLXIP,protein_coding,38,9.31e-15,K562,KARR-seq
chr14,50107407,50109021,K562_TE_6500,chr14,50082403,50106948,K562_MPT_3793,ENSG00000168282.4,MGAT2,protein_coding,38,9.84e-15,K562,RIC-seq
chr7,66308580,66313722,K562_TE_19916,chr7,65950046,65963773,K562_MPT_11768,ENSG00000223473.1,GS1-124K5.3,lncRNA,38,9.91e-15,K562,RIC-seq
chr6,26295397,26355127,K562_SE_578,chr6,26280737,26290762,K562_MPT_10882,ENSG00000158406.2,HIST1H4H,protein_coding,38,9.91e-15,K562,RIC-seq
chr18,756567,807069,K562_TE_9733,chr6,154826793,154836793,K562_MPT_11439,ENSG00000153721.13,CNKSR3,protein_coding,38,1.02e-14,K562,RIC-seq
chr4,79866783,79878397,K562_TE_16200,chr4,79855548,79865592,K562_MPT_9866,ENSG00000163291.10,PAQR3,protein_coding,37,5.5e-14,K562,RIC-seq
chr5,1631541,1653904,K562_TE_16818,chr5,266631,277827,K562_MPT_10142,ENSG00000248925.1,CTD-2083E4.6,lncRNA,37,5.55e-14,K562,RIC-seq
chr7,102124202,102169318,K562_TE_20205,chr7,102241897,102262204,K562_MPT_11950,ENSG00000238997.1,AC105052.1,miRNA,37,5.56e-14,K562,RIC-seq
chr1,142804945,142848352,K562_TE_1329,chr1,143372281,143397450,K562_MPT_799,ENSG00000238261.5,RP11-435B5.5,lncRNA,37,6.37e-14,K562,RIC-seq
chr9,69064284,69073348,K562_TE_21985,chr20,29606857,29616879,K562_MPT_8106,ENSG00000149531.10,FRG1B,protein_coding,37,6.37e-14,K562,RIC-seq
chr5,84748001,84749420,K562_TE_17292,chr5,84925230,84935230,K562_MPT_10366,ENSG00000265704.1,AC010595.1,miRNA,36,3.21e-13,K562,RIC-seq
chr1,44215053,44249975,K562_TE_670,chr19,53188739,53198749,K562_MPT_6962,ENSG00000167766.14,ZNF83,protein_coding,35,3.64e-13,K562,KARR-seq
chr2,69809230,69861767,K562_TE_11609,chr2,217554187,217565248,K562_MPT_7877,ENSG00000115461.4,IGFBP5,protein_coding,34,7.33e-13,K562,KARR-seq
chr15,66880235,66981717,K562_SE_249,chr15,66989566,66999674,K562_MPT_4363,ENSG00000137834.10,SMAD6,protein_coding,35,1.86e-12,K562,RIC-seq
chr4,87862867,87899182,K562_TE_16269,chr14,105185523,105201071,K562_MPT_4074,ENSG00000185100.6,ADSSL1,protein_coding,31,6.97e-12,K562,KARR-seq
chr13,41736084,41736822,K562_TE_5994,chr13,41701882,41711882,K562_MPT_3509,ENSG00000165572.6,KBTBD6,protein_coding,34,7.12e-12,K562,RIC-seq
chr1,36700668,36723932,K562_TE_543,chr21,47643682,47654438,K562_MPT_8513,ENSG00000215424.5,MCM3AP-AS1,lncRNA,30,7.52e-12,K562,KARR-seq
chr16,21510171,21577629,K562_SE_267,chr16,87892245,87908094,K562_MPT_5131,ENSG00000103257.4,SLC7A5,protein_coding,34,8.14e-12,K562,RIC-seq
chr5,53545021,53626040,K562_SE_532,chr5,53601403,53611412,K562_MPT_10256,ENSG00000185305.6,ARL15,protein_coding,29,3e-11,K562,KARR-seq
chr7,128152174,128182652,K562_TE_20431,chr17,60550200,60563482,K562_MPT_5734,ENSG00000146872.13,TLK2,protein_coding,33,3.26e-11,K562,RIC-seq
chr16,85210066,85383708,K562_SE_282,chr16,85199882,85209882,K562_MPT_5115,ENSG00000262601.1,CTC-786C10.1,protein_coding,33,3.45e-11,K562,RIC-seq
chrX,133666293,133703814,K562_TE_23265,chr16,71511039,71528254,K562_MPT_5049,ENSG00000157429.11,ZNF19,protein_coding,28,6.18e-11,K562,KARR-seq
chr16,2703822,2737802,K562_TE_7877,chr16,2576409,2593165,K562_MPT_4639,ENSG00000205923.2,CEMP1,protein_coding,27,9.99e-11,K562,KARR-seq
chr10,135451071,135464930,K562_TE_3496,chr4,190954554,190967497,K562_MPT_10139,ENSG00000250053.1,RARRES2P4,pseudogene,32,1.08e-10,K562,RIC-seq
chr4,48287634,48307335,K562_TE_15997,chr4,48266881,48276881,K562_MPT_9778,ENSG00000135605.8,TEC,protein_coding,31,3.12e-10,K562,RIC-seq
chr1,144689689,144709813,K562_TE_1348,chr1,144984309,145000082,K562_MPT_812,ENSG00000268172.1,AL590452.1,protein_coding,32,3.15e-10,K562,RIC-seq
chr6,15551873,15629523,K562_SE_570,chr16,90031199,90044056,K562_MPT_5164,ENSG00000177946.4,CENPBD1,protein_coding,31,3.15e-10,K562,RIC-seq
chr11,126211321,126219492,K562_TE_4634,chr11,126220555,126230869,K562_MPT_2674,ENSG00000110080.14,ST3GAL4,protein_coding,24,9.21e-10,K562,KARR-seq
chr9,98251249,98262570,K562_TE_22187,chr5,154130135,154141734,K562_MPT_10623,ENSG00000155506.12,LARP1,protein_coding,24,9.21e-10,K562,KARR-seq
chr9,42250158,42252253,K562_TE_21934,chr9,70641589,70651589,K562_MPT_12871,ENSG00000269337.1,AL591479.1,protein_coding,30,9.3e-10,K562,RIC-seq
chr15,91428543,91440077,K562_TE_7747,chr15,91440448,91455618,K562_MPT_4550,ENSG00000196547.10,MAN2A2,protein_coding,30,9.3e-10,K562,RIC-seq
chr1,168187906,168190577,K562_TE_1678,chr1,168179643,168189643,K562_MPT_1068,ENSG00000237131.1,RP1-69E11.3,pseudogene,30,9.32e-10,K562,RIC-seq
chr17,21514140,21518182,K562_TE_8921,chr20,26109834,26119834,K562_MPT_8103,ENSG00000230440.1,RP13-329D4.3,lncRNA,30,1.02e-09,K562,RIC-seq
chr6,3021307,3063968,K562_SE_556,chr6,2993977,3009401,K562_MPT_10769,ENSG00000124588.15,NQO2,protein_coding,30,1.04e-09,K562,RIC-seq
chr20,45924291,45970176,K562_SE_408,chr7,45138839,45156646,K562_MPT_11714,ENSG00000136270.9,TBRG4,protein_coding,23,2.1e-09,K562,KARR-seq
chr22,19958250,19963739,K562_TE_13798,chr1,167900278,167911278,K562_MPT_1064,ENSG00000143158.6,MPC2,protein_coding,23,2.38e-09,K562,KARR-seq
chr6,68585750,68609380,K562_SE_605,chr17,26893546,26911424,K562_MPT_5385,ENSG00000087111.16,PIGS,protein_coding,28,3.93e-09,K562,KARR-seq
chr17,43656816,43679227,K562_TE_9190,chr17,62909903,62928862,K562_MPT_5762,ENSG00000176809.6,LRRC37A3,protein_coding,28,1.08e-08,K562,RIC-seq
chr7,74304564,74307643,K562_TE_19990,chr7,99923500,99944531,K562_MPT_11916,ENSG00000272752.1,STAG3L5P-PVRIG2P-PILRB,lncRNA,28,1.08e-08,K562,RIC-seq
chr2,85190669,85192629,K562_TE_11719,chr2,85193216,85204324,K562_MPT_7425,ENSG00000176407.13,KCMF1,protein_coding,28,1.08e-08,K562,RIC-seq
chr12,116553715,116655574,K562_TE_5637,chr9,101564981,101574981,K562_MPT_12990,ENSG00000119514.5,GALNT12,protein_coding,2,1.14e-08,K562,KARR-seq
chr8,124201063,124210060,K562_TE_21533,chr22,20051685,20078581,K562_MPT_8554,ENSG00000221366.1,MIR1306,miRNA,2,1.14e-08,K562,KARR-seq
chr4,123926,126110,K562_TE_15725,chr4,44850,58210,K562_MPT_9618,ENSG00000248302.2,Z95704.4,pseudogene,22,1.58e-08,K562,KARR-seq
chr3,15082131,15098135,K562_TE_14396,chr1,27015622,27027895,K562_MPT_266,ENSG00000260063.1,RP5-968P14.2,lncRNA,22,1.62e-08,K562,KARR-seq
chr16,14579100,14603249,K562_TE_8004,chr16,33934259,33951021,K562_MPT_4903,ENSG00000265616.1,AC136932.2,miRNA,22,1.73e-08,K562,KARR-seq
chr17,15859224,15888052,K562_TE_8824,chr19,18737718,18752867,K562_MPT_6531,ENSG00000167487.7,KLHL26,protein_coding,22,1.73e-08,K562,KARR-seq
chr2,158146764,158160556,K562_TE_12198,chr2,159308214,159318624,K562_MPT_7676,ENSG00000153237.13,CCDC148,protein_coding,21,1.85e-08,K562,KARR-seq
chr19,49600928,49610186,K562_TE_10819,chr5,77067085,77077185,K562_MPT_10343,ENSG00000171530.9,TBCA,protein_coding,21,1.86e-08,K562,KARR-seq
chr15,69089651,69107634,K562_TE_7489,chr19,5785276,5796249,K562_MPT_6286,ENSG00000141994.11,DUS3L,protein_coding,21,1.89e-08,K562,KARR-seq
chr3,126679909,126701785,K562_TE_15091,chr3,126702437,126712437,K562_MPT_9301,ENSG00000114554.7,PLXNA1,protein_coding,21,1.95e-08,K562,KARR-seq
chr19,47390480,47437298,K562_TE_10763,chr8,120840103,120850103,K562_MPT_12586,ENSG00000064313.7,TAF2,protein_coding,21,1.95e-08,K562,KARR-seq
chr7,128152174,128182652,K562_TE_20431,chr17,32361891,32371891,K562_MPT_5435,ENSG00000226049.3,TLK2P1,pseudogene,21,1.95e-08,K562,KARR-seq
chr11,68103089,68115767,K562_TE_4126,chr2,43814559,43828185,K562_MPT_7239,ENSG00000115970.14,THADA,protein_coding,21,1.95e-08,K562,KARR-seq
chr8,130452382,130513523,K562_TE_21615,chr12,57903933,57948827,K562_MPT_3069,ENSG00000175203.11,DCTN2,protein_coding,26,2.45e-08,K562,KARR-seq
chr8,23127421,23134385,K562_TE_20907,chr1,1238269,1265621,K562_MPT_28,ENSG00000224051.2,GLTPD1,protein_coding,27,3.55e-08,K562,RIC-seq
chr6,68585750,68609380,K562_SE_605,chr20,54962187,54972707,K562_MPT_8301,ENSG00000087586.13,AURKA,protein_coding,23,5.23e-08,K562,KARR-seq
chr5,95033036,95077466,K562_SE_537,chr15,89076913,89094906,K562_MPT_4519,ENSG00000221391.1,AC013489.1,miRNA,23,6.83e-08,K562,RIC-seq
chr1,24041711,24061665,K562_TE_332,chr1,24064645,24074962,K562_MPT_225,ENSG00000011007.8,TCEB3,protein_coding,23,6.83e-08,K562,RIC-seq
chr15,69264573,69290639,K562_TE_7491,chr9,100740643,100754938,K562_MPT_12982,ENSG00000236896.1,RP11-535C21.3,lncRNA,23,6.83e-08,K562,RIC-seq
chr3,52331872,52342110,K562_TE_14728,chr3,52345335,52355335,K562_MPT_9107,ENSG00000114841.13,DNAH1,protein_coding,22,7.72e-08,K562,RIC-seq
chr11,117817208,117851382,K562_TE_4543,chr11,117852063,117862109,K562_MPT_2608,ENSG00000110324.5,IL10RA,protein_coding,21,8.89e-08,K562,RIC-seq
chr9,45739172,45744807,K562_TE_21952,chr9,44862571,44879008,K562_MPT_12845,ENSG00000204814.5,RP11-160N1.10,protein_coding,21,8.89e-08,K562,RIC-seq
chr16,74462762,74483483,K562_TE_8508,chr16,70142529,70153275,K562_MPT_5037,ENSG00000090857.9,PDPR,protein_coding,21,8.89e-08,K562,RIC-seq
chr18,14179103,14185353,K562_TE_9843,chr21,15431646,15448192,K562_MPT_8376,ENSG00000249493.1,ANKRD20A18P,pseudogene,21,8.89e-08,K562,RIC-seq
chr3,186654509,186678245,K562_TE_15615,chr14,69653137,69663809,K562_MPT_3897,ENSG00000081177.14,EXD2,protein_coding,21,8.89e-08,K562,RIC-seq
chr22,21194469,21240469,K562_SE_436,chr7,75926861,75937894,K562_MPT_11833,ENSG00000106211.8,HSPB1,protein_coding,22,9.58e-08,K562,RIC-seq
chr17,20769482,20780745,K562_TE_8907,chr20,26109834,26119834,K562_MPT_8103,ENSG00000230440.1,RP13-329D4.3,lncRNA,22,1.08e-07,K562,RIC-seq
chr6,27082504,27095518,K562_TE_18277,chr6,27095327,27120405,K562_MPT_10900,ENSG00000124635.7,HIST1H2BJ,protein_coding,22,1.11e-07,K562,RIC-seq
chr9,68446876,68456536,K562_TE_21980,chr4,190855896,190867056,K562_MPT_10137,ENSG00000245685.2,AF146191.4,lncRNA,22,1.12e-07,K562,RIC-seq
chr11,85802540,85930107,K562_SE_187,chr11,85950586,85961276,K562_MPT_2514,ENSG00000074266.13,EED,protein_coding,21,1.16e-07,K562,RIC-seq
chr11,67079779,67089886,K562_TE_4107,chr11,67154423,67176660,K562_MPT_2380,ENSG00000172613.3,RAD9A,protein_coding,26,1.17e-07,K562,RIC-seq
chr4,87933401,87964832,K562_TE_16271,chr8,41904505,41914508,K562_MPT_12369,ENSG00000083168.5,KAT6A,protein_coding,20,1.22e-07,K562,KARR-seq
chr7,148543453,148572852,K562_TE_20642,chr19,12802395,12812457,K562_MPT_6416,ENSG00000132004.8,FBXW9,protein_coding,20,1.29e-07,K562,KARR-seq
chr2,198833398,198870516,K562_TE_12513,chr21,40711463,40726573,K562_MPT_8460,ENSG00000200344.1,Y_RNA,misc_RNA,20,1.31e-07,K562,KARR-seq
chr1,246294272,246388032,K562_SE_112,chr11,120202787,120212946,K562_MPT_2643,ENSG00000196914.4,ARHGEF12,protein_coding,20,1.61e-07,K562,KARR-seq
chr6,68585750,68609380,K562_SE_605,chr19,39133310,39143378,K562_MPT_6682,ENSG00000130402.7,ACTN4,protein_coding,28,1.85e-07,K562,KARR-seq
chr11,65167965,65217131,K562_SE_178,chr17,38591169,38604713,K562_MPT_5506,ENSG00000240125.1,RP11-58O9.1,pseudogene,20,1.94e-07,K562,KARR-seq
chr6,68585750,68609380,K562_SE_605,chr4,129202942,129219088,K562_MPT_10002,ENSG00000164040.12,PGRMC2,protein_coding,20,1.99e-07,K562,KARR-seq
chr7,64494805,64506960,K562_TE_19883,chr7,65333254,65343356,K562_MPT_11763,ENSG00000196715.5,VKORC1L1,protein_coding,20,2.45e-07,K562,RIC-seq
chr11,642576,642981,K562_TE_3513,chr17,44891126,44901126,K562_MPT_5608,ENSG00000108379.5,WNT3,protein_coding,20,2.45e-07,K562,RIC-seq
chr1,109111296,109142436,K562_TE_1173,chr19,55846221,55856254,K562_MPT_7007,ENSG00000133247.9,SUV420H2,protein_coding,20,2.45e-07,K562,RIC-seq
chr1,193080607,193085364,K562_TE_1878,chr1,193086147,193096147,K562_MPT_1160,ENSG00000134371.9,CDC73,protein_coding,20,2.45e-07,K562,RIC-seq
chr17,16331212,16347829,K562_SE_293,chr2,3617795,3633160,K562_MPT_7079,ENSG00000171863.8,RPS7,protein_coding,2,2.59e-07,K562,KARR-seq
chr3,128914259,128931144,K562_TE_15121,chr3,128897742,128907765,K562_MPT_9318,ENSG00000169714.12,CNBP,protein_coding,24,2.64e-07,K562,RIC-seq
chr12,50432766,50445758,K562_TE_5062,chr12,50446331,50458670,K562_MPT_2952,ENSG00000110881.7,ASIC1,protein_coding,24,2.64e-07,K562,RIC-seq
chr16,46607350,46618051,K562_TE_8272,chr9,68403924,68420308,K562_MPT_12863,ENSG00000207277.1,RNA5SP284,rRNA,24,2.65e-07,K562,RIC-seq
chr16,88938381,88973032,K562_TE_8642,chr16,88917628,88938068,K562_MPT_5144,ENSG00000141012.8,GALNS,protein_coding,24,2.69e-07,K562,RIC-seq
chr9,132617858,132658432,K562_SE_733,chr2,219182896,219204426,K562_MPT_7884,ENSG00000239166.1,snoU13,snoRNA,25,2.99e-07,K562,RIC-seq
chr6,7195029,7219836,K562_SE_562,chr5,162925120,162937620,K562_MPT_10651,ENSG00000038274.12,MAT2B,protein_coding,25,2.99e-07,K562,RIC-seq
chr6,28632682,28871154,K562_SE_587,chr6,28611042,28621843,K562_MPT_10926,ENSG00000235570.1,LINC00533,lncRNA,25,3.06e-07,K562,RIC-seq
chr11,116829093,116842047,K562_TE_4529,chr1,228286163,228302013,K562_MPT_1334,ENSG00000162910.14,MRPL55,protein_coding,19,4.52e-07,K562,RIC-seq
chr6,147477377,147518540,K562_SE_625,chr2,153568887,153579495,K562_MPT_7668,ENSG00000177917.6,ARL6IP6,protein_coding,19,4.52e-07,K562,RIC-seq
chr19,244452,252821,K562_TE_10172,chr16,56553,77910,K562_MPT_4593,ENSG00000233614.5,DDX11L10,pseudogene,19,4.52e-07,K562,RIC-seq
chr10,99407223,99434005,K562_TE_3226,chr13,93874095,93884095,K562_MPT_3602,ENSG00000183098.6,GPC6,protein_coding,19,4.52e-07,K562,RIC-seq
chr12,122115936,122125560,K562_TE_5714,chr12,122102560,122112560,K562_MPT_3337,ENSG00000139714.8,MORN3,protein_coding,19,4.54e-07,K562,RIC-seq
chr10,75463323,75491111,K562_TE_3014,chr10,75483338,75509158,K562_MPT_1718,ENSG00000271816.1,RP11-574K11.28,lncRNA,19,4.58e-07,K562,RIC-seq
chr6,27446057,27619385,K562_SE_583,chr6,27435460,27445897,K562_MPT_10906,ENSG00000096654.11,ZNF184,protein_coding,19,4.67e-07,K562,RIC-seq
chr4,79684477,79738669,K562_TE_16199,chr8,126958394,126968493,K562_MPT_12613,ENSG00000245164.2,LINC00861,lncRNA,21,5.61e-07,K562,KARR-seq
chr6,137037362,137108659,K562_SE_617,chr3,5015801,5026646,K562_MPT_8863,ENSG00000235831.2,BHLHE40-AS1,lncRNA,19,7.54e-07,K562,KARR-seq
chr11,46442681,46473142,K562_TE_3902,chr6,34387998,34398902,K562_MPT_11019,ENSG00000270800.1,RPS10-NUDT3,protein_coding,19,7.61e-07,K562,KARR-seq
chr2,48097600,48100637,K562_TE_11426,chr2,190440613,190453484,K562_MPT_7777,ENSG00000138449.6,SLC40A1,protein_coding,19,8.14e-07,K562,KARR-seq
chr1,51307758,51319292,K562_TE_751,chr1,156552747,156576282,K562_MPT_976,ENSG00000163382.7,APOA1BP,protein_coding,19,8.14e-07,K562,KARR-seq
chr9,132874093,132913703,K562_TE_22537,chr19,19508412,19521603,K562_MPT_6545,ENSG00000167491.13,GATAD2A,protein_coding,19,8.14e-07,K562,KARR-seq
chr16,89381699,89456073,K562_TE_8652,chr19,30428158,30438425,K562_MPT_6593,ENSG00000105176.13,URI1,protein_coding,2,9.38e-07,K562,KARR-seq
chr1,28897644,28917048,K562_TE_432,chr14,75889393,75903837,K562_MPT_3948,ENSG00000140044.8,JDP2,protein_coding,2,9.38e-07,K562,KARR-seq
chr17,59251635,59253437,K562_TE_9409,chr8,101157812,101176096,K562_MPT_12535,ENSG00000200344.1,Y_RNA,misc_RNA,18,9.52e-07,K562,RIC-seq
chr2,15711735,15725448,K562_TE_11092,chr2,15726302,15736770,K562_MPT_7117,ENSG00000079785.10,DDX1,protein_coding,18,9.52e-07,K562,RIC-seq
chr4,3046976,3049770,K562_TE_15768,chr7,99797896,99826566,K562_MPT_11913,ENSG00000222482.1,AC005071.1,miRNA,18,9.52e-07,K562,RIC-seq
chr3,10212717,10241542,K562_TE_14332,chr16,183334,193669,K562_MPT_4596,ENSG00000103148.11,NPRL3,protein_coding,18,9.52e-07,K562,RIC-seq
chr3,69737032,69748485,K562_TE_14830,chr12,57903933,57948827,K562_MPT_3069,ENSG00000175203.11,DCTN2,protein_coding,18,9.54e-07,K562,RIC-seq
chr1,51997530,52049537,K562_TE_763,chr2,37379175,37389208,K562_MPT_7211,ENSG00000055332.12,EIF2AK2,protein_coding,18,9.99e-07,K562,RIC-seq
chr11,77962511,78043618,K562_SE_186,chr20,30097231,30107324,K562_MPT_8108,ENSG00000101294.12,HM13,protein_coding,18,1.02e-06,K562,RIC-seq
chrX,151149702,151158603,K562_TE_23340,chrX,151138143,151148151,K562_MPT_13682,ENSG00000102287.12,GABRE,protein_coding,18,1.04e-06,K562,RIC-seq
chr14,81764795,81773174,K562_TE_6792,chr3,186495994,186514639,K562_MPT_9544,ENSG00000156976.10,EIF4A2,protein_coding,18,1.25e-06,K562,KARR-seq
chr22,21845384,21889457,K562_SE_437,chr22,21766693,21779925,K562_MPT_8584,ENSG00000169635.5,HIC2,protein_coding,18,1.25e-06,K562,KARR-seq
chr15,80386162,80397988,K562_TE_7625,chr22,20094398,20124471,K562_MPT_8555,ENSG00000099904.11,ZDHHC8,protein_coding,18,1.38e-06,K562,KARR-seq
chr3,60228803,60294909,K562_SE_470,chr13,27820446,27834538,K562_MPT_3465,ENSG00000200235.1,SNORA27,snoRNA,18,1.38e-06,K562,KARR-seq
chr9,95248655,95268384,K562_TE_22135,chr6,37132979,37142979,K562_MPT_11054,ENSG00000137193.9,PIM1,protein_coding,18,1.38e-06,K562,KARR-seq
chr3,42042833,42103721,K562_TE_14587,chr11,71634449,71645128,K562_MPT_2421,ENSG00000137522.13,RNF121,protein_coding,18,1.38e-06,K562,KARR-seq
chr6,147171445,147272129,K562_SE_624,chr15,78825023,78841987,K562_MPT_4454,ENSG00000268838.1,AC027228.1,protein_coding,18,1.38e-06,K562,KARR-seq
chr8,96074459,96130471,K562_SE_691,chr21,46288606,46298752,K562_MPT_8498,ENSG00000183255.7,PTTG1IP,protein_coding,18,1.38e-06,K562,KARR-seq
chr8,21765506,21829522,K562_SE_680,chr11,742329,752428,K562_MPT_1975,ENSG00000177156.6,TALDO1,protein_coding,18,1.38e-06,K562,KARR-seq
chr19,18580941,18626337,K562_TE_10500,chr7,1057662,1073661,K562_MPT_11498,ENSG00000146540.10,C7orf50,protein_coding,18,1.38e-06,K562,KARR-seq
chr17,74551794,74583449,K562_SE_318,chr19,50426959,50441321,K562_MPT_6907,ENSG00000169136.4,ATF5,protein_coding,18,1.65e-06,K562,KARR-seq
chr2,198773865,198819349,K562_SE_391,chr17,25616022,25626372,K562_MPT_5367,ENSG00000263583.1,MIR4522,miRNA,18,1.65e-06,K562,KARR-seq
chr10,11916377,11968192,K562_SE_121,chr9,33812565,33823793,K562_MPT_12779,ENSG00000235481.2,RP11-133O22.6,lncRNA,18,1.65e-06,K562,KARR-seq
chr12,116553715,116655574,K562_TE_5637,chr10,6617201,6633186,K562_MPT_1468,ENSG00000065675.10,PRKCQ,protein_coding,18,1.67e-06,K562,KARR-seq
chr1,65349691,65427295,K562_TE_899,chr2,145270115,145283621,K562_MPT_7656,ENSG00000238057.4,ZEB2-AS1,lncRNA,18,1.76e-06,K562,KARR-seq
chr11,65235059,65278329,K562_SE_179,chr7,35729176,35740181,K562_MPT_11657,ENSG00000271122.1,RP11-379H18.1,lncRNA,21,2.28e-06,K562,KARR-seq
chr9,90079831,90227726,K562_TE_22090,chr9,101547885,101564247,K562_MPT_12989,ENSG00000165138.12,ANKS6,protein_coding,2,2.46e-06,K562,KARR-seq
chr10,121376257,121377602,K562_TE_3412,chr10,121405882,121421122,K562_MPT_1914,ENSG00000151929.5,BAG3,protein_coding,17,3.13e-06,K562,RIC-seq
chr17,31110747,31179005,K562_TE_9008,chr11,32909724,32919724,K562_MPT_2135,ENSG00000060749.10,QSER1,protein_coding,17,3.13e-06,K562,RIC-seq
chr5,141721761,141780423,K562_TE_17672,chr5,141698747,141709863,K562_MPT_10572,ENSG00000231185.2,AC005592.2,lncRNA,17,3.13e-06,K562,RIC-seq
chr15,28833961,28837697,K562_TE_7042,chr15,20705715,20716433,K562_MPT_4097,ENSG00000180229.8,HERC2P3,pseudogene,17,3.13e-06,K562,RIC-seq
chr9,67282032,67302685,K562_TE_21972,chr6,151353110,151366107,K562_MPT_11427,ENSG00000221469.1,AL133260.1,miRNA,17,3.13e-06,K562,RIC-seq
chr6,43837350,44064227,K562_SE_602,chr12,53830389,53853644,K562_MPT_3002,ENSG00000205352.6,PRR13,protein_coding,17,3.13e-06,K562,RIC-seq
chr1,150576644,150613992,K562_SE_71,chr9,140435200,140450651,K562_MPT_13253,ENSG00000130653.11,PNPLA7,protein_coding,17,3.13e-06,K562,RIC-seq
chr1,661816,664568,K562_TE_12,chr1,128566,145339,K562_MPT_5,ENSG00000237683.5,AL627309.1,protein_coding,17,3.13e-06,K562,RIC-seq
chr11,642576,642981,K562_TE_3513,chr12,52289349,52314232,K562_MPT_2978,ENSG00000139567.8,ACVRL1,protein_coding,17,3.13e-06,K562,RIC-seq
chr19,197602,201334,K562_TE_10171,chr1,128566,145339,K562_MPT_5,ENSG00000237683.5,AL627309.1,protein_coding,17,3.4e-06,K562,RIC-seq
chr2,168701147,168710637,K562_TE_12247,chr1,161714560,161724560,K562_MPT_1033,ENSG00000081721.7,DUSP12,protein_coding,17,4.45e-06,K562,KARR-seq
chr19,12751229,12763321,K562_TE_10396,chr9,138359095,138381238,K562_MPT_13214,ENSG00000225361.3,PPP1R26-AS1,lncRNA,17,4.45e-06,K562,KARR-seq
chr1,224003589,224028500,K562_TE_2175,chr9,100390857,100403333,K562_MPT_12977,ENSG00000136925.10,TSTD2,protein_coding,17,4.45e-06,K562,KARR-seq
chr3,11674634,11679818,K562_TE_14352,chr19,45676485,45687927,K562_MPT_6808,ENSG00000007255.6,TRAPPC6A,protein_coding,17,4.45e-06,K562,KARR-seq
chr16,23853484,23934208,K562_SE_269,chr19,56141382,56171431,K562_MPT_7018,ENSG00000171425.5,ZNF581,protein_coding,20,4.54e-06,K562,KARR-seq
chr6,68585750,68609380,K562_SE_605,chr8,126958394,126968493,K562_MPT_12613,ENSG00000245164.2,LINC00861,lncRNA,59,4.68e-06,K562,KARR-seq
chr17,44155283,44237935,K562_SE_309,chr20,54928971,54939165,K562_MPT_8300,ENSG00000124098.9,FAM210B,protein_coding,17,4.88e-06,K562,KARR-seq
chr2,109208963,109258586,K562_SE_377,chr17,79812091,79834282,K562_MPT_5915,ENSG00000185624.10,P4HB,protein_coding,17,4.89e-06,K562,KARR-seq
chr12,120668525,120697720,K562_TE_5679,chr12,64840660,64851255,K562_MPT_3088,ENSG00000183735.5,TBK1,protein_coding,16,5.03e-06,K562,RIC-seq
chr12,116930411,116990727,K562_TE_5642,chr12,116992186,117002186,K562_MPT_3293,ENSG00000171471.5,MAP1LC3B2,protein_coding,16,5.03e-06,K562,RIC-seq
chr7,44994417,45033267,K562_SE_649,chr7,45034784,45044787,K562_MPT_11712,ENSG00000136280.11,CCM2,protein_coding,16,5.03e-06,K562,RIC-seq
chr14,103033959,103052563,K562_TE_6937,chr14,103044514,103064233,K562_MPT_4054,ENSG00000239224.2,RN7SL546P,misc_RNA,16,5.03e-06,K562,RIC-seq
chr1,15742241,15803217,K562_TE_208,chr1,112292927,112308019,K562_MPT_742,ENSG00000197852.8,FAM212B,protein_coding,16,5.03e-06,K562,RIC-seq
chr10,25247158,25252251,K562_TE_2656,chr10,25236513,25247170,K562_MPT_1528,ENSG00000099256.14,PRTFDC1,protein_coding,16,5.07e-06,K562,RIC-seq
chrX,152673277,152677949,K562_TE_23371,chrX,152678780,152688780,K562_MPT_13697,ENSG00000189420.7,ZFP92,protein_coding,16,5.07e-06,K562,RIC-seq
chr17,75158896,75161687,K562_TE_9612,chr5,16460901,16470901,K562_MPT_10184,ENSG00000173545.4,ZNF622,protein_coding,16,5.07e-06,K562,RIC-seq
chr16,85210066,85383708,K562_SE_282,chr20,32245090,32267323,K562_MPT_8133,ENSG00000271803.1,RP1-63M2.5,lncRNA,17,5.32e-06,K562,KARR-seq
chr6,3021307,3063968,K562_SE_556,chr1,26851258,26862819,K562_MPT_263,ENSG00000117676.9,RPS6KA1,protein_coding,16,5.7e-06,K562,RIC-seq
chr11,65235059,65278329,K562_SE_179,chr6,119665901,119675926,K562_MPT_11317,ENSG00000111885.5,MAN1A1,protein_coding,29,5.89e-06,K562,KARR-seq
chr7,22686756,22758622,K562_SE_644,chr14,50039512,50071712,K562_MPT_3792,ENSG00000200344.1,Y_RNA,misc_RNA,2,6.16e-06,K562,KARR-seq
chr6,68585750,68609380,K562_SE_605,chr1,144984309,145000082,K562_MPT_812,ENSG00000268172.1,AL590452.1,protein_coding,21,7.47e-06,K562,KARR-seq
chr10,81504479,81508005,K562_TE_3071,chr22,19945070,19956276,K562_MPT_8551,ENSG00000093010.7,COMT,protein_coding,16,7.47e-06,K562,KARR-seq
chr6,155589358,155595485,K562_TE_19221,chr5,180660195,180695635,K562_MPT_10749,ENSG00000233937.2,CTC-338M12.4,lncRNA,16,7.47e-06,K562,KARR-seq
chr7,127422022,127463787,K562_TE_20416,chr2,88986162,88996162,K562_MPT_7456,ENSG00000153574.8,RPIA,protein_coding,16,7.47e-06,K562,KARR-seq
chr9,139619943,139624993,K562_TE_22624,chr17,73447545,73460788,K562_MPT_5823,ENSG00000177728.10,KIAA0195,protein_coding,16,7.47e-06,K562,KARR-seq
chr22,20810345,20834367,K562_TE_13809,chr1,179841934,179857024,K562_MPT_1119,ENSG00000169905.8,TOR1AIP2,protein_coding,16,7.47e-06,K562,KARR-seq
chr5,175596818,175653145,K562_TE_17905,chr19,2734473,2745150,K562_MPT_6228,ENSG00000141873.6,SLC39A3,protein_coding,16,7.47e-06,K562,KARR-seq
chr6,108543576,108562757,K562_TE_18845,chr17,79843666,79905288,K562_MPT_5916,ENSG00000183979.7,NPB,protein_coding,16,7.47e-06,K562,KARR-seq
chr1,54676619,54697327,K562_TE_817,chr5,150395124,150411527,K562_MPT_10607,ENSG00000211445.7,GPX3,protein_coding,16,7.47e-06,K562,KARR-seq
chr4,40665,63940,K562_TE_15724,chr9,101012862,101022915,K562_MPT_12988,ENSG00000095383.15,TBC1D2,protein_coding,16,7.47e-06,K562,KARR-seq
chr3,138392645,138415675,K562_TE_15211,chr22,20872930,20883562,K562_MPT_8567,ENSG00000099917.13,MED15,protein_coding,16,7.47e-06,K562,KARR-seq
chr15,67006252,67016965,K562_TE_7452,chr17,2609492,2620957,K562_MPT_5198,ENSG00000132361.12,CLUH,protein_coding,16,7.47e-06,K562,KARR-seq
chr22,21276422,21308592,K562_TE_13818,chr19,54363017,54391913,K562_MPT_6985,ENSG00000126583.6,PRKCG,protein_coding,16,7.47e-06,K562,KARR-seq
chr10,49662314,49726855,K562_SE_133,chr2,113294492,113305042,K562_MPT_7561,ENSG00000125630.11,POLR1B,protein_coding,16,7.47e-06,K562,KARR-seq
chr8,130546590,130605033,K562_SE_702,chr1,117108648,117118661,K562_MPT_771,ENSG00000116815.11,CD58,protein_coding,15,7.47e-06,K562,KARR-seq
chr16,89470522,89481522,K562_TE_8653,chr1,113155839,113167040,K562_MPT_746,ENSG00000116489.8,CAPZA1,protein_coding,15,7.47e-06,K562,KARR-seq
chr1,193012586,193022714,K562_TE_1876,chr1,95533501,95543501,K562_MPT_675,ENSG00000172339.9,ALG14,protein_coding,15,7.47e-06,K562,KARR-seq
chr16,89470522,89481522,K562_TE_8653,chr15,41947610,41966093,K562_MPT_4211,ENSG00000174197.12,MGA,protein_coding,15,7.47e-06,K562,KARR-seq
chr3,47026462,47031659,K562_SE_468,chr1,155934520,155953890,K562_MPT_960,ENSG00000273002.1,RP11-336K24.12,lncRNA,15,7.47e-06,K562,KARR-seq
chr10,49662314,49726855,K562_SE_133,chr3,14161358,14171440,K562_MPT_8914,ENSG00000163528.8,CHCHD4,protein_coding,15,7.47e-06,K562,KARR-seq
chr11,85802540,85930107,K562_SE_187,chr18,807239,818275,K562_MPT_5954,ENSG00000273355.1,RP11-672L10.6,lncRNA,15,7.47e-06,K562,KARR-seq
chr18,75695246,75705676,K562_TE_10150,chr6,36510247,36520247,K562_MPT_11045,ENSG00000112079.8,STK38,protein_coding,15,7.47e-06,K562,KARR-seq
chr14,55140833,55211802,K562_SE_228,chrX,20279760,20290523,K562_MPT_13314,ENSG00000177189.8,RPS6KA3,protein_coding,15,7.47e-06,K562,KARR-seq
chr4,68577201,68593459,K562_SE_513,chr1,150935201,150959493,K562_MPT_889,ENSG00000143412.5,ANXA9,protein_coding,15,7.47e-06,K562,KARR-seq
chr11,12997187,13020705,K562_TE_3681,chr14,24012663,24042279,K562_MPT_3720,ENSG00000136367.12,ZFHX2,protein_coding,15,7.47e-06,K562,KARR-seq
chr16,75042810,75164503,K562_SE_275,chrX,54461834,54471834,K562_MPT_13446,ENSG00000158526.7,TSR2,protein_coding,15,7.47e-06,K562,KARR-seq
chr11,85732139,85775705,K562_TE_4317,chr12,53394942,53410888,K562_MPT_2987,ENSG00000063046.13,EIF4B,protein_coding,15,7.47e-06,K562,KARR-seq
chr2,74189295,74311354,K562_SE_371,chr2,74224840,74234840,K562_MPT_7399,ENSG00000187605.11,TET3,protein_coding,15,7.47e-06,K562,KARR-seq
chr7,23501278,23516409,K562_TE_19589,chr6,27095327,27120405,K562_MPT_10900,ENSG00000198339.3,HIST1H4I,protein_coding,15,7.47e-06,K562,KARR-seq
chr8,10616769,10677423,K562_TE_20811,chr7,148839560,148854678,K562_MPT_12146,ENSG00000197024.4,ZNF398,protein_coding,15,7.47e-06,K562,KARR-seq
chr9,33352365,33377408,K562_TE_21844,chr6,32127360,32170355,K562_MPT_10992,ENSG00000204310.6,AGPAT1,protein_coding,15,7.47e-06,K562,KARR-seq
chr20,54991986,55023801,K562_SE_417,chr17,41556331,41566508,K562_MPT_5552,ENSG00000067596.6,DHX8,protein_coding,15,7.47e-06,K562,KARR-seq
chr12,104962151,105038733,K562_SE_208,chr17,1382951,1401106,K562_MPT_5182,ENSG00000197879.10,MYO1C,protein_coding,15,7.47e-06,K562,KARR-seq
chr1,52071709,52138059,K562_TE_764,chr6,111190973,111201778,K562_MPT_11279,ENSG00000123505.10,AMD1,protein_coding,15,7.47e-06,K562,KARR-seq
chr11,12147047,12244318,K562_SE_164,chr2,48536776,48546849,K562_MPT_7267,ENSG00000170802.11,FOXN2,protein_coding,15,7.47e-06,K562,KARR-seq
chr8,130546590,130605033,K562_SE_702,chr2,220374052,220386599,K562_MPT_7903,ENSG00000072182.8,ASIC4,protein_coding,17,7.5e-06,K562,KARR-seq
chr10,75715341,75838968,K562_SE_145,chr1,27811562,27821669,K562_MPT_284,ENSG00000158195.6,WASF2,protein_coding,16,7.58e-06,K562,KARR-seq
chr1,113167276,113187862,K562_TE_1232,chr19,40766174,40796443,K562_MPT_6715,ENSG00000105221.12,AKT2,protein_coding,16,7.64e-06,K562,KARR-seq
chr12,116553715,116655574,K562_TE_5637,chr12,122176529,122186529,K562_MPT_3339,ENSG00000188735.8,TMEM120B,protein_coding,16,7.64e-06,K562,KARR-seq
chr11,75024400,75056118,K562_TE_4233,chr6,33234653,33249917,K562_MPT_10999,ENSG00000223501.4,VPS52,protein_coding,16,7.64e-06,K562,KARR-seq
chr2,138815386,138830108,K562_TE_12094,chr16,15063448,15075620,K562_MPT_4729,ENSG00000179889.14,PDXDC1,protein_coding,16,7.76e-06,K562,KARR-seq
chr6,15253980,15391637,K562_SE_569,chr4,77865856,77876015,K562_MPT_9855,ENSG00000138758.7,SEPT11,protein_coding,15,8.72e-06,K562,KARR-seq
chr22,42204233,42261826,K562_TE_14167,chr1,144984309,145000082,K562_MPT_812,ENSG00000268172.1,AL590452.1,protein_coding,16,9.61e-06,K562,RIC-seq
chr3,14479781,14500264,K562_TE_14386,chr19,11195038,11206275,K562_MPT_6378,ENSG00000130164.7,LDLR,protein_coding,16,1.06e-05,K562,KARR-seq
chr18,756567,807069,K562_TE_9733,chr1,245021396,245033040,K562_MPT_1406,ENSG00000153187.12,HNRNPU,protein_coding,16,1.08e-05,K562,KARR-seq
chr2,171992468,172012441,K562_TE_12304,chr11,5521834,5536215,K562_MPT_2030,ENSG00000175520.8,UBQLN3,protein_coding,16,1.1e-05,K562,KARR-seq
chr19,28942803,29111036,K562_SE_341,chr17,56828230,56838230,K562_MPT_5708,ENSG00000175175.4,PPM1E,protein_coding,16,1.19e-05,K562,KARR-seq
chr6,15253980,15391637,K562_SE_569,chr7,26235366,26250988,K562_MPT_11622,ENSG00000122565.14,CBX3,protein_coding,16,1.21e-05,K562,KARR-seq
chr21,46847396,46859449,K562_TE_13729,chr17,76113829,76133488,K562_MPT_5865,ENSG00000167895.10,TMC8,protein_coding,14,1.21e-05,K562,KARR-seq
chr17,39820395,39852828,K562_SE_304,chr17,40415605,40433725,K562_MPT_5527,ENSG00000236194.2,AC003104.1,lncRNA,14,1.21e-05,K562,KARR-seq
chr7,65214424,65236497,K562_SE_652,chr5,154130135,154141734,K562_MPT_10623,ENSG00000155506.12,LARP1,protein_coding,14,1.21e-05,K562,KARR-seq
chr22,39108113,39113221,K562_TE_14099,chr3,154032073,154047286,K562_MPT_9422,ENSG00000174953.9,DHX36,protein_coding,14,1.21e-05,K562,KARR-seq
chr12,118725281,118786082,K562_TE_5662,chr10,70656034,70666034,K562_MPT_1675,ENSG00000107625.8,DDX50,protein_coding,14,1.21e-05,K562,KARR-seq
chr3,14244645,14342792,K562_SE_455,chr7,64462031,64472031,K562_MPT_11752,ENSG00000213462.4,ERV3-1,protein_coding,14,1.21e-05,K562,KARR-seq
chr12,50056001,50068385,K562_TE_5052,chr12,33587581,33597754,K562_MPT_2879,ENSG00000110975.4,SYT10,protein_coding,14,1.21e-05,K562,KARR-seq
chr1,966288,976091,K562_TE_17,chr19,1391466,1418900,K562_MPT_6189,ENSG00000248015.2,AC005329.7,lncRNA,14,1.21e-05,K562,KARR-seq
chrX,11257371,11276677,K562_TE_22710,chr12,64998239,65009293,K562_MPT_3089,ENSG00000153179.7,RASSF3,protein_coding,14,1.21e-05,K562,KARR-seq
chr17,74551794,74583449,K562_SE_318,chr5,36143090,36160221,K562_MPT_10214,ENSG00000207756.1,MIR580,miRNA,14,1.21e-05,K562,KARR-seq
chr3,47756954,47764576,K562_TE_14666,chr1,228265361,228275851,K562_MPT_1333,ENSG00000143761.9,ARF1,protein_coding,14,1.21e-05,K562,KARR-seq
chr3,72476234,72511224,K562_TE_14861,chr19,17511457,17521954,K562_MPT_6493,ENSG00000269640.1,CTD-2521M24.9,lncRNA,14,1.21e-05,K562,KARR-seq
chr2,178192474,178203810,K562_TE_12371,chr19,42358988,42369839,K562_MPT_6748,ENSG00000105372.2,RPS19,protein_coding,14,1.21e-05,K562,KARR-seq
chr19,45600681,45641649,K562_TE_10728,chr11,94496508,94506537,K562_MPT_2538,ENSG00000166025.13,AMOTL1,protein_coding,14,1.21e-05,K562,KARR-seq
chr9,137226831,137261881,K562_TE_22596,chr6,29590815,29609120,K562_MPT_10939,ENSG00000235238.1,SUMO2P1,pseudogene,14,1.21e-05,K562,KARR-seq
chr1,12060863,12072998,K562_TE_175,chr5,68525668,68535944,K562_MPT_10299,ENSG00000134058.6,CDK7,protein_coding,14,1.21e-05,K562,KARR-seq
chr2,46530420,46570715,K562_SE_364,chr2,27574113,27585055,K562_MPT_7172,ENSG00000115207.9,GTF3C2,protein_coding,14,1.21e-05,K562,KARR-seq
chr1,28769596,28777411,K562_TE_428,chr5,884814,898757,K562_MPT_10148,ENSG00000071539.9,TRIP13,protein_coding,14,1.21e-05,K562,KARR-seq
chr5,154141922,154167532,K562_TE_17799,chr1,6626001,6645148,K562_MPT_77,ENSG00000173662.15,TAS1R1,protein_coding,14,1.22e-05,K562,KARR-seq
chr5,10689205,10739844,K562_SE_528,chr1,151877113,151887284,K562_MPT_910,ENSG00000159445.8,THEM4,protein_coding,14,1.22e-05,K562,KARR-seq
chr3,138462446,138518985,K562_TE_15213,chr11,62489821,62501114,K562_MPT_2272,ENSG00000214753.2,HNRNPUL2,protein_coding,14,1.22e-05,K562,KARR-seq
chr16,23853484,23934208,K562_SE_269,chr20,35483276,35497089,K562_MPT_8178,ENSG00000149639.10,SOGA1,protein_coding,16,1.34e-05,K562,KARR-seq
chr11,65235059,65278329,K562_SE_179,chr1,161082891,161092908,K562_MPT_1017,ENSG00000158793.9,NIT1,protein_coding,22,1.65e-05,K562,KARR-seq
chr20,32587038,32676878,K562_TE_13113,chr19,2264485,2275290,K562_MPT_6215,ENSG00000167476.6,JSRP1,protein_coding,14,1.73e-05,K562,KARR-seq
chr10,126801223,126839727,K562_TE_3457,chr10,33239591,33257211,K562_MPT_1561,ENSG00000229656.2,RP11-462L8.1,lncRNA,14,1.73e-05,K562,KARR-seq
chr11,65235059,65278329,K562_SE_179,chr2,61399553,61416847,K562_MPT_7303,ENSG00000173209.18,AHSA2,protein_coding,21,1.77e-05,K562,KARR-seq
chr8,126937450,126959759,K562_TE_21586,chr1,224616807,224629735,K562_MPT_1307,ENSG00000162923.10,WDR26,protein_coding,14,1.77e-05,K562,KARR-seq
chr12,104856215,104889173,K562_SE_207,chr19,54682517,54718286,K562_MPT_6990,ENSG00000170889.9,RPS9,protein_coding,2,1.94e-05,K562,KARR-seq
chr21,38744669,38835594,K562_SE_428,chr11,67130108,67146648,K562_MPT_2379,ENSG00000256514.1,AP003419.11,lncRNA,14,1.97e-05,K562,KARR-seq
chr11,65235059,65278329,K562_SE_179,chr6,28906654,28916654,K562_MPT_10934,ENSG00000204709.4,C6orf100,protein_coding,26,2.1e-05,K562,KARR-seq
chr1,230208360,230327626,K562_SE_104,chr17,46040176,46053517,K562_MPT_5627,ENSG00000108465.10,CDK5RAP3,protein_coding,14,2.14e-05,K562,KARR-seq
chr7,106584969,106759452,K562_SE_661,chr12,46754090,46771650,K562_MPT_2904,ENSG00000134294.9,SLC38A2,protein_coding,14,2.43e-05,K562,KARR-seq
chr1,27104572,27108989,K562_TE_396,chr1,27108963,27120419,K562_MPT_269,ENSG00000060642.6,PIGV,protein_coding,15,2.61e-05,K562,RIC-seq
chr6,42167427,42169432,K562_TE_18490,chr6,42157654,42167654,K562_MPT_11086,ENSG00000112599.8,GUCA1B,protein_coding,15,2.61e-05,K562,RIC-seq
chr7,145481272,145491017,K562_TE_20629,chr7,145808453,145818453,K562_MPT_12137,ENSG00000174469.13,CNTNAP2,protein_coding,15,2.61e-05,K562,RIC-seq
chr15,28833961,28837697,K562_TE_7042,chr15,23373228,23383228,K562_MPT_4111,ENSG00000140181.10,HERC2P2,pseudogene,15,2.64e-05,K562,RIC-seq
chrX,64892608,64942250,K562_TE_22977,chr11,65332744,65354370,K562_MPT_2333,ENSG00000176973.7,FAM89B,protein_coding,15,2.66e-05,K562,RIC-seq
chr1,28897644,28917048,K562_TE_432,chr1,202124119,202142179,K562_MPT_1185,ENSG00000243323.1,PTPRVP,pseudogene,15,2.67e-05,K562,KARR-seq
chr16,29591710,29668668,K562_SE_272,chr16,87892245,87908094,K562_MPT_5131,ENSG00000103257.4,SLC7A5,protein_coding,15,2.89e-05,K562,RIC-seq
chr20,31193112,31290878,K562_SE_402,chr20,31164765,31180281,K562_MPT_8124,ENSG00000197183.8,C20orf112,protein_coding,15,2.91e-05,K562,RIC-seq
chr11,65167965,65217131,K562_SE_178,chr11,75057749,75067873,K562_MPT_2460,ENSG00000137486.12,ARRB1,protein_coding,16,3.24e-05,K562,KARR-seq
chr6,68585750,68609380,K562_SE_605,chr16,89551726,89565201,K562_MPT_5152,ENSG00000261118.1,RP11-104N10.1,lncRNA,18,3.53e-05,K562,KARR-seq
chr8,130546590,130605033,K562_SE_702,chr10,102101147,102111881,K562_MPT_1834,ENSG00000099194.5,SCD,protein_coding,14,3.53e-05,K562,KARR-seq
chr16,81462833,81519190,K562_SE_278,chr20,49121891,49131920,K562_MPT_8275,ENSG00000196396.5,PTPN1,protein_coding,2,3.88e-05,K562,KARR-seq
chr21,9950593,9969001,K562_SE_420,chr9,123599084,123614011,K562_MPT_13063,ENSG00000226752.3,PSMD5-AS1,lncRNA,2,3.88e-05,K562,KARR-seq
chr19,1929118,1936133,K562_TE_10210,chr19,1936188,1947464,K562_MPT_6206,ENSG00000133275.11,CSNK1G2,protein_coding,14,4.91e-05,K562,RIC-seq
chr21,39483580,39488307,K562_TE_13642,chr17,1152294,1162294,K562_MPT_5178,ENSG00000262213.1,AC144836.1,lncRNA,14,4.91e-05,K562,RIC-seq
chr1,43838527,43841548,K562_TE_659,chr1,43819329,43838689,K562_MPT_456,ENSG00000066322.8,ELOVL1,protein_coding,14,4.91e-05,K562,RIC-seq
chr4,74919584,74959595,K562_SE_514,chr4,74899406,74909406,K562_MPT_9837,ENSG00000163734.4,CXCL3,protein_coding,14,4.91e-05,K562,RIC-seq
chr3,185221898,185226298,K562_TE_15591,chr3,185211775,185221845,K562_MPT_9533,ENSG00000163900.6,TMEM41A,protein_coding,14,4.91e-05,K562,RIC-seq
chr6,25971016,26007638,K562_TE_18257,chr6,26011607,26038796,K562_MPT_10871,ENSG00000124529.3,HIST1H4B,protein_coding,14,4.92e-05,K562,RIC-seq
chr5,179511558,179521767,K562_TE_17969,chr16,4388762,4410608,K562_MPT_4673,ENSG00000217930.3,PAM16,protein_coding,14,4.93e-05,K562,RIC-seq
chr6,41959442,42010899,K562_SE_599,chr1,144984309,145000082,K562_MPT_812,ENSG00000268172.1,AL590452.1,protein_coding,14,6.27e-05,K562,RIC-seq
chr16,85548387,85639758,K562_SE_284,chr20,30304001,30316792,K562_MPT_8113,ENSG00000268457.1,AL160175.1,protein_coding,14,6.43e-05,K562,KARR-seq
chr6,68585750,68609380,K562_SE_605,chr1,243411622,243424372,K562_MPT_1397,ENSG00000054282.11,SDCCAG8,protein_coding,14,6.6e-05,K562,KARR-seq
chr16,85548387,85639758,K562_SE_284,chr6,16756369,16769577,K562_MPT_10844,ENSG00000124788.13,ATXN1,protein_coding,14,6.85e-05,K562,RIC-seq
chr11,65235059,65278329,K562_SE_179,chr1,43307033,43321358,K562_MPT_450,ENSG00000228192.3,RP11-342M1.3,lncRNA,21,7.19e-05,K562,KARR-seq
chr7,101482129,101596250,K562_SE_657,chr9,95049875,95061038,K562_MPT_12933,ENSG00000239183.1,SNORA84,snoRNA,2,7.45e-05,K562,KARR-seq
chr20,29518179,29537518,K562_TE_13068,chr16,89038401,89055440,K562_MPT_5146,ENSG00000129993.10,CBFA2T3,protein_coding,2,7.45e-05,K562,KARR-seq
chr11,65235059,65278329,K562_SE_179,chr14,52448937,52465444,K562_MPT_3812,ENSG00000087302.4,C14orf166,protein_coding,17,7.75e-05,K562,KARR-seq
chr7,135711069,135800125,K562_TE_20533,chr7,135657064,135667101,K562_MPT_12091,ENSG00000105887.10,MTPN,protein_coding,13,0.000118,K562,RIC-seq
chr16,15241002,15249352,K562_TE_8023,chr16,2176852,2191130,K562_MPT_4629,ENSG00000200344.1,Y_RNA,misc_RNA,13,0.000118,K562,RIC-seq
chr19,51969326,51982230,K562_SE_349,chr19,51956706,51966710,K562_MPT_6935,ENSG00000105366.11,SIGLEC8,protein_coding,13,0.000118,K562,RIC-seq
chr9,46112543,46126893,K562_TE_21953,chr9,46375257,46395277,K562_MPT_12850,ENSG00000204813.2,RP11-34H11.3,pseudogene,13,0.000118,K562,RIC-seq
chr1,142618438,142623892,K562_TE_1325,chr3,75829209,75839734,K562_MPT_9181,ENSG00000227124.4,ZNF717,protein_coding,13,0.000118,K562,RIC-seq
chr1,16860038,16892778,K562_TE_228,chr1,17176902,17190516,K562_MPT_172,ENSG00000263811.1,MIR3675,miRNA,13,0.000118,K562,KARR-seq
chr6,69396203,69405959,K562_TE_18635,chr6,135366759,135381171,K562_MPT_11360,ENSG00000232876.1,CTA-212D2.2,lncRNA,13,0.000118,K562,KARR-seq
chr1,143928750,144054981,K562_TE_1340,chr15,23029370,23039427,K562_MPT_4104,ENSG00000140157.10,NIPA2,protein_coding,13,0.000118,K562,KARR-seq
chrX,138078295,138090287,K562_TE_23299,chr18,2562198,2576564,K562_MPT_5959,ENSG00000101574.10,METTL4,protein_coding,13,0.000118,K562,KARR-seq
chr5,139788378,139813185,K562_TE_17648,chr3,45012658,45022722,K562_MPT_9023,ENSG00000075914.8,EXOSC7,protein_coding,13,0.000118,K562,KARR-seq
chr15,64982530,64988967,K562_TE_7420,chr19,47611531,47622009,K562_MPT_6846,ENSG00000130749.5,ZC3H4,protein_coding,13,0.000118,K562,KARR-seq
chr6,126262274,126286469,K562_TE_18995,chr1,151025234,151037125,K562_MPT_892,ENSG00000213190.2,MLLT11,protein_coding,13,0.000118,K562,KARR-seq
chr10,126801223,126839727,K562_TE_3457,chr2,62110659,62120939,K562_MPT_7308,ENSG00000115484.10,CCT4,protein_coding,13,0.000119,K562,KARR-seq
chr7,32540416,32556043,K562_TE_19686,chr1,8933066,8944308,K562_MPT_96,ENSG00000236269.1,ENO1-IT1,lncRNA,13,0.000121,K562,KARR-seq
chr9,132617858,132658432,K562_SE_733,chr10,33239591,33257211,K562_MPT_1561,ENSG00000229656.2,RP11-462L8.1,lncRNA,13,0.000121,K562,KARR-seq
chr4,40665,63940,K562_TE_15724,chr11,77845304,77855861,K562_MPT_2489,ENSG00000246174.3,KCTD21-AS1,lncRNA,2,0.000125,K562,KARR-seq
chr1,61569740,61673375,K562_SE_45,chr15,55483823,55494265,K562_MPT_4288,ENSG00000137876.5,RSL24D1,protein_coding,2,0.000125,K562,KARR-seq
chr9,94618470,94683542,K562_SE_719,chr2,74677150,74715361,K562_MPT_7409,ENSG00000239779.2,WBP1,protein_coding,13,0.000126,K562,KARR-seq
chr2,55225058,55267805,K562_TE_11460,chr17,65357721,65367743,K562_MPT_5772,ENSG00000197170.5,PSMD12,protein_coding,13,0.000128,K562,KARR-seq
chr1,230208360,230327626,K562_SE_104,chr3,48714017,48728797,K562_MPT_9059,ENSG00000213672.3,NCKIPSD,protein_coding,13,0.000129,K562,KARR-seq
chr16,84740593,84788244,K562_TE_8588,chr3,51991908,52022553,K562_MPT_9100,ENSG00000114779.15,ABHD14B,protein_coding,13,0.000132,K562,KARR-seq
chr7,32540416,32556043,K562_TE_19686,chr12,49725971,49745821,K562_MPT_2941,ENSG00000186897.3,C1QL4,protein_coding,11,0.000132,K562,KARR-seq
chr6,147171445,147272129,K562_SE_624,chr8,146047849,146059427,K562_MPT_12703,ENSG00000147789.11,ZNF7,protein_coding,11,0.000132,K562,KARR-seq
chr10,75715341,75838968,K562_SE_145,chr8,30509522,30520768,K562_MPT_12329,ENSG00000197265.4,GTF2E2,protein_coding,11,0.000132,K562,KARR-seq
chr1,111421726,111441927,K562_SE_55,chr2,241521116,241535427,K562_MPT_7971,ENSG00000260942.1,CAPN10-AS1,lncRNA,11,0.000132,K562,KARR-seq
chr11,48007498,48041918,K562_TE_3928,chr16,31478380,31499323,K562_MPT_4885,ENSG00000140675.8,SLC5A2,protein_coding,11,0.000132,K562,KARR-seq
chr6,20688910,20712673,K562_TE_18221,chr1,40622045,40632045,K562_MPT_424,ENSG00000117000.8,RLF,protein_coding,11,0.000132,K562,KARR-seq
chr1,109626153,109650176,K562_TE_1184,chr17,40328099,40351520,K562_MPT_5526,ENSG00000167925.11,GHDC,protein_coding,11,0.000132,K562,KARR-seq
chr8,67830082,67847272,K562_SE_688,chrX,123089062,123102020,K562_MPT_13613,ENSG00000232412.1,RP1-315G1.3,lncRNA,11,0.000132,K562,KARR-seq
chr6,155072954,155083718,K562_TE_19213,chr18,701523,717676,K562_MPT_5952,ENSG00000132199.14,ENOSF1,protein_coding,11,0.000132,K562,KARR-seq
chr13,113353761,113395460,K562_TE_6288,chr11,47188108,47218093,K562_MPT_2199,ENSG00000243802.2,RP11-390K5.1,pseudogene,11,0.000132,K562,KARR-seq
chr3,186654509,186678245,K562_TE_15615,chr11,112125988,112168296,K562_MPT_2590,ENSG00000213234.4,ST13P10,pseudogene,11,0.000132,K562,KARR-seq
chr17,41392069,41411565,K562_SE_306,chr12,64793130,64808437,K562_MPT_3087,ENSG00000184575.7,XPOT,protein_coding,11,0.000132,K562,KARR-seq
chr22,17066736,17097786,K562_SE_431,chr2,70470586,70490551,K562_MPT_7367,ENSG00000116005.7,PCYOX1,protein_coding,11,0.000132,K562,KARR-seq
chr2,145188334,145270092,K562_SE_382,chr12,68037118,68050249,K562_MPT_3100,ENSG00000127334.10,DYRK2,protein_coding,11,0.000132,K562,KARR-seq
chr12,50925657,51019968,K562_SE_203,chr16,675932,696813,K562_MPT_4606,ENSG00000130731.11,C16orf13,protein_coding,11,0.000132,K562,KARR-seq
chr7,16298532,16311065,K562_SE_642,chr7,150015252,150025814,K562_MPT_12160,ENSG00000127399.10,LRRC61,protein_coding,11,0.000132,K562,KARR-seq
chr19,53424232,53441284,K562_SE_351,chr3,52268158,52287977,K562_MPT_9105,ENSG00000164088.13,PPM1M,protein_coding,11,0.000132,K562,KARR-seq
chr6,5269861,5303678,K562_TE_18059,chr19,9780720,9790776,K562_MPT_6346,ENSG00000171466.5,ZNF562,protein_coding,11,0.000132,K562,KARR-seq
chr5,134717410,134728991,K562_TE_17589,chr17,38204861,38233344,K562_MPT_5495,ENSG00000126351.8,THRA,protein_coding,11,0.000132,K562,KARR-seq
chr16,85398912,85455925,K562_SE_283,chr16,85386069,85396069,K562_MPT_5117,ENSG00000261567.1,RP11-680G10.1,protein_coding,11,0.000132,K562,KARR-seq
chr11,57060493,57083741,K562_TE_3942,chr11,112092088,112103996,K562_MPT_2589,ENSG00000150787.3,PTS,protein_coding,11,0.000132,K562,KARR-seq
chr21,15292825,15296359,K562_TE_13463,chr17,60137643,60147643,K562_MPT_5732,ENSG00000108510.5,MED13,protein_coding,11,0.000132,K562,KARR-seq
chr12,80305724,80323141,K562_TE_5341,chr16,30361255,30399171,K562_MPT_4852,ENSG00000180035.6,ZNF48,protein_coding,11,0.000132,K562,KARR-seq
chr20,1357918,1364838,K562_TE_12915,chr9,139549873,139570054,K562_MPT_13227,ENSG00000199161.1,MIR126,miRNA,11,0.000132,K562,KARR-seq
chr1,54676619,54697327,K562_TE_817,chr11,65298736,65331401,K562_MPT_2332,ENSG00000168056.10,LTBP3,protein_coding,11,0.000132,K562,KARR-seq
chrX,48793317,48806606,K562_SE_744,chr2,174823947,174838079,K562_MPT_7729,ENSG00000271151.1,RP11-394I13.2,lncRNA,11,0.000132,K562,KARR-seq
chr15,34780752,34781779,K562_TE_7096,chr17,73173658,73184078,K562_MPT_5816,ENSG00000188612.7,SUMO2,protein_coding,11,0.000132,K562,KARR-seq
chr8,56901995,56936486,K562_TE_21137,chr16,28884726,28897928,K562_MPT_4821,ENSG00000196296.9,ATP2A1,protein_coding,11,0.000132,K562,KARR-seq
chr1,89996110,90030257,K562_SE_50,chr15,59392277,59402356,K562_MPT_4317,ENSG00000157456.3,CCNB2,protein_coding,11,0.000132,K562,KARR-seq
chr2,15671378,15696593,K562_TE_11091,chr19,19621494,19632039,K562_MPT_6546,ENSG00000186010.14,NDUFA13,protein_coding,11,0.000132,K562,KARR-seq
chr19,5943909,5969894,K562_TE_10292,chr22,29132771,29143410,K562_MPT_8638,ENSG00000183765.16,CHEK2,protein_coding,11,0.000132,K562,KARR-seq
chr7,110863639,110873030,K562_TE_20318,chr6,28968037,28978037,K562_MPT_10936,ENSG00000197935.6,ZNF311,protein_coding,11,0.000132,K562,KARR-seq
chr9,4799120,4902541,K562_SE_709,chr2,97529325,97541494,K562_MPT_7484,ENSG00000168758.6,SEMA4C,protein_coding,11,0.000132,K562,KARR-seq
chrX,138223591,138233346,K562_TE_23301,chr11,88065901,88075955,K562_MPT_2521,ENSG00000109861.11,CTSC,protein_coding,11,0.000132,K562,KARR-seq
chr9,44875058,44880467,K562_TE_21948,chr20,25837213,25853786,K562_MPT_8100,ENSG00000175170.10,FAM182B,protein_coding,11,0.000132,K562,KARR-seq
chr3,136335245,136446485,K562_TE_15197,chr6,30534153,30544219,K562_MPT_10953,ENSG00000204574.8,ABCF1,protein_coding,11,0.000132,K562,KARR-seq
chr20,56975923,57009005,K562_TE_13390,chr14,24719262,24745945,K562_MPT_3732,ENSG00000100949.10,RABGGTA,protein_coding,11,0.000132,K562,KARR-seq
chr10,131939197,131955931,K562_TE_3473,chr6,170857429,170868693,K562_MPT_11486,ENSG00000008018.8,PSMB1,protein_coding,11,0.000132,K562,KARR-seq
chr9,19276930,19283925,K562_TE_21810,chr12,49653539,49672089,K562_MPT_2938,ENSG00000167553.10,TUBA1C,protein_coding,11,0.000132,K562,KARR-seq
chr19,45600681,45641649,K562_TE_10728,chr1,53699171,53709282,K562_MPT_529,ENSG00000162385.6,MAGOH,protein_coding,11,0.000132,K562,KARR-seq
chr20,45924291,45970176,K562_SE_408,chr3,9877301,9890743,K562_MPT_8880,ENSG00000156990.10,RPUSD3,protein_coding,11,0.000132,K562,KARR-seq
chr3,195413396,195443188,K562_TE_15665,chr1,146709291,146719356,K562_MPT_836,ENSG00000131778.13,CHD1L,protein_coding,11,0.000132,K562,KARR-seq
chr1,78130891,78138156,K562_TE_989,chr16,8886505,8896724,K562_MPT_4691,ENSG00000184857.7,TMEM186,protein_coding,11,0.000132,K562,KARR-seq
chr5,154141922,154167532,K562_TE_17799,chr11,47188108,47218093,K562_MPT_2199,ENSG00000243802.2,RP11-390K5.1,pseudogene,11,0.000132,K562,KARR-seq
chr8,130452382,130513523,K562_TE_21615,chrX,130032178,130042208,K562_MPT_13630,ENSG00000165675.12,ENOX2,protein_coding,13,0.000133,K562,RIC-seq
chr7,76177805,76239287,K562_TE_20032,chr7,150060278,150085973,K562_MPT_12161,ENSG00000239377.1,RP4-584D14.6,lncRNA,13,0.000133,K562,KARR-seq
chr11,124041062,124045549,K562_TE_4601,chr11,124050923,124060923,K562_MPT_2651,ENSG00000197309.2,OR10D3,protein_coding,13,0.000134,K562,RIC-seq
chr2,87738949,87854483,K562_SE_373,chr19,19238210,19254322,K562_MPT_6539,ENSG00000064545.10,TMEM161A,protein_coding,11,0.000135,K562,KARR-seq
chr1,51997530,52049537,K562_TE_763,chr1,51978981,51990000,K562_MPT_510,ENSG00000227070.1,RP11-191G24.1,lncRNA,13,0.000137,K562,RIC-seq
chr18,9733561,9966563,K562_SE_328,chr16,850443,860443,K562_MPT_4610,ENSG00000167945.1,PRR25,protein_coding,11,0.000138,K562,KARR-seq
chr12,46144928,46168371,K562_TE_4992,chr6,26178958,26209858,K562_MPT_10877,ENSG00000216331.1,HIST1H1PS1,pseudogene,11,0.00014,K562,KARR-seq
chr18,75695246,75705676,K562_TE_10150,chr6,2993977,3009401,K562_MPT_10769,ENSG00000224846.1,RP1-90J20.8,lncRNA,11,0.000142,K562,KARR-seq
chr3,4753839,4814516,K562_SE_448,chr19,792075,809940,K562_MPT_6171,ENSG00000265767.1,MIR4745,miRNA,11,0.000142,K562,KARR-seq
chr3,14479781,14500264,K562_TE_14386,chr10,103869703,103885210,K562_MPT_1850,ENSG00000198728.6,LDB1,protein_coding,11,0.000142,K562,KARR-seq
chr9,139619943,139624993,K562_TE_22624,chr10,73965495,73985510,K562_MPT_1703,ENSG00000200344.1,Y_RNA,misc_RNA,11,0.000142,K562,KARR-seq
chr7,120621793,120694187,K562_SE_662,chr16,58653690,58668790,K562_MPT_4976,ENSG00000125107.12,CNOT1,protein_coding,11,0.000143,K562,KARR-seq
chr10,5732296,5749874,K562_TE_2470,chr1,155934520,155953890,K562_MPT_960,ENSG00000273002.1,RP11-336K24.12,lncRNA,11,0.000145,K562,KARR-seq
chr8,130452382,130513523,K562_TE_21615,chr9,139755718,139765738,K562_MPT_13235,ENSG00000107223.8,EDF1,protein_coding,11,0.000145,K562,KARR-seq
chr19,15938687,15956027,K562_SE_336,chr19,41299901,41322295,K562_MPT_6729,ENSG00000269858.1,EGLN2,protein_coding,11,0.000145,K562,KARR-seq
chr11,65235059,65278329,K562_SE_179,chr9,15505287,15516017,K562_MPT_12749,ENSG00000164985.10,PSIP1,protein_coding,16,0.000146,K562,KARR-seq
chr11,95944717,96013925,K562_SE_189,chr7,129069274,129079287,K562_MPT_12053,ENSG00000128578.5,STRIP2,protein_coding,11,0.000147,K562,KARR-seq
chr11,65167965,65217131,K562_SE_178,chr10,45490923,45501336,K562_MPT_1595,ENSG00000165512.4,ZNF22,protein_coding,13,0.000148,K562,KARR-seq
chr16,89505998,89551616,K562_TE_8654,chr4,83289303,83300656,K562_MPT_9876,ENSG00000272677.1,RP11-127B20.3,lncRNA,13,0.000149,K562,KARR-seq
chr6,68585750,68609380,K562_SE_605,chr1,161188198,161201976,K562_MPT_1021,ENSG00000158874.7,APOA2,protein_coding,11,0.000149,K562,KARR-seq
chrX,11290563,11437956,K562_SE_739,chr9,123625900,123644606,K562_MPT_13064,ENSG00000119403.9,PHF19,protein_coding,13,0.000152,K562,KARR-seq
chr12,116553715,116655574,K562_TE_5637,chr3,9428506,9445263,K562_MPT_8872,ENSG00000206573.4,SETD5-AS1,lncRNA,13,0.000154,K562,KARR-seq
chr2,145188334,145270092,K562_SE_382,chr7,6741474,6754759,K562_MPT_11554,ENSG00000187953.6,PMS2CL,pseudogene,13,0.000154,K562,KARR-seq
chr3,42042833,42103721,K562_TE_14587,chr5,138604441,138619470,K562_MPT_10538,ENSG00000200959.1,SNORA74A,snoRNA,11,0.000164,K562,KARR-seq
chr11,65167965,65217131,K562_SE_178,chr10,70086832,70097806,K562_MPT_1668,ENSG00000096746.13,HNRNPH3,protein_coding,14,0.000167,K562,KARR-seq
chr2,112101213,112291868,K562_SE_378,chr2,120975984,120985984,K562_MPT_7594,ENSG00000226479.3,TMEM185B,protein_coding,2,0.000168,K562,KARR-seq
chr8,130546590,130605033,K562_SE_702,chr14,23785498,23797654,K562_MPT_3717,ENSG00000268702.1,AL049829.1,protein_coding,2,0.000168,K562,KARR-seq
chr21,36270273,36415020,K562_SE_426,chr6,125278691,125289185,K562_MPT_11325,ENSG00000146373.12,RNF217,protein_coding,2,0.000168,K562,KARR-seq
chr11,78057964,78112641,K562_TE_4288,chr11,68223186,68233281,K562_MPT_2398,ENSG00000110075.10,PPP6R3,protein_coding,2,0.000168,K562,KARR-seq
chr18,756567,807069,K562_TE_9733,chr9,34607101,34671109,K562_MPT_12787,ENSG00000137100.11,DCTN3,protein_coding,2,0.000168,K562,KARR-seq
chr17,57905311,57931090,K562_SE_315,chr16,23842322,23853544,K562_MPT_4788,ENSG00000166501.8,PRKCB,protein_coding,2,0.000168,K562,KARR-seq
chr4,79684477,79738669,K562_TE_16199,chr6,26211872,26222165,K562_MPT_10878,ENSG00000168274.3,HIST1H2AE,protein_coding,11,0.000174,K562,KARR-seq
chr11,65235059,65278329,K562_SE_179,chr8,144358019,144378592,K562_MPT_12667,ENSG00000185730.3,ZNF696,protein_coding,16,0.000185,K562,KARR-seq
chr3,6548808,6584670,K562_TE_14302,chr3,148842371,148852425,K562_MPT_9404,ENSG00000163755.4,HPS3,protein_coding,12,0.000185,K562,KARR-seq
chr3,126590753,126664377,K562_SE_477,chr1,241794232,241808701,K562_MPT_1392,ENSG00000054277.8,OPN3,protein_coding,12,0.000185,K562,KARR-seq
chr1,180521116,180592281,K562_SE_84,chr2,170585356,170603003,K562_MPT_7704,ENSG00000213160.5,KLHL23,protein_coding,12,0.000185,K562,KARR-seq
chr8,125928401,125952609,K562_TE_21565,chr15,43472339,43482637,K562_MPT_4224,ENSG00000261687.1,RP11-473C18.3,lncRNA,12,0.000185,K562,KARR-seq
chr10,11916377,11968192,K562_SE_121,chr16,25109879,25128253,K562_MPT_4795,ENSG00000260448.1,RP11-449H11.1,lncRNA,12,0.000185,K562,KARR-seq
chr20,47900668,47920027,K562_TE_13310,chr5,89762565,89775712,K562_MPT_10380,ENSG00000113356.6,POLR3G,protein_coding,12,0.000185,K562,KARR-seq
chr7,44800407,44808434,K562_TE_19800,chrX,118597225,118608061,K562_MPT_13590,ENSG00000005022.5,SLC25A5,protein_coding,12,0.000185,K562,KARR-seq
chr17,55609383,55632774,K562_TE_9348,chr5,179100629,179112975,K562_MPT_10727,ENSG00000204659.4,CBY3,protein_coding,12,0.000185,K562,KARR-seq
chr12,111831442,111884186,K562_TE_5584,chr5,138624337,138640541,K562_MPT_10539,ENSG00000199545.1,RNA5SP195,rRNA,12,0.000185,K562,KARR-seq
chr4,74067565,74079159,K562_TE_16122,chr8,30579527,30595136,K562_MPT_12330,ENSG00000104691.10,UBXN8,lncRNA,12,0.000185,K562,KARR-seq
chr6,7235173,7262603,K562_TE_18077,chr20,60937326,60947368,K562_MPT_8331,ENSG00000130702.9,LAMA5,protein_coding,12,0.000185,K562,KARR-seq
chr6,16245298,16278427,K562_SE_574,chr1,9289834,9304903,K562_MPT_99,ENSG00000049239.8,H6PD,protein_coding,12,0.000185,K562,KARR-seq
chr18,756567,807069,K562_TE_9733,chr13,42841289,42851289,K562_MPT_3517,ENSG00000023516.7,AKAP11,protein_coding,12,0.000185,K562,KARR-seq
chr3,46967847,47013803,K562_SE_467,chr6,86294411,86308874,K562_MPT_11207,ENSG00000135317.8,SNX14,protein_coding,12,0.000185,K562,KARR-seq
chr1,167342566,167356986,K562_TE_1662,chr12,131349382,131361641,K562_MPT_3395,ENSG00000222438.1,RNU6-1077P,snRNA,12,0.000185,K562,KARR-seq
chr9,127450836,127487668,K562_TE_22440,chr12,50556091,50566205,K562_MPT_2955,ENSG00000139624.8,CERS5,protein_coding,12,0.000185,K562,KARR-seq
chr13,50760113,50783584,K562_TE_6087,chr19,1008339,1047661,K562_MPT_6178,ENSG00000207357.1,RNU6-2,snRNA,12,0.000185,K562,KARR-seq
chr1,67401088,67420708,K562_TE_924,chr3,40513604,40524471,K562_MPT_8997,ENSG00000177873.8,ZNF619,protein_coding,12,0.000185,K562,KARR-seq
chr11,46442681,46473142,K562_TE_3902,chr9,140495106,140505155,K562_MPT_13256,ENSG00000197070.9,ARRDC1,protein_coding,12,0.000185,K562,KARR-seq
chr21,36270273,36415020,K562_SE_426,chr19,18491968,18502372,K562_MPT_6523,ENSG00000130513.6,GDF15,protein_coding,12,0.000185,K562,KARR-seq
chr9,93572288,93580799,K562_TE_22110,chr2,230781074,230792955,K562_MPT_7922,ENSG00000153827.9,TRIP12,protein_coding,12,0.000185,K562,KARR-seq
chr12,125023096,125042321,K562_TE_5779,chr8,21941719,21951719,K562_MPT_12277,ENSG00000158863.17,FAM160B2,protein_coding,12,0.000185,K562,KARR-seq
chr21,36189417,36198620,K562_TE_13590,chr6,30534153,30544219,K562_MPT_10953,ENSG00000204574.8,ABCF1,protein_coding,12,0.000185,K562,KARR-seq
chr22,17066736,17097786,K562_SE_431,chr3,170070503,170082411,K562_MPT_9466,ENSG00000136603.9,SKIL,protein_coding,12,0.000185,K562,KARR-seq
chr2,159319996,159321688,K562_TE_12215,chr4,41932137,41946272,K562_MPT_9768,ENSG00000109133.8,TMEM33,protein_coding,12,0.000185,K562,KARR-seq
chr8,21867435,21868298,K562_TE_20877,chr1,76246879,76267567,K562_MPT_602,ENSG00000207241.1,SNORD45A,snoRNA,12,0.000185,K562,KARR-seq
chr1,227605878,227637888,K562_TE_2228,chr11,108459374,108469465,K562_MPT_2575,ENSG00000110723.7,EXPH5,protein_coding,12,0.000185,K562,KARR-seq
chr22,41040639,41079100,K562_TE_14144,chr16,272655,330937,K562_MPT_4599,ENSG00000076344.11,RGS11,protein_coding,12,0.000185,K562,KARR-seq
chr17,70774650,70776523,K562_TE_9532,chr8,27690599,27700994,K562_MPT_12313,ENSG00000168078.5,PBK,protein_coding,12,0.000185,K562,KARR-seq
chr2,122227093,122245388,K562_TE_12002,chr19,39892453,39910833,K562_MPT_6701,ENSG00000266559.1,MIR4530,miRNA,12,0.000185,K562,KARR-seq
chr1,19929760,19940167,K562_TE_263,chr10,103869703,103885210,K562_MPT_1850,ENSG00000198728.6,LDB1,protein_coding,12,0.000185,K562,KARR-seq
chr20,45924291,45970176,K562_SE_408,chr1,101486319,101496475,K562_MPT_692,ENSG00000233184.2,RP11-421L21.3,lncRNA,12,0.000185,K562,KARR-seq
chr1,8448048,8470262,K562_TE_105,chr13,114995362,115005556,K562_MPT_3658,ENSG00000130177.10,CDC16,protein_coding,12,0.000185,K562,KARR-seq
chr8,102193472,102207525,K562_TE_21416,chr1,161118542,161152287,K562_MPT_1019,ENSG00000143258.11,USP21,protein_coding,12,0.000185,K562,KARR-seq
chr10,126599465,126614575,K562_TE_3453,chr2,112807800,112818297,K562_MPT_7556,ENSG00000153214.5,TMEM87B,protein_coding,12,0.000185,K562,KARR-seq
chr10,22881071,22995526,K562_SE_125,chr19,21198426,21213847,K562_MPT_6560,ENSG00000118620.8,ZNF430,protein_coding,12,0.000185,K562,KARR-seq
chr10,101467611,101473533,K562_TE_3253,chr8,42388447,42402069,K562_MPT_12375,ENSG00000168575.5,SLC20A2,protein_coding,12,0.000185,K562,KARR-seq
chr14,103092326,103134232,K562_TE_6939,chr19,36223369,36255786,K562_MPT_6634,ENSG00000205155.3,PSENEN,protein_coding,12,0.000185,K562,KARR-seq
chr8,117717680,117722661,K562_TE_21516,chr1,52185568,52200706,K562_MPT_512,ENSG00000212624.1,SNORA26,snoRNA,12,0.000185,K562,KARR-seq
chr2,15671378,15696593,K562_TE_11091,chr6,15240231,15254143,K562_MPT_10836,ENSG00000008083.9,JARID2,protein_coding,12,0.000185,K562,KARR-seq
chr3,152031038,152050542,K562_TE_15326,chr11,742329,752428,K562_MPT_1975,ENSG00000177156.6,TALDO1,protein_coding,12,0.000185,K562,KARR-seq
chr7,23462528,23474606,K562_TE_19588,chr5,98257240,98269875,K562_MPT_10404,ENSG00000248489.1,CTD-2007H13.3,lncRNA,12,0.000185,K562,KARR-seq
chr1,27823323,27901393,K562_SE_25,chr17,71218839,71234365,K562_MPT_5797,ENSG00000133193.8,FAM104A,protein_coding,12,0.000185,K562,KARR-seq
chr16,70429524,70469337,K562_SE_274,chrX,153974332,153984352,K562_MPT_13717,ENSG00000160219.7,GAB3,protein_coding,12,0.000185,K562,KARR-seq
chr10,112369819,112441110,K562_TE_3341,chr6,7134478,7144478,K562_MPT_10796,ENSG00000124782.15,RREB1,protein_coding,12,0.000185,K562,KARR-seq
chr11,110017845,110030423,K562_TE_4484,chr15,66869528,66879528,K562_MPT_4362,ENSG00000259471.1,RP11-321F6.1,protein_coding,12,0.000185,K562,KARR-seq
chr7,98960150,98991050,K562_TE_20141,chr11,66401088,66411406,K562_MPT_2364,ENSG00000173933.15,RBM4,protein_coding,12,0.000185,K562,KARR-seq
chr10,52069110,52199776,K562_SE_135,chr16,11885383,11896123,K562_MPT_4714,ENSG00000122299.7,ZC3H7A,protein_coding,12,0.000185,K562,KARR-seq
chr19,14253032,14259003,K562_TE_10419,chr11,118987297,118999698,K562_MPT_2631,ENSG00000172273.8,HINFP,protein_coding,12,0.000185,K562,KARR-seq
chr15,75614685,75615024,K562_TE_7559,chr9,100740643,100754938,K562_MPT_12982,ENSG00000136938.8,ANP32B,protein_coding,12,0.000185,K562,KARR-seq
chr13,47261966,47272891,K562_TE_6049,chr1,154923580,154966017,K562_MPT_940,ENSG00000160688.14,FLAD1,protein_coding,12,0.000185,K562,KARR-seq
chr1,36700668,36723932,K562_TE_543,chr22,21916836,21927026,K562_MPT_8588,ENSG00000185651.10,UBE2L3,protein_coding,12,0.000185,K562,KARR-seq
chr2,198894123,198928263,K562_TE_12514,chr5,90674176,90684176,K562_MPT_10384,ENSG00000113369.4,ARRDC3,protein_coding,12,0.000185,K562,KARR-seq
chr11,3931465,4018538,K562_TE_3561,chr6,28229788,28254349,K562_MPT_10921,ENSG00000137338.4,PGBD1,protein_coding,12,0.000185,K562,KARR-seq
chr22,21194469,21240469,K562_SE_436,chr16,31459814,31476282,K562_MPT_4884,ENSG00000260267.1,RP11-452L6.5,lncRNA,12,0.000185,K562,KARR-seq
chr17,499940,510886,K562_TE_8670,chr6,43585541,43617783,K562_MPT_11110,ENSG00000172432.14,GTPBP2,protein_coding,12,0.000185,K562,KARR-seq
chr1,246226309,246255137,K562_TE_2396,chr16,89878043,89888065,K562_MPT_5159,ENSG00000187741.10,FANCA,protein_coding,12,0.000185,K562,KARR-seq
chr5,59968673,59984965,K562_TE_17064,chr12,19587608,19603989,K562_MPT_2818,ENSG00000200247.1,RNU6-254P,snRNA,12,0.000185,K562,KARR-seq
chr4,79609058,79671607,K562_SE_516,chr16,20676177,20690930,K562_MPT_4757,ENSG00000005187.7,ACSM3,protein_coding,12,0.000185,K562,KARR-seq
chr9,71572332,71600057,K562_TE_22004,chr9,127353087,127366859,K562_MPT_13090,ENSG00000231744.1,RP11-164H5.1,pseudogene,12,0.000185,K562,KARR-seq
chr12,96744828,96786873,K562_TE_5453,chr3,178860761,178872315,K562_MPT_9485,ENSG00000121879.3,PIK3CA,protein_coding,12,0.000185,K562,KARR-seq
chr5,53545021,53626040,K562_SE_532,chr5,96513926,96524303,K562_MPT_10402,ENSG00000251513.1,RP11-155G15.2,lncRNA,12,0.000185,K562,KARR-seq
chr6,160137609,160140470,K562_TE_19280,chr8,146000667,146033273,K562_MPT_12702,ENSG00000161016.11,RPL8,protein_coding,12,0.000185,K562,KARR-seq
chr11,12257574,12312466,K562_TE_3668,chr11,62642894,62657649,K562_MPT_2277,ENSG00000168003.12,SLC3A2,protein_coding,12,0.000185,K562,KARR-seq
chr13,51058730,51087610,K562_TE_6097,chr17,17735131,17745325,K562_MPT_5318,ENSG00000072310.12,SREBF1,protein_coding,12,0.000185,K562,KARR-seq
chr6,15253980,15391637,K562_SE_569,chr1,114488767,114498767,K562_MPT_759,ENSG00000163349.17,HIPK1,protein_coding,12,0.000185,K562,KARR-seq
chr11,85802540,85930107,K562_SE_187,chr1,28581038,28591038,K562_MPT_301,ENSG00000130766.4,SESN2,protein_coding,12,0.000185,K562,KARR-seq
chr10,5498805,5530633,K562_SE_118,chr1,93292582,93307846,K562_MPT_660,ENSG00000206680.1,SNORD21,snoRNA,12,0.000185,K562,KARR-seq
chr19,50276070,50281630,K562_TE_10835,chr1,12035238,12047049,K562_MPT_130,ENSG00000116688.12,MFN2,protein_coding,12,0.000185,K562,KARR-seq
chr22,26964435,26978887,K562_TE_13909,chr7,135189824,135199875,K562_MPT_12087,ENSG00000080802.14,CNOT4,protein_coding,12,0.000185,K562,KARR-seq
chr10,7210490,7229130,K562_TE_2494,chr6,119210384,119220384,K562_MPT_11312,ENSG00000111875.7,ASF1A,protein_coding,12,0.000185,K562,KARR-seq
chr6,6851120,6893026,K562_TE_18073,chr2,98275570,98297284,K562_MPT_7490,ENSG00000228486.5,AC017099.3,lncRNA,12,0.000185,K562,KARR-seq
chr21,46251285,46301783,K562_TE_13714,chr3,9428506,9445263,K562_MPT_8872,ENSG00000206573.4,SETD5-AS1,lncRNA,12,0.000185,K562,KARR-seq
chr7,77562668,77574693,K562_TE_20045,chr6,31503313,31521204,K562_MPT_10973,ENSG00000204498.6,NFKBIL1,protein_coding,12,0.000185,K562,KARR-seq
chr8,26159682,26188808,K562_TE_20921,chr6,32091017,32103068,K562_MPT_10990,ENSG00000213676.6,ATF6B,protein_coding,12,0.000185,K562,KARR-seq
chr10,7330307,7360335,K562_TE_2497,chr17,56397811,56419719,K562_MPT_5701,ENSG00000264399.1,MIR4736,miRNA,12,0.000185,K562,KARR-seq
chr18,756567,807069,K562_TE_9733,chr2,203494901,203504911,K562_MPT_7839,ENSG00000138439.10,FAM117B,protein_coding,12,0.000185,K562,KARR-seq
chrX,129193959,129238087,K562_TE_23229,chr19,1936188,1947464,K562_MPT_6206,ENSG00000133275.11,CSNK1G2,protein_coding,12,0.000185,K562,KARR-seq
chr2,15441457,15454537,K562_TE_11086,chr12,1634057,1644985,K562_MPT_2708,ENSG00000111186.8,WNT5B,protein_coding,12,0.000185,K562,KARR-seq
chr1,39577549,39596253,K562_TE_588,chr7,104648471,104659908,K562_MPT_11965,ENSG00000228393.3,LINC01004,lncRNA,12,0.000185,K562,KARR-seq
chr14,70083840,70134077,K562_SE_231,chr17,78383918,78398218,K562_MPT_5894,ENSG00000173818.12,ENDOV,protein_coding,12,0.000185,K562,KARR-seq
chr13,52163966,52176616,K562_TE_6108,chr9,130824600,130835572,K562_MPT_13123,ENSG00000148339.8,SLC25A25,protein_coding,12,0.000185,K562,KARR-seq
chr6,36082729,36108156,K562_SE_595,chr7,115845547,115855603,K562_MPT_12000,ENSG00000135269.13,TES,protein_coding,12,0.000185,K562,KARR-seq
chr6,36032920,36044865,K562_TE_18414,chr7,56163352,56179269,K562_MPT_11736,ENSG00000239166.1,snoU13,snoRNA,12,0.000185,K562,KARR-seq
chr8,142273911,142307283,K562_TE_21684,chr16,20770024,20786482,K562_MPT_4759,ENSG00000005187.7,ACSM3,protein_coding,12,0.000185,K562,KARR-seq
chr10,22881071,22995526,K562_SE_125,chr19,41094072,41124822,K562_MPT_6724,ENSG00000090006.13,LTBP4,protein_coding,11,0.000185,K562,KARR-seq
chr11,85732139,85775705,K562_TE_4317,chr21,44294641,44304665,K562_MPT_8471,ENSG00000160193.7,WDR4,protein_coding,12,0.000186,K562,KARR-seq
chr9,44875058,44880467,K562_TE_21948,chr9,45722107,45743490,K562_MPT_12848,ENSG00000229523.1,RP11-7G23.4,pseudogene,14,0.00019,K562,RIC-seq
chr17,16331212,16347829,K562_SE_293,chr2,96921333,96936870,K562_MPT_7474,ENSG00000144021.2,CIAO1,protein_coding,12,0.00019,K562,KARR-seq
chr1,90329507,90423245,K562_SE_51,chr7,23566595,23576660,K562_MPT_11609,ENSG00000164548.6,TRA2A,protein_coding,12,0.000191,K562,KARR-seq
chr16,23853484,23934208,K562_SE_269,chr5,154060336,154070336,K562_MPT_10622,ENSG00000221552.1,MIR1303,miRNA,12,0.000191,K562,KARR-seq
chr1,230208360,230327626,K562_SE_104,chr15,91468410,91483515,K562_MPT_4551,ENSG00000224441.1,AC068831.3,lncRNA,12,0.000191,K562,KARR-seq
chr10,11916377,11968192,K562_SE_121,chr17,7738222,7753233,K562_MPT_5253,ENSG00000132510.6,KDM6B,protein_coding,12,0.000191,K562,KARR-seq
chr3,46967847,47013803,K562_SE_467,chr17,60137643,60147643,K562_MPT_5732,ENSG00000108510.5,MED13,protein_coding,12,0.000206,K562,KARR-seq
chr7,120621793,120694187,K562_SE_662,chr1,150596592,150607072,K562_MPT_884,ENSG00000143420.13,ENSA,protein_coding,12,0.000206,K562,KARR-seq
chr8,130546590,130605033,K562_SE_702,chr8,17008538,17025308,K562_MPT_12260,ENSG00000104219.8,ZDHHC2,protein_coding,12,0.000206,K562,KARR-seq
chr6,20409590,20477001,K562_SE_576,chr21,33099281,33113045,K562_MPT_8412,ENSG00000273091.1,AP000255.6,lncRNA,12,0.000208,K562,KARR-seq
chr19,39126319,39184375,K562_SE_343,chr7,150060278,150085973,K562_MPT_12161,ENSG00000239377.1,RP4-584D14.6,lncRNA,12,0.000208,K562,KARR-seq
chr6,15253980,15391637,K562_SE_569,chr8,145110584,145120584,K562_MPT_12685,ENSG00000178814.11,OPLAH,protein_coding,12,0.00021,K562,KARR-seq
chr11,3931465,4018538,K562_TE_3561,chr2,145270115,145283621,K562_MPT_7656,ENSG00000238057.4,ZEB2-AS1,lncRNA,12,0.000211,K562,KARR-seq
chr16,88938381,88973032,K562_TE_8642,chr12,48201834,48231915,K562_MPT_2914,ENSG00000257488.1,RP5-1057I20.2,lncRNA,12,0.000211,K562,KARR-seq
chr10,35630893,35721029,K562_SE_130,chr7,30629297,30639425,K562_MPT_11642,ENSG00000196295.7,AC005154.6,lncRNA,12,0.000223,K562,KARR-seq
chr19,28942803,29111036,K562_SE_341,chr8,41650140,41665867,K562_MPT_12367,ENSG00000200344.1,Y_RNA,misc_RNA,13,0.000224,K562,KARR-seq
chr1,28897644,28917048,K562_TE_432,chr6,34355451,34365451,K562_MPT_11018,ENSG00000272325.1,NUDT3,protein_coding,12,0.000224,K562,KARR-seq
chr18,756567,807069,K562_TE_9733,chr10,73965495,73985510,K562_MPT_1703,ENSG00000200344.1,Y_RNA,misc_RNA,12,0.000224,K562,KARR-seq
chr2,198714946,198759771,K562_TE_12512,chr1,38466177,38483451,K562_MPT_399,ENSG00000183386.5,FHL3,protein_coding,12,0.000224,K562,KARR-seq
chr3,6548808,6584670,K562_TE_14302,chr16,2054748,2084755,K562_MPT_4627,ENSG00000167962.8,ZNF598,protein_coding,12,0.000224,K562,KARR-seq
chr6,28632682,28871154,K562_SE_587,chr21,34846596,34869027,K562_MPT_8426,ENSG00000177692.7,DNAJC28,protein_coding,10,0.000224,K562,KARR-seq
chr5,56483155,56506799,K562_TE_17051,chr3,12520931,12536279,K562_MPT_8902,ENSG00000154743.13,TSEN2,protein_coding,10,0.000224,K562,KARR-seq
chr8,144821376,144827158,K562_TE_21704,chr1,213021622,213037258,K562_MPT_1266,ENSG00000236317.1,RP11-348H3.5,pseudogene,10,0.000224,K562,KARR-seq
chr22,40013962,40031694,K562_TE_14124,chr12,6971283,6987820,K562_MPT_2752,ENSG00000111669.10,TPI1,protein_coding,10,0.000224,K562,KARR-seq
chr17,80860961,80871290,K562_TE_9714,chr1,21666997,21676997,K562_MPT_202,ENSG00000117298.10,ECE1,protein_coding,10,0.000224,K562,KARR-seq
chr3,122792174,122805268,K562_TE_15049,chr2,27250822,27265743,K562_MPT_7164,ENSG00000119777.14,TMEM214,protein_coding,10,0.000224,K562,KARR-seq
chr17,4742401,4759726,K562_TE_8735,chr2,20845838,20855849,K562_MPT_7135,ENSG00000118960.8,HS1BP3,protein_coding,10,0.000224,K562,KARR-seq
chr1,9619739,9621924,K562_TE_130,chr1,244993624,245003918,K562_MPT_1405,ENSG00000203667.5,COX20,protein_coding,10,0.000224,K562,KARR-seq
chr1,117005511,117058249,K562_SE_57,chr19,4177276,4191418,K562_MPT_6261,ENSG00000077463.10,SIRT6,protein_coding,10,0.000224,K562,KARR-seq
chr6,113262781,113279055,K562_TE_18906,chr17,7544945,7562427,K562_MPT_5250,ENSG00000129244.4,ATP1B2,protein_coding,10,0.000224,K562,KARR-seq
chr17,17286868,17287365,K562_TE_8847,chr16,89622065,89633778,K562_MPT_5154,ENSG00000200084.1,SNORD68,snoRNA,10,0.000224,K562,KARR-seq
chr9,74622818,74623024,K562_TE_22028,chr7,45138839,45156646,K562_MPT_11714,ENSG00000136270.9,TBRG4,protein_coding,10,0.000224,K562,KARR-seq
chr13,50884289,50895001,K562_TE_6091,chr7,150647994,150662964,K562_MPT_12163,ENSG00000055118.10,KCNH2,protein_coding,10,0.000224,K562,KARR-seq
chr1,38462603,38467779,K562_SE_33,chr10,70315413,70325413,K562_MPT_1672,ENSG00000138336.8,TET1,protein_coding,10,0.000224,K562,KARR-seq
chr19,1414861,1416590,K562_TE_10200,chr2,192706265,192716981,K562_MPT_7791,ENSG00000233766.3,AC098617.1,lncRNA,10,0.000224,K562,KARR-seq
chr17,4244674,4258513,K562_TE_8723,chr11,93857094,93867095,K562_MPT_2532,ENSG00000110218.4,PANX1,protein_coding,10,0.000224,K562,KARR-seq
chr4,80118827,80146681,K562_SE_517,chr1,229639073,229649248,K562_MPT_1346,ENSG00000069248.9,NUP133,protein_coding,10,0.000224,K562,KARR-seq
chr10,33211111,33213775,K562_TE_2726,chr5,118599387,118609449,K562_MPT_10452,ENSG00000145779.7,TNFAIP8,protein_coding,10,0.000224,K562,KARR-seq
chr22,40831339,40834625,K562_TE_14137,chr17,72859754,72883834,K562_MPT_5804,ENSG00000172782.7,FADS6,protein_coding,10,0.000224,K562,KARR-seq
chr10,93567005,93567310,K562_TE_3155,chr5,68657648,68672281,K562_MPT_10301,ENSG00000152942.14,RAD17,protein_coding,10,0.000224,K562,KARR-seq
chr3,133662625,133663037,K562_TE_15180,chr1,23805671,23816061,K562_MPT_221,ENSG00000088280.14,ASAP3,protein_coding,10,0.000224,K562,KARR-seq
chr21,15334427,15352773,K562_TE_13465,chr1,174960661,174974349,K562_MPT_1101,ENSG00000252552.1,RNU6-307P,snRNA,10,0.000224,K562,KARR-seq
chr1,95468801,95471493,K562_TE_1115,chr1,182803504,182813504,K562_MPT_1138,ENSG00000135829.12,DHX9,protein_coding,10,0.000224,K562,KARR-seq
chr4,6789116,6813339,K562_TE_15806,chr17,80601411,80611411,K562_MPT_5933,ENSG00000141580.11,WDR45B,protein_coding,10,0.000224,K562,KARR-seq
chr12,69638441,69641098,K562_TE_5261,chr15,51195870,51205992,K562_MPT_4272,ENSG00000081014.6,AP4E1,protein_coding,10,0.000224,K562,KARR-seq
chr5,131636149,131659460,K562_SE_543,chr7,8270556,8281524,K562_MPT_11563,ENSG00000003147.13,ICA1,protein_coding,10,0.000224,K562,KARR-seq
chr10,24995424,25006000,K562_TE_2653,chr1,118467206,118477391,K562_MPT_782,ENSG00000196505.6,GDAP2,protein_coding,10,0.000224,K562,KARR-seq
chr13,114880574,114893188,K562_TE_6310,chr9,130326367,130336367,K562_MPT_13111,ENSG00000136830.7,FAM129B,protein_coding,10,0.000224,K562,KARR-seq
chr5,95000169,95020038,K562_TE_17357,chr8,38029106,38039234,K562_MPT_12351,ENSG00000175324.5,LSM1,protein_coding,10,0.000224,K562,KARR-seq
chr12,120977991,120988316,K562_TE_5685,chr2,153568887,153579495,K562_MPT_7668,ENSG00000196504.11,PRPF40A,protein_coding,10,0.000224,K562,KARR-seq
chr6,28430275,28474358,K562_TE_18300,chr7,17975091,17985117,K562_MPT_11585,ENSG00000071189.17,SNX13,protein_coding,10,0.000224,K562,KARR-seq
chr5,162805772,162807365,K562_TE_17831,chr4,151931419,151941879,K562_MPT_10049,ENSG00000198589.6,LRBA,protein_coding,10,0.000224,K562,KARR-seq
chr15,34780752,34781779,K562_TE_7096,chr19,51863798,51880969,K562_MPT_6932,ENSG00000105374.5,NKG7,protein_coding,10,0.000224,K562,KARR-seq
chr17,41392069,41411565,K562_SE_306,chr15,67829942,67840669,K562_MPT_4371,ENSG00000137764.15,MAP2K5,protein_coding,10,0.000224,K562,KARR-seq
chr1,55644512,55675407,K562_TE_831,chr4,76592865,76604153,K562_MPT_9846,ENSG00000138757.10,G3BP2,protein_coding,10,0.000224,K562,KARR-seq
chr1,32370486,32397588,K562_TE_476,chr12,21649485,21659749,K562_MPT_2822,ENSG00000111711.5,GOLT1B,protein_coding,10,0.000224,K562,KARR-seq
chr5,140937273,140950796,K562_TE_17655,chr4,56810037,56820147,K562_MPT_9805,ENSG00000174799.6,CEP135,protein_coding,10,0.000224,K562,KARR-seq
chr11,33879660,33934760,K562_TE_3804,chr3,128439965,128450036,K562_MPT_9312,ENSG00000075785.8,RAB7A,protein_coding,10,0.000224,K562,KARR-seq
chr1,28897644,28917048,K562_TE_432,chr6,31859979,31874769,K562_MPT_10986,ENSG00000204371.7,EHMT2,protein_coding,12,0.000226,K562,KARR-seq
chr8,130452382,130513523,K562_TE_21615,chr1,212777012,212787257,K562_MPT_1262,ENSG00000162772.12,ATF3,protein_coding,12,0.000227,K562,KARR-seq
chr6,147532768,147547718,K562_TE_19148,chr22,20051685,20078581,K562_MPT_8554,ENSG00000221366.1,MIR1306,miRNA,12,0.000228,K562,KARR-seq
chr5,118609801,118678797,K562_SE_538,chr6,37132979,37142979,K562_MPT_11054,ENSG00000137193.9,PIM1,protein_coding,12,0.000236,K562,KARR-seq
chr21,36270273,36415020,K562_SE_426,chr19,47283043,47296851,K562_MPT_6840,ENSG00000105281.8,SLC1A5,protein_coding,12,0.00024,K562,KARR-seq
chr19,28942803,29111036,K562_SE_341,chr11,66619589,66629973,K562_MPT_2369,ENSG00000173621.8,LRFN4,protein_coding,12,0.000243,K562,KARR-seq
chr17,16331212,16347829,K562_SE_293,chr6,27095327,27120405,K562_MPT_10900,ENSG00000198339.3,HIST1H4I,protein_coding,13,0.000248,K562,KARR-seq
chr6,7086614,7181133,K562_SE_561,chr6,108273544,108284393,K562_MPT_11259,ENSG00000272476.1,RP1-191J18.66,lncRNA,10,0.000251,K562,KARR-seq
chr1,29462900,29499182,K562_TE_446,chr7,120711632,120728867,K562_MPT_12018,ENSG00000106034.13,CPED1,protein_coding,12,0.000255,K562,KARR-seq
chr11,65235059,65278329,K562_SE_179,chr1,182803504,182813504,K562_MPT_1138,ENSG00000135829.12,DHX9,protein_coding,23,0.000256,K562,KARR-seq
chr11,65235059,65278329,K562_SE_179,chr1,178989939,179009787,K562_MPT_1112,ENSG00000232750.2,RP11-177A2.5,pseudogene,20,0.000256,K562,KARR-seq
chr3,72476234,72511224,K562_TE_14861,chr3,52707583,52745094,K562_MPT_9112,ENSG00000252787.1,SNORD19B,snoRNA,10,0.000256,K562,KARR-seq
chr15,67364799,67413034,K562_SE_250,chr18,3442607,3460412,K562_MPT_5966,ENSG00000177426.16,TGIF1,protein_coding,10,0.000256,K562,KARR-seq
chr20,30129680,30185123,K562_SE_400,chr5,153411870,153423559,K562_MPT_10619,ENSG00000037749.7,MFAP3,protein_coding,10,0.000256,K562,KARR-seq
chr20,48278631,48324320,K562_SE_410,chr18,47332901,47345731,K562_MPT_6083,ENSG00000167315.13,ACAA2,protein_coding,10,0.000256,K562,KARR-seq
chr7,65904693,65927328,K562_TE_19908,chr7,100282071,100292071,K562_MPT_11926,ENSG00000146830.9,GIGYF1,protein_coding,10,0.000256,K562,KARR-seq
chr6,7195029,7219836,K562_SE_562,chr1,25568945,25579328,K562_MPT_239,ENSG00000117616.13,C1orf63,protein_coding,10,0.000256,K562,KARR-seq
chr19,8304900,8334884,K562_TE_10332,chr12,110713561,110724486,K562_MPT_3252,ENSG00000174437.12,ATP2A2,protein_coding,10,0.000256,K562,KARR-seq
chr20,31142167,31167232,K562_TE_13095,chr11,47188108,47218093,K562_MPT_2199,ENSG00000243802.2,RP11-390K5.1,pseudogene,10,0.000256,K562,KARR-seq
chr19,49600928,49610186,K562_TE_10819,chr17,7447208,7498488,K562_MPT_5247,ENSG00000161960.10,EIF4A1,protein_coding,10,0.000256,K562,KARR-seq
chr5,71568395,71579845,K562_TE_17159,chr9,44985314,45009879,K562_MPT_12846,ENSG00000235659.1,RP11-374M1.5,lncRNA,10,0.000256,K562,KARR-seq
chr3,142829391,142906413,K562_TE_15269,chr6,32127360,32170355,K562_MPT_10992,ENSG00000204310.6,AGPAT1,protein_coding,10,0.000256,K562,KARR-seq
chr1,89996110,90030257,K562_SE_50,chr9,37795499,37805790,K562_MPT_12823,ENSG00000122741.11,DCAF10,protein_coding,10,0.000256,K562,KARR-seq
chr22,19958250,19963739,K562_TE_13798,chr12,54684542,54699986,K562_MPT_3014,ENSG00000123405.9,NFE2,protein_coding,10,0.000256,K562,KARR-seq
chr17,25772495,25943699,K562_SE_296,chr1,45447259,45459397,K562_MPT_477,ENSG00000232369.1,RP5-882O7.4,pseudogene,10,0.000256,K562,KARR-seq
chr14,103092326,103134232,K562_TE_6939,chr16,29685358,29695503,K562_MPT_4834,ENSG00000103485.13,QPRT,protein_coding,10,0.000256,K562,KARR-seq
chr2,55225058,55267805,K562_TE_11460,chr3,48465872,48493497,K562_MPT_9052,ENSG00000232112.3,TMA7,protein_coding,10,0.000256,K562,KARR-seq
chr7,104643686,104649085,K562_TE_20245,chr8,30579527,30595136,K562_MPT_12330,ENSG00000104691.10,UBXN8,lncRNA,10,0.000256,K562,KARR-seq
chr1,65804472,65818434,K562_TE_909,chr6,56946642,56960005,K562_MPT_11152,ENSG00000112200.12,ZNF451,protein_coding,10,0.000256,K562,KARR-seq
chr1,22212524,22297321,K562_SE_19,chr10,101185202,101195948,K562_MPT_1825,ENSG00000120053.9,GOT1,protein_coding,10,0.000256,K562,KARR-seq
chr8,61597654,61621604,K562_TE_21167,chr16,30361255,30399171,K562_MPT_4852,ENSG00000180035.6,ZNF48,protein_coding,10,0.000256,K562,KARR-seq
chr3,127909746,127936441,K562_TE_15103,chr11,33886362,33896362,K562_MPT_2144,ENSG00000135363.7,LMO2,protein_coding,10,0.000256,K562,KARR-seq
chr4,40665,63940,K562_TE_15724,chr12,49458620,49468808,K562_MPT_2932,ENSG00000167550.6,RHEBL1,protein_coding,10,0.000256,K562,KARR-seq
chrX,73070560,73072220,K562_TE_23033,chr11,61729638,61740453,K562_MPT_2261,ENSG00000167996.11,FTH1,protein_coding,10,0.000256,K562,KARR-seq
chr20,30248381,30302816,K562_SE_401,chr19,14597555,14611944,K562_MPT_6453,ENSG00000123159.11,GIPC1,protein_coding,10,0.000256,K562,KARR-seq
chr19,15938687,15956027,K562_SE_336,chr3,194202388,194213183,K562_MPT_9565,ENSG00000133657.10,ATP13A3,protein_coding,10,0.000256,K562,KARR-seq
chr1,16104375,16163662,K562_SE_9,chr6,32091017,32103068,K562_MPT_10990,ENSG00000213676.6,ATF6B,protein_coding,10,0.000256,K562,KARR-seq
chr8,21765506,21829522,K562_SE_680,chr10,126842285,126854630,K562_MPT_1933,ENSG00000175029.12,CTBP2,protein_coding,10,0.000256,K562,KARR-seq
chr1,155791235,155820632,K562_TE_1527,chr16,2576409,2593165,K562_MPT_4639,ENSG00000205923.2,CEMP1,protein_coding,10,0.000256,K562,KARR-seq
chr22,22055264,22073585,K562_TE_13830,chr19,1008339,1047661,K562_MPT_6178,ENSG00000207357.1,RNU6-2,snRNA,10,0.000256,K562,KARR-seq
chr9,114821347,114858734,K562_SE_727,chr1,67891055,67901098,K562_MPT_582,ENSG00000142864.10,SERBP1,protein_coding,10,0.000256,K562,KARR-seq
chr20,36701782,36772967,K562_SE_404,chr16,56960960,56975636,K562_MPT_4952,ENSG00000051108.10,HERPUD1,protein_coding,10,0.000256,K562,KARR-seq
chr1,8712909,8753750,K562_TE_114,chr21,47873812,47887384,K562_MPT_8516,ENSG00000160305.13,DIP2A,protein_coding,10,0.000256,K562,KARR-seq
chr5,10360480,10376856,K562_TE_16849,chr2,26982156,26992157,K562_MPT_7160,ENSG00000213699.4,SLC35F6,protein_coding,10,0.000256,K562,KARR-seq
chr11,65167965,65217131,K562_SE_178,chr1,90281427,90292480,K562_MPT_646,ENSG00000171492.10,LRRC8D,protein_coding,13,0.000257,K562,KARR-seq
chr20,29518179,29537518,K562_TE_13068,chr9,67781277,67799111,K562_MPT_12859,ENSG00000233172.2,RP11-12A20.6,pseudogene,10,0.000262,K562,KARR-seq
chr16,23853484,23934208,K562_SE_269,chr15,66784372,66802638,K562_MPT_4361,ENSG00000174444.10,RPL4,protein_coding,12,0.000266,K562,KARR-seq
chr8,128806089,129118955,K562_SE_701,chr9,134140880,134156934,K562_MPT_13183,ENSG00000126882.8,FAM78A,protein_coding,12,0.000266,K562,KARR-seq
chr11,65167965,65217131,K562_SE_178,chr19,502299,512813,K562_MPT_6162,ENSG00000141933.8,TPGS1,protein_coding,12,0.000268,K562,KARR-seq
chr2,112045572,112061804,K562_TE_11920,chr9,139549873,139570054,K562_MPT_13227,ENSG00000199161.1,MIR126,miRNA,2,0.000274,K562,KARR-seq
chr17,73313529,73365352,K562_TE_9568,chr12,46754090,46771650,K562_MPT_2904,ENSG00000134294.9,SLC38A2,protein_coding,2,0.000274,K562,KARR-seq
chr1,28897644,28917048,K562_TE_432,chr8,109255897,109265994,K562_MPT_12571,ENSG00000104408.5,EIF3E,protein_coding,12,0.000283,K562,KARR-seq
chr6,68585750,68609380,K562_SE_605,chr9,132235835,132265618,K562_MPT_13162,ENSG00000264298.1,AL353803.1,miRNA,12,0.000283,K562,KARR-seq
chr15,83751482,83769226,K562_TE_7674,chr15,83771159,83781463,K562_MPT_4493,ENSG00000136404.11,TM6SF1,protein_coding,12,0.000289,K562,RIC-seq
chr12,121596662,121641673,K562_TE_5701,chr12,121642660,121652968,K562_MPT_3329,ENSG00000135124.10,P2RX4,protein_coding,12,0.000289,K562,RIC-seq
chr16,15346188,15356175,K562_TE_8025,chr16,15239554,15257378,K562_MPT_4733,ENSG00000264182.1,AC126763.1,miRNA,12,0.000289,K562,RIC-seq
chr9,66454703,66457717,K562_TE_21968,chr2,234758120,234768212,K562_MPT_7950,ENSG00000123485.7,HJURP,protein_coding,12,0.000289,K562,RIC-seq
chr1,41724974,41725170,K562_TE_629,chr1,41702782,41713247,K562_MPT_440,ENSG00000235358.1,RP11-399E6.1,lncRNA,12,0.000289,K562,RIC-seq
chr11,74851369,74867561,K562_TE_4229,chr11,74806636,74816636,K562_MPT_2457,ENSG00000137491.10,SLCO2B1,protein_coding,12,0.000289,K562,RIC-seq
chr5,178259363,178259872,K562_TE_17955,chr17,62482640,62511361,K562_MPT_5757,ENSG00000265695.1,MIR3064,miRNA,12,0.000289,K562,RIC-seq
chr21,44534663,44551622,K562_TE_13687,chr21,44520362,44540819,K562_MPT_8477,ENSG00000232777.1,MRPL51P2,pseudogene,12,0.000289,K562,RIC-seq
chr10,43139863,43176155,K562_SE_131,chr10,43128969,43139016,K562_MPT_1580,ENSG00000272373.1,ZNF33B,lncRNA,12,0.000289,K562,RIC-seq
chr2,217046035,217054292,K562_TE_12655,chr7,100071855,100089547,K562_MPT_11918,ENSG00000266372.1,AC092849.1,miRNA,12,0.000289,K562,RIC-seq
chr1,100788913,100803435,K562_TE_1139,chr1,100805033,100823505,K562_MPT_690,ENSG00000079335.13,CDC14A,protein_coding,12,0.000289,K562,RIC-seq
chr1,167829454,167850322,K562_SE_81,chr1,167900278,167911278,K562_MPT_1064,ENSG00000143164.11,DCAF6,protein_coding,12,0.000289,K562,RIC-seq
chr2,24555757,24578028,K562_TE_11149,chr4,71699718,71710662,K562_MPT_9825,ENSG00000132463.9,GRSF1,protein_coding,12,0.000289,K562,RIC-seq
chr19,1296079,1334221,K562_TE_10197,chr19,1428737,1463590,K562_MPT_6190,ENSG00000115266.7,APC2,protein_coding,12,0.000289,K562,RIC-seq
chr3,49275367,49286503,K562_TE_14691,chr3,49165453,49175551,K562_MPT_9068,ENSG00000172037.9,LAMB2,protein_coding,12,0.000289,K562,RIC-seq
chr1,26330287,26431935,K562_SE_21,chr1,26432664,26443340,K562_MPT_252,ENSG00000175087.5,PDIK1L,protein_coding,12,0.000289,K562,RIC-seq
chr6,27710750,27769347,K562_SE_584,chr6,27769853,27811440,K562_MPT_10912,ENSG00000182611.3,HIST1H2AJ,protein_coding,12,0.00029,K562,RIC-seq
chr20,31193112,31290878,K562_SE_402,chr7,50512393,50523088,K562_MPT_11721,ENSG00000132436.7,FIGNL1,protein_coding,12,0.000293,K562,RIC-seq
chr6,68585750,68609380,K562_SE_605,chr7,140173303,140184369,K562_MPT_12112,ENSG00000133606.6,MKRN1,protein_coding,24,0.000299,K562,RIC-seq
chr6,68585750,68609380,K562_SE_605,chr21,38733234,38744883,K562_MPT_8455,ENSG00000273210.1,AP001437.1,lncRNA,17,0.000312,K562,KARR-seq
chr16,81535530,81593308,K562_TE_8560,chr1,9927150,9943234,K562_MPT_107,ENSG00000178585.10,CTNNBIP1,protein_coding,10,0.000328,K562,KARR-seq
chr6,68585750,68609380,K562_SE_605,chr9,90107143,90118920,K562_MPT_12915,ENSG00000196730.8,DAPK1,protein_coding,12,0.000334,K562,KARR-seq
chr16,81462833,81519190,K562_SE_278,chr3,128201759,128217028,K562_MPT_9309,ENSG00000179348.7,GATA2,protein_coding,11,0.000335,K562,KARR-seq
chr5,53507910,53524201,K562_TE_17013,chr8,126958394,126968493,K562_MPT_12613,ENSG00000245164.2,LINC00861,lncRNA,10,0.000336,K562,KARR-seq
chr1,28897644,28917048,K562_TE_432,chr7,56027274,56037655,K562_MPT_11733,ENSG00000146729.5,GBAS,protein_coding,10,0.000342,K562,KARR-seq
chr10,11916377,11968192,K562_SE_121,chr7,148575601,148592306,K562_MPT_12139,ENSG00000106462.6,EZH2,protein_coding,10,0.000358,K562,KARR-seq
chr12,104642857,104675179,K562_TE_5503,chr21,44485137,44502053,K562_MPT_8476,ENSG00000160200.13,CBS,protein_coding,10,0.000373,K562,KARR-seq
chr17,64326920,64382795,K562_TE_9471,chr16,88700001,88722560,K562_MPT_5138,ENSG00000051523.6,CYBA,protein_coding,10,0.000373,K562,KARR-seq
chr6,147171445,147272129,K562_SE_624,chr17,43123978,43144047,K562_MPT_5584,ENSG00000172992.7,DCAKD,protein_coding,10,0.000373,K562,KARR-seq
chr19,28942803,29111036,K562_SE_341,chr7,156445387,156455387,K562_MPT_12194,ENSG00000224903.1,AC005534.8,lncRNA,10,0.000374,K562,KARR-seq
chr22,21958340,21979130,K562_TE_13828,chr3,9428506,9445263,K562_MPT_8872,ENSG00000206573.4,SETD5-AS1,lncRNA,10,0.000374,K562,KARR-seq
chr20,31142167,31167232,K562_TE_13095,chr6,135497453,135522133,K562_MPT_11361,ENSG00000236703.1,MYB-AS1,lncRNA,10,0.000376,K562,KARR-seq
chr8,91171169,91256982,K562_SE_690,chr9,123550655,123560829,K562_MPT_13062,ENSG00000119402.12,FBXW2,protein_coding,10,0.000376,K562,KARR-seq
chr5,126297433,126361662,K562_SE_542,chr10,5926535,5941349,K562_MPT_1460,ENSG00000134452.15,FBXO18,protein_coding,10,0.00039,K562,KARR-seq
chr1,12551402,12665350,K562_SE_5,chr17,27029902,27079670,K562_MPT_5389,ENSG00000264577.1,AC010761.8,lncRNA,10,0.00039,K562,KARR-seq
chr6,20409590,20477001,K562_SE_576,chr6,42708834,42719558,K562_MPT_11091,ENSG00000124659.5,TBCC,protein_coding,10,0.000393,K562,KARR-seq
chr6,68585750,68609380,K562_SE_605,chr1,247487547,247500045,K562_MPT_1425,ENSG00000162714.8,ZNF496,protein_coding,16,0.000397,K562,KARR-seq
chr6,69421489,69471356,K562_TE_18636,chr3,9428506,9445263,K562_MPT_8872,ENSG00000206573.4,SETD5-AS1,lncRNA,10,0.000397,K562,KARR-seq
chr21,33081183,33094029,K562_TE_13541,chr4,44850,58210,K562_MPT_9618,ENSG00000248302.2,Z95704.4,pseudogene,10,0.000397,K562,KARR-seq
chr15,66880235,66981717,K562_SE_249,chr2,170422749,170435385,K562_MPT_7700,ENSG00000138399.13,FASTKD1,protein_coding,10,0.000397,K562,KARR-seq
chr11,65167965,65217131,K562_SE_178,chr20,61842491,61852586,K562_MPT_8347,ENSG00000149658.13,YTHDF1,protein_coding,10,0.000397,K562,KARR-seq
chr10,17697371,17731387,K562_TE_2593,chr1,150516884,150544336,K562_MPT_882,ENSG00000143382.9,ADAMTSL4,protein_coding,10,0.000397,K562,KARR-seq
chr6,15253980,15391637,K562_SE_569,chr17,46646385,46697478,K562_MPT_5635,ENSG00000182742.5,HOXB4,protein_coding,10,0.000397,K562,KARR-seq
chr15,66880235,66981717,K562_SE_249,chr1,3708068,3718068,K562_MPT_63,ENSG00000130764.5,LRRC47,protein_coding,10,0.000397,K562,KARR-seq
chr12,122580754,122606921,K562_TE_5725,chr6,27853570,27870344,K562_MPT_10914,ENSG00000233224.1,HIST1H2AM,protein_coding,10,0.000397,K562,KARR-seq
chr10,52286005,52379131,K562_SE_136,chrX,151138143,151148151,K562_MPT_13682,ENSG00000102287.12,GABRE,protein_coding,10,0.000397,K562,KARR-seq
chr11,12997187,13020705,K562_TE_3681,chr13,27820446,27834538,K562_MPT_3465,ENSG00000200235.1,SNORA27,snoRNA,10,0.000397,K562,KARR-seq
chr1,26989411,27048025,K562_SE_24,chr1,173827386,173843094,K562_MPT_1095,ENSG00000270084.1,GAS5-AS1,lncRNA,10,0.000397,K562,KARR-seq
chr3,105541627,105548475,K562_TE_14958,chr16,70467991,70477991,K562_MPT_5041,ENSG00000157350.8,ST3GAL2,protein_coding,9,0.000397,K562,KARR-seq
chrX,153311772,153349307,K562_TE_23386,chr2,61756413,61770761,K562_MPT_7305,ENSG00000082898.12,XPO1,protein_coding,9,0.000397,K562,KARR-seq
chr3,70042842,70050274,K562_TE_14835,chr2,113926548,113937937,K562_MPT_7568,ENSG00000125637.11,PSD4,protein_coding,9,0.000397,K562,KARR-seq
chr11,124060043,124121217,K562_SE_195,chr3,99974844,99991036,K562_MPT_9204,ENSG00000036054.8,TBC1D23,protein_coding,9,0.000397,K562,KARR-seq
chr2,122282153,122297039,K562_TE_12003,chr1,6046526,6057771,K562_MPT_67,ENSG00000131697.13,NPHP4,protein_coding,9,0.000397,K562,KARR-seq
chr8,55063493,55078771,K562_TE_21125,chr5,95061576,95072999,K562_MPT_10391,ENSG00000164292.8,RHOBTB3,protein_coding,9,0.000397,K562,KARR-seq
chr4,79684477,79738669,K562_TE_16199,chr22,25955117,25965816,K562_MPT_8626,ENSG00000100077.10,ADRBK2,protein_coding,9,0.000397,K562,KARR-seq
chr9,96220527,96231625,K562_TE_22147,chrX,149100732,149118851,K562_MPT_13674,ENSG00000235703.1,LINC00894,lncRNA,9,0.000397,K562,KARR-seq
chr11,47377803,47391590,K562_TE_3920,chr2,57977563,57997089,K562_MPT_7291,ENSG00000271615.1,CTD-2026C7.1,pseudogene,9,0.000397,K562,KARR-seq
chr21,17107789,17132101,K562_TE_13488,chr4,998767,1011239,K562_MPT_9633,ENSG00000127418.10,FGFRL1,protein_coding,9,0.000397,K562,KARR-seq
chr4,48725436,48754619,K562_TE_16006,chr13,115042059,115052103,K562_MPT_3659,ENSG00000169062.10,UPF3A,protein_coding,9,0.000397,K562,KARR-seq
chr17,61117505,61129785,K562_TE_9424,chr2,206944329,206956027,K562_MPT_7848,ENSG00000227946.1,AC007383.3,lncRNA,9,0.000397,K562,KARR-seq
chr22,19383512,19412967,K562_SE_433,chr12,122321637,122331692,K562_MPT_3341,ENSG00000110801.9,PSMD9,protein_coding,9,0.000397,K562,KARR-seq
chr6,111201641,111206860,K562_TE_18884,chr3,5015801,5026646,K562_MPT_8863,ENSG00000235831.2,BHLHE40-AS1,lncRNA,9,0.000397,K562,KARR-seq
chr19,30438289,30459044,K562_TE_10556,chr1,45469223,45483579,K562_MPT_478,ENSG00000126088.8,UROD,protein_coding,9,0.000397,K562,KARR-seq
chr8,134545805,134564771,K562_TE_21649,chr11,18338721,18349143,K562_MPT_2101,ENSG00000110756.13,HPS5,protein_coding,9,0.000397,K562,KARR-seq
chr19,39126319,39184375,K562_SE_343,chr10,12232821,12243231,K562_MPT_1484,ENSG00000151465.9,CDC123,protein_coding,9,0.000397,K562,KARR-seq
chr15,42874001,42914886,K562_TE_7204,chr11,61679997,61692741,K562_MPT_2259,ENSG00000167994.7,RAB3IL1,protein_coding,9,0.000397,K562,KARR-seq
chr7,133268431,133269151,K562_TE_20498,chr17,40434565,40445561,K562_MPT_5528,ENSG00000126561.12,STAT5A,protein_coding,9,0.000397,K562,KARR-seq
chr17,80860961,80871290,K562_TE_9714,chr2,183898200,183908586,K562_MPT_7766,ENSG00000061676.10,NCKAP1,protein_coding,9,0.000397,K562,KARR-seq
chr9,132199009,132259396,K562_SE_732,chr12,54684542,54699986,K562_MPT_3014,ENSG00000123405.9,NFE2,protein_coding,9,0.000397,K562,KARR-seq
chr20,54991986,55023801,K562_SE_417,chr11,96069602,96081344,K562_MPT_2548,ENSG00000184384.9,MAML2,protein_coding,9,0.000397,K562,KARR-seq
chr13,99693720,99733652,K562_TE_6231,chr19,2264485,2275290,K562_MPT_6215,ENSG00000167476.6,JSRP1,protein_coding,9,0.000397,K562,KARR-seq
chr20,34458999,34475679,K562_TE_13152,chr9,116633562,116643630,K562_MPT_13052,ENSG00000157657.10,ZNF618,protein_coding,9,0.000397,K562,KARR-seq
chr19,44405524,44406354,K562_TE_10715,chr19,44400663,44411153,K562_MPT_6772,ENSG00000267058.1,RP11-15A1.3,lncRNA,9,0.000397,K562,KARR-seq
chr7,101482129,101596250,K562_SE_657,chr1,246347420,246362029,K562_MPT_1411,ENSG00000202184.1,RNU6-1283P,snRNA,9,0.000397,K562,KARR-seq
chr2,201254609,201274054,K562_TE_12534,chr2,95820082,95836562,K562_MPT_7465,ENSG00000144026.7,ZNF514,protein_coding,9,0.000397,K562,KARR-seq
chr9,127320803,127333850,K562_TE_22437,chr9,37899107,37909130,K562_MPT_12825,ENSG00000122696.8,SLC25A51,protein_coding,9,0.000397,K562,KARR-seq
chr3,169476224,169482869,K562_TE_15428,chr17,38204861,38233344,K562_MPT_5495,ENSG00000126351.8,THRA,protein_coding,9,0.000397,K562,KARR-seq
chr7,102608372,102634363,K562_SE_658,chr1,45236109,45251387,K562_MPT_473,ENSG00000207421.1,SNORD38B,snoRNA,9,0.000397,K562,KARR-seq
chr16,90231518,90294239,K562_TE_8666,chr7,98736642,98746723,K562_MPT_11895,ENSG00000198742.5,SMURF1,protein_coding,9,0.000397,K562,KARR-seq
chr6,53155206,53204126,K562_TE_18591,chr17,17104629,17114629,K562_MPT_5306,ENSG00000179598.5,PLD6,protein_coding,9,0.000397,K562,KARR-seq
chr1,40493565,40543607,K562_SE_36,chr3,195794690,195814060,K562_MPT_9585,ENSG00000072274.8,TFRC,protein_coding,9,0.000397,K562,KARR-seq
chr3,15082131,15098135,K562_TE_14396,chr17,4731683,4741879,K562_MPT_5217,ENSG00000141503.11,MINK1,protein_coding,9,0.000397,K562,KARR-seq
chr2,183806197,183815021,K562_TE_12404,chr20,54962187,54972707,K562_MPT_8301,ENSG00000087586.13,AURKA,protein_coding,9,0.000397,K562,KARR-seq
chr19,3371575,3397344,K562_TE_10239,chr1,32682529,32692972,K562_MPT_338,ENSG00000084623.7,EIF3I,protein_coding,9,0.000397,K562,KARR-seq
chr4,40665,63940,K562_TE_15724,chr9,139933544,139988633,K562_MPT_13240,ENSG00000231864.2,RP11-229P13.23,lncRNA,9,0.000397,K562,KARR-seq
chr13,41568957,41609336,K562_TE_5991,chr14,67995018,68005456,K562_MPT_3887,ENSG00000198133.4,TMEM229B,protein_coding,9,0.000397,K562,KARR-seq
chr5,134434411,134609091,K562_SE_545,chr4,170528734,170546988,K562_MPT_10086,ENSG00000109572.9,CLCN3,protein_coding,9,0.000397,K562,KARR-seq
chr16,48407446,48413964,K562_TE_8297,chr8,126958394,126968493,K562_MPT_12613,ENSG00000245164.2,LINC00861,lncRNA,9,0.000397,K562,KARR-seq
chr6,52402389,52423401,K562_TE_18577,chr20,47889578,47902220,K562_MPT_8258,ENSG00000212304.1,SNORD12,snoRNA,9,0.000397,K562,KARR-seq
chr1,32566195,32610476,K562_TE_479,chr2,190301159,190311159,K562_MPT_7776,ENSG00000115368.5,WDR75,protein_coding,9,0.000397,K562,KARR-seq
chr19,41319100,41350333,K562_SE_344,chr18,70926689,70936689,K562_MPT_6128,ENSG00000263711.1,RP11-169F17.1,protein_coding,9,0.000397,K562,KARR-seq
chr3,72424812,72462986,K562_TE_14860,chr6,44089651,44107770,K562_MPT_11115,ENSG00000180992.5,MRPL14,protein_coding,9,0.000397,K562,KARR-seq
chr3,151992874,152011414,K562_TE_15325,chr3,47818407,47828407,K562_MPT_9045,ENSG00000173473.6,SMARCC1,protein_coding,9,0.000397,K562,KARR-seq
chr13,91998935,92021979,K562_SE_218,chr20,61552821,61562855,K562_MPT_8343,ENSG00000101191.12,DIDO1,protein_coding,9,0.000397,K562,KARR-seq
chr1,61755333,61801045,K562_TE_875,chr1,53681289,53691335,K562_MPT_528,ENSG00000259818.1,RP5-1024G6.7,lncRNA,9,0.000397,K562,KARR-seq
chr1,16918531,16931039,K562_TE_229,chr9,101547885,101564247,K562_MPT_12989,ENSG00000165138.12,ANKS6,protein_coding,9,0.000397,K562,KARR-seq
chr22,22170419,22216528,K562_SE_440,chr5,178151384,178162703,K562_MPT_10719,ENSG00000169131.6,ZNF354A,protein_coding,9,0.000397,K562,KARR-seq
chr20,31060812,31117884,K562_TE_13094,chr19,53440847,53450854,K562_MPT_6969,ENSG00000213801.4,ZNF816-ZNF321P,pseudogene,9,0.000397,K562,KARR-seq
chr8,126110440,126123554,K562_TE_21568,chr6,32931437,32949190,K562_MPT_10995,ENSG00000223837.2,BRD2-IT1,lncRNA,9,0.000397,K562,KARR-seq
chr3,186654509,186678245,K562_TE_15615,chr20,49540353,49552958,K562_MPT_8282,ENSG00000101126.11,ADNP,protein_coding,9,0.000397,K562,KARR-seq
chr16,2703822,2737802,K562_TE_7877,chr16,1344167,1368996,K562_MPT_4613,ENSG00000260710.1,RP11-616M22.7,lncRNA,9,0.000397,K562,KARR-seq
chr5,10689205,10739844,K562_SE_528,chr20,3991036,4009564,K562_MPT_8035,ENSG00000101236.12,RNF24,protein_coding,9,0.000397,K562,KARR-seq
chr3,42042833,42103721,K562_TE_14587,chr1,202771427,202785090,K562_MPT_1188,ENSG00000228288.2,PCAT6,lncRNA,9,0.000397,K562,KARR-seq
chr15,66049626,66076639,K562_TE_7439,chr6,42842373,42852671,K562_MPT_11093,ENSG00000146223.10,RPL7L1,protein_coding,9,0.000397,K562,KARR-seq
chr19,19553596,19601338,K562_SE_339,chr12,51436745,51447861,K562_MPT_2967,ENSG00000050426.11,LETMD1,protein_coding,9,0.000397,K562,KARR-seq
chr9,123526850,123550395,K562_TE_22379,chr11,71805304,71828826,K562_MPT_2425,ENSG00000149357.5,LAMTOR1,protein_coding,9,0.000397,K562,KARR-seq
chr1,33446463,33490292,K562_TE_499,chr1,162462041,162472633,K562_MPT_1039,ENSG00000152332.11,UHMK1,protein_coding,9,0.000397,K562,KARR-seq
chr3,32742256,32751672,K562_TE_14492,chr16,30591818,30604241,K562_MPT_4862,ENSG00000261588.1,AC002310.17,pseudogene,9,0.000397,K562,KARR-seq
chrX,48562561,48655638,K562_SE_743,chr10,79784303,79798641,K562_MPT_1735,ENSG00000148606.8,POLR3A,protein_coding,9,0.000397,K562,KARR-seq
chr2,12570173,12597592,K562_TE_11068,chr10,43887279,43897794,K562_MPT_1585,ENSG00000169813.12,HNRNPF,protein_coding,9,0.000397,K562,KARR-seq
chr1,246148100,246176033,K562_TE_2394,chr3,49165453,49175551,K562_MPT_9068,ENSG00000172037.9,LAMB2,protein_coding,9,0.000397,K562,KARR-seq
chr16,68097816,68130888,K562_SE_273,chr9,33812565,33823793,K562_MPT_12779,ENSG00000235481.2,RP11-133O22.6,lncRNA,9,0.000397,K562,KARR-seq
chr5,115693740,115705874,K562_TE_17453,chr1,28827455,28850207,K562_MPT_305,ENSG00000200087.1,SNORA73B,snoRNA,9,0.000397,K562,KARR-seq
chrX,45629799,45631307,K562_TE_22897,chrX,118103581,118115295,K562_MPT_13586,ENSG00000175556.12,LONRF3,protein_coding,9,0.000397,K562,KARR-seq
chr18,55721644,55765011,K562_TE_10074,chr3,47861518,47871518,K562_MPT_9047,ENSG00000132153.10,DHX30,protein_coding,9,0.000397,K562,KARR-seq
chr7,135922004,135933750,K562_TE_20536,chr11,14516357,14526573,K562_MPT_2085,ENSG00000129083.8,COPB1,protein_coding,9,0.000397,K562,KARR-seq
chr19,13936208,13973162,K562_SE_335,chr15,66079462,66089631,K562_MPT_4354,ENSG00000174485.10,DENND4A,protein_coding,9,0.000397,K562,KARR-seq
chr12,62681613,62713302,K562_TE_5203,chr17,65357721,65367743,K562_MPT_5772,ENSG00000197170.5,PSMD12,protein_coding,9,0.000397,K562,KARR-seq
chr1,246267724,246281298,K562_TE_2397,chr19,19160118,19179808,K562_MPT_6538,ENSG00000105676.9,ARMC6,protein_coding,9,0.000397,K562,KARR-seq
chr18,43858620,43861937,K562_TE_9964,chr3,69783586,69793622,K562_MPT_9161,ENSG00000187098.10,MITF,protein_coding,9,0.000397,K562,KARR-seq
chr12,122492127,122530639,K562_SE_213,chr22,30225539,30239265,K562_MPT_8654,ENSG00000100325.10,ASCC2,protein_coding,9,0.000397,K562,KARR-seq
chr1,43388136,43495314,K562_SE_38,chr6,13675312,13692180,K562_MPT_10829,ENSG00000252966.1,RNU7-91P,snRNA,9,0.000397,K562,KARR-seq
chr18,9733561,9966563,K562_SE_328,chr2,97421639,97431639,K562_MPT_7481,ENSG00000158158.7,CNNM4,protein_coding,9,0.000397,K562,KARR-seq
chr9,114986168,114999047,K562_TE_22329,chr17,43345969,43356333,K562_MPT_5590,ENSG00000006062.9,MAP3K14,lncRNA,9,0.000397,K562,KARR-seq
chr1,12203889,12281299,K562_TE_179,chr11,65724160,65734160,K562_MPT_2344,ENSG00000175467.10,SART1,protein_coding,9,0.000397,K562,KARR-seq
chr7,120917246,120927488,K562_TE_20386,chr4,111114809,111125355,K562_MPT_9959,ENSG00000170522.5,ELOVL6,protein_coding,9,0.000397,K562,KARR-seq
chr5,153732436,153785239,K562_TE_17791,chr19,2264485,2275290,K562_MPT_6215,ENSG00000167476.6,JSRP1,protein_coding,9,0.000397,K562,KARR-seq
chr3,71256641,71315087,K562_TE_14844,chr5,175869629,175883763,K562_MPT_10689,ENSG00000221373.1,AC010297.1,miRNA,9,0.000397,K562,KARR-seq
chr2,112074467,112080635,K562_TE_11921,chr21,40711463,40726573,K562_MPT_8460,ENSG00000200344.1,Y_RNA,misc_RNA,9,0.000397,K562,KARR-seq
chr8,26159682,26188808,K562_TE_20921,chr4,76907090,76917113,K562_MPT_9849,ENSG00000198301.7,SDAD1,protein_coding,9,0.000397,K562,KARR-seq
chr22,19383512,19412967,K562_SE_433,chr1,219342186,219352303,K562_MPT_1279,ENSG00000143353.7,LYPLAL1,protein_coding,9,0.000397,K562,KARR-seq
chr1,161498964,161542042,K562_SE_77,chr18,60377672,60387683,K562_MPT_6117,ENSG00000081913.9,PHLPP1,protein_coding,9,0.000397,K562,KARR-seq
chr7,75939934,76044649,K562_SE_653,chr3,47818407,47828407,K562_MPT_9045,ENSG00000173473.6,SMARCC1,protein_coding,9,0.000397,K562,KARR-seq
chr16,88509252,88598161,K562_SE_287,chr7,107379142,107390026,K562_MPT_11985,ENSG00000105879.7,CBLL1,protein_coding,9,0.000397,K562,KARR-seq
chr17,47803189,47835401,K562_TE_9267,chr3,129607394,129617725,K562_MPT_9328,ENSG00000271270.1,TMCC1-AS1,lncRNA,9,0.000397,K562,KARR-seq
chr20,33475921,33504052,K562_TE_13130,chr7,142972050,142992708,K562_MPT_12126,ENSG00000231840.1,AC073342.12,lncRNA,9,0.000397,K562,KARR-seq
chr17,80157876,80165547,K562_TE_9706,chr11,33886362,33896362,K562_MPT_2144,ENSG00000135363.7,LMO2,protein_coding,9,0.000397,K562,KARR-seq
chr9,127872641,127895544,K562_TE_22446,chr1,110569199,110582241,K562_MPT_730,ENSG00000143093.10,STRIP1,protein_coding,9,0.000397,K562,KARR-seq
chr11,78057964,78112641,K562_TE_4288,chr3,176909211,176920261,K562_MPT_9479,ENSG00000177565.11,TBL1XR1,protein_coding,9,0.000397,K562,KARR-seq
chr1,16274455,16284787,K562_SE_10,chr9,140343944,140358786,K562_MPT_13251,ENSG00000165802.15,NSMF,protein_coding,9,0.000397,K562,KARR-seq
chr7,22472082,22492514,K562_TE_19568,chr9,139549873,139570054,K562_MPT_13227,ENSG00000199161.1,MIR126,miRNA,9,0.000397,K562,KARR-seq
chr9,132617858,132658432,K562_SE_733,chr9,139733867,139751819,K562_MPT_13234,ENSG00000177943.9,MAMDC4,protein_coding,9,0.000397,K562,KARR-seq
chr3,45082598,45261279,K562_SE_464,chr11,64895791,64907004,K562_MPT_2319,ENSG00000162298.12,SYVN1,protein_coding,9,0.000397,K562,KARR-seq
chr2,10451246,10550475,K562_SE_354,chr11,63575860,63591419,K562_MPT_2285,ENSG00000168005.4,C11orf84,protein_coding,9,0.000397,K562,KARR-seq
chrX,64892608,64942250,K562_TE_22977,chr13,38918988,38929252,K562_MPT_3499,ENSG00000120686.7,UFM1,protein_coding,9,0.000397,K562,KARR-seq
chr13,50760113,50783584,K562_TE_6087,chr3,12593513,12603589,K562_MPT_8903,ENSG00000075975.11,MKRN2,protein_coding,9,0.000397,K562,KARR-seq
chr20,60561986,60562363,K562_TE_13407,chr12,123863320,123879589,K562_MPT_3365,ENSG00000183955.8,SETD8,protein_coding,9,0.000397,K562,KARR-seq
chr8,145275186,145288625,K562_TE_21713,chr1,155934520,155953890,K562_MPT_960,ENSG00000273002.1,RP11-336K24.12,lncRNA,9,0.000397,K562,KARR-seq
chr1,26989411,27048025,K562_SE_24,chr2,232318068,232334305,K562_MPT_7932,ENSG00000115053.11,NCL,protein_coding,9,0.000397,K562,KARR-seq
chr19,59092207,59118088,K562_SE_353,chr6,119665901,119675926,K562_MPT_11317,ENSG00000111885.5,MAN1A1,protein_coding,9,0.000397,K562,KARR-seq
chr3,4753839,4814516,K562_SE_448,chr1,41148260,41162962,K562_MPT_433,ENSG00000066136.15,NFYC,protein_coding,9,0.000397,K562,KARR-seq
chr16,4332460,4358265,K562_TE_7907,chr11,73877029,73887388,K562_MPT_2447,ENSG00000214517.4,PPME1,protein_coding,9,0.000397,K562,KARR-seq
chr2,15496960,15498346,K562_TE_11088,chr5,36871861,36890308,K562_MPT_10217,ENSG00000164190.12,NIPBL,protein_coding,9,0.000397,K562,KARR-seq
chr22,24013519,24027990,K562_TE_13861,chr19,55982699,56010258,K562_MPT_7013,ENSG00000090971.4,NAT14,protein_coding,9,0.000397,K562,KARR-seq
chr2,202013104,202023457,K562_TE_12550,chr19,48889112,48903132,K562_MPT_6869,ENSG00000105464.3,GRIN2D,protein_coding,9,0.000397,K562,KARR-seq
chr5,138306657,138321727,K562_TE_17621,chr15,83310874,83321728,K562_MPT_4485,ENSG00000259462.1,RP11-752G15.3,lncRNA,9,0.000397,K562,KARR-seq
chr1,8448048,8470262,K562_TE_105,chr1,184001611,184011863,K562_MPT_1142,ENSG00000198756.6,COLGALT2,protein_coding,9,0.000397,K562,KARR-seq
chr3,146220655,146240738,K562_TE_15279,chr6,43585541,43617783,K562_MPT_11110,ENSG00000172432.14,GTPBP2,protein_coding,9,0.000397,K562,KARR-seq
chr2,242822856,242835592,K562_TE_12876,chr17,41271132,41282661,K562_MPT_5549,ENSG00000012048.15,BRCA1,protein_coding,9,0.000397,K562,KARR-seq
chr19,48688788,48710364,K562_TE_10798,chr9,35727332,35737392,K562_MPT_12797,ENSG00000107175.6,CREB3,protein_coding,9,0.000397,K562,KARR-seq
chr7,92238266,92271962,K562_TE_20088,chr6,134268308,134279362,K562_MPT_11355,ENSG00000028839.5,TBPL1,protein_coding,9,0.000397,K562,KARR-seq
chr9,140181607,140211514,K562_TE_22635,chr9,140185173,140201703,K562_MPT_13248,ENSG00000198435.2,NRARP,protein_coding,9,0.000397,K562,KARR-seq
chr10,11540333,11648356,K562_SE_120,chr8,117763023,117773061,K562_MPT_12580,ENSG00000147677.6,EIF3H,protein_coding,9,0.000397,K562,KARR-seq
chr8,106987488,106988391,K562_TE_21470,chr14,100836279,100848142,K562_MPT_4034,ENSG00000140105.13,WARS,protein_coding,9,0.000397,K562,KARR-seq
chr11,9230335,9237038,K562_TE_3626,chr17,73883230,73910899,K562_MPT_5832,ENSG00000141569.6,TRIM65,protein_coding,9,0.000397,K562,KARR-seq
chrX,73070560,73072220,K562_TE_23033,chr1,43819329,43838689,K562_MPT_456,ENSG00000234694.1,RP1-92O14.3,lncRNA,9,0.000397,K562,KARR-seq
chr5,139544820,139621746,K562_SE_548,chr1,151113933,151124104,K562_MPT_894,ENSG00000143434.11,SEMA6C,protein_coding,9,0.000397,K562,KARR-seq
chr18,75695246,75705676,K562_TE_10150,chr1,205559169,205569169,K562_MPT_1213,ENSG00000206762.1,RNU6-418P,snRNA,9,0.000397,K562,KARR-seq
chr5,179943676,179950151,K562_TE_17974,chr7,148390006,148401004,K562_MPT_12138,ENSG00000273314.1,RP5-1136G13.2,lncRNA,9,0.000397,K562,KARR-seq
chr5,60272564,60276083,K562_TE_17069,chr19,19491635,19501832,K562_MPT_6544,ENSG00000167491.13,GATAD2A,protein_coding,9,0.000397,K562,KARR-seq
chr11,93867527,93886332,K562_TE_4371,chr11,73877029,73887388,K562_MPT_2447,ENSG00000214517.4,PPME1,protein_coding,9,0.000397,K562,KARR-seq
chr12,112007239,112025871,K562_TE_5587,chr6,26211872,26222165,K562_MPT_10878,ENSG00000168274.3,HIST1H2AE,protein_coding,9,0.000397,K562,KARR-seq
chr5,131079177,131110063,K562_TE_17532,chr17,42457688,42471873,K562_MPT_5575,ENSG00000005961.13,ITGA2B,protein_coding,9,0.000397,K562,KARR-seq
chr12,46771502,46800832,K562_SE_202,chr6,158239296,158256605,K562_MPT_11446,ENSG00000130340.10,SNX9,protein_coding,9,0.000397,K562,KARR-seq
chr3,138462446,138518985,K562_TE_15213,chr19,11261437,11271484,K562_MPT_6379,ENSG00000161888.7,SPC24,protein_coding,9,0.000397,K562,KARR-seq
chr2,192677286,192734357,K562_SE_390,chr12,48201834,48231915,K562_MPT_2914,ENSG00000257488.1,RP5-1057I20.2,lncRNA,9,0.000397,K562,KARR-seq
chrX,11290563,11437956,K562_SE_739,chr1,160308038,160319380,K562_MPT_1008,ENSG00000122218.10,COPA,protein_coding,9,0.000397,K562,KARR-seq
chrX,135956337,135993609,K562_TE_23292,chr7,100282071,100292071,K562_MPT_11926,ENSG00000146830.9,GIGYF1,protein_coding,9,0.000397,K562,KARR-seq
chr7,127622797,127646282,K562_TE_20421,chr2,209114046,209125522,K562_MPT_7859,ENSG00000231908.1,IDH1-AS1,lncRNA,9,0.000397,K562,KARR-seq
chr9,6428827,6450047,K562_TE_21771,chr7,45138839,45156646,K562_MPT_11714,ENSG00000136270.9,TBRG4,protein_coding,9,0.000397,K562,KARR-seq
chrX,11290563,11437956,K562_SE_739,chr4,110731566,110741709,K562_MPT_9957,ENSG00000272795.1,RP11-602N24.3,lncRNA,9,0.000397,K562,KARR-seq
chr2,145188334,145270092,K562_SE_382,chr11,18029445,18039709,K562_MPT_2099,ENSG00000129158.6,SERGEF,protein_coding,9,0.000397,K562,KARR-seq
chr2,143687957,143696227,K562_TE_12108,chr1,115295585,115306297,K562_MPT_764,ENSG00000009307.11,CSDE1,protein_coding,9,0.000397,K562,KARR-seq
chr2,26972235,26995989,K562_SE_358,chr14,21448225,21463207,K562_MPT_3684,ENSG00000165792.13,METTL17,protein_coding,9,0.000397,K562,KARR-seq
chr7,23462528,23474606,K562_TE_19588,chr11,498570,512300,K562_MPT_1968,ENSG00000023191.12,RNH1,protein_coding,9,0.000397,K562,KARR-seq
chr1,41692510,41702725,K562_TE_628,chr22,19924130,19944026,K562_MPT_8550,ENSG00000184470.15,TXNRD2,protein_coding,9,0.000397,K562,KARR-seq
chr12,122492127,122530639,K562_SE_213,chr6,34211766,34222247,K562_MPT_11015,ENSG00000186577.7,C6orf1,protein_coding,9,0.000397,K562,KARR-seq
chr6,41959442,42010899,K562_SE_599,chr19,14242365,14253000,K562_MPT_6444,ENSG00000105011.4,ASF1B,protein_coding,9,0.000397,K562,KARR-seq
chr5,150130964,150131246,K562_TE_17760,chr12,62647604,62659209,K562_MPT_3078,ENSG00000135655.9,USP15,protein_coding,9,0.000397,K562,KARR-seq
chr2,200296297,200312162,K562_TE_12519,chr19,42358988,42369839,K562_MPT_6748,ENSG00000105372.2,RPS19,protein_coding,9,0.000397,K562,KARR-seq
chr6,118938314,118962543,K562_TE_18935,chr12,110929226,110945119,K562_MPT_3257,ENSG00000111237.14,VPS29,protein_coding,9,0.000397,K562,KARR-seq
chr1,45973507,45980832,K562_TE_706,chr9,37795499,37805790,K562_MPT_12823,ENSG00000122741.11,DCAF10,protein_coding,9,0.000397,K562,KARR-seq
chr11,78057964,78112641,K562_TE_4288,chr8,22293332,22303878,K562_MPT_12284,ENSG00000120910.10,PPP3CC,protein_coding,9,0.000397,K562,KARR-seq
chr2,74189295,74311354,K562_SE_371,chr3,63841321,63855236,K562_MPT_9146,ENSG00000240549.2,THOC7-AS1,lncRNA,9,0.000397,K562,KARR-seq
chr15,42075475,42086605,K562_TE_7188,chrX,48630385,48649981,K562_MPT_13400,ENSG00000207367.1,RNU6-29P,snRNA,9,0.000397,K562,KARR-seq
chr3,6548808,6584670,K562_TE_14302,chr9,123337436,123347437,K562_MPT_13060,ENSG00000136861.13,CDK5RAP2,protein_coding,9,0.000397,K562,KARR-seq
chr16,11165694,11266246,K562_TE_7960,chr16,31186431,31199606,K562_MPT_4879,ENSG00000089280.14,FUS,protein_coding,9,0.000397,K562,KARR-seq
chr2,145188334,145270092,K562_SE_382,chr7,106804406,106815218,K562_MPT_11982,ENSG00000105856.9,HBP1,protein_coding,9,0.000397,K562,KARR-seq
chr7,12412998,12438693,K562_TE_19497,chr1,113212043,113222367,K562_MPT_747,ENSG00000155363.14,MOV10,protein_coding,9,0.000397,K562,KARR-seq
chr6,27710750,27769347,K562_SE_584,chr11,5521834,5536215,K562_MPT_2030,ENSG00000175520.8,UBQLN3,protein_coding,9,0.000397,K562,KARR-seq
chr1,25762827,25773041,K562_TE_372,chr11,82877293,82887293,K562_MPT_2502,ENSG00000165494.6,PCF11,protein_coding,9,0.000397,K562,KARR-seq
chr17,27963624,28067286,K562_SE_299,chr8,21818749,21828749,K562_MPT_12275,ENSG00000130227.12,XPO7,protein_coding,9,0.000397,K562,KARR-seq
chr1,109626153,109650176,K562_TE_1184,chr14,24893492,24917064,K562_MPT_3737,ENSG00000100441.5,KHNYN,protein_coding,9,0.000397,K562,KARR-seq
chr3,52406837,52414757,K562_TE_14730,chr14,102223135,102234265,K562_MPT_4043,ENSG00000078304.15,PPP2R5C,protein_coding,9,0.000397,K562,KARR-seq
chr3,171781031,171825665,K562_TE_15473,chrX,153048008,153065129,K562_MPT_13705,ENSG00000067829.14,IDH3G,protein_coding,9,0.000397,K562,KARR-seq
chr6,29921029,29945749,K562_SE_589,chr12,54773244,54790082,K562_MPT_3019,ENSG00000161642.13,ZNF385A,protein_coding,9,0.000397,K562,KARR-seq
chr10,72408913,72460324,K562_SE_139,chr1,153594524,153615818,K562_MPT_920,ENSG00000189171.9,S100A13,protein_coding,9,0.000397,K562,KARR-seq
chr7,75939934,76044649,K562_SE_653,chr3,37279668,37290686,K562_MPT_8974,ENSG00000270194.1,RP11-259K5.2,lncRNA,9,0.000397,K562,KARR-seq
chr11,78057964,78112641,K562_TE_4288,chr17,6893508,6905301,K562_MPT_5233,ENSG00000108839.7,ALOX12,protein_coding,9,0.000397,K562,KARR-seq
chr11,127811500,127811713,K562_TE_4640,chr19,55533990,55554632,K562_MPT_6998,ENSG00000267265.1,CTC-550B14.7,lncRNA,9,0.000397,K562,KARR-seq
chrX,109553059,109555855,K562_TE_23117,chr11,282305,304526,K562_MPT_1962,ENSG00000206013.2,IFITM5,protein_coding,9,0.000397,K562,KARR-seq
chr13,109412338,109441017,K562_TE_6268,chr22,22002270,22025358,K562_MPT_8590,ENSG00000100023.13,PPIL2,protein_coding,9,0.000397,K562,KARR-seq
chr4,31996740,32005742,K562_TE_15921,chr6,27769853,27811440,K562_MPT_10912,ENSG00000197914.2,HIST1H4K,protein_coding,9,0.000397,K562,KARR-seq
chr5,139544820,139621746,K562_SE_548,chr5,151128456,151157093,K562_MPT_10618,ENSG00000177556.7,ATOX1,protein_coding,9,0.000397,K562,KARR-seq
chr12,51395876,51413330,K562_TE_5082,chr6,43585541,43617783,K562_MPT_11110,ENSG00000172432.14,GTPBP2,protein_coding,9,0.000397,K562,KARR-seq
chr9,44875058,44880467,K562_TE_21948,chr1,228286163,228302013,K562_MPT_1334,ENSG00000162910.14,MRPL55,protein_coding,9,0.000397,K562,KARR-seq
chr3,85550911,85558196,K562_TE_14903,chr9,138848226,138858226,K562_MPT_13217,ENSG00000130560.4,UBAC1,protein_coding,9,0.000397,K562,KARR-seq
chr7,119541305,119549080,K562_TE_20377,chr14,50578275,50588318,K562_MPT_3799,ENSG00000100483.9,VCPKMT,protein_coding,9,0.000397,K562,KARR-seq
chr1,100823710,100836316,K562_TE_1140,chr4,44850,58210,K562_MPT_9618,ENSG00000248302.2,Z95704.4,pseudogene,9,0.000397,K562,KARR-seq
chr2,114652692,114668245,K562_TE_11964,chr2,196516471,196527173,K562_MPT_7793,ENSG00000196950.9,SLC39A10,protein_coding,9,0.000397,K562,KARR-seq
chr6,15253980,15391637,K562_SE_569,chr18,60185240,60195852,K562_MPT_6116,ENSG00000141664.5,ZCCHC2,protein_coding,9,0.000397,K562,KARR-seq
chr21,38880441,38886743,K562_TE_13634,chr17,26893546,26911424,K562_MPT_5385,ENSG00000087111.16,PIGS,protein_coding,9,0.000397,K562,KARR-seq
chr10,135056473,135081466,K562_TE_3491,chr16,68872509,68882509,K562_MPT_5022,ENSG00000103047.3,TANGO6,protein_coding,9,0.000397,K562,KARR-seq
chr17,26380045,26454449,K562_TE_8935,chr1,78143343,78154104,K562_MPT_607,ENSG00000036549.8,ZZZ3,protein_coding,9,0.000397,K562,KARR-seq
chr7,137613403,137699756,K562_SE_668,chr6,13706796,13716796,K562_MPT_10830,ENSG00000010017.9,RANBP9,protein_coding,9,0.000397,K562,KARR-seq
chr18,3268125,3351559,K562_TE_9761,chr13,20432648,20442776,K562_MPT_3432,ENSG00000132950.14,ZMYM5,protein_coding,9,0.000397,K562,KARR-seq
chr6,28916583,28967980,K562_SE_588,chr1,27148201,27163511,K562_MPT_270,ENSG00000204160.7,ZDHHC18,protein_coding,9,0.000397,K562,KARR-seq
chr5,171413768,171414556,K562_TE_17867,chr22,22332147,22342213,K562_MPT_8595,ENSG00000100038.15,TOP3B,protein_coding,9,0.000397,K562,KARR-seq
chr2,46655062,46667986,K562_TE_11395,chr19,17387454,17426045,K562_MPT_6489,ENSG00000130307.7,USHBP1,protein_coding,9,0.000397,K562,KARR-seq
chr2,219164876,219194505,K562_TE_12684,chr5,1336853,1350214,K562_MPT_10153,ENSG00000049656.9,CLPTM1L,protein_coding,9,0.000397,K562,KARR-seq
chr22,19852170,19880732,K562_TE_13796,chr19,58785174,58795318,K562_MPT_7058,ENSG00000268516.1,CTD-3138B18.5,lncRNA,9,0.000397,K562,KARR-seq
chr22,46985557,47031110,K562_SE_447,chr19,54599083,54626651,K562_MPT_6987,ENSG00000105619.9,TFPT,protein_coding,9,0.000397,K562,KARR-seq
chr14,37542922,37563375,K562_TE_6486,chr11,33886362,33896362,K562_MPT_2144,ENSG00000135363.7,LMO2,protein_coding,9,0.000397,K562,KARR-seq
chr11,12147047,12244318,K562_SE_164,chr10,35620329,35630802,K562_MPT_1568,ENSG00000108100.13,CCNY,protein_coding,9,0.000397,K562,KARR-seq
chr1,22212524,22297321,K562_SE_19,chr6,3063658,3074128,K562_MPT_10772,ENSG00000137275.9,RIPK1,protein_coding,9,0.000397,K562,KARR-seq
chr6,13290126,13322181,K562_TE_18130,chr1,38466177,38483451,K562_MPT_399,ENSG00000183386.5,FHL3,protein_coding,9,0.000397,K562,KARR-seq
chr3,47996063,48004756,K562_TE_14672,chr6,49599552,49609552,K562_MPT_11128,ENSG00000112077.11,RHAG,protein_coding,9,0.000397,K562,KARR-seq
chr9,96344229,96363089,K562_TE_22152,chr1,223895034,223905034,K562_MPT_1299,ENSG00000162909.13,CAPN2,protein_coding,9,0.000397,K562,KARR-seq
chr5,61770439,61770801,K562_TE_17081,chr3,130564439,130574613,K562_MPT_9335,ENSG00000017260.15,ATP2C1,protein_coding,9,0.000397,K562,KARR-seq
chr6,111844966,111937208,K562_TE_18894,chr19,50163095,50190328,K562_MPT_6901,ENSG00000126453.5,BCL2L12,protein_coding,9,0.000397,K562,KARR-seq
chr2,145188334,145270092,K562_SE_382,chr6,42011424,42023662,K562_MPT_11084,ENSG00000112576.8,CCND3,protein_coding,9,0.000397,K562,KARR-seq
chr14,50813820,50815443,K562_TE_6509,chr19,55786058,55800789,K562_MPT_7004,ENSG00000133265.6,HSPBP1,protein_coding,9,0.000397,K562,KARR-seq
chr5,130942330,130976532,K562_TE_17529,chr6,43192191,43202222,K562_MPT_11101,ENSG00000112667.8,DNPH1,protein_coding,9,0.000397,K562,KARR-seq
chr3,47175438,47198094,K562_TE_14654,chr12,110713561,110724486,K562_MPT_3252,ENSG00000174437.12,ATP2A2,protein_coding,9,0.000397,K562,KARR-seq
chr16,88938381,88973032,K562_TE_8642,chr15,43936023,43946321,K562_MPT_4232,ENSG00000224677.1,AC011330.6,pseudogene,9,0.000397,K562,KARR-seq
chr10,17697371,17731387,K562_TE_2593,chr16,88864621,88883352,K562_MPT_5143,ENSG00000167513.4,CDT1,protein_coding,9,0.000397,K562,KARR-seq
chr20,44711722,44713112,K562_TE_13272,chr16,89038401,89055440,K562_MPT_5146,ENSG00000129993.10,CBFA2T3,protein_coding,9,0.000397,K562,KARR-seq
chr9,100691379,100765772,K562_SE_721,chr9,6408323,6426031,K562_MPT_12735,ENSG00000147854.12,UHRF2,protein_coding,9,0.000397,K562,KARR-seq
chr1,226076875,226087620,K562_TE_2198,chr5,212333,223433,K562_MPT_10141,ENSG00000073578.12,SDHA,protein_coding,9,0.000397,K562,KARR-seq
chr2,62428385,62436410,K562_TE_11516,chr6,44089651,44107770,K562_MPT_11115,ENSG00000180992.5,MRPL14,protein_coding,9,0.000397,K562,KARR-seq
chr22,23528183,23591207,K562_SE_441,chr7,99001264,99013680,K562_MPT_11899,ENSG00000106244.8,PDAP1,protein_coding,9,0.000397,K562,KARR-seq
chr6,20409590,20477001,K562_SE_576,chr5,56464775,56476773,K562_MPT_10272,ENSG00000062194.11,GPBP1,protein_coding,9,0.000397,K562,KARR-seq
chr20,56975923,57009005,K562_TE_13390,chr1,184938682,184948682,K562_MPT_1147,ENSG00000135842.12,FAM129A,protein_coding,9,0.000397,K562,KARR-seq
chr11,85802540,85930107,K562_SE_187,chr10,81959247,81972965,K562_MPT_1744,ENSG00000122359.13,ANXA11,protein_coding,9,0.000397,K562,KARR-seq
chr3,138392645,138415675,K562_TE_15211,chr17,46980731,46992710,K562_MPT_5641,ENSG00000159202.13,UBE2Z,protein_coding,9,0.000397,K562,KARR-seq
chr1,51997530,52049537,K562_TE_763,chr16,85199882,85209882,K562_MPT_5115,ENSG00000262601.1,CTC-786C10.1,protein_coding,9,0.000397,K562,KARR-seq
chr7,55602425,55629996,K562_TE_19860,chr20,34352789,34364948,K562_MPT_8164,ENSG00000222152.1,RNU6-1166P,snRNA,9,0.000397,K562,KARR-seq
chr10,22881071,22995526,K562_SE_125,chr11,899923,920058,K562_MPT_1978,ENSG00000177830.13,CHID1,protein_coding,9,0.000397,K562,KARR-seq
chr6,119572494,119605680,K562_TE_18951,chr3,178964403,178989790,K562_MPT_9487,ENSG00000240429.1,LRRFIP1P1,pseudogene,9,0.000397,K562,KARR-seq
chr22,29738779,29739075,K562_TE_13948,chr12,93766484,93777430,K562_MPT_3161,ENSG00000173598.9,NUDT4,protein_coding,9,0.000397,K562,KARR-seq
chr14,103464920,103489501,K562_TE_6948,chr8,144618623,144645728,K562_MPT_12672,ENSG00000249352.3,7SK,lncRNA,9,0.000397,K562,KARR-seq
chr13,99693720,99733652,K562_TE_6231,chr1,211426719,211438317,K562_MPT_1249,ENSG00000117625.9,RCOR3,protein_coding,9,0.000397,K562,KARR-seq
chr7,32540416,32556043,K562_TE_19686,chr19,44280409,44290409,K562_MPT_6769,ENSG00000104783.7,KCNN4,protein_coding,9,0.000397,K562,KARR-seq
chr19,13936208,13973162,K562_SE_335,chr5,149104861,149117388,K562_MPT_10590,ENSG00000199047.1,MIR378A,miRNA,9,0.000397,K562,KARR-seq
chr19,45600681,45641649,K562_TE_10728,chr8,124079920,124092160,K562_MPT_12591,ENSG00000156787.12,TBC1D31,protein_coding,9,0.000397,K562,KARR-seq
chr1,54817343,54863669,K562_SE_43,chr19,3977570,3990467,K562_MPT_6257,ENSG00000212377.1,SNORD37,snoRNA,9,0.000397,K562,KARR-seq
chr18,3579714,3675890,K562_SE_325,chr19,40966652,40978126,K562_MPT_6721,ENSG00000160460.11,SPTBN4,protein_coding,9,0.000397,K562,KARR-seq
chr14,97268546,97275789,K562_TE_6877,chr4,113061553,113071553,K562_MPT_9963,ENSG00000174749.5,C4orf32,protein_coding,9,0.000397,K562,KARR-seq
chr19,15387467,15415672,K562_TE_10441,chr4,6779369,6789467,K562_MPT_9684,ENSG00000170871.7,KIAA0232,protein_coding,9,0.000397,K562,KARR-seq
chrX,109251421,109251970,K562_TE_23109,chr18,77705817,77716664,K562_MPT_6147,ENSG00000122490.14,PQLC1,protein_coding,9,0.000397,K562,KARR-seq
chr7,98684854,98731718,K562_TE_20136,chr19,42358988,42369839,K562_MPT_6748,ENSG00000105372.2,RPS19,protein_coding,9,0.000397,K562,KARR-seq
chr17,63118413,63127718,K562_TE_9462,chr6,44179676,44199876,K562_MPT_11116,ENSG00000262179.2,RP1-302G2.5,lncRNA,9,0.000397,K562,KARR-seq
chr8,106466498,106480686,K562_TE_21462,chr8,110337163,110351614,K562_MPT_12574,ENSG00000120533.8,ENY2,protein_coding,9,0.000397,K562,KARR-seq
chr3,6548808,6584670,K562_TE_14302,chr1,173986435,173996647,K562_MPT_1096,ENSG00000135870.7,RC3H1,protein_coding,2,0.000397,K562,KARR-seq
chr8,91291355,91300171,K562_TE_21289,chr6,38665917,38675917,K562_MPT_11063,ENSG00000124767.6,GLO1,protein_coding,9,0.000399,K562,KARR-seq
chr6,147171445,147272129,K562_SE_624,chr5,65215963,65227601,K562_MPT_10285,ENSG00000269961.1,CTD-2033C11.1,lncRNA,2,0.000419,K562,KARR-seq
chr2,112101213,112291868,K562_SE_378,chr19,30428158,30438425,K562_MPT_6593,ENSG00000105176.13,URI1,protein_coding,2,0.000422,K562,KARR-seq
chr17,57905311,57931090,K562_SE_315,chr9,123625900,123644606,K562_MPT_13064,ENSG00000119403.9,PHF19,protein_coding,9,0.000432,K562,KARR-seq
chr6,147171445,147272129,K562_SE_624,chr9,37795499,37805790,K562_MPT_12823,ENSG00000122741.11,DCAF10,protein_coding,9,0.000434,K562,KARR-seq
chr11,65167965,65217131,K562_SE_178,chr17,40699952,40724092,K562_MPT_5534,ENSG00000108788.7,MLX,protein_coding,10,0.000435,K562,KARR-seq
chr11,65235059,65278329,K562_SE_179,chr3,195610455,195628654,K562_MPT_9581,ENSG00000061938.12,TNK2,protein_coding,21,0.000443,K562,KARR-seq
chr11,65167965,65217131,K562_SE_178,chrX,7890484,7900780,K562_MPT_13276,ENSG00000006757.7,PNPLA4,protein_coding,12,0.000443,K562,KARR-seq
chr11,65167965,65217131,K562_SE_178,chr22,20051685,20078581,K562_MPT_8554,ENSG00000221366.1,MIR1306,miRNA,23,0.000475,K562,KARR-seq
chr11,65167965,65217131,K562_SE_178,chr17,8016807,8032410,K562_MPT_5260,ENSG00000179148.5,ALOXE3,protein_coding,10,0.000477,K562,KARR-seq
chr11,65235059,65278329,K562_SE_179,chr22,36872387,36883077,K562_MPT_8707,ENSG00000100348.5,TXN2,protein_coding,20,0.000478,K562,KARR-seq
chr5,135415815,135424581,K562_TE_17596,chr7,99053152,99075535,K562_MPT_11901,ENSG00000106246.13,PTCD1,protein_coding,9,0.000479,K562,KARR-seq
chr14,103092326,103134232,K562_TE_6939,chr8,146000667,146033273,K562_MPT_12702,ENSG00000161016.11,RPL8,protein_coding,9,0.000479,K562,KARR-seq
chr1,61569740,61673375,K562_SE_45,chrX,123089062,123102020,K562_MPT_13613,ENSG00000232412.1,RP1-315G1.3,lncRNA,9,0.000479,K562,KARR-seq
chr2,145188334,145270092,K562_SE_382,chr5,36871861,36890308,K562_MPT_10217,ENSG00000164190.12,NIPBL,protein_coding,10,0.000502,K562,KARR-seq
chrX,11290563,11437956,K562_SE_739,chr7,120711632,120728867,K562_MPT_12018,ENSG00000106034.13,CPED1,protein_coding,12,0.000503,K562,KARR-seq
chr2,10451246,10550475,K562_SE_354,chr16,1999727,2052655,K562_MPT_4626,ENSG00000269205.1,AC005606.1,protein_coding,9,0.000505,K562,KARR-seq
chr19,28942803,29111036,K562_SE_341,chr11,82863030,82873201,K562_MPT_2501,ENSG00000165494.6,PCF11,protein_coding,10,0.000507,K562,KARR-seq
chr9,136112608,136160631,K562_SE_735,chrX,151138143,151148151,K562_MPT_13682,ENSG00000102287.12,GABRE,protein_coding,22,0.000508,K562,RIC-seq
chr11,65235059,65278329,K562_SE_179,chr17,28609932,28624060,K562_MPT_5407,ENSG00000108578.10,BLMH,protein_coding,16,0.000508,K562,KARR-seq
chr6,68585750,68609380,K562_SE_605,chr17,41271132,41282661,K562_MPT_5549,ENSG00000012048.15,BRCA1,protein_coding,14,0.000508,K562,KARR-seq
chr12,116553715,116655574,K562_TE_5637,chr17,38511907,38529204,K562_MPT_5504,ENSG00000266208.1,CTD-2267D19.3,protein_coding,9,0.000511,K562,KARR-seq
chr18,75695246,75705676,K562_TE_10150,chr22,41204962,41220386,K562_MPT_8770,ENSG00000266594.1,MIR4766,miRNA,9,0.000511,K562,KARR-seq
chr17,80218168,80281360,K562_SE_321,chr8,126958394,126968493,K562_MPT_12613,ENSG00000245164.2,LINC00861,lncRNA,9,0.000511,K562,KARR-seq
chr5,10261576,10331898,K562_SE_527,chr1,155934520,155953890,K562_MPT_960,ENSG00000273002.1,RP11-336K24.12,lncRNA,9,0.000515,K562,KARR-seq
chr11,65235059,65278329,K562_SE_179,chr7,2680166,2700726,K562_MPT_11519,ENSG00000136295.10,TTYH3,protein_coding,14,0.000518,K562,KARR-seq
chr19,28942803,29111036,K562_SE_341,chr14,75889393,75903837,K562_MPT_3948,ENSG00000140044.8,JDP2,protein_coding,9,0.000518,K562,KARR-seq
chr11,65235059,65278329,K562_SE_179,chr7,99031270,99046119,K562_MPT_11900,ENSG00000214314.1,AC073063.1,protein_coding,17,0.000519,K562,KARR-seq
chr11,12147047,12244318,K562_SE_164,chr1,11858302,11871977,K562_MPT_126,ENSG00000177000.6,MTHFR,protein_coding,9,0.00052,K562,KARR-seq
chr2,65568551,65649332,K562_SE_368,chr22,19837339,19847462,K562_MPT_8548,ENSG00000215012.4,C22orf29,protein_coding,9,0.00053,K562,KARR-seq
chr7,135711069,135800125,K562_TE_20533,chr1,150516884,150544336,K562_MPT_882,ENSG00000143382.9,ADAMTSL4,protein_coding,9,0.00053,K562,KARR-seq
chr10,35630893,35721029,K562_SE_130,chr14,24546137,24574358,K562_MPT_3726,ENSG00000100889.7,PCK2,protein_coding,9,0.000533,K562,KARR-seq
chr13,99693720,99733652,K562_TE_6231,chr17,40415605,40433725,K562_MPT_5527,ENSG00000236194.2,AC003104.1,lncRNA,9,0.000533,K562,KARR-seq
chrX,153945777,153970715,K562_TE_23398,chr4,79684653,79702532,K562_MPT_9865,ENSG00000260278.1,RP11-109G23.3,lncRNA,9,0.000542,K562,KARR-seq
chr22,22170419,22216528,K562_SE_440,chr4,109536551,109546812,K562_MPT_9950,ENSG00000109475.12,RPL34,protein_coding,9,0.000542,K562,KARR-seq
chr5,10261576,10331898,K562_SE_527,chr6,27853570,27870344,K562_MPT_10914,ENSG00000233224.1,HIST1H2AM,protein_coding,9,0.000542,K562,KARR-seq
chr16,23853484,23934208,K562_SE_269,chr4,140000344,140010650,K562_MPT_10014,ENSG00000109381.15,ELF2,protein_coding,9,0.000546,K562,KARR-seq
chr10,52069110,52199776,K562_SE_135,chr6,27853570,27870344,K562_MPT_10914,ENSG00000233224.1,HIST1H2AM,protein_coding,10,0.000551,K562,KARR-seq
chr16,89381699,89456073,K562_TE_8652,chr6,30699191,30717331,K562_MPT_10959,ENSG00000272273.1,XXbac-BPG252P9.10,lncRNA,9,0.000551,K562,KARR-seq
chr7,135595500,135679681,K562_SE_667,chr20,47889578,47902220,K562_MPT_8258,ENSG00000212304.1,SNORD12,snoRNA,9,0.000556,K562,KARR-seq
chr1,40493565,40543607,K562_SE_36,chr1,173827386,173843094,K562_MPT_1095,ENSG00000270084.1,GAS5-AS1,lncRNA,9,0.000563,K562,KARR-seq
chr17,40392872,40475968,K562_SE_305,chr22,19924130,19944026,K562_MPT_8550,ENSG00000184470.15,TXNRD2,protein_coding,10,0.000564,K562,KARR-seq
chr6,68585750,68609380,K562_SE_605,chr8,145008758,145037967,K562_MPT_12683,ENSG00000178209.10,PLEC,protein_coding,13,0.000605,K562,KARR-seq
chr16,23853484,23934208,K562_SE_269,chr1,24962722,24980417,K562_MPT_236,ENSG00000133226.12,SRRM1,protein_coding,10,0.000634,K562,KARR-seq
chr10,72497904,72519931,K562_SE_140,chr19,15437717,15448356,K562_MPT_6464,ENSG00000141867.13,BRD4,protein_coding,9,0.000635,K562,KARR-seq
chrX,11290563,11437956,K562_SE_739,chr19,58811715,58825396,K562_MPT_7059,ENSG00000142396.6,ERVK3-1,lncRNA,9,0.000647,K562,KARR-seq
chr11,78057964,78112641,K562_TE_4288,chr22,31359187,31374398,K562_MPT_8671,ENSG00000133422.8,MORC2,protein_coding,9,0.000651,K562,KARR-seq
chr8,128806089,129118955,K562_SE_701,chr1,153926052,153973108,K562_MPT_927,ENSG00000143570.13,SLC39A1,protein_coding,9,0.000651,K562,KARR-seq
chr10,35630893,35721029,K562_SE_130,chr22,20840844,20855200,K562_MPT_8565,ENSG00000099917.13,MED15,protein_coding,9,0.000655,K562,KARR-seq
chr19,28942803,29111036,K562_SE_341,chr15,68565141,68577297,K562_MPT_4376,ENSG00000169018.5,FEM1B,protein_coding,9,0.00066,K562,KARR-seq
chr8,130452382,130513523,K562_TE_21615,chr21,34909420,34920797,K562_MPT_8427,ENSG00000159140.13,SON,protein_coding,9,0.000759,K562,KARR-seq
chr6,20409590,20477001,K562_SE_576,chr2,232566621,232580201,K562_MPT_7935,ENSG00000187514.10,PTMA,protein_coding,2,0.000796,K562,KARR-seq
chr11,65235059,65278329,K562_SE_179,chr18,19187228,19197292,K562_MPT_6017,ENSG00000167088.6,SNRPD1,protein_coding,15,0.000818,K562,KARR-seq
chr1,28897644,28917048,K562_TE_432,chr19,46263043,46301060,K562_MPT_6823,ENSG00000267395.1,AC074212.6,lncRNA,9,0.000834,K562,KARR-seq
chr11,65235059,65278329,K562_SE_179,chr1,1816840,1827910,K562_MPT_44,ENSG00000231050.1,RP1-140A9.1,lncRNA,18,0.000836,K562,KARR-seq
chr8,130546590,130605033,K562_SE_702,chr12,57108384,57125981,K562_MPT_3052,ENSG00000196531.6,NACA,protein_coding,9,0.000848,K562,KARR-seq
chr11,65235059,65278329,K562_SE_179,chr3,25815164,25837277,K562_MPT_8950,ENSG00000151093.3,OXSM,protein_coding,18,0.000851,K562,KARR-seq
chr18,75695246,75705676,K562_TE_10150,chr20,30304001,30316792,K562_MPT_8113,ENSG00000268457.1,AL160175.1,protein_coding,9,0.000858,K562,KARR-seq
chr1,230208360,230327626,K562_SE_104,chr19,792075,809940,K562_MPT_6171,ENSG00000265767.1,MIR4745,miRNA,9,0.000885,K562,KARR-seq
chr1,28897644,28917048,K562_TE_432,chr19,19491635,19501832,K562_MPT_6544,ENSG00000167491.13,GATAD2A,protein_coding,9,0.000888,K562,KARR-seq
chr16,89381699,89456073,K562_TE_8652,chr19,41094072,41124822,K562_MPT_6724,ENSG00000090006.13,LTBP4,protein_coding,9,0.000897,K562,KARR-seq
chr16,23853484,23934208,K562_SE_269,chr1,155526821,155541097,K562_MPT_953,ENSG00000235919.3,ASH1L-AS1,lncRNA,9,0.000942,K562,KARR-seq
chr11,65235059,65278329,K562_SE_179,chrX,122861904,122871906,K562_MPT_13609,ENSG00000125676.15,THOC2,protein_coding,15,0.000986,K562,KARR-seq
chr1,167604829,167657298,K562_TE_1669,chr22,21979325,22001550,K562_MPT_8589,ENSG00000161180.6,CCDC116,protein_coding,9,0.000997,K562,KARR-seq
chr16,23953392,23990968,K562_TE_8141,chr6,31614697,31642944,K562_MPT_10976,ENSG00000200344.1,Y_RNA,misc_RNA,9,0.001,K562,KARR-seq
chr22,23528183,23591207,K562_SE_441,chr21,40711463,40726573,K562_MPT_8460,ENSG00000200344.1,Y_RNA,misc_RNA,9,0.00102,K562,KARR-seq
chr6,68585750,68609380,K562_SE_605,chr16,89038401,89055440,K562_MPT_5146,ENSG00000129993.10,CBFA2T3,protein_coding,22,0.00105,K562,KARR-seq
chr8,91291355,91300171,K562_TE_21289,chr1,154923580,154966017,K562_MPT_940,ENSG00000160688.14,FLAD1,protein_coding,2,0.00106,K562,KARR-seq
chr16,85210066,85383708,K562_SE_282,chr19,53188739,53198749,K562_MPT_6962,ENSG00000167766.14,ZNF83,protein_coding,2,0.00106,K562,KARR-seq
chr20,30129680,30185123,K562_SE_400,chr17,40415605,40433725,K562_MPT_5527,ENSG00000236194.2,AC003104.1,lncRNA,9,0.00107,K562,KARR-seq
chr1,184913105,184924063,K562_TE_1835,chr11,5521834,5536215,K562_MPT_2030,ENSG00000175520.8,UBQLN3,protein_coding,9,0.00107,K562,KARR-seq
chr22,22170419,22216528,K562_SE_440,chr5,36871861,36890308,K562_MPT_10217,ENSG00000164190.12,NIPBL,protein_coding,9,0.00107,K562,KARR-seq
chr19,28942803,29111036,K562_SE_341,chr19,55982699,56010258,K562_MPT_7013,ENSG00000090971.4,NAT14,protein_coding,2,0.00107,K562,KARR-seq
chr19,15938687,15956027,K562_SE_336,chr12,62647604,62659209,K562_MPT_3078,ENSG00000135655.9,USP15,protein_coding,2,0.00107,K562,KARR-seq
chr9,127450836,127487668,K562_TE_22440,chr17,3814794,3824794,K562_MPT_5205,ENSG00000108405.3,P2RX1,protein_coding,2,0.00107,K562,KARR-seq
chr15,64084850,64162339,K562_TE_7404,chr6,20397398,20409034,K562_MPT_10855,ENSG00000112242.10,E2F3,protein_coding,2,0.00107,K562,KARR-seq
chr1,33446463,33490292,K562_TE_499,chr12,122511628,122521628,K562_MPT_3344,ENSG00000175727.9,MLXIP,protein_coding,2,0.00107,K562,KARR-seq
chr1,61569740,61673375,K562_SE_45,chr19,41851816,41875078,K562_MPT_6740,ENSG00000105329.5,TGFB1,protein_coding,2,0.00107,K562,KARR-seq
chr6,68585750,68609380,K562_SE_605,chr19,47546888,47556888,K562_MPT_6845,ENSG00000130748.6,TMEM160,protein_coding,9,0.00108,K562,KARR-seq
chr6,68585750,68609380,K562_SE_605,chr6,109411022,109421765,K562_MPT_11268,ENSG00000080546.9,SESN1,protein_coding,9,0.00108,K562,KARR-seq
chr1,28897644,28917048,K562_TE_432,chr19,10191806,10235578,K562_MPT_6352,ENSG00000267387.1,CTD-2240E14.4,lncRNA,9,0.00108,K562,KARR-seq
chr19,28942803,29111036,K562_SE_341,chr15,85518671,85530212,K562_MPT_4512,ENSG00000073417.10,PDE8A,protein_coding,9,0.00108,K562,KARR-seq
chr8,126937450,126959759,K562_TE_21586,chr7,120711632,120728867,K562_MPT_12018,ENSG00000106034.13,CPED1,protein_coding,9,0.00108,K562,KARR-seq
chr21,22524398,22583160,K562_SE_424,chr22,19924130,19944026,K562_MPT_8550,ENSG00000184470.15,TXNRD2,protein_coding,9,0.00109,K562,KARR-seq
chr16,23853484,23934208,K562_SE_269,chr10,6617201,6633186,K562_MPT_1468,ENSG00000065675.10,PRKCQ,protein_coding,9,0.0011,K562,KARR-seq
chr1,65349691,65427295,K562_TE_899,chr11,5521834,5536215,K562_MPT_2030,ENSG00000175520.8,UBQLN3,protein_coding,9,0.00113,K562,KARR-seq
chr7,102124202,102169318,K562_TE_20205,chr7,102227891,102241184,K562_MPT_11949,ENSG00000270249.1,RP11-514P8.7,protein_coding,11,0.00115,K562,RIC-seq
chr7,84439385,84477729,K562_TE_20055,chr9,138995927,139015731,K562_MPT_13219,ENSG00000260193.1,RP11-83N9.5,lncRNA,11,0.00115,K562,RIC-seq
chr9,4748724,4769797,K562_TE_21752,chr9,4736227,4747043,K562_MPT_12724,ENSG00000147853.12,AK3,protein_coding,11,0.00115,K562,RIC-seq
chr16,29063568,29087247,K562_TE_8202,chr16,15182865,15193268,K562_MPT_4732,ENSG00000260735.1,RP11-72I8.1,lncRNA,11,0.00115,K562,RIC-seq
chr1,147545170,147551265,K562_TE_1391,chr1,145605884,145616036,K562_MPT_826,ENSG00000186141.4,POLR3C,protein_coding,11,0.00115,K562,RIC-seq
chr5,139486451,139489097,K562_TE_17643,chrX,17750588,17760845,K562_MPT_13304,ENSG00000047634.10,SCML1,protein_coding,11,0.00115,K562,RIC-seq
chr15,63487249,63539151,K562_TE_7392,chr8,57900919,57911403,K562_MPT_12407,ENSG00000104331.4,IMPAD1,protein_coding,11,0.00115,K562,RIC-seq
chr20,25825361,25835169,K562_TE_13063,chr7,57696660,57719528,K562_MPT_11738,ENSG00000237639.2,RP11-368M16.5,pseudogene,11,0.00115,K562,RIC-seq
chr7,30328483,30370643,K562_TE_19671,chr7,100071855,100089547,K562_MPT_11918,ENSG00000266372.1,AC092849.1,miRNA,11,0.00115,K562,RIC-seq
chr6,34672948,34714813,K562_TE_18387,chr6,34720183,34730331,K562_MPT_11026,ENSG00000124562.5,SNRPC,protein_coding,11,0.00115,K562,RIC-seq
chr2,131962319,131968883,K562_TE_12057,chr2,132280406,132299561,K562_MPT_7636,ENSG00000224679.1,MED15P4,pseudogene,11,0.00115,K562,RIC-seq
chr3,50563307,50579180,K562_TE_14712,chr16,4388762,4410608,K562_MPT_4673,ENSG00000217930.3,PAM16,protein_coding,11,0.00115,K562,RIC-seq
chr14,23317388,23335276,K562_TE_6369,chr14,23332027,23357431,K562_MPT_3702,ENSG00000139890.5,REM2,protein_coding,11,0.00115,K562,RIC-seq
chr10,65169356,65199015,K562_TE_2911,chr10,65276123,65286123,K562_MPT_1657,ENSG00000165476.8,REEP3,protein_coding,11,0.00115,K562,RIC-seq
chr11,68049357,68070552,K562_TE_4125,chr11,68034415,68044457,K562_MPT_2396,ENSG00000171067.6,C11orf24,protein_coding,11,0.00115,K562,RIC-seq
chr2,32035383,32048882,K562_TE_11242,chr15,65800169,65815042,K562_MPT_4349,ENSG00000074603.14,DPP8,protein_coding,11,0.00115,K562,RIC-seq
chr5,64783478,64785137,K562_TE_17096,chr5,64772704,64782747,K562_MPT_10281,ENSG00000049192.10,ADAMTS6,protein_coding,11,0.00115,K562,RIC-seq
chr11,65235059,65278329,K562_SE_179,chr15,102024640,102035187,K562_MPT_4585,ENSG00000140479.12,PCSK6,protein_coding,27,0.00116,K562,RIC-seq
chr11,65235059,65278329,K562_SE_179,chr20,62675113,62685994,K562_MPT_8364,ENSG00000203883.5,SOX18,protein_coding,14,0.00119,K562,KARR-seq
chr8,128806089,129118955,K562_SE_701,chr13,27820446,27834538,K562_MPT_3465,ENSG00000200235.1,SNORA27,snoRNA,9,0.00127,K562,KARR-seq
chr15,66880235,66981717,K562_SE_249,chr16,58653690,58668790,K562_MPT_4976,ENSG00000125107.12,CNOT1,protein_coding,9,0.00127,K562,KARR-seq
chr11,65235059,65278329,K562_SE_179,chr12,22194108,22213053,K562_MPT_2826,ENSG00000111726.8,CMAS,protein_coding,20,0.00128,K562,KARR-seq
chr11,65167965,65217131,K562_SE_178,chr19,19634670,19654074,K562_MPT_6547,ENSG00000160161.5,CILP2,protein_coding,12,0.00129,K562,KARR-seq
chr11,65235059,65278329,K562_SE_179,chr19,1008339,1047661,K562_MPT_6178,ENSG00000207357.1,RNU6-2,snRNA,39,0.00132,K562,KARR-seq
chr5,118609801,118678797,K562_SE_538,chr7,100071855,100089547,K562_MPT_11918,ENSG00000266372.1,AC092849.1,miRNA,11,0.00137,K562,RIC-seq
chr11,65235059,65278329,K562_SE_179,chr5,87559639,87575193,K562_MPT_10373,ENSG00000247828.3,TMEM161B-AS1,lncRNA,16,0.00142,K562,KARR-seq
chr11,85802540,85930107,K562_SE_187,chr11,85774822,85785924,K562_MPT_2511,ENSG00000073921.13,PICALM,protein_coding,11,0.00142,K562,RIC-seq
chr6,68585750,68609380,K562_SE_605,chr9,130684770,130707015,K562_MPT_13121,ENSG00000136908.13,DPM2,protein_coding,12,0.00148,K562,KARR-seq
chr19,28942803,29111036,K562_SE_341,chr6,33234653,33249917,K562_MPT_10999,ENSG00000223501.4,VPS52,protein_coding,11,0.00148,K562,KARR-seq
chr8,130546590,130605033,K562_SE_702,chr6,2956561,2977090,K562_MPT_10767,ENSG00000124570.13,SERPINB6,protein_coding,10,0.00148,K562,KARR-seq
chr16,23853484,23934208,K562_SE_269,chr20,34323759,34335234,K562_MPT_8163,ENSG00000131051.16,RBM39,protein_coding,9,0.00148,K562,KARR-seq
chr11,65167965,65217131,K562_SE_178,chr4,2789750,2805291,K562_MPT_9658,ENSG00000087266.11,SH3BP2,protein_coding,9,0.00148,K562,KARR-seq
chr19,28942803,29111036,K562_SE_341,chr22,19999331,20013678,K562_MPT_8553,ENSG00000099889.9,ARVCF,protein_coding,9,0.00148,K562,KARR-seq
chr1,167604829,167657298,K562_TE_1669,chr9,139549873,139570054,K562_MPT_13227,ENSG00000199161.1,MIR126,miRNA,9,0.00148,K562,KARR-seq
chr6,68585750,68609380,K562_SE_605,chr10,972564,983966,K562_MPT_1438,ENSG00000107929.10,LARP4B,protein_coding,9,0.00148,K562,KARR-seq
chr18,756567,807069,K562_TE_9733,chr1,76246879,76267567,K562_MPT_602,ENSG00000207241.1,SNORD45A,snoRNA,9,0.00148,K562,KARR-seq
chr17,47803189,47835401,K562_TE_9267,chr8,126958394,126968493,K562_MPT_12613,ENSG00000245164.2,LINC00861,lncRNA,9,0.00148,K562,KARR-seq
chr12,54700011,54727624,K562_TE_5138,chr1,234737754,234750271,K562_MPT_1369,ENSG00000168264.6,IRF2BP2,protein_coding,8,0.00148,K562,KARR-seq
chr1,156922120,156943848,K562_TE_1552,chr5,151128456,151157093,K562_MPT_10618,ENSG00000177556.7,ATOX1,protein_coding,8,0.00148,K562,KARR-seq
chr15,68512665,68527671,K562_TE_7481,chr16,30361255,30399171,K562_MPT_4852,ENSG00000180035.6,ZNF48,protein_coding,8,0.00148,K562,KARR-seq
chr15,52327053,52335113,K562_TE_7318,chr10,75752872,75769895,K562_MPT_1723,ENSG00000225761.1,RP11-417O11.5,lncRNA,8,0.00148,K562,KARR-seq
chr5,118692767,118775476,K562_TE_17462,chr12,6870541,6886686,K562_MPT_2749,ENSG00000089692.4,LAG3,protein_coding,8,0.00148,K562,KARR-seq
chr10,50340120,50390405,K562_SE_134,chr20,32695138,32705138,K562_MPT_8139,ENSG00000125977.6,EIF2S2,protein_coding,8,0.00148,K562,KARR-seq
chr7,77130224,77193261,K562_TE_20037,chr5,16460901,16470901,K562_MPT_10184,ENSG00000173545.4,ZNF622,protein_coding,8,0.00148,K562,KARR-seq
chr9,139097667,139130839,K562_TE_22614,chr16,88846619,88856619,K562_MPT_5142,ENSG00000103335.15,PIEZO1,protein_coding,8,0.00148,K562,KARR-seq
chr4,186255469,186281521,K562_TE_16770,chr12,56722527,56737663,K562_MPT_3044,ENSG00000135473.10,PAN2,protein_coding,8,0.00148,K562,KARR-seq
chr15,64982530,64988967,K562_TE_7420,chr19,51838949,51853423,K562_MPT_6931,ENSG00000186806.5,VSIG10L,protein_coding,8,0.00148,K562,KARR-seq
chr12,102769897,102836184,K562_TE_5487,chr3,196225639,196235639,K562_MPT_9593,ENSG00000163961.4,RNF168,protein_coding,8,0.00148,K562,KARR-seq
chr14,55140833,55211802,K562_SE_228,chr3,143685640,143697450,K562_MPT_9397,ENSG00000181744.4,C3orf58,protein_coding,8,0.00148,K562,KARR-seq
chr20,56975923,57009005,K562_TE_13390,chr2,48536776,48546849,K562_MPT_7267,ENSG00000170802.11,FOXN2,protein_coding,8,0.00148,K562,KARR-seq
chr3,112383842,112418611,K562_TE_14987,chr3,139057861,139073213,K562_MPT_9371,ENSG00000175110.7,MRPS22,protein_coding,8,0.00148,K562,KARR-seq
chr7,97803980,97816438,K562_TE_20126,chr10,11779365,11794274,K562_MPT_1477,ENSG00000134463.10,ECHDC3,protein_coding,8,0.00148,K562,KARR-seq
chr7,101482129,101596250,K562_SE_657,chrX,118916447,118930606,K562_MPT_13595,ENSG00000212206.1,SNORA69,snoRNA,8,0.00148,K562,KARR-seq
chr8,91171169,91256982,K562_SE_690,chr12,14951420,14961506,K562_MPT_2809,ENSG00000182993.3,C12orf60,protein_coding,8,0.00148,K562,KARR-seq
chrX,13292451,13322252,K562_TE_22728,chr11,689438,714368,K562_MPT_1973,ENSG00000177030.12,DEAF1,protein_coding,8,0.00148,K562,KARR-seq
chr1,54676619,54697327,K562_TE_817,chr4,68561871,68572113,K562_MPT_9816,ENSG00000248049.2,UBA6-AS1,lncRNA,8,0.00148,K562,KARR-seq
chr19,3371575,3397344,K562_TE_10239,chr11,75105530,75120465,K562_MPT_2461,ENSG00000149273.10,RPS3,protein_coding,8,0.00148,K562,KARR-seq
chr14,34401387,34438907,K562_TE_6452,chr4,140581922,140591989,K562_MPT_10021,ENSG00000085871.4,MGST2,protein_coding,8,0.00148,K562,KARR-seq
chr6,20409590,20477001,K562_SE_576,chr13,77559795,77569795,K562_MPT_3591,ENSG00000102805.9,CLN5,protein_coding,8,0.00148,K562,KARR-seq
chr6,80252310,80256470,K562_TE_18678,chr5,36871861,36890308,K562_MPT_10217,ENSG00000164190.12,NIPBL,protein_coding,8,0.00148,K562,KARR-seq
chr16,69623704,69633808,K562_TE_8461,chr2,27003865,27013936,K562_MPT_7161,ENSG00000115163.10,CENPA,protein_coding,8,0.00148,K562,KARR-seq
chr16,85069961,85096798,K562_SE_281,chr9,126025843,126035855,K562_MPT_13081,ENSG00000165209.14,STRBP,protein_coding,8,0.00148,K562,KARR-seq
chr16,24747738,24764635,K562_TE_8154,chr19,16171547,16197533,K562_MPT_6470,ENSG00000167460.10,TPM4,protein_coding,8,0.00148,K562,KARR-seq
chr1,92257689,92271194,K562_TE_1069,chr19,58887389,58925144,K562_MPT_7062,ENSG00000269855.1,AC012313.1,protein_coding,8,0.00148,K562,KARR-seq
chr19,15429265,15436357,K562_TE_10442,chr7,150015252,150025814,K562_MPT_12160,ENSG00000127399.10,LRRC61,protein_coding,8,0.00148,K562,KARR-seq
chr6,158311058,158314011,K562_TE_19254,chr2,26982156,26992157,K562_MPT_7160,ENSG00000213699.4,SLC35F6,protein_coding,8,0.00148,K562,KARR-seq
chr7,123349629,123383230,K562_TE_20396,chr4,109536551,109546812,K562_MPT_9950,ENSG00000109475.12,RPL34,protein_coding,8,0.00148,K562,KARR-seq
chr17,44155283,44237935,K562_SE_309,chr2,42790185,42801524,K562_MPT_7236,ENSG00000057935.9,MTA3,protein_coding,8,0.00148,K562,KARR-seq
chr20,45882321,45888040,K562_TE_13286,chr9,4980086,4990245,K562_MPT_12727,ENSG00000096968.8,JAK2,protein_coding,8,0.00148,K562,KARR-seq
chr1,143928750,144054981,K562_TE_1340,chr16,31459814,31476282,K562_MPT_4884,ENSG00000260267.1,RP11-452L6.5,lncRNA,8,0.00148,K562,KARR-seq
chr9,95066402,95076261,K562_TE_22131,chr4,1278639,1288683,K562_MPT_9637,ENSG00000090316.11,MAEA,protein_coding,8,0.00148,K562,KARR-seq
chr9,131067114,131074084,K562_TE_22496,chr5,177654572,177664786,K562_MPT_10716,ENSG00000175309.10,PHYKPL,protein_coding,8,0.00148,K562,KARR-seq
chr6,158973180,158999000,K562_TE_19268,chr7,98736642,98746723,K562_MPT_11895,ENSG00000198742.5,SMURF1,protein_coding,8,0.00148,K562,KARR-seq
chr19,32908668,32926189,K562_TE_10564,chr5,137872400,137887992,K562_MPT_10533,ENSG00000120705.8,ETF1,protein_coding,8,0.00148,K562,KARR-seq
chr17,55497606,55537159,K562_TE_9345,chr12,54064899,54076182,K562_MPT_3005,ENSG00000135390.13,ATP5G2,protein_coding,8,0.00148,K562,KARR-seq
chr19,21640379,21646749,K562_TE_10531,chr16,50180488,50192779,K562_MPT_4925,ENSG00000260031.1,RPL10P14,pseudogene,8,0.00148,K562,KARR-seq
chr19,39126319,39184375,K562_SE_343,chr16,2309332,2326748,K562_MPT_4633,ENSG00000266643.1,MIR3677,miRNA,8,0.00148,K562,KARR-seq
chr1,25078910,25092861,K562_TE_356,chr12,133258914,133271900,K562_MPT_3413,ENSG00000176894.5,PXMP2,protein_coding,8,0.00148,K562,KARR-seq
chr5,88029075,88034582,K562_TE_17313,chr16,85640015,85651958,K562_MPT_5120,ENSG00000131149.13,GSE1,protein_coding,8,0.00148,K562,KARR-seq
chr4,74096422,74112627,K562_TE_16123,chr12,110901069,110911526,K562_MPT_3256,ENSG00000204856.7,FAM216A,protein_coding,8,0.00148,K562,KARR-seq
chr1,226270364,226320028,K562_TE_2204,chrX,24067833,24078088,K562_MPT_13324,ENSG00000130741.6,EIF2S3,protein_coding,8,0.00148,K562,KARR-seq
chr16,23853484,23934208,K562_SE_269,chr3,128364692,128374692,K562_MPT_9310,ENSG00000163902.7,RPN1,protein_coding,8,0.00148,K562,KARR-seq
chr14,73919276,73959892,K562_TE_6700,chr16,183334,193669,K562_MPT_4596,ENSG00000103148.11,NPRL3,protein_coding,8,0.00148,K562,KARR-seq
chr20,47296070,47342449,K562_TE_13298,chr19,15437717,15448356,K562_MPT_6464,ENSG00000141867.13,BRD4,protein_coding,8,0.00148,K562,KARR-seq
chr10,52286005,52379131,K562_SE_136,chr2,64365373,64376588,K562_MPT_7319,ENSG00000225889.3,AC074289.1,lncRNA,8,0.00148,K562,KARR-seq
chr7,148543453,148572852,K562_TE_20642,chr6,43016437,43033800,K562_MPT_11097,ENSG00000112651.7,MRPL2,protein_coding,8,0.00148,K562,KARR-seq
chr1,109900408,109930177,K562_TE_1189,chr19,1008339,1047661,K562_MPT_6178,ENSG00000207357.1,RNU6-2,snRNA,8,0.00148,K562,KARR-seq
chr6,31717281,31718556,K562_TE_18341,chr7,107199379,107209959,K562_MPT_11983,ENSG00000105865.6,DUS4L,protein_coding,8,0.00148,K562,KARR-seq
chr7,55754735,55776037,K562_TE_19862,chr9,125013212,125032183,K562_MPT_13075,ENSG00000119446.9,RBM18,protein_coding,8,0.00148,K562,KARR-seq
chr11,77962511,78043618,K562_SE_186,chr1,154187655,154202558,K562_MPT_930,ENSG00000143612.14,C1orf43,protein_coding,8,0.00148,K562,KARR-seq
chr16,23953392,23990968,K562_TE_8141,chr16,1655045,1669641,K562_MPT_4619,ENSG00000187535.9,IFT140,protein_coding,8,0.00148,K562,KARR-seq
chr20,47900668,47920027,K562_TE_13310,chr9,103104586,103120221,K562_MPT_12999,ENSG00000136891.9,TEX10,protein_coding,8,0.00148,K562,KARR-seq
chr5,53545021,53626040,K562_SE_532,chr17,78188498,78200145,K562_MPT_5892,ENSG00000181045.10,SLC26A11,protein_coding,8,0.00148,K562,KARR-seq
chr16,88938381,88973032,K562_TE_8642,chr10,75380408,75395314,K562_MPT_1716,ENSG00000272791.1,RP11-464F9.22,lncRNA,8,0.00148,K562,KARR-seq
chr9,140563716,140583685,K562_TE_22645,chr17,26639809,26651481,K562_MPT_5378,ENSG00000109084.9,TMEM97,protein_coding,8,0.00148,K562,KARR-seq
chr15,64084850,64162339,K562_TE_7404,chr8,145723356,145759516,K562_MPT_12699,ENSG00000160959.3,LRRC14,protein_coding,8,0.00148,K562,KARR-seq
chr15,51358682,51378733,K562_TE_7298,chr3,61719903,61733780,K562_MPT_9145,ENSG00000200344.1,Y_RNA,misc_RNA,8,0.00148,K562,KARR-seq
chr12,105105674,105123099,K562_TE_5508,chrX,154246028,154260215,K562_MPT_13722,ENSG00000185010.9,F8,protein_coding,8,0.00148,K562,KARR-seq
chr3,136335245,136446485,K562_TE_15197,chr16,29812427,29837646,K562_MPT_4836,ENSG00000261962.1,AC009133.20,lncRNA,8,0.00148,K562,KARR-seq
chr3,72476234,72511224,K562_TE_14861,chr1,193021545,193043362,K562_MPT_1158,ENSG00000238754.1,snoU109,snoRNA,8,0.00148,K562,KARR-seq
chr19,39837588,39839949,K562_TE_10657,chr3,194202388,194213183,K562_MPT_9565,ENSG00000133657.10,ATP13A3,protein_coding,8,0.00148,K562,KARR-seq
chr8,106577198,106588840,K562_TE_21464,chr2,159308214,159318624,K562_MPT_7676,ENSG00000153237.13,CCDC148,protein_coding,8,0.00148,K562,KARR-seq
chr6,10759357,10772469,K562_TE_18104,chr10,103869703,103885210,K562_MPT_1850,ENSG00000198728.6,LDB1,protein_coding,8,0.00148,K562,KARR-seq
chr10,52413182,52441520,K562_TE_2863,chr1,1328684,1349476,K562_MPT_31,ENSG00000224870.3,RP4-758J18.2,protein_coding,8,0.00148,K562,KARR-seq
chr2,68410068,68424683,K562_TE_11582,chr5,6628155,6638581,K562_MPT_10163,ENSG00000037474.10,NSUN2,protein_coding,8,0.00148,K562,KARR-seq
chr15,41388350,41389350,K562_TE_7173,chr8,146000667,146033273,K562_MPT_12702,ENSG00000161016.11,RPL8,protein_coding,8,0.00148,K562,KARR-seq
chr9,134278293,134294871,K562_TE_22563,chr1,26753807,26764382,K562_MPT_261,ENSG00000117682.12,DHDDS,protein_coding,8,0.00148,K562,KARR-seq
chr11,86977653,86978106,K562_TE_4335,chr9,140185173,140201703,K562_MPT_13248,ENSG00000198435.2,NRARP,protein_coding,8,0.00148,K562,KARR-seq
chr20,32587038,32676878,K562_TE_13113,chr7,148633580,148643580,K562_MPT_12140,ENSG00000252310.1,RNY5,misc_RNA,8,0.00148,K562,KARR-seq
chr16,75042810,75164503,K562_SE_275,chrX,154028672,154038802,K562_MPT_13719,ENSG00000130830.10,MPP1,protein_coding,8,0.00148,K562,KARR-seq
chr3,15082131,15098135,K562_TE_14396,chr14,50039512,50071712,K562_MPT_3792,ENSG00000200344.1,Y_RNA,misc_RNA,8,0.00148,K562,KARR-seq
chr10,73596173,73654646,K562_SE_142,chr19,46137131,46153887,K562_MPT_6818,ENSG00000125746.10,EML2,protein_coding,8,0.00148,K562,KARR-seq
chr1,156791541,156898075,K562_TE_1551,chr22,17556591,17570849,K562_MPT_8524,ENSG00000177663.9,IL17RA,protein_coding,8,0.00148,K562,KARR-seq
chr6,8083289,8085925,K562_TE_18090,chr5,81041841,81052072,K562_MPT_10360,ENSG00000145687.11,SSBP2,protein_coding,8,0.00148,K562,KARR-seq
chr3,48963348,48973671,K562_TE_14687,chr8,19669651,19679651,K562_MPT_12270,ENSG00000104613.7,INTS10,protein_coding,8,0.00148,K562,KARR-seq
chr20,29518179,29537518,K562_TE_13068,chr3,186643274,186655337,K562_MPT_9547,ENSG00000073849.10,ST6GAL1,protein_coding,8,0.00148,K562,KARR-seq
chr8,128806089,129118955,K562_SE_701,chr7,65531305,65545871,K562_MPT_11765,ENSG00000205596.4,RP5-1132H15.2,pseudogene,8,0.00148,K562,KARR-seq
chr8,37985617,37997456,K562_TE_21011,chr2,86415231,86431586,K562_MPT_7439,ENSG00000132313.10,MRPL35,protein_coding,8,0.00148,K562,KARR-seq
chr9,99337147,99344380,K562_TE_22200,chr22,20094398,20124471,K562_MPT_8555,ENSG00000099904.11,ZDHHC8,protein_coding,8,0.00148,K562,KARR-seq
chr10,35630893,35721029,K562_SE_130,chr8,95897686,95913906,K562_MPT_12512,ENSG00000156170.8,NDUFAF6,protein_coding,8,0.00148,K562,KARR-seq
chr20,35898883,35966354,K562_TE_13176,chr2,97529325,97541494,K562_MPT_7484,ENSG00000168758.6,SEMA4C,protein_coding,8,0.00148,K562,KARR-seq
chrX,153311772,153349307,K562_TE_23386,chr12,1698331,1708331,K562_MPT_2710,ENSG00000171823.6,FBXL14,protein_coding,8,0.00148,K562,KARR-seq
chr7,71676143,71676561,K562_TE_19938,chr10,124763333,124773532,K562_MPT_1925,ENSG00000196177.8,ACADSB,protein_coding,8,0.00148,K562,KARR-seq
chr9,134222817,134249278,K562_TE_22562,chr11,62409081,62425774,K562_MPT_2269,ENSG00000185085.2,INTS5,protein_coding,8,0.00148,K562,KARR-seq
chr3,152031038,152050542,K562_TE_15326,chr14,102425865,102440938,K562_MPT_4047,ENSG00000259013.2,RP11-1017G21.3,pseudogene,8,0.00148,K562,KARR-seq
chr18,43577851,43590733,K562_TE_9959,chr19,792075,809940,K562_MPT_6171,ENSG00000265767.1,MIR4745,miRNA,8,0.00148,K562,KARR-seq
chr7,139365263,139373529,K562_TE_20579,chr12,133333399,133343474,K562_MPT_3415,ENSG00000176915.10,ANKLE2,protein_coding,8,0.00148,K562,KARR-seq
chr4,166230016,166255890,K562_TE_16658,chr1,54656266,54670892,K562_MPT_536,ENSG00000116221.11,MRPL37,protein_coding,8,0.00148,K562,KARR-seq
chr1,65932715,66006608,K562_SE_48,chr11,62336445,62347401,K562_MPT_2267,ENSG00000254772.5,EEF1G,protein_coding,8,0.00148,K562,KARR-seq
chr19,4908165,4938756,K562_TE_10272,chr12,7008897,7042476,K562_MPT_2753,ENSG00000111676.10,ATN1,protein_coding,8,0.00148,K562,KARR-seq
chr1,246267724,246281298,K562_TE_2397,chr12,9093964,9107640,K562_MPT_2775,ENSG00000003056.3,M6PR,protein_coding,8,0.00148,K562,KARR-seq
chr15,64278840,64324868,K562_TE_7407,chr19,14514535,14535179,K562_MPT_6450,ENSG00000267379.1,CTC-548K16.5,lncRNA,8,0.00148,K562,KARR-seq
chr10,72408913,72460324,K562_SE_139,chr19,3964826,3976121,K562_MPT_6256,ENSG00000167657.7,DAPK3,protein_coding,8,0.00148,K562,KARR-seq
chr22,21958340,21979130,K562_TE_13828,chr1,11709432,11733753,K562_MPT_121,ENSG00000116663.6,FBXO6,protein_coding,8,0.00148,K562,KARR-seq
chr4,79684477,79738669,K562_TE_16199,chrX,40031573,40041582,K562_MPT_13349,ENSG00000183337.12,BCOR,protein_coding,8,0.00148,K562,KARR-seq
chr8,67830082,67847272,K562_SE_688,chr3,65578410,65588561,K562_MPT_9151,ENSG00000151276.19,MAGI1,protein_coding,8,0.00148,K562,KARR-seq
chr8,91291355,91300171,K562_TE_21289,chr12,22194108,22213053,K562_MPT_2826,ENSG00000111726.8,CMAS,protein_coding,8,0.00148,K562,KARR-seq
chr15,84125706,84148252,K562_TE_7677,chr1,1238269,1265621,K562_MPT_28,ENSG00000240731.1,RP5-890O3.9,lncRNA,8,0.00148,K562,KARR-seq
chr10,35734370,35760083,K562_TE_2746,chr12,53830389,53853644,K562_MPT_3002,ENSG00000197111.11,PCBP2,protein_coding,8,0.00148,K562,KARR-seq
chr1,40845043,40870321,K562_SE_37,chr3,197015819,197031171,K562_MPT_9606,ENSG00000265850.1,MIR4797,miRNA,8,0.00148,K562,KARR-seq
chr17,78595696,78639167,K562_TE_9674,chr9,131097925,131109432,K562_MPT_13133,ENSG00000167114.8,SLC27A4,protein_coding,8,0.00148,K562,KARR-seq
chr1,21587301,21606995,K562_TE_288,chr1,2453035,2466684,K562_MPT_54,ENSG00000197921.5,HES5,protein_coding,8,0.00148,K562,KARR-seq
chr1,157116876,157126500,K562_TE_1558,chr9,140343944,140358786,K562_MPT_13251,ENSG00000165802.15,NSMF,protein_coding,8,0.00148,K562,KARR-seq
chr1,113167276,113187862,K562_TE_1232,chr3,40489671,40503845,K562_MPT_8996,ENSG00000223797.1,ENTPD3-AS1,lncRNA,8,0.00148,K562,KARR-seq
chr6,148017072,148034957,K562_TE_19152,chr17,40301618,40312035,K562_MPT_5525,ENSG00000267261.1,CTD-2132N18.3,protein_coding,8,0.00148,K562,KARR-seq
chr1,19732221,19805013,K562_TE_260,chrX,153620495,153645449,K562_MPT_13711,ENSG00000013563.9,DNASE1L1,protein_coding,8,0.00148,K562,KARR-seq
chr1,226270364,226320028,K562_TE_2204,chr12,50789592,50799976,K562_MPT_2961,ENSG00000161813.16,LARP4,protein_coding,8,0.00148,K562,KARR-seq
chr15,64084850,64162339,K562_TE_7404,chr5,140039261,140049261,K562_MPT_10558,ENSG00000120314.14,WDR55,protein_coding,8,0.00148,K562,KARR-seq
chr1,39577549,39596253,K562_TE_588,chr7,123192509,123203309,K562_MPT_12024,ENSG00000128609.10,NDUFA5,protein_coding,8,0.00148,K562,KARR-seq
chr2,24005620,24038481,K562_TE_11142,chr2,203125439,203135439,K562_MPT_7835,ENSG00000055044.6,NOP58,protein_coding,8,0.00148,K562,KARR-seq
chr19,15938687,15956027,K562_SE_336,chr20,62882094,62896184,K562_MPT_8368,ENSG00000203880.7,PCMTD2,protein_coding,8,0.00148,K562,KARR-seq
chr9,71399923,71448449,K562_TE_22000,chr19,41851816,41875078,K562_MPT_6740,ENSG00000105329.5,TGFB1,protein_coding,8,0.00148,K562,KARR-seq
chr20,37055003,37089235,K562_SE_405,chr22,29191121,29202880,K562_MPT_8640,ENSG00000100219.12,XBP1,protein_coding,8,0.00148,K562,KARR-seq
chr16,3098511,3143239,K562_TE_7885,chr17,36868677,36896849,K562_MPT_5472,ENSG00000056661.9,PCGF2,protein_coding,8,0.00148,K562,KARR-seq
chr16,9141030,9205126,K562_SE_264,chr16,2474395,2484395,K562_MPT_4635,ENSG00000162063.8,CCNF,protein_coding,8,0.00148,K562,KARR-seq
chr20,35450195,35483264,K562_TE_13168,chr7,140391471,140406645,K562_MPT_12114,ENSG00000240889.1,NDUFB2-AS1,lncRNA,8,0.00148,K562,KARR-seq
chr5,118692767,118775476,K562_TE_17462,chr12,123629562,123639562,K562_MPT_3360,ENSG00000090975.8,PITPNM2,protein_coding,8,0.00148,K562,KARR-seq
chr1,100851151,100866508,K562_TE_1141,chr9,115813968,115824039,K562_MPT_13041,ENSG00000136866.9,ZFP37,protein_coding,8,0.00148,K562,KARR-seq
chr15,41066794,41086162,K562_TE_7165,chr12,124111994,124123392,K562_MPT_3371,ENSG00000111361.8,EIF2B1,protein_coding,8,0.00148,K562,KARR-seq
chr16,81462833,81519190,K562_SE_278,chr2,242442747,242454145,K562_MPT_7981,ENSG00000115694.10,STK25,protein_coding,8,0.00148,K562,KARR-seq
chr12,25007836,25016461,K562_TE_4876,chr16,30361255,30399171,K562_MPT_4852,ENSG00000180035.6,ZNF48,protein_coding,8,0.00148,K562,KARR-seq
chr7,116612713,116618568,K562_TE_20363,chr5,64772704,64782747,K562_MPT_10281,ENSG00000049192.10,ADAMTS6,protein_coding,8,0.00148,K562,KARR-seq
chr3,105561384,105561760,K562_TE_14959,chr12,54684542,54699986,K562_MPT_3014,ENSG00000123405.9,NFE2,protein_coding,8,0.00148,K562,KARR-seq
chr9,71399923,71448449,K562_TE_22000,chr12,122607427,122617427,K562_MPT_3345,ENSG00000175727.9,MLXIP,protein_coding,8,0.00148,K562,KARR-seq
chr1,230208360,230327626,K562_SE_104,chr17,80669131,80679663,K562_MPT_5935,ENSG00000141560.10,FN3KRP,protein_coding,8,0.00148,K562,KARR-seq
chr10,63508139,63605892,K562_SE_137,chr6,149862174,149872174,K562_MPT_11412,ENSG00000131013.3,PPIL4,protein_coding,8,0.00148,K562,KARR-seq
chr15,89600545,89659128,K562_SE_255,chr7,156732415,156747417,K562_MPT_12196,ENSG00000146909.3,NOM1,protein_coding,8,0.00148,K562,KARR-seq
chr9,131622233,131637509,K562_TE_22511,chr1,155934520,155953890,K562_MPT_960,ENSG00000273002.1,RP11-336K24.12,lncRNA,8,0.00148,K562,KARR-seq
chr13,45810192,45810555,K562_TE_6033,chr10,94328833,94338833,K562_MPT_1781,ENSG00000119912.11,IDE,protein_coding,8,0.00148,K562,KARR-seq
chr11,68025093,68034087,K562_TE_4124,chr3,14439076,14449120,K562_MPT_8917,ENSG00000131389.12,SLC6A6,protein_coding,8,0.00148,K562,KARR-seq
chr20,5130781,5153008,K562_TE_12962,chr16,87892245,87908094,K562_MPT_5131,ENSG00000103257.4,SLC7A5,protein_coding,8,0.00148,K562,KARR-seq
chrX,44165452,44179997,K562_TE_22884,chr19,39133310,39143378,K562_MPT_6682,ENSG00000130402.7,ACTN4,protein_coding,8,0.00148,K562,KARR-seq
chr17,47068012,47082328,K562_TE_9247,chr5,177575580,177585968,K562_MPT_10713,ENSG00000145912.4,NHP2,protein_coding,8,0.00148,K562,KARR-seq
chr7,66628159,66656590,K562_TE_19924,chr5,76006868,76017040,K562_MPT_10338,ENSG00000225407.3,CTD-2384B11.2,lncRNA,8,0.00148,K562,KARR-seq
chr6,151215904,151223659,K562_TE_19185,chr8,109255897,109265994,K562_MPT_12571,ENSG00000104408.5,EIF3E,protein_coding,8,0.00148,K562,KARR-seq
chr6,5269861,5303678,K562_TE_18059,chr1,15845712,15858308,K562_MPT_146,ENSG00000116138.8,DNAJC16,protein_coding,8,0.00148,K562,KARR-seq
chr7,103519896,103563109,K562_TE_20234,chr2,74748318,74762173,K562_MPT_7411,ENSG00000115317.7,HTRA2,protein_coding,8,0.00148,K562,KARR-seq
chr2,170689398,170752130,K562_TE_12278,chr3,185650801,185660924,K562_MPT_9537,ENSG00000136527.13,TRA2B,protein_coding,8,0.00148,K562,KARR-seq
chr7,137613403,137699756,K562_SE_668,chr8,6560700,6571214,K562_MPT_12220,ENSG00000155189.7,AGPAT5,protein_coding,8,0.00148,K562,KARR-seq
chr12,51709078,51739942,K562_TE_5089,chr5,149787295,149797492,K562_MPT_10597,ENSG00000019582.10,CD74,protein_coding,8,0.00148,K562,KARR-seq
chr17,80218168,80281360,K562_SE_321,chr5,36871861,36890308,K562_MPT_10217,ENSG00000164190.12,NIPBL,protein_coding,8,0.00148,K562,KARR-seq
chr13,111593638,111638847,K562_SE_223,chr5,180613852,180638120,K562_MPT_10747,ENSG00000248514.1,CTC-338M12.1,lncRNA,8,0.00148,K562,KARR-seq
chr6,44888386,44893481,K562_TE_18530,chr8,41650140,41665867,K562_MPT_12367,ENSG00000200344.1,Y_RNA,misc_RNA,8,0.00148,K562,KARR-seq
chr14,73919276,73959892,K562_TE_6700,chr12,122843564,122854327,K562_MPT_3350,ENSG00000130779.15,CLIP1,protein_coding,8,0.00148,K562,KARR-seq
chr17,25772495,25943699,K562_SE_296,chr7,96740902,96752035,K562_MPT_11885,ENSG00000196636.7,ACN9,protein_coding,8,0.00148,K562,KARR-seq
chr11,96027561,96070888,K562_SE_190,chr5,177654572,177664786,K562_MPT_10716,ENSG00000175309.10,PHYKPL,protein_coding,8,0.00148,K562,KARR-seq
chr1,111704362,111716002,K562_TE_1217,chr11,65217728,65227728,K562_MPT_2329,ENSG00000173727.7,AP000769.1,protein_coding,8,0.00148,K562,KARR-seq
chr7,123349629,123383230,K562_TE_20396,chr19,18524674,18535913,K562_MPT_6525,ENSG00000130511.11,SSBP4,protein_coding,8,0.00148,K562,KARR-seq
chr7,133877558,133898475,K562_TE_20507,chr6,34634733,34644733,K562_MPT_11023,ENSG00000196821.5,C6orf106,protein_coding,8,0.00148,K562,KARR-seq
chr12,96744828,96786873,K562_TE_5453,chr3,33476502,33487079,K562_MPT_8965,ENSG00000153560.7,UBP1,protein_coding,8,0.00148,K562,KARR-seq
chr19,15938687,15956027,K562_SE_336,chr19,47725199,47741023,K562_MPT_6848,ENSG00000105327.11,BBC3,protein_coding,8,0.00148,K562,KARR-seq
chr2,70954247,70983965,K562_TE_11627,chr10,101414263,101424263,K562_MPT_1827,ENSG00000198018.6,ENTPD7,protein_coding,8,0.00148,K562,KARR-seq
chr7,42928316,42933113,K562_TE_19763,chr12,57108384,57125981,K562_MPT_3052,ENSG00000196531.6,NACA,protein_coding,8,0.00148,K562,KARR-seq
chr1,246226309,246255137,K562_TE_2396,chr19,19634670,19654074,K562_MPT_6547,ENSG00000160161.5,CILP2,protein_coding,8,0.00148,K562,KARR-seq
chr2,10451246,10550475,K562_SE_354,chr2,233557015,233567062,K562_MPT_7942,ENSG00000204120.10,GIGYF2,protein_coding,8,0.00148,K562,KARR-seq
chr8,48420518,48472268,K562_TE_21089,chr10,121405882,121421122,K562_MPT_1914,ENSG00000151929.5,BAG3,protein_coding,8,0.00148,K562,KARR-seq
chr21,35454587,35460327,K562_TE_13577,chr3,15101767,15111842,K562_MPT_8921,ENSG00000131368.3,MRPS25,protein_coding,8,0.00148,K562,KARR-seq
chr22,17066736,17097786,K562_SE_431,chr14,24893492,24917064,K562_MPT_3737,ENSG00000100441.5,KHNYN,protein_coding,8,0.00148,K562,KARR-seq
chr19,48993189,49006240,K562_TE_10807,chr19,51217707,51231780,K562_MPT_6919,ENSG00000105472.8,CLEC11A,protein_coding,8,0.00148,K562,KARR-seq
chr17,57759908,57773182,K562_TE_9388,chr20,45971816,45990567,K562_MPT_8250,ENSG00000273451.1,RP4-569M23.4,lncRNA,8,0.00148,K562,KARR-seq
chr4,78789807,78803020,K562_TE_16189,chr11,766427,786645,K562_MPT_1976,ENSG00000255284.1,AP006621.5,protein_coding,8,0.00148,K562,KARR-seq
chr14,55140833,55211802,K562_SE_228,chr3,196060259,196073586,K562_MPT_9591,ENSG00000212146.1,RNU6-910P,snRNA,8,0.00148,K562,KARR-seq
chr2,159457968,159458999,K562_TE_12217,chr16,68044814,68062770,K562_MPT_5014,ENSG00000202336.1,RNU6-359P,snRNA,8,0.00148,K562,KARR-seq
chr7,73189316,73248215,K562_TE_19965,chr11,88065901,88075955,K562_MPT_2521,ENSG00000109861.11,CTSC,protein_coding,8,0.00148,K562,KARR-seq
chr4,2569385,2620033,K562_TE_15760,chr3,97685721,97696301,K562_MPT_9198,ENSG00000170854.13,MINA,protein_coding,8,0.00148,K562,KARR-seq
chr12,92004263,92037976,K562_TE_5380,chr16,67992968,68008504,K562_MPT_5012,ENSG00000124067.12,SLC12A4,protein_coding,8,0.00148,K562,KARR-seq
chr21,16108528,16144942,K562_SE_423,chr8,124049208,124061957,K562_MPT_12590,ENSG00000199678.1,RNY4P5,misc_RNA,8,0.00148,K562,KARR-seq
chr5,657228,658667,K562_TE_16801,chr3,132373310,132384567,K562_MPT_9344,ENSG00000081307.8,UBA5,protein_coding,8,0.00148,K562,KARR-seq
chr1,113228698,113240045,K562_TE_1234,chr8,6560700,6571214,K562_MPT_12220,ENSG00000155189.7,AGPAT5,protein_coding,8,0.00148,K562,KARR-seq
chrX,39926369,40029585,K562_SE_742,chr8,144344607,144356636,K562_MPT_12666,ENSG00000250571.2,GLI4,protein_coding,8,0.00148,K562,KARR-seq
chr9,80494644,80638505,K562_SE_716,chr19,3552401,3563013,K562_MPT_6247,ENSG00000161091.8,MFSD12,protein_coding,8,0.00148,K562,KARR-seq
chr19,8045976,8060558,K562_TE_10327,chr6,43732950,43747090,K562_MPT_11113,ENSG00000272114.1,RP1-261G23.7,lncRNA,8,0.00148,K562,KARR-seq
chr17,62594885,62650305,K562_TE_9449,chr5,133555084,133567101,K562_MPT_10505,ENSG00000113575.5,PPP2CA,protein_coding,8,0.00148,K562,KARR-seq
chr8,66698901,66719149,K562_TE_21188,chr1,28410075,28420207,K562_MPT_296,ENSG00000158161.11,EYA3,protein_coding,8,0.00148,K562,KARR-seq
chr10,52286005,52379131,K562_SE_136,chr1,110876128,110886945,K562_MPT_732,ENSG00000227963.1,RP5-1074L1.1,lncRNA,8,0.00148,K562,KARR-seq
chr5,158602579,158626933,K562_TE_17816,chr3,48714017,48728797,K562_MPT_9059,ENSG00000213672.3,NCKIPSD,protein_coding,8,0.00148,K562,KARR-seq
chr2,112074467,112080635,K562_TE_11921,chr13,37568473,37579678,K562_MPT_3496,ENSG00000120697.4,ALG5,protein_coding,8,0.00148,K562,KARR-seq
chr15,40592914,40635300,K562_TE_7155,chr11,66440219,66450392,K562_MPT_2365,ENSG00000173914.7,RBM4B,protein_coding,8,0.00148,K562,KARR-seq
chr2,122333861,122356120,K562_TE_12005,chr14,53611804,53625072,K562_MPT_3819,ENSG00000266552.1,AL356020.1,miRNA,8,0.00148,K562,KARR-seq
chr19,13128110,13144882,K562_TE_10403,chr17,17718265,17731932,K562_MPT_5317,ENSG00000072310.12,SREBF1,protein_coding,8,0.00148,K562,KARR-seq
chr11,66634983,66718174,K562_SE_180,chr5,139772029,139786506,K562_MPT_10555,ENSG00000131503.16,ANKHD1,protein_coding,8,0.00148,K562,KARR-seq
chr10,94769176,94770261,K562_TE_3174,chr1,169450169,169460380,K562_MPT_1077,ENSG00000117479.8,SLC19A2,protein_coding,8,0.00148,K562,KARR-seq
chr3,61728408,61728756,K562_TE_14804,chr6,35431185,35441185,K562_MPT_11033,ENSG00000198755.6,RPL10A,protein_coding,8,0.00148,K562,KARR-seq
chr4,151454895,151496235,K562_TE_16584,chr1,249145142,249158363,K562_MPT_1434,ENSG00000227237.1,AL672294.1,lncRNA,8,0.00148,K562,KARR-seq
chr17,62594885,62650305,K562_TE_9449,chr6,7134478,7144478,K562_MPT_10796,ENSG00000124782.15,RREB1,protein_coding,8,0.00148,K562,KARR-seq
chr19,51852720,51858440,K562_TE_10866,chr16,2241526,2278717,K562_MPT_4631,ENSG00000167965.13,MLST8,protein_coding,8,0.00148,K562,KARR-seq
chr21,45426307,45450113,K562_SE_430,chr7,129069274,129079287,K562_MPT_12053,ENSG00000128578.5,STRIP2,protein_coding,8,0.00148,K562,KARR-seq
chr1,167604829,167657298,K562_TE_1669,chr1,213219589,213229604,K562_MPT_1269,ENSG00000136643.7,RPS6KC1,protein_coding,8,0.00148,K562,KARR-seq
chr22,20045072,20060430,K562_SE_434,chr19,41183829,41201877,K562_MPT_6725,ENSG00000105245.5,NUMBL,protein_coding,8,0.00148,K562,KARR-seq
chr9,132199009,132259396,K562_SE_732,chr16,1816496,1839011,K562_MPT_4622,ENSG00000162032.11,SPSB3,protein_coding,8,0.00148,K562,KARR-seq
chr12,94078489,94108311,K562_TE_5419,chr20,32695138,32705138,K562_MPT_8139,ENSG00000125977.6,EIF2S2,protein_coding,8,0.00148,K562,KARR-seq
chr3,136335245,136446485,K562_TE_15197,chr4,83289303,83300656,K562_MPT_9876,ENSG00000272677.1,RP11-127B20.3,lncRNA,8,0.00148,K562,KARR-seq
chr1,29462900,29499182,K562_TE_446,chr11,65398781,65421663,K562_MPT_2335,ENSG00000266041.1,MIR4690,miRNA,8,0.00148,K562,KARR-seq
chr10,89305410,89309521,K562_TE_3124,chr9,37795499,37805790,K562_MPT_12823,ENSG00000122741.11,DCAF10,protein_coding,8,0.00148,K562,KARR-seq
chr9,94618470,94683542,K562_SE_719,chr1,115295585,115306297,K562_MPT_764,ENSG00000009307.11,CSDE1,protein_coding,8,0.00148,K562,KARR-seq
chrX,11257371,11276677,K562_TE_22710,chr2,197030724,197046227,K562_MPT_7796,ENSG00000081320.6,STK17B,protein_coding,8,0.00148,K562,KARR-seq
chr10,126733678,126746558,K562_TE_3455,chr6,33749778,33761913,K562_MPT_11010,ENSG00000161904.7,LEMD2,protein_coding,8,0.00148,K562,KARR-seq
chr20,39651973,39716249,K562_SE_406,chr19,41851816,41875078,K562_MPT_6740,ENSG00000105329.5,TGFB1,protein_coding,8,0.00148,K562,KARR-seq
chr20,47900668,47920027,K562_TE_13310,chr9,134264480,134274480,K562_MPT_13184,ENSG00000130723.13,PRRC2B,protein_coding,8,0.00148,K562,KARR-seq
chr3,101343943,101363344,K562_SE_476,chrX,152948017,152963917,K562_MPT_13702,ENSG00000130822.11,PNCK,protein_coding,8,0.00148,K562,KARR-seq
chr7,123349629,123383230,K562_TE_20396,chr5,139922251,139949476,K562_MPT_10556,ENSG00000113108.13,APBB3,protein_coding,8,0.00148,K562,KARR-seq
chr4,87933401,87964832,K562_TE_16271,chr7,123384121,123394122,K562_MPT_12026,ENSG00000106299.7,WASL,protein_coding,8,0.00148,K562,KARR-seq
chr22,47194730,47212915,K562_TE_14237,chr16,48639120,48649120,K562_MPT_4919,ENSG00000102921.3,N4BP1,protein_coding,8,0.00148,K562,KARR-seq
chr21,39448039,39468667,K562_TE_13641,chr7,99053152,99075535,K562_MPT_11901,ENSG00000106246.13,PTCD1,protein_coding,8,0.00148,K562,KARR-seq
chr5,173326547,173353004,K562_TE_17892,chr2,85193216,85204324,K562_MPT_7425,ENSG00000176407.13,KCMF1,protein_coding,8,0.00148,K562,KARR-seq
chr7,76177805,76239287,K562_TE_20032,chr16,75595249,75605496,K562_MPT_5079,ENSG00000034713.3,GABARAPL2,protein_coding,8,0.00148,K562,KARR-seq
chrX,11290563,11437956,K562_SE_739,chr16,11830766,11841734,K562_MPT_4712,ENSG00000262420.2,RP11-490O6.2,lncRNA,8,0.00148,K562,KARR-seq
chr11,86700358,86717017,K562_TE_4329,chr6,30609816,30624161,K562_MPT_10955,ENSG00000204564.7,C6orf136,protein_coding,8,0.00148,K562,KARR-seq
chr10,75916327,75926030,K562_TE_3021,chr19,46166502,46183186,K562_MPT_6819,ENSG00000207773.1,MIR642A,miRNA,8,0.00148,K562,KARR-seq
chr3,33896874,33902102,K562_TE_14513,chr4,128797016,128807387,K562_MPT_9999,ENSG00000142731.6,PLK4,protein_coding,8,0.00148,K562,KARR-seq
chr1,150345242,150359945,K562_TE_1433,chr19,48818332,48833865,K562_MPT_6867,ENSG00000142227.6,EMP3,protein_coding,8,0.00148,K562,KARR-seq
chr17,76155780,76158769,K562_TE_9637,chr3,14984012,14994931,K562_MPT_8920,ENSG00000225733.1,FGD5-AS1,lncRNA,8,0.00148,K562,KARR-seq
chr15,67953616,67973295,K562_TE_7471,chr3,37279668,37290686,K562_MPT_8974,ENSG00000270194.1,RP11-259K5.2,lncRNA,8,0.00148,K562,KARR-seq
chr2,15671378,15696593,K562_TE_11091,chr15,75193954,75204462,K562_MPT_4410,ENSG00000178761.10,FAM219B,protein_coding,8,0.00148,K562,KARR-seq
chr10,49591190,49646181,K562_TE_2841,chr16,24544014,24556904,K562_MPT_4790,ENSG00000122257.14,RBBP6,protein_coding,8,0.00148,K562,KARR-seq
chr7,107135233,107136200,K562_TE_20288,chr2,122488381,122499679,K562_MPT_7601,ENSG00000155438.7,MKI67IP,protein_coding,8,0.00148,K562,KARR-seq
chr11,217975,223375,K562_TE_3503,chr16,701194,782739,K562_MPT_4607,ENSG00000103269.9,RHBDL1,protein_coding,8,0.00148,K562,KARR-seq
chr12,122028434,122102630,K562_TE_5713,chr2,127408509,127418760,K562_MPT_7604,ENSG00000136732.10,GYPC,protein_coding,8,0.00148,K562,KARR-seq
chr22,39108113,39113221,K562_TE_14099,chr1,167594330,167604911,K562_MPT_1060,ENSG00000198771.6,RCSD1,protein_coding,8,0.00148,K562,KARR-seq
chr2,15441457,15454537,K562_TE_11086,chr1,186141434,186151434,K562_MPT_1155,ENSG00000224691.1,GS1-174L6.4,lncRNA,8,0.00148,K562,KARR-seq
chr19,55509612,55538287,K562_TE_10910,chr2,97558870,97568870,K562_MPT_7485,ENSG00000168754.9,FAM178B,protein_coding,8,0.00148,K562,KARR-seq
chr7,110889729,110895933,K562_TE_20319,chr19,50306896,50326599,K562_MPT_6905,ENSG00000010361.9,FUZ,protein_coding,8,0.00148,K562,KARR-seq
chr10,126733678,126746558,K562_TE_3455,chr20,3991036,4009564,K562_MPT_8035,ENSG00000101236.12,RNF24,protein_coding,8,0.00148,K562,KARR-seq
chr3,186701451,186735054,K562_TE_15616,chr6,30609816,30624161,K562_MPT_10955,ENSG00000204564.7,C6orf136,protein_coding,8,0.00148,K562,KARR-seq
chr6,125490079,125496092,K562_TE_18980,chr7,149406872,149423041,K562_MPT_12156,ENSG00000133619.13,KRBA1,protein_coding,8,0.00148,K562,KARR-seq
chr2,201254609,201274054,K562_TE_12534,chr2,55269022,55282964,K562_MPT_7279,ENSG00000115310.13,RTN4,protein_coding,8,0.00148,K562,KARR-seq
chr7,95862115,95883765,K562_SE_654,chr14,23466978,23491590,K562_MPT_3707,ENSG00000252531.1,SNORA73,snoRNA,8,0.00148,K562,KARR-seq
chr7,95916818,95945902,K562_TE_20114,chr2,120975984,120985984,K562_MPT_7594,ENSG00000226479.3,TMEM185B,protein_coding,8,0.00148,K562,KARR-seq
chr20,29518179,29537518,K562_TE_13068,chr20,25837213,25853786,K562_MPT_8100,ENSG00000175170.10,FAM182B,protein_coding,8,0.00148,K562,KARR-seq
chr7,30328483,30370643,K562_TE_19671,chr19,13255653,13274602,K562_MPT_6428,ENSG00000213253.5,CTC-250I14.1,pseudogene,8,0.00148,K562,KARR-seq
chr11,6559321,6560653,K562_TE_3599,chr16,850443,860443,K562_MPT_4610,ENSG00000167945.1,PRR25,protein_coding,8,0.00148,K562,KARR-seq
chr12,123979135,123979915,K562_TE_5758,chr6,69339216,69350259,K562_MPT_11164,ENSG00000135298.9,BAI3,protein_coding,8,0.00148,K562,KARR-seq
chr1,144593385,144604459,K562_TE_1347,chr15,42859125,42878686,K562_MPT_4219,ENSG00000159433.7,STARD9,protein_coding,8,0.00148,K562,KARR-seq
chr8,37985617,37997456,K562_TE_21011,chr19,11660609,11675263,K562_MPT_6390,ENSG00000130165.6,ELOF1,protein_coding,8,0.00148,K562,KARR-seq
chr6,4837078,4880558,K562_TE_18048,chr17,33441565,33453598,K562_MPT_5440,ENSG00000073598.5,FNDC8,protein_coding,8,0.00148,K562,KARR-seq
chr19,18373695,18386596,K562_TE_10496,chr19,11872907,11882907,K562_MPT_6395,ENSG00000197044.6,ZNF441,protein_coding,8,0.00148,K562,KARR-seq
chr1,16965641,17015108,K562_SE_13,chr10,105721959,105739572,K562_MPT_1872,ENSG00000266754.1,RN7SL524P,misc_RNA,8,0.00148,K562,KARR-seq
chr6,5206011,5216543,K562_TE_18056,chr19,33177656,33187867,K562_MPT_6600,ENSG00000213965.3,NUDT19,protein_coding,8,0.00148,K562,KARR-seq
chr4,79684477,79738669,K562_TE_16199,chrX,154436916,154449643,K562_MPT_13725,ENSG00000224978.1,RP13-228J13.9,pseudogene,8,0.00148,K562,KARR-seq
chr5,134434411,134609091,K562_SE_545,chr3,13023536,13033536,K562_MPT_8909,ENSG00000144711.9,IQSEC1,protein_coding,8,0.00148,K562,KARR-seq
chr8,61636482,61681180,K562_TE_21168,chr2,242249515,242261476,K562_MPT_7978,ENSG00000168385.13,SEPT2,protein_coding,8,0.00148,K562,KARR-seq
chr8,56872962,56886802,K562_TE_21136,chr22,22891603,22906750,K562_MPT_8599,ENSG00000220891.1,LL22NC03-63E9.3,protein_coding,8,0.00148,K562,KARR-seq
chr6,125490079,125496092,K562_TE_18980,chr11,76086986,76097849,K562_MPT_2470,ENSG00000179240.4,RP11-111M22.2,protein_coding,8,0.00148,K562,KARR-seq
chr3,38040839,38062790,K562_SE_460,chr1,26600667,26611613,K562_MPT_256,ENSG00000142669.9,SH3BGRL3,protein_coding,8,0.00148,K562,KARR-seq
chr5,19097693,19100168,K562_TE_16886,chr7,45138839,45156646,K562_MPT_11714,ENSG00000136270.9,TBRG4,protein_coding,8,0.00148,K562,KARR-seq
chr8,105587159,105595428,K562_TE_21451,chr4,44723540,44733612,K562_MPT_9772,ENSG00000163281.7,GNPDA2,protein_coding,8,0.00148,K562,KARR-seq
chr9,136112608,136160631,K562_SE_735,chr10,120933345,120943345,K562_MPT_1909,ENSG00000165672.5,PRDX3,protein_coding,8,0.00148,K562,KARR-seq
chr8,27177323,27234062,K562_SE_682,chr4,6687246,6699796,K562_MPT_9682,ENSG00000246526.2,RP11-539L10.2,lncRNA,8,0.00148,K562,KARR-seq
chr2,168701147,168710637,K562_TE_12247,chr8,144669339,144705218,K562_MPT_12674,ENSG00000179886.4,TIGD5,protein_coding,8,0.00148,K562,KARR-seq
chr1,206822526,206911221,K562_SE_91,chr2,75933018,75943115,K562_MPT_7418,ENSG00000005436.9,GCFC2,protein_coding,8,0.00148,K562,KARR-seq
chr7,23384994,23417440,K562_TE_19587,chr11,77845304,77855861,K562_MPT_2489,ENSG00000246174.3,KCTD21-AS1,lncRNA,8,0.00148,K562,KARR-seq
chr7,16758533,16785083,K562_TE_19532,chr11,46129769,46147985,K562_MPT_2181,ENSG00000263539.1,AC024475.1,miRNA,8,0.00148,K562,KARR-seq
chr17,62278398,62281320,K562_TE_9442,chr5,137872400,137887992,K562_MPT_10533,ENSG00000120705.8,ETF1,protein_coding,8,0.00148,K562,KARR-seq
chr8,144821376,144827158,K562_TE_21704,chr1,24962722,24980417,K562_MPT_236,ENSG00000133226.12,SRRM1,protein_coding,8,0.00148,K562,KARR-seq
chr1,16965641,17015108,K562_SE_13,chr3,49717416,49731990,K562_MPT_9077,ENSG00000259970.1,AC099668.5,lncRNA,8,0.00148,K562,KARR-seq
chr12,25043466,25109549,K562_TE_4877,chr1,26319112,26337707,K562_MPT_250,ENSG00000158006.9,PAFAH2,protein_coding,8,0.00148,K562,KARR-seq
chr15,63583782,63592805,K562_TE_7393,chr1,38466177,38483451,K562_MPT_399,ENSG00000183386.5,FHL3,protein_coding,8,0.00148,K562,KARR-seq
chr10,7330307,7360335,K562_TE_2497,chr6,33583142,33594161,K562_MPT_11008,ENSG00000096433.6,ITPR3,protein_coding,8,0.00148,K562,KARR-seq
chr16,48407446,48413964,K562_TE_8297,chr9,114418615,114428615,K562_MPT_13032,ENSG00000242616.3,GNG10,protein_coding,8,0.00148,K562,KARR-seq
chr6,119018978,119019867,K562_TE_18937,chr16,4388762,4410608,K562_MPT_4673,ENSG00000217930.3,PAM16,protein_coding,8,0.00148,K562,KARR-seq
chr7,103519896,103563109,K562_TE_20234,chr22,39704916,39720776,K562_MPT_8751,ENSG00000209480.1,SNORD83B,snoRNA,8,0.00148,K562,KARR-seq
chr17,26793005,26803095,K562_TE_8941,chr1,29503410,29513499,K562_MPT_315,ENSG00000116350.11,SRSF4,protein_coding,8,0.00148,K562,KARR-seq
chrX,109356851,109363215,K562_TE_23113,chr14,93793692,93804565,K562_MPT_4005,ENSG00000011114.10,BTBD7,protein_coding,8,0.00148,K562,KARR-seq
chr17,55497606,55537159,K562_TE_9345,chr1,155154748,155219490,K562_MPT_948,ENSG00000185499.12,MUC1,protein_coding,8,0.00148,K562,KARR-seq
chr22,22170419,22216528,K562_SE_440,chr12,53684075,53699098,K562_MPT_2997,ENSG00000257605.1,RP11-680A11.5,lncRNA,8,0.00148,K562,KARR-seq
chr5,180693294,180710269,K562_TE_17987,chr3,51529010,51539010,K562_MPT_9096,ENSG00000145041.11,VPRBP,protein_coding,8,0.00148,K562,KARR-seq
chrX,109329982,109333488,K562_TE_23112,chr5,10303138,10313138,K562_MPT_10172,ENSG00000164237.4,CMBL,protein_coding,8,0.00148,K562,KARR-seq
chr17,77782423,77825051,K562_SE_320,chr1,23484197,23509301,K562_MPT_216,ENSG00000252578.1,RNU6-135P,snRNA,8,0.00148,K562,KARR-seq
chr2,183874247,183898303,K562_TE_12406,chr19,4375289,4385289,K562_MPT_6267,ENSG00000141985.5,SH3GL1,protein_coding,8,0.00148,K562,KARR-seq
chr1,65724685,65762997,K562_SE_47,chr5,61694725,61719711,K562_MPT_10279,ENSG00000086200.12,IPO11,protein_coding,8,0.00148,K562,KARR-seq
chr16,22364460,22381026,K562_TE_8124,chr22,19837339,19847462,K562_MPT_8548,ENSG00000215012.4,C22orf29,protein_coding,8,0.00148,K562,KARR-seq
chr15,57311882,57328486,K562_TE_7343,chr1,31186351,31201434,K562_MPT_318,ENSG00000186056.5,MATN1-AS1,lncRNA,8,0.00148,K562,KARR-seq
chr3,38214395,38224287,K562_TE_14543,chr5,16460901,16470901,K562_MPT_10184,ENSG00000173545.4,ZNF622,protein_coding,8,0.00148,K562,KARR-seq
chr9,134053898,134056973,K562_TE_22556,chr7,65950046,65963773,K562_MPT_11768,ENSG00000244510.1,GS1-124K5.7,pseudogene,8,0.00148,K562,KARR-seq
chr17,29471403,29475550,K562_TE_8985,chr3,135908396,135921083,K562_MPT_9356,ENSG00000174579.3,MSL2,protein_coding,8,0.00148,K562,KARR-seq
chr2,170623588,170633148,K562_TE_12277,chr21,46216689,46227492,K562_MPT_8496,ENSG00000184787.14,UBE2G2,protein_coding,8,0.00148,K562,KARR-seq
chr4,87862867,87899182,K562_TE_16269,chr14,74546150,74556659,K562_MPT_3930,ENSG00000205659.6,LIN52,protein_coding,8,0.00148,K562,KARR-seq
chr3,65509767,65522342,K562_TE_14816,chr12,7120814,7130814,K562_MPT_2756,ENSG00000111684.6,LPCAT3,protein_coding,8,0.00148,K562,KARR-seq
chr1,78071084,78080106,K562_TE_988,chr19,10759520,10771172,K562_MPT_6370,ENSG00000129351.13,ILF3,protein_coding,8,0.00148,K562,KARR-seq
chr13,99612681,99675593,K562_TE_6230,chr9,124127483,124142519,K562_MPT_13070,ENSG00000148175.8,STOM,protein_coding,8,0.00148,K562,KARR-seq
chr16,89470522,89481522,K562_TE_8653,chr3,196060259,196073586,K562_MPT_9591,ENSG00000212146.1,RNU6-910P,snRNA,8,0.00148,K562,KARR-seq
chr15,66880235,66981717,K562_SE_249,chr12,122452328,122464792,K562_MPT_3342,ENSG00000110987.4,BCL7A,protein_coding,8,0.00148,K562,KARR-seq
chr3,11328700,11333877,K562_TE_14346,chr3,171752418,171763345,K562_MPT_9473,ENSG00000075420.8,FNDC3B,protein_coding,8,0.00148,K562,KARR-seq
chr1,26157941,26175434,K562_TE_379,chr9,123625900,123644606,K562_MPT_13064,ENSG00000119403.9,PHF19,protein_coding,8,0.00148,K562,KARR-seq
chr13,97864398,97921839,K562_SE_220,chr7,116602526,116617965,K562_MPT_12007,ENSG00000213050.4,TPM3P1,pseudogene,8,0.00148,K562,KARR-seq
chr12,122207673,122220771,K562_TE_5716,chr3,99589948,99600046,K562_MPT_9203,ENSG00000168386.14,FILIP1L,protein_coding,8,0.00148,K562,KARR-seq
chr4,154407536,154456705,K562_TE_16621,chr11,61555033,61568412,K562_MPT_2255,ENSG00000134824.9,FADS2,protein_coding,8,0.00148,K562,KARR-seq
chr6,26166188,26176688,K562_TE_18260,chr6,2956561,2977090,K562_MPT_10767,ENSG00000124570.13,SERPINB6,protein_coding,8,0.00148,K562,KARR-seq
chr5,53821250,53827784,K562_TE_17019,chrX,63420624,63435570,K562_MPT_13469,ENSG00000184675.5,AMER1,protein_coding,8,0.00148,K562,KARR-seq
chr7,152056471,152081507,K562_TE_20689,chr16,87892245,87908094,K562_MPT_5131,ENSG00000103257.4,SLC7A5,protein_coding,8,0.00148,K562,KARR-seq
chr1,12203889,12281299,K562_TE_179,chr17,4602335,4623884,K562_MPT_5213,ENSG00000141480.13,ARRB2,protein_coding,8,0.00148,K562,KARR-seq
chr6,147171445,147272129,K562_SE_624,chr1,207489853,207500136,K562_MPT_1233,ENSG00000196352.9,CD55,protein_coding,8,0.00148,K562,KARR-seq
chr22,41006346,41026064,K562_TE_14143,chr9,75761673,75777570,K562_MPT_12888,ENSG00000135046.9,ANXA1,protein_coding,8,0.00148,K562,KARR-seq
chr12,45653915,45693796,K562_TE_4987,chr9,114926566,114942688,K562_MPT_13034,ENSG00000200344.1,Y_RNA,misc_RNA,8,0.00148,K562,KARR-seq
chr17,74175055,74194783,K562_TE_9591,chr11,57524234,57536325,K562_MPT_2227,ENSG00000198561.8,CTNND1,protein_coding,8,0.00148,K562,KARR-seq
chr20,34622264,34653018,K562_SE_403,chr5,25185765,25195791,K562_MPT_10191,ENSG00000245662.2,RP11-184E9.1,lncRNA,8,0.00148,K562,KARR-seq
chr16,12623444,12633491,K562_TE_7985,chr15,85518671,85530212,K562_MPT_4512,ENSG00000073417.10,PDE8A,protein_coding,8,0.00148,K562,KARR-seq
chr16,24013149,24021828,K562_TE_8142,chr10,121342722,121361541,K562_MPT_1912,ENSG00000151923.13,TIAL1,protein_coding,8,0.00148,K562,KARR-seq
chr2,158753157,158801486,K562_TE_12207,chr6,111799414,111810855,K562_MPT_11284,ENSG00000231889.3,TRAF3IP2-AS1,lncRNA,8,0.00148,K562,KARR-seq
chrX,153311772,153349307,K562_TE_23386,chr1,167518004,167528004,K562_MPT_1059,ENSG00000143162.7,CREG1,protein_coding,8,0.00148,K562,KARR-seq
chr21,22524398,22583160,K562_SE_424,chr9,114926566,114942688,K562_MPT_13034,ENSG00000200344.1,Y_RNA,misc_RNA,8,0.00148,K562,KARR-seq
chr2,169664581,169681985,K562_TE_12259,chr21,44485137,44502053,K562_MPT_8476,ENSG00000160200.13,CBS,protein_coding,8,0.00148,K562,KARR-seq
chr21,34878137,34884188,K562_TE_13565,chr8,145647366,145658931,K562_MPT_12696,ENSG00000160948.9,VPS28,protein_coding,8,0.00148,K562,KARR-seq
chr7,123349629,123383230,K562_TE_20396,chr20,62596218,62617488,K562_MPT_8362,ENSG00000130590.9,SAMD10,protein_coding,8,0.00148,K562,KARR-seq
chr8,54636732,54655351,K562_TE_21116,chr6,26011607,26038796,K562_MPT_10871,ENSG00000137259.2,HIST1H2AB,protein_coding,8,0.00148,K562,KARR-seq
chr14,59648029,59667701,K562_TE_6566,chr2,47625108,47635269,K562_MPT_7263,ENSG00000095002.8,MSH2,protein_coding,8,0.00148,K562,KARR-seq
chr7,76109287,76118427,K562_TE_20030,chr16,81035103,81045862,K562_MPT_5089,ENSG00000166451.9,CENPN,protein_coding,8,0.00148,K562,KARR-seq
chr3,152031038,152050542,K562_TE_15326,chr20,45971816,45990567,K562_MPT_8250,ENSG00000273451.1,RP4-569M23.4,lncRNA,2,0.00148,K562,KARR-seq
chr16,81462833,81519190,K562_SE_278,chr7,5627439,5639317,K562_MPT_11537,ENSG00000075618.13,FSCN1,protein_coding,2,0.00148,K562,KARR-seq
chr11,65167965,65217131,K562_SE_178,chr8,91008633,91018745,K562_MPT_12492,ENSG00000104325.2,DECR1,protein_coding,10,0.00149,K562,KARR-seq
chr1,44215053,44249975,K562_TE_670,chrX,48630385,48649981,K562_MPT_13400,ENSG00000207367.1,RNU6-29P,snRNA,8,0.00149,K562,KARR-seq
chr6,68585750,68609380,K562_SE_605,chrX,48630385,48649981,K562_MPT_13400,ENSG00000207367.1,RNU6-29P,snRNA,16,0.00151,K562,KARR-seq
chr11,65235059,65278329,K562_SE_179,chr6,149634063,149647188,K562_MPT_11411,ENSG00000055208.13,TAB2,protein_coding,13,0.00154,K562,KARR-seq
chr6,68585750,68609380,K562_SE_605,chr1,93801029,93816582,K562_MPT_664,ENSG00000117505.8,DR1,protein_coding,11,0.00154,K562,KARR-seq
chr11,65235059,65278329,K562_SE_179,chr6,166743056,166761079,K562_MPT_11471,ENSG00000233231.1,HNRNPA1P49,pseudogene,22,0.00156,K562,KARR-seq
chr16,85548387,85639758,K562_SE_284,chr4,79684653,79702532,K562_MPT_9865,ENSG00000260278.1,RP11-109G23.3,lncRNA,10,0.00156,K562,KARR-seq
chr17,44155283,44237935,K562_SE_309,chr7,135189824,135199875,K562_MPT_12087,ENSG00000080802.14,CNOT4,protein_coding,8,0.00156,K562,KARR-seq
chr1,109626153,109650176,K562_TE_1184,chrX,41187651,41198844,K562_MPT_13357,ENSG00000215301.5,DDX3X,protein_coding,8,0.00156,K562,KARR-seq
chr8,130452382,130513523,K562_TE_21615,chr7,138140079,138150180,K562_MPT_12098,ENSG00000122779.12,TRIM24,protein_coding,8,0.00156,K562,KARR-seq
chr17,6814340,6882186,K562_TE_8753,chr17,72859754,72883834,K562_MPT_5804,ENSG00000172782.7,FADS6,protein_coding,8,0.00156,K562,KARR-seq
chr8,128806089,129118955,K562_SE_701,chr12,57616757,57639475,K562_MPT_3063,ENSG00000200344.1,Y_RNA,misc_RNA,8,0.00157,K562,KARR-seq
chr11,65235059,65278329,K562_SE_179,chr5,158629642,158642061,K562_MPT_10636,ENSG00000253256.1,CTB-11I22.1,lncRNA,16,0.00158,K562,KARR-seq
chr10,126801223,126839727,K562_TE_3457,chr1,33277368,33288754,K562_MPT_350,ENSG00000134684.6,YARS,protein_coding,8,0.00158,K562,KARR-seq
chr6,34237593,34354985,K562_SE_593,chr3,101287939,101300791,K562_MPT_9212,ENSG00000081154.7,PCNP,protein_coding,8,0.00158,K562,KARR-seq
chr6,68585750,68609380,K562_SE_605,chr19,1587652,1597882,K562_MPT_6196,ENSG00000071655.13,MBD3,protein_coding,13,0.00159,K562,KARR-seq
chr3,69794311,69861205,K562_TE_14832,chr19,39133310,39143378,K562_MPT_6682,ENSG00000130402.7,ACTN4,protein_coding,8,0.0016,K562,KARR-seq
chr4,79505800,79594388,K562_SE_515,chr1,76246879,76267567,K562_MPT_602,ENSG00000207241.1,SNORD45A,snoRNA,8,0.0016,K562,KARR-seq
chr1,29297986,29324965,K562_TE_441,chr12,46754090,46771650,K562_MPT_2904,ENSG00000134294.9,SLC38A2,protein_coding,8,0.0016,K562,KARR-seq
chr20,30248381,30302816,K562_SE_401,chr13,79974923,79985499,K562_MPT_3597,ENSG00000227354.2,RBM26-AS1,lncRNA,8,0.0016,K562,KARR-seq
chr9,140563716,140583685,K562_TE_22645,chr7,120711632,120728867,K562_MPT_12018,ENSG00000106034.13,CPED1,protein_coding,8,0.0016,K562,KARR-seq
chr8,130546590,130605033,K562_SE_702,chr13,28019326,28029739,K562_MPT_3468,ENSG00000122033.10,MTIF3,protein_coding,8,0.0016,K562,KARR-seq
chr20,31193112,31290878,K562_SE_402,chrX,48630385,48649981,K562_MPT_13400,ENSG00000207367.1,RNU6-29P,snRNA,8,0.0016,K562,KARR-seq
chr20,54991986,55023801,K562_SE_417,chr18,12986172,12996361,K562_MPT_6008,ENSG00000101639.14,CEP192,protein_coding,8,0.0016,K562,KARR-seq
chr5,10689205,10739844,K562_SE_528,chr19,19160118,19179808,K562_MPT_6538,ENSG00000105676.9,ARMC6,protein_coding,8,0.0016,K562,KARR-seq
chr4,40665,63940,K562_TE_15724,chr10,94442945,94456612,K562_MPT_1783,ENSG00000152804.6,HHEX,protein_coding,8,0.0016,K562,KARR-seq
chr19,50803261,50820078,K562_TE_10848,chr6,27095327,27120405,K562_MPT_10900,ENSG00000198339.3,HIST1H4I,protein_coding,8,0.0016,K562,KARR-seq
chr17,16331212,16347829,K562_SE_293,chr1,185271794,185291911,K562_MPT_1153,ENSG00000273004.1,GS1-279B7.2,lncRNA,8,0.00162,K562,KARR-seq
chr16,85210066,85383708,K562_SE_282,chr12,112425800,112461608,K562_MPT_3271,ENSG00000089248.6,ERP29,protein_coding,8,0.00162,K562,KARR-seq
chr22,19383512,19412967,K562_SE_433,chr1,27015622,27027895,K562_MPT_266,ENSG00000260063.1,RP5-968P14.2,lncRNA,8,0.00162,K562,KARR-seq
chrX,11290563,11437956,K562_SE_739,chr11,64871816,64894945,K562_MPT_2318,ENSG00000149809.10,TM7SF2,protein_coding,8,0.00162,K562,KARR-seq
chr14,31441435,31465693,K562_TE_6424,chr12,57903933,57948827,K562_MPT_3069,ENSG00000175203.11,DCTN2,protein_coding,8,0.00162,K562,KARR-seq
chr15,66880235,66981717,K562_SE_249,chr19,38860176,38870697,K562_MPT_6676,ENSG00000099341.7,PSMD8,protein_coding,8,0.00162,K562,KARR-seq
chr16,81462833,81519190,K562_SE_278,chr5,88168794,88185385,K562_MPT_10378,ENSG00000081189.9,MEF2C,protein_coding,8,0.00162,K562,KARR-seq
chr18,9733561,9966563,K562_SE_328,chr11,57524234,57536325,K562_MPT_2227,ENSG00000198561.8,CTNND1,protein_coding,8,0.00162,K562,KARR-seq
chr1,109626153,109650176,K562_TE_1184,chr7,30629297,30639425,K562_MPT_11642,ENSG00000196295.7,AC005154.6,lncRNA,8,0.00162,K562,KARR-seq
chr8,130546590,130605033,K562_SE_702,chr2,172944468,172955264,K562_MPT_7719,ENSG00000144355.10,DLX1,protein_coding,8,0.00162,K562,KARR-seq
chr20,31060812,31117884,K562_TE_13094,chr22,20051685,20078581,K562_MPT_8554,ENSG00000221366.1,MIR1306,miRNA,8,0.00162,K562,KARR-seq
chr1,65724685,65762997,K562_SE_47,chr16,701194,782739,K562_MPT_4607,ENSG00000103269.9,RHBDL1,protein_coding,8,0.00162,K562,KARR-seq
chr8,130452382,130513523,K562_TE_21615,chr15,35251654,35267040,K562_MPT_4158,ENSG00000021776.6,AQR,protein_coding,8,0.00163,K562,KARR-seq
chr11,65235059,65278329,K562_SE_179,chr20,31984323,31994367,K562_MPT_8130,ENSG00000101391.16,CDK5RAP1,protein_coding,12,0.00164,K562,KARR-seq
chr11,65167965,65217131,K562_SE_178,chr9,139253171,139273133,K562_MPT_13222,ENSG00000187796.9,CARD9,protein_coding,9,0.00164,K562,KARR-seq
chr11,65167965,65217131,K562_SE_178,chr14,37636093,37647071,K562_MPT_3779,ENSG00000258708.1,SLC25A21-AS1,protein_coding,9,0.00164,K562,KARR-seq
chr20,45903009,45909933,K562_TE_13287,chr1,150516884,150544336,K562_MPT_882,ENSG00000143382.9,ADAMTSL4,protein_coding,8,0.00164,K562,KARR-seq
chr1,230208360,230327626,K562_SE_104,chr8,145723356,145759516,K562_MPT_12699,ENSG00000160959.3,LRRC14,protein_coding,8,0.00164,K562,KARR-seq
chr1,109626153,109650176,K562_TE_1184,chr20,61552821,61562855,K562_MPT_8343,ENSG00000101191.12,DIDO1,protein_coding,8,0.00164,K562,KARR-seq
chr6,15253980,15391637,K562_SE_569,chr7,139039312,139049654,K562_MPT_12104,ENSG00000273391.1,RP11-634H22.1,lncRNA,8,0.00164,K562,KARR-seq
chr10,75715341,75838968,K562_SE_145,chr3,151980829,151992344,K562_MPT_9417,ENSG00000152601.13,MBNL1,protein_coding,8,0.00164,K562,KARR-seq
chr6,15253980,15391637,K562_SE_569,chr5,176931827,176949470,K562_MPT_10705,ENSG00000146094.9,DOK3,protein_coding,8,0.00164,K562,KARR-seq
chr6,35329444,35376964,K562_TE_18403,chr10,5926535,5941349,K562_MPT_1460,ENSG00000134452.15,FBXO18,protein_coding,8,0.00164,K562,KARR-seq
chr20,29518179,29537518,K562_TE_13068,chr9,44985314,45009879,K562_MPT_12846,ENSG00000235659.1,RP11-374M1.5,lncRNA,8,0.00164,K562,KARR-seq
chr11,77962511,78043618,K562_SE_186,chr20,44986813,44998043,K562_MPT_8242,ENSG00000080189.10,SLC35C2,protein_coding,8,0.00165,K562,KARR-seq
chr1,61569740,61673375,K562_SE_45,chr11,74806636,74816636,K562_MPT_2457,ENSG00000137491.10,SLCO2B1,protein_coding,8,0.00166,K562,KARR-seq
chr15,88125985,88248068,K562_SE_253,chr2,113398267,113410279,K562_MPT_7563,ENSG00000237753.1,AC079922.3,lncRNA,8,0.00167,K562,KARR-seq
chr2,198714946,198759771,K562_TE_12512,chr1,247487547,247500045,K562_MPT_1425,ENSG00000162714.8,ZNF496,protein_coding,8,0.00169,K562,KARR-seq
chr2,12415631,12466782,K562_SE_355,chr1,12672737,12684250,K562_MPT_139,ENSG00000272482.1,RP11-474O21.5,lncRNA,8,0.00169,K562,KARR-seq
chr2,145188334,145270092,K562_SE_382,chr12,69134886,69144886,K562_MPT_3106,ENSG00000175782.8,SLC35E3,protein_coding,8,0.0017,K562,KARR-seq
chr8,130546590,130605033,K562_SE_702,chr7,91565181,91575240,K562_MPT_11862,ENSG00000127914.12,AKAP9,protein_coding,8,0.00171,K562,KARR-seq
chr6,68585750,68609380,K562_SE_605,chr11,74452159,74469629,K562_MPT_2454,ENSG00000166439.5,RNF169,protein_coding,11,0.00172,K562,KARR-seq
chr8,130546590,130605033,K562_SE_702,chr6,13481415,13492894,K562_MPT_10826,ENSG00000145990.6,GFOD1,protein_coding,8,0.00173,K562,KARR-seq
chr8,130546590,130605033,K562_SE_702,chr1,53681289,53691335,K562_MPT_528,ENSG00000259818.1,RP5-1024G6.7,lncRNA,8,0.00173,K562,KARR-seq
chr5,53545021,53626040,K562_SE_532,chr9,2010342,2034019,K562_MPT_12718,ENSG00000080503.15,SMARCA2,protein_coding,8,0.00174,K562,KARR-seq
chr10,11540333,11648356,K562_SE_120,chr9,101547885,101564247,K562_MPT_12989,ENSG00000165138.12,ANKS6,protein_coding,8,0.00174,K562,KARR-seq
chr15,66880235,66981717,K562_SE_249,chr22,50673789,50719103,K562_MPT_8844,ENSG00000188130.9,MAPK12,protein_coding,8,0.00174,K562,KARR-seq
chr11,12257574,12312466,K562_TE_3668,chrX,151138143,151148151,K562_MPT_13682,ENSG00000102287.12,GABRE,protein_coding,8,0.00175,K562,KARR-seq
chr6,68585750,68609380,K562_SE_605,chr19,35640633,35659938,K562_MPT_6623,ENSG00000089327.10,FXYD5,protein_coding,10,0.00179,K562,KARR-seq
chr11,65167965,65217131,K562_SE_178,chr22,38897317,38907345,K562_MPT_8735,ENSG00000100201.14,DDX17,protein_coding,9,0.00179,K562,KARR-seq
chr11,65235059,65278329,K562_SE_179,chr16,23597474,23612677,K562_MPT_4784,ENSG00000004779.5,NDUFAB1,protein_coding,18,0.0018,K562,KARR-seq
chr12,116553715,116655574,K562_TE_5637,chr9,127610755,127636484,K562_MPT_13093,ENSG00000136918.3,WDR38,protein_coding,8,0.0018,K562,KARR-seq
chr11,65167965,65217131,K562_SE_178,chr21,45297425,45307425,K562_MPT_8486,ENSG00000160216.14,AGPAT3,protein_coding,10,0.00183,K562,KARR-seq
chr6,68585750,68609380,K562_SE_605,chr16,2193145,2210766,K562_MPT_4630,ENSG00000167964.8,RAB26,protein_coding,10,0.00191,K562,KARR-seq
chr19,28942803,29111036,K562_SE_341,chr17,73883230,73910899,K562_MPT_5832,ENSG00000141569.6,TRIM65,protein_coding,11,0.00194,K562,KARR-seq
chr8,130546590,130605033,K562_SE_702,chr3,12593513,12603589,K562_MPT_8903,ENSG00000075975.11,MKRN2,protein_coding,8,0.00194,K562,KARR-seq
chr4,123926,126110,K562_TE_15725,chr4,201399,211399,K562_MPT_9620,ENSG00000198155.5,ZNF876P,pseudogene,10,0.00196,K562,RIC-seq
chr15,95456155,95460965,K562_TE_7770,chr15,95393703,95405240,K562_MPT_4560,ENSG00000270017.1,CTD-2576F9.2,lncRNA,10,0.00196,K562,RIC-seq
chr5,180693294,180710269,K562_TE_17987,chr21,11093925,11103980,K562_MPT_8370,ENSG00000187172.11,BAGE2,pseudogene,10,0.00196,K562,RIC-seq
chr11,5505203,5522246,K562_TE_3585,chr2,38822168,38835178,K562_MPT_7223,ENSG00000235586.1,AC011247.3,lncRNA,10,0.00196,K562,RIC-seq
chr19,51899215,51930735,K562_TE_10868,chr19,51886209,51902742,K562_MPT_6933,ENSG00000262874.1,CTD-2616J11.4,protein_coding,10,0.00196,K562,RIC-seq
chr16,15004489,15007072,K562_TE_8015,chr16,2176852,2191130,K562_MPT_4629,ENSG00000200344.1,Y_RNA,misc_RNA,10,0.00196,K562,RIC-seq
chr16,30804803,30826623,K562_TE_8235,chr16,30784770,30803523,K562_MPT_4867,ENSG00000262026.1,RP11-2C24.6,lncRNA,10,0.00196,K562,RIC-seq
chr1,10437700,10448674,K562_TE_147,chr1,10453649,10464689,K562_MPT_112,ENSG00000142657.16,PGD,protein_coding,10,0.00196,K562,RIC-seq
chr19,4622755,4634227,K562_TE_10264,chr19,4634530,4645029,K562_MPT_6273,ENSG00000185361.4,TNFAIP8L1,protein_coding,10,0.00196,K562,RIC-seq
chr19,41319100,41350333,K562_SE_344,chr19,41625760,41645627,K562_MPT_6734,ENSG00000268529.1,CYP2T3P,pseudogene,10,0.00196,K562,RIC-seq
chr11,57240770,57261969,K562_TE_3946,chr11,57223022,57233339,K562_MPT_2220,ENSG00000186907.3,RTN4RL2,protein_coding,10,0.00196,K562,RIC-seq
chr11,65235059,65278329,K562_SE_179,chr12,12498165,12515352,K562_MPT_2792,ENSG00000205791.2,LOH12CR2,protein_coding,12,0.00203,K562,KARR-seq
chr6,68585750,68609380,K562_SE_605,chr11,12127138,12148022,K562_MPT_2072,ENSG00000133816.9,MICAL2,protein_coding,9,0.00203,K562,KARR-seq
chr17,40392872,40475968,K562_SE_305,chr15,55685466,55705746,K562_MPT_4291,ENSG00000260916.1,CCPG1,protein_coding,8,0.00203,K562,KARR-seq
chr12,25043466,25109549,K562_TE_4877,chr1,173827386,173843094,K562_MPT_1095,ENSG00000270084.1,GAS5-AS1,lncRNA,8,0.00203,K562,KARR-seq
chr10,72497904,72519931,K562_SE_140,chrX,48763913,48781301,K562_MPT_13403,ENSG00000102096.9,PIM2,protein_coding,8,0.00204,K562,KARR-seq
chr11,85802540,85930107,K562_SE_187,chr22,50349161,50359161,K562_MPT_8840,ENSG00000198355.4,PIM3,protein_coding,10,0.0021,K562,RIC-seq
chr16,23853484,23934208,K562_SE_269,chr6,157090796,157106589,K562_MPT_11443,ENSG00000049618.17,ARID1B,protein_coding,8,0.00212,K562,KARR-seq
chr2,145188334,145270092,K562_SE_382,chr11,306141,338192,K562_MPT_1963,ENSG00000255328.1,RP11-326C3.12,lncRNA,8,0.00216,K562,KARR-seq
chr11,65235059,65278329,K562_SE_179,chr18,9875883,9890973,K562_MPT_5988,ENSG00000168454.10,TXNDC2,protein_coding,11,0.00218,K562,KARR-seq
chr11,65235059,65278329,K562_SE_179,chr17,17375300,17385308,K562_MPT_5311,ENSG00000141026.4,MED9,protein_coding,11,0.00219,K562,KARR-seq
chr3,15082131,15098135,K562_TE_14396,chr16,89038401,89055440,K562_MPT_5146,ENSG00000129993.10,CBFA2T3,protein_coding,8,0.00219,K562,KARR-seq
chr11,65235059,65278329,K562_SE_179,chr1,59274014,59284014,K562_MPT_551,ENSG00000272226.1,RP11-63G10.3,lncRNA,11,0.0022,K562,KARR-seq
chr11,65167965,65217131,K562_SE_178,chr6,20397398,20409034,K562_MPT_10855,ENSG00000112242.10,E2F3,protein_coding,15,0.00222,K562,KARR-seq
chr11,65235059,65278329,K562_SE_179,chr17,40535432,40545586,K562_MPT_5530,ENSG00000168610.10,STAT3,protein_coding,12,0.00222,K562,KARR-seq
chr20,45924291,45970176,K562_SE_408,chr19,55533990,55554632,K562_MPT_6998,ENSG00000267265.1,CTC-550B14.7,lncRNA,8,0.00222,K562,KARR-seq
chr11,65235059,65278329,K562_SE_179,chr2,97774233,97784233,K562_MPT_7487,ENSG00000135976.12,ANKRD36,protein_coding,12,0.00224,K562,KARR-seq
chr6,134280819,134315206,K562_TE_19034,chrX,151138143,151148151,K562_MPT_13682,ENSG00000102287.12,GABRE,protein_coding,8,0.00225,K562,KARR-seq
chr1,61569740,61673375,K562_SE_45,chr3,9428506,9445263,K562_MPT_8872,ENSG00000206573.4,SETD5-AS1,lncRNA,8,0.0023,K562,KARR-seq
chr8,130546590,130605033,K562_SE_702,chr6,27769853,27811440,K562_MPT_10912,ENSG00000197914.2,HIST1H4K,protein_coding,12,0.00234,K562,KARR-seq
chr16,88509252,88598161,K562_SE_287,chr22,19945070,19956276,K562_MPT_8551,ENSG00000093010.7,COMT,protein_coding,8,0.00239,K562,KARR-seq
chr22,21958340,21979130,K562_TE_13828,chr22,21979325,22001550,K562_MPT_8589,ENSG00000128228.4,SDF2L1,protein_coding,10,0.0024,K562,RIC-seq
chr6,68585750,68609380,K562_SE_605,chr19,17181010,17191596,K562_MPT_6483,ENSG00000099331.9,MYO9B,protein_coding,8,0.0024,K562,KARR-seq
chr6,68585750,68609380,K562_SE_605,chr2,203235327,203247157,K562_MPT_7838,ENSG00000273456.1,RP11-686O6.2,lncRNA,8,0.00241,K562,KARR-seq
chr1,246294272,246388032,K562_SE_112,chr16,30361255,30399171,K562_MPT_4852,ENSG00000180035.6,ZNF48,protein_coding,8,0.00241,K562,KARR-seq
chr11,65167965,65217131,K562_SE_178,chr2,71553858,71563912,K562_MPT_7380,ENSG00000075292.14,ZNF638,protein_coding,9,0.00242,K562,KARR-seq
chr11,65235059,65278329,K562_SE_179,chr2,166805353,166818940,K562_MPT_7689,ENSG00000236107.3,AC010127.3,lncRNA,9,0.00242,K562,KARR-seq
chr11,65235059,65278329,K562_SE_179,chr10,122605687,122615999,K562_MPT_1918,ENSG00000120008.11,WDR11,protein_coding,9,0.00242,K562,KARR-seq
chr16,23953392,23990968,K562_TE_8141,chr2,192706265,192716981,K562_MPT_7791,ENSG00000233766.3,AC098617.1,lncRNA,8,0.00242,K562,KARR-seq
chr2,74189295,74311354,K562_SE_371,chr6,27853570,27870344,K562_MPT_10914,ENSG00000233224.1,HIST1H2AM,protein_coding,8,0.00242,K562,KARR-seq
chr11,65235059,65278329,K562_SE_179,chr1,203759782,203773463,K562_MPT_1198,ENSG00000058673.11,ZC3H11A,protein_coding,14,0.00244,K562,KARR-seq
chr12,116553715,116655574,K562_TE_5637,chr19,1391466,1418900,K562_MPT_6189,ENSG00000248015.2,AC005329.7,lncRNA,8,0.00244,K562,KARR-seq
chr16,85548387,85639758,K562_SE_284,chr1,235286252,235297251,K562_MPT_1375,ENSG00000207181.1,SNORA14B,snoRNA,8,0.00245,K562,KARR-seq
chr7,153105705,153129442,K562_SE_673,chr6,27853570,27870344,K562_MPT_10914,ENSG00000233224.1,HIST1H2AM,protein_coding,8,0.00247,K562,KARR-seq
chr16,81462833,81519190,K562_SE_278,chr15,66869528,66879528,K562_MPT_4362,ENSG00000259471.1,RP11-321F6.1,protein_coding,8,0.0025,K562,KARR-seq
chr6,68585750,68609380,K562_SE_605,chr1,229756717,229766981,K562_MPT_1348,ENSG00000135801.5,TAF5L,protein_coding,8,0.0025,K562,KARR-seq
chr16,85548387,85639758,K562_SE_284,chr10,104187418,104201269,K562_MPT_1856,ENSG00000202569.2,MIR146B,miRNA,8,0.00251,K562,KARR-seq
chr16,89505998,89551616,K562_TE_8654,chr7,86776598,86786947,K562_MPT_11847,ENSG00000135164.14,DMTF1,protein_coding,8,0.00251,K562,KARR-seq
chr15,64844669,64944047,K562_TE_7419,chr1,173827386,173843094,K562_MPT_1095,ENSG00000270084.1,GAS5-AS1,lncRNA,8,0.00251,K562,KARR-seq
chr5,10689205,10739844,K562_SE_528,chr19,56141382,56171431,K562_MPT_7018,ENSG00000171425.5,ZNF581,protein_coding,8,0.00252,K562,KARR-seq
chr11,65235059,65278329,K562_SE_179,chr11,118950593,118986767,K562_MPT_2630,ENSG00000256269.2,HMBS,protein_coding,17,0.00254,K562,RIC-seq
chr11,65235059,65278329,K562_SE_179,chr12,19277648,19287730,K562_MPT_2816,ENSG00000052126.10,PLEKHA5,protein_coding,12,0.00254,K562,KARR-seq
chr19,28942803,29111036,K562_SE_341,chr8,28742426,28753833,K562_MPT_12320,ENSG00000147421.13,HMBOX1,protein_coding,8,0.00254,K562,KARR-seq
chr6,68585750,68609380,K562_SE_605,chr17,46172944,46194311,K562_MPT_5629,ENSG00000108468.10,CBX1,protein_coding,8,0.00254,K562,KARR-seq
chr17,16331212,16347829,K562_SE_293,chr7,26235366,26250988,K562_MPT_11622,ENSG00000122565.14,CBX3,protein_coding,8,0.00254,K562,KARR-seq
chr15,55510158,55589862,K562_SE_243,chr15,55685466,55705746,K562_MPT_4291,ENSG00000261652.2,C15orf65,protein_coding,10,0.00256,K562,RIC-seq
chr11,65167965,65217131,K562_SE_178,chr8,80910383,80920383,K562_MPT_12465,ENSG00000147586.5,MRPS28,protein_coding,8,0.00256,K562,KARR-seq
chr17,43370716,43430786,K562_SE_308,chr4,44850,58210,K562_MPT_9618,ENSG00000248302.2,Z95704.4,pseudogene,8,0.00259,K562,KARR-seq
chr16,23953392,23990968,K562_TE_8141,chr21,46288606,46298752,K562_MPT_8498,ENSG00000183255.7,PTTG1IP,protein_coding,8,0.00259,K562,KARR-seq
chr16,89381699,89456073,K562_TE_8652,chr1,167900278,167911278,K562_MPT_1064,ENSG00000143158.6,MPC2,protein_coding,2,0.00259,K562,KARR-seq
chr1,28897644,28917048,K562_TE_432,chr4,184572249,184585446,K562_MPT_10112,ENSG00000182552.10,RWDD4,protein_coding,2,0.00259,K562,KARR-seq
chr9,136112608,136160631,K562_SE_735,chr9,2010342,2034019,K562_MPT_12718,ENSG00000080503.15,SMARCA2,protein_coding,2,0.00259,K562,KARR-seq
chr10,80838127,80960447,K562_SE_148,chr10,17491329,17501329,K562_MPT_1510,ENSG00000148488.11,ST8SIA6,protein_coding,8,0.0026,K562,KARR-seq
chr19,28942803,29111036,K562_SE_341,chr6,30288911,30302359,K562_MPT_10946,ENSG00000248167.3,TRIM39-RPP21,protein_coding,8,0.00266,K562,KARR-seq
chr19,39126319,39184375,K562_SE_343,chrX,48630385,48649981,K562_MPT_13400,ENSG00000207367.1,RNU6-29P,snRNA,8,0.00267,K562,KARR-seq
chr1,28897644,28917048,K562_TE_432,chr2,47398650,47408740,K562_MPT_7259,ENSG00000143933.12,CALM2,protein_coding,8,0.00272,K562,KARR-seq
chr16,85548387,85639758,K562_SE_284,chr16,85386069,85396069,K562_MPT_5117,ENSG00000261567.1,RP11-680G10.1,protein_coding,8,0.00273,K562,KARR-seq
chr11,65167965,65217131,K562_SE_178,chr4,174084904,174095803,K562_MPT_10090,ENSG00000245213.2,RP11-10K16.1,lncRNA,11,0.00293,K562,KARR-seq
chr11,65167965,65217131,K562_SE_178,chr22,50211853,50226160,K562_MPT_8837,ENSG00000100425.14,BRD1,protein_coding,8,0.00293,K562,KARR-seq
chr17,40392872,40475968,K562_SE_305,chr6,27853570,27870344,K562_MPT_10914,ENSG00000233224.1,HIST1H2AM,protein_coding,8,0.00294,K562,KARR-seq
chr9,4799120,4902541,K562_SE_709,chr4,44850,58210,K562_MPT_9618,ENSG00000248302.2,Z95704.4,pseudogene,8,0.00305,K562,KARR-seq
chr6,15253980,15391637,K562_SE_569,chr11,93447769,93484651,K562_MPT_2530,ENSG00000200344.1,Y_RNA,misc_RNA,8,0.00312,K562,KARR-seq
chr9,94539287,94601264,K562_TE_22121,chr12,123863320,123879589,K562_MPT_3365,ENSG00000183955.8,SETD8,protein_coding,2,0.00316,K562,KARR-seq
chr6,158249402,158288821,K562_SE_630,chr2,85761288,85771765,K562_MPT_7433,ENSG00000168906.8,MAT2A,protein_coding,2,0.00316,K562,KARR-seq
chr11,65235059,65278329,K562_SE_179,chr5,37365887,37384387,K562_MPT_10218,ENSG00000113569.11,NUP155,protein_coding,13,0.00319,K562,KARR-seq
chr11,65235059,65278329,K562_SE_179,chr6,7134478,7144478,K562_MPT_10796,ENSG00000124782.15,RREB1,protein_coding,30,0.00321,K562,KARR-seq
chr6,68585750,68609380,K562_SE_605,chr9,126025843,126035855,K562_MPT_13081,ENSG00000165209.14,STRBP,protein_coding,12,0.00322,K562,KARR-seq
chr3,176855948,176909086,K562_TE_15500,chr5,179038925,179066785,K562_MPT_10725,ENSG00000169045.13,HNRNPH1,protein_coding,8,0.00339,K562,KARR-seq
chr8,130546590,130605033,K562_SE_702,chr2,158109110,158119110,K562_MPT_7672,ENSG00000136542.4,GALNT5,protein_coding,8,0.00341,K562,KARR-seq
chr8,130452382,130513523,K562_TE_21615,chr7,150060278,150085973,K562_MPT_12161,ENSG00000239377.1,RP4-584D14.6,lncRNA,8,0.00341,K562,KARR-seq
chr11,65235059,65278329,K562_SE_179,chr12,97291476,97311354,K562_MPT_3181,ENSG00000139350.7,NEDD1,protein_coding,12,0.00343,K562,KARR-seq
chr19,28942803,29111036,K562_SE_341,chr1,228265361,228275851,K562_MPT_1333,ENSG00000143761.9,ARF1,protein_coding,8,0.00352,K562,KARR-seq
chr6,68585750,68609380,K562_SE_605,chr7,129586167,129606916,K562_MPT_12058,ENSG00000200344.1,Y_RNA,misc_RNA,8,0.00356,K562,KARR-seq
chr6,68585750,68609380,K562_SE_605,chr19,47344405,47359249,K562_MPT_6841,ENSG00000042753.7,AP2S1,protein_coding,8,0.00356,K562,KARR-seq
chr11,65235059,65278329,K562_SE_179,chr20,30097231,30107324,K562_MPT_8108,ENSG00000101294.12,HM13,protein_coding,9,0.00361,K562,KARR-seq
chrX,15692043,15701551,K562_SE_741,chr22,20051685,20078581,K562_MPT_8554,ENSG00000221366.1,MIR1306,miRNA,7,0.00366,K562,KARR-seq
chr5,53545021,53626040,K562_SE_532,chr11,61191776,61202616,K562_MPT_2250,ENSG00000149532.11,CPSF7,protein_coding,7,0.00366,K562,KARR-seq
chr16,23953392,23990968,K562_TE_8141,chr10,60022694,60033818,K562_MPT_1640,ENSG00000151151.5,IPMK,protein_coding,7,0.00366,K562,KARR-seq
chr19,19553596,19601338,K562_SE_339,chr1,35725083,35739634,K562_MPT_368,ENSG00000146463.7,ZMYM4,protein_coding,7,0.00372,K562,KARR-seq
chr1,207977786,208061237,K562_SE_95,chr16,23507226,23526815,K562_MPT_4782,ENSG00000103365.11,GGA2,protein_coding,7,0.00372,K562,KARR-seq
chr1,230208360,230327626,K562_SE_104,chr20,61422805,61443625,K562_MPT_8340,ENSG00000229873.1,OGFR-AS1,lncRNA,7,0.00372,K562,KARR-seq
chr15,69089651,69107634,K562_TE_7489,chr1,151877113,151887284,K562_MPT_910,ENSG00000159445.8,THEM4,protein_coding,7,0.00372,K562,KARR-seq
chr1,39677799,39699453,K562_TE_589,chr22,31359187,31374398,K562_MPT_8671,ENSG00000133422.8,MORC2,protein_coding,7,0.00372,K562,KARR-seq
chr3,42042833,42103721,K562_TE_14587,chr20,34247480,34257878,K562_MPT_8161,ENSG00000214078.7,CPNE1,protein_coding,7,0.00372,K562,KARR-seq
chr1,65349691,65427295,K562_TE_899,chr3,128574369,128603472,K562_MPT_9314,ENSG00000250796.1,RP11-723O4.3,pseudogene,7,0.00372,K562,KARR-seq
chr12,46822934,46879214,K562_TE_4999,chr12,54373542,54431637,K562_MPT_3008,ENSG00000250133.2,HOXC-AS2,lncRNA,7,0.00372,K562,KARR-seq
chr3,15082131,15098135,K562_TE_14396,chr10,22998037,23008484,K562_MPT_1522,ENSG00000150867.9,PIP4K2A,protein_coding,7,0.00373,K562,KARR-seq
chr3,15082131,15098135,K562_TE_14396,chr3,128574369,128603472,K562_MPT_9314,ENSG00000250796.1,RP11-723O4.3,pseudogene,7,0.00375,K562,KARR-seq
chr20,3952819,4115469,K562_SE_397,chr20,3757095,3782078,K562_MPT_8031,ENSG00000125817.7,CENPB,protein_coding,7,0.00376,K562,KARR-seq
chr12,50925657,51019968,K562_SE_203,chr2,201922812,201941753,K562_MPT_7824,ENSG00000225695.1,HNRNPA1P35,pseudogene,7,0.00376,K562,KARR-seq
chr2,65568551,65649332,K562_SE_368,chr20,48724676,48737491,K562_MPT_8265,ENSG00000244687.7,UBE2V1,protein_coding,7,0.00376,K562,KARR-seq
chr12,104856215,104889173,K562_SE_207,chr14,104172607,104187145,K562_MPT_4068,ENSG00000269963.1,RP11-73M18.9,lncRNA,7,0.00376,K562,KARR-seq
chr20,30248381,30302816,K562_SE_401,chr17,42417630,42427673,K562_MPT_5573,ENSG00000030582.12,GRN,protein_coding,7,0.00376,K562,KARR-seq
chr1,143928750,144054981,K562_TE_1340,chr17,65357721,65367743,K562_MPT_5772,ENSG00000197170.5,PSMD12,protein_coding,7,0.00376,K562,KARR-seq
chr1,172550442,172577557,K562_TE_1715,chr15,66869528,66879528,K562_MPT_4362,ENSG00000259471.1,RP11-321F6.1,protein_coding,7,0.00376,K562,KARR-seq
chr6,53155206,53204126,K562_TE_18591,chr15,90803937,90813937,K562_MPT_4541,ENSG00000182768.7,NGRN,protein_coding,7,0.00376,K562,KARR-seq
chr6,135551782,135648636,K562_SE_616,chr19,52592358,52604018,K562_MPT_6948,ENSG00000197608.7,ZNF841,protein_coding,7,0.00376,K562,KARR-seq
chr1,35646569,35652759,K562_TE_519,chr1,207920402,207930468,K562_MPT_1239,ENSG00000117335.14,CD46,protein_coding,7,0.00377,K562,KARR-seq
chr20,29518179,29537518,K562_TE_13068,chr9,45722107,45743490,K562_MPT_12848,ENSG00000231517.2,RP11-7G23.5,pseudogene,7,0.00377,K562,KARR-seq
chr5,39137050,39197955,K562_SE_529,chr2,158109110,158119110,K562_MPT_7672,ENSG00000136542.4,GALNT5,protein_coding,7,0.00377,K562,KARR-seq
chr4,119199114,119205501,K562_TE_16423,chr6,117991665,118001665,K562_MPT_11309,ENSG00000153989.7,NUS1,protein_coding,7,0.00377,K562,KARR-seq
chr2,127391719,127435182,K562_SE_381,chr16,23507226,23526815,K562_MPT_4782,ENSG00000103365.11,GGA2,protein_coding,7,0.00377,K562,KARR-seq
chr6,147171445,147272129,K562_SE_624,chr3,52268158,52287977,K562_MPT_9105,ENSG00000164088.13,PPM1M,protein_coding,7,0.00385,K562,KARR-seq
chr12,46649266,46656000,K562_TE_4997,chr7,12438531,12448531,K562_MPT_11571,ENSG00000146530.7,VWDE,protein_coding,7,0.00385,K562,KARR-seq
chr10,6193264,6238100,K562_TE_2481,chr17,4838208,4860053,K562_MPT_5218,ENSG00000108518.7,PFN1,protein_coding,7,0.00385,K562,KARR-seq
chr11,65235059,65278329,K562_SE_179,chr1,51978981,51990000,K562_MPT_510,ENSG00000227070.1,RP11-191G24.1,lncRNA,20,0.00397,K562,KARR-seq
chr19,28942803,29111036,K562_SE_341,chr19,47283043,47296851,K562_MPT_6840,ENSG00000105281.8,SLC1A5,protein_coding,9,0.00397,K562,KARR-seq
chr11,65167965,65217131,K562_SE_178,chr12,6710846,6721642,K562_MPT_2742,ENSG00000111642.10,CHD4,protein_coding,9,0.00397,K562,KARR-seq
chr15,66880235,66981717,K562_SE_249,chr12,57018995,57044798,K562_MPT_3050,ENSG00000076108.7,BAZ2A,protein_coding,8,0.00397,K562,KARR-seq
chr7,127422022,127463787,K562_TE_20416,chr19,11703235,11713298,K562_MPT_6392,ENSG00000198551.5,ZNF627,protein_coding,7,0.00397,K562,KARR-seq
chr1,205110450,205174350,K562_TE_2005,chr7,123192509,123203309,K562_MPT_12024,ENSG00000128609.10,NDUFA5,protein_coding,7,0.00397,K562,KARR-seq
chr15,91078426,91120643,K562_TE_7741,chr3,73040936,73051509,K562_MPT_9176,ENSG00000163605.10,PPP4R2,protein_coding,7,0.00397,K562,KARR-seq
chr7,139661169,139680740,K562_TE_20587,chr15,59274854,59285337,K562_MPT_4316,ENSG00000157450.11,RNF111,protein_coding,7,0.00397,K562,KARR-seq
chr2,158119474,158127985,K562_SE_385,chr3,101287939,101300791,K562_MPT_9212,ENSG00000081154.7,PCNP,protein_coding,7,0.00397,K562,KARR-seq
chr16,85548387,85639758,K562_SE_284,chr17,65368575,65380082,K562_MPT_5773,ENSG00000154217.10,PITPNC1,protein_coding,7,0.00397,K562,KARR-seq
chr22,35604301,35637609,K562_TE_14017,chr8,145545337,145564943,K562_MPT_12692,ENSG00000170616.9,SCRT1,protein_coding,7,0.00397,K562,KARR-seq
chr1,46813042,46814101,K562_TE_729,chr4,109536551,109546812,K562_MPT_9950,ENSG00000109475.12,RPL34,protein_coding,7,0.00397,K562,KARR-seq
chr6,7086614,7181133,K562_SE_561,chr22,30157950,30168363,K562_MPT_8652,ENSG00000100319.11,ZMAT5,protein_coding,7,0.00397,K562,KARR-seq
chr1,44323856,44350933,K562_TE_673,chr20,52819386,52829386,K562_MPT_8299,ENSG00000101132.5,PFDN4,protein_coding,7,0.00397,K562,KARR-seq
chr10,75609056,75654682,K562_TE_3018,chr10,75629219,75639343,K562_MPT_1721,ENSG00000148660.16,CAMK2G,protein_coding,7,0.00397,K562,KARR-seq
chr18,55316801,55335760,K562_TE_10067,chr19,39331139,39347978,K562_MPT_6686,ENSG00000269688.1,AC008982.2,lncRNA,7,0.00397,K562,KARR-seq
chr17,17286868,17287365,K562_TE_8847,chr15,43656874,43668313,K562_MPT_4227,ENSG00000137822.8,TUBGCP4,protein_coding,7,0.00397,K562,KARR-seq
chr8,126937450,126959759,K562_TE_21586,chr11,68666246,68676365,K562_MPT_2403,ENSG00000132740.4,IGHMBP2,protein_coding,7,0.00397,K562,KARR-seq
chr16,88938381,88973032,K562_TE_8642,chr4,74899406,74909406,K562_MPT_9837,ENSG00000163734.4,CXCL3,protein_coding,7,0.00397,K562,KARR-seq
chr3,171781031,171825665,K562_TE_15473,chr12,14532998,14552797,K562_MPT_2807,ENSG00000171681.8,ATF7IP,protein_coding,7,0.00397,K562,KARR-seq
chr1,39677799,39699453,K562_TE_589,chr19,6715693,6745929,K562_MPT_6306,ENSG00000125734.9,GPR108,protein_coding,7,0.00397,K562,KARR-seq
chr14,103909679,103922913,K562_TE_6958,chr1,84759049,84773716,K562_MPT_617,ENSG00000203943.4,SAMD13,protein_coding,7,0.00397,K562,KARR-seq
chr11,33879660,33934760,K562_TE_3804,chr6,26151559,26169300,K562_MPT_10876,ENSG00000217159.2,LARP1P1,pseudogene,7,0.00397,K562,KARR-seq
chr3,170795026,170807711,K562_TE_15452,chr2,71553858,71563912,K562_MPT_7380,ENSG00000075292.14,ZNF638,protein_coding,7,0.00397,K562,KARR-seq
chr9,80494644,80638505,K562_SE_716,chr5,130716299,130726299,K562_MPT_10477,ENSG00000158985.9,CDC42SE2,protein_coding,7,0.00397,K562,KARR-seq
chr1,27518381,27547249,K562_TE_403,chr2,9765745,9783901,K562_MPT_7095,ENSG00000134308.9,YWHAQ,protein_coding,7,0.00397,K562,KARR-seq
chr11,3159815,3175889,K562_TE_3548,chr1,202124119,202142179,K562_MPT_1185,ENSG00000243323.1,PTPRVP,pseudogene,7,0.00397,K562,KARR-seq
chr6,10759357,10772469,K562_TE_18104,chr17,34130901,34141493,K562_MPT_5450,ENSG00000172660.7,TAF15,protein_coding,7,0.00397,K562,KARR-seq
chr7,101482129,101596250,K562_SE_657,chr16,12892708,12902874,K562_MPT_4719,ENSG00000103381.7,CPPED1,protein_coding,7,0.00397,K562,KARR-seq
chr3,112383842,112418611,K562_TE_14987,chr5,180224794,180242456,K562_MPT_10742,ENSG00000131446.11,MGAT1,protein_coding,7,0.00397,K562,KARR-seq
chr11,5474831,5483144,K562_TE_3584,chr14,24012663,24042279,K562_MPT_3720,ENSG00000136367.12,ZFHX2,protein_coding,7,0.00397,K562,KARR-seq
chr11,43386678,43415554,K562_TE_3854,chr6,153598868,153608868,K562_MPT_11437,ENSG00000218426.5,RP11-475C16.1,pseudogene,7,0.00397,K562,KARR-seq
chr22,41006346,41026064,K562_TE_14143,chr19,14514535,14535179,K562_MPT_6450,ENSG00000267379.1,CTC-548K16.5,lncRNA,7,0.00397,K562,KARR-seq
chr7,39672221,39685523,K562_TE_19750,chr11,108530752,108540849,K562_MPT_2576,ENSG00000178105.5,DDX10,protein_coding,7,0.00397,K562,KARR-seq
chrX,109379561,109445287,K562_TE_23114,chr17,38460444,38479537,K562_MPT_5502,ENSG00000131759.13,RARA,protein_coding,7,0.00397,K562,KARR-seq
chr12,7268607,7275690,K562_TE_4742,chr16,28820994,28840772,K562_MPT_4818,ENSG00000260796.1,RP11-1348G14.5,lncRNA,7,0.00397,K562,KARR-seq
chr3,150135131,150190369,K562_SE_485,chr21,45548487,45561001,K562_MPT_8490,ENSG00000160221.12,C21orf33,protein_coding,7,0.00397,K562,KARR-seq
chr10,33339133,33355796,K562_TE_2729,chr9,138848226,138858226,K562_MPT_13217,ENSG00000130560.4,UBAC1,protein_coding,7,0.00397,K562,KARR-seq
chr14,103464920,103489501,K562_TE_6948,chr19,12802395,12812457,K562_MPT_6416,ENSG00000132004.8,FBXW9,protein_coding,7,0.00397,K562,KARR-seq
chr4,1964617,1966423,K562_TE_15748,chr3,9686117,9696196,K562_MPT_8874,ENSG00000163719.14,MTMR14,protein_coding,7,0.00397,K562,KARR-seq
chr3,48865667,48873635,K562_TE_14685,chr2,114456655,114466655,K562_MPT_7578,ENSG00000227359.1,AC017074.2,lncRNA,7,0.00397,K562,KARR-seq
chr3,4445212,4475436,K562_TE_14279,chr5,180224794,180242456,K562_MPT_10742,ENSG00000131446.11,MGAT1,protein_coding,7,0.00397,K562,KARR-seq
chr16,30885604,30894756,K562_TE_8237,chr14,21725836,21742653,K562_MPT_3688,ENSG00000092199.13,HNRNPC,protein_coding,7,0.00397,K562,KARR-seq
chr10,43867057,43898149,K562_TE_2770,chr17,3814794,3824794,K562_MPT_5205,ENSG00000108405.3,P2RX1,protein_coding,7,0.00397,K562,KARR-seq
chr9,127502989,127524485,K562_TE_22441,chr1,89144905,89155887,K562_MPT_638,ENSG00000237505.2,RP11-76N22.2,lncRNA,7,0.00397,K562,KARR-seq
chr17,64397174,64418217,K562_TE_9472,chr8,124079920,124092160,K562_MPT_12591,ENSG00000156787.12,TBC1D31,protein_coding,7,0.00397,K562,KARR-seq
chr2,38689285,38714124,K562_TE_11315,chr11,66019765,66041061,K562_MPT_2350,ENSG00000254855.1,RP11-867G23.1,lncRNA,7,0.00397,K562,KARR-seq
chr5,149389031,149407916,K562_TE_17743,chr1,90090284,90103631,K562_MPT_644,ENSG00000231999.2,RP5-1007M22.2,lncRNA,7,0.00397,K562,KARR-seq
chr2,198773865,198819349,K562_SE_391,chr19,37258716,37271810,K562_MPT_6654,ENSG00000267353.1,CTD-2162K18.3,lncRNA,7,0.00397,K562,KARR-seq
chr2,55835915,55838487,K562_TE_11472,chr11,17090499,17104334,K562_MPT_2092,ENSG00000201403.1,SNORD14B,snoRNA,7,0.00397,K562,KARR-seq
chr20,36701782,36772967,K562_SE_404,chr19,16671362,16688193,K562_MPT_6477,ENSG00000269085.1,CTD-3222D19.10,lncRNA,7,0.00397,K562,KARR-seq
chr12,93754564,93822435,K562_TE_5413,chr10,85894196,85905338,K562_MPT_1748,ENSG00000271933.1,RP11-338I21.1,lncRNA,7,0.00397,K562,KARR-seq
chr5,135827675,135837352,K562_TE_17602,chr1,46044518,46054737,K562_MPT_485,ENSG00000132780.12,NASP,protein_coding,7,0.00397,K562,KARR-seq
chr17,37509140,37543293,K562_TE_9083,chr12,22692187,22702480,K562_MPT_2828,ENSG00000111731.8,C2CD5,protein_coding,7,0.00397,K562,KARR-seq
chr9,114821347,114858734,K562_SE_727,chr1,65767204,65780228,K562_MPT_573,ENSG00000116675.11,DNAJC6,protein_coding,7,0.00397,K562,KARR-seq
chr2,200296297,200312162,K562_TE_12519,chr2,158109110,158119110,K562_MPT_7672,ENSG00000136542.4,GALNT5,protein_coding,7,0.00397,K562,KARR-seq
chr1,39850033,39868414,K562_SE_35,chrX,40939888,40949888,K562_MPT_13355,ENSG00000124486.8,USP9X,protein_coding,7,0.00397,K562,KARR-seq
chr11,67330563,67388321,K562_TE_4114,chr22,20900274,20910294,K562_MPT_8568,ENSG00000099917.13,MED15,protein_coding,7,0.00397,K562,KARR-seq
chr1,235563098,235575372,K562_TE_2318,chr20,44986813,44998043,K562_MPT_8242,ENSG00000080189.10,SLC35C2,protein_coding,7,0.00397,K562,KARR-seq
chr12,94121091,94218632,K562_SE_205,chr16,23563392,23574052,K562_MPT_4783,ENSG00000103353.11,UBFD1,protein_coding,7,0.00397,K562,KARR-seq
chr3,195413396,195443188,K562_TE_15665,chr10,100169941,100179941,K562_MPT_1823,ENSG00000119943.6,PYROXD2,protein_coding,7,0.00397,K562,KARR-seq
chr10,79728641,79746986,K562_SE_147,chr7,148633580,148643580,K562_MPT_12140,ENSG00000252310.1,RNY5,misc_RNA,7,0.00397,K562,KARR-seq
chr21,15895661,15911188,K562_TE_13473,chr16,57214729,57225245,K562_MPT_4955,ENSG00000172775.12,FAM192A,protein_coding,7,0.00397,K562,KARR-seq
chr22,38019850,38031389,K562_TE_14069,chr6,15240231,15254143,K562_MPT_10836,ENSG00000008083.9,JARID2,protein_coding,7,0.00397,K562,KARR-seq
chr1,174173174,174186471,K562_TE_1746,chr13,50651108,50661307,K562_MPT_3556,ENSG00000231607.4,DLEU2,lncRNA,7,0.00397,K562,KARR-seq
chr3,171125524,171171823,K562_TE_15461,chr9,135991563,136001563,K562_MPT_13197,ENSG00000160271.10,RALGDS,protein_coding,7,0.00397,K562,KARR-seq
chr14,65290181,65358039,K562_SE_230,chr6,106768292,106778666,K562_MPT_11252,ENSG00000057663.8,ATG5,protein_coding,7,0.00397,K562,KARR-seq
chr15,91078426,91120643,K562_TE_7741,chr3,142715309,142726070,K562_MPT_9394,ENSG00000268129.1,RP11-91G21.1,lncRNA,7,0.00397,K562,KARR-seq
chr10,50340120,50390405,K562_SE_134,chr4,44675446,44685573,K562_MPT_9771,ENSG00000177752.10,YIPF7,protein_coding,7,0.00397,K562,KARR-seq
chr7,29682587,29730623,K562_TE_19660,chr7,150749297,150764721,K562_MPT_12168,ENSG00000164889.8,SLC4A2,protein_coding,7,0.00397,K562,KARR-seq
chr3,124311285,124382894,K562_TE_15055,chr1,228669762,228679762,K562_MPT_1341,ENSG00000168159.9,RNF187,protein_coding,7,0.00397,K562,KARR-seq
chr17,76223708,76314289,K562_SE_319,chr16,2862164,2872880,K562_MPT_4645,ENSG00000007038.6,PRSS21,protein_coding,7,0.00397,K562,KARR-seq
chr5,134386567,134400234,K562_TE_17587,chr12,123863320,123879589,K562_MPT_3365,ENSG00000183955.8,SETD8,protein_coding,7,0.00397,K562,KARR-seq
chr1,206822526,206911221,K562_SE_91,chr16,77219732,77230097,K562_MPT_5083,ENSG00000103111.10,MON1B,protein_coding,7,0.00397,K562,KARR-seq
chr15,67364799,67413034,K562_SE_250,chr2,228184867,228197228,K562_MPT_7918,ENSG00000168958.15,MFF,protein_coding,7,0.00397,K562,KARR-seq
chr2,171992468,172012441,K562_TE_12304,chr8,67966141,67982178,K562_MPT_12438,ENSG00000104218.9,CSPP1,protein_coding,7,0.00397,K562,KARR-seq
chr9,37185390,37210348,K562_TE_21899,chr1,183435864,183447067,K562_MPT_1140,ENSG00000116698.16,SMG7,protein_coding,7,0.00397,K562,KARR-seq
chr3,47996063,48004756,K562_TE_14672,chr1,40834369,40845320,K562_MPT_426,ENSG00000084070.7,SMAP2,protein_coding,7,0.00397,K562,KARR-seq
chr5,177962481,177985069,K562_TE_17951,chr17,27029902,27079670,K562_MPT_5389,ENSG00000264577.1,AC010761.8,lncRNA,7,0.00397,K562,KARR-seq
chr1,235246582,235287340,K562_TE_2314,chr4,140581922,140591989,K562_MPT_10021,ENSG00000085871.4,MGST2,protein_coding,7,0.00397,K562,KARR-seq
chr1,41692510,41702725,K562_TE_628,chr12,123937188,123954053,K562_MPT_3367,ENSG00000184209.14,SNRNP35,protein_coding,7,0.00397,K562,KARR-seq
chr11,3931465,4018538,K562_TE_3561,chr1,161470220,161480220,K562_MPT_1024,ENSG00000143226.9,FCGR2A,protein_coding,7,0.00397,K562,KARR-seq
chr7,154989900,155006586,K562_SE_675,chr1,55675762,55693052,K562_MPT_547,ENSG00000231095.1,GYG1P3,pseudogene,7,0.00397,K562,KARR-seq
chr10,73596173,73654646,K562_SE_142,chr4,89739352,89749512,K562_MPT_9907,ENSG00000138640.10,FAM13A,protein_coding,7,0.00397,K562,KARR-seq
chrX,109466737,109495036,K562_TE_23115,chr11,44112099,44122773,K562_MPT_2167,ENSG00000151348.9,EXT2,protein_coding,7,0.00397,K562,KARR-seq
chr12,109058324,109082752,K562_TE_5549,chr11,118884142,118894654,K562_MPT_2627,ENSG00000118181.6,RPS25,protein_coding,7,0.00397,K562,KARR-seq
chr22,40578986,40607202,K562_TE_14131,chr12,62667409,62677409,K562_MPT_3079,ENSG00000135655.9,USP15,protein_coding,7,0.00397,K562,KARR-seq
chr15,85152803,85192098,K562_TE_7691,chr16,4519543,4531460,K562_MPT_4676,ENSG00000103415.7,HMOX2,protein_coding,7,0.00397,K562,KARR-seq
chr9,68725067,68734935,K562_TE_21982,chr2,27799813,27810976,K562_MPT_7178,ENSG00000221531.1,AC074091.1,miRNA,7,0.00397,K562,KARR-seq
chr15,81437955,81467278,K562_TE_7635,chr9,130848743,130871001,K562_MPT_13124,ENSG00000148339.8,SLC25A25,protein_coding,7,0.00397,K562,KARR-seq
chr18,9113045,9118816,K562_TE_9790,chr22,36419473,36429473,K562_MPT_8698,ENSG00000100320.18,RBFOX2,protein_coding,7,0.00397,K562,KARR-seq
chr15,55510158,55589862,K562_SE_243,chr4,48480360,48490360,K562_MPT_9780,ENSG00000145248.6,SLC10A4,protein_coding,7,0.00397,K562,KARR-seq
chr1,165801944,165840770,K562_TE_1644,chr19,45676485,45687927,K562_MPT_6808,ENSG00000007255.6,TRAPPC6A,protein_coding,7,0.00397,K562,KARR-seq
chr7,123349629,123383230,K562_TE_20396,chr10,70743487,70755893,K562_MPT_1677,ENSG00000198954.4,KIAA1279,protein_coding,7,0.00397,K562,KARR-seq
chr1,224003589,224028500,K562_TE_2175,chr1,38450659,38462134,K562_MPT_398,ENSG00000183431.7,SF3A3,protein_coding,7,0.00397,K562,KARR-seq
chr9,37079146,37105489,K562_TE_21896,chr3,14984012,14994931,K562_MPT_8920,ENSG00000225733.1,FGD5-AS1,lncRNA,7,0.00397,K562,KARR-seq
chr1,29462900,29499182,K562_TE_446,chr14,50857617,50869122,K562_MPT_3803,ENSG00000258857.1,RP11-247L20.3,lncRNA,7,0.00397,K562,KARR-seq
chr8,116655387,116663526,K562_TE_21505,chr19,1391466,1418900,K562_MPT_6189,ENSG00000248015.2,AC005329.7,lncRNA,7,0.00397,K562,KARR-seq
chr9,100691379,100765772,K562_SE_721,chr6,28968037,28978037,K562_MPT_10936,ENSG00000197935.6,ZNF311,protein_coding,7,0.00397,K562,KARR-seq
chr19,55978585,55979916,K562_TE_10922,chr19,55966398,55978710,K562_MPT_7012,ENSG00000063241.3,ISOC2,protein_coding,7,0.00402,K562,KARR-seq
chr5,149389031,149407916,K562_TE_17743,chr6,161407759,161418374,K562_MPT_11464,ENSG00000272841.1,RP3-428L16.2,lncRNA,7,0.00402,K562,KARR-seq
chr6,28338300,28352198,K562_TE_18297,chr12,31472096,31484992,K562_MPT_2861,ENSG00000139146.9,FAM60A,protein_coding,7,0.00402,K562,KARR-seq
chr5,53387073,53387576,K562_TE_17011,chr11,73082309,73092713,K562_MPT_2438,ENSG00000054967.8,RELT,protein_coding,7,0.00402,K562,KARR-seq
chr3,43430363,43431935,K562_TE_14606,chr22,36872387,36883077,K562_MPT_8707,ENSG00000100348.5,TXN2,protein_coding,7,0.00402,K562,KARR-seq
chr3,129802818,129813985,K562_TE_15139,chr19,42741045,42764309,K562_MPT_6753,ENSG00000268643.1,AC006486.9,protein_coding,7,0.00402,K562,KARR-seq
chr17,57062652,57063525,K562_TE_9373,chr10,18935551,18953334,K562_MPT_1514,ENSG00000241058.1,NSUN6,protein_coding,7,0.00402,K562,KARR-seq
chr10,73982583,73983461,K562_TE_2981,chr8,145545337,145564943,K562_MPT_12692,ENSG00000170616.9,SCRT1,protein_coding,7,0.00402,K562,KARR-seq
chr12,112170521,112195692,K562_TE_5589,chr1,1203851,1215617,K562_MPT_27,ENSG00000230415.1,RP5-902P8.10,lncRNA,7,0.00402,K562,KARR-seq
chr11,76076394,76083371,K562_TE_4258,chr12,102219457,102229716,K562_MPT_3196,ENSG00000111670.10,GNPTAB,protein_coding,7,0.00402,K562,KARR-seq
chr3,99668747,99673078,K562_TE_14927,chr15,85254294,85264947,K562_MPT_4509,ENSG00000140612.9,SEC11A,protein_coding,7,0.00402,K562,KARR-seq
chr2,91954187,91959795,K562_TE_11775,chr22,24984030,25008631,K562_MPT_8618,ENSG00000100031.14,GGT1,protein_coding,7,0.00402,K562,KARR-seq
chr17,37472720,37495263,K562_SE_303,chr5,10756177,10772736,K562_MPT_10178,ENSG00000112977.11,DAP,protein_coding,7,0.00402,K562,KARR-seq
chr5,140891255,140901698,K562_TE_17653,chr6,71368982,71382621,K562_MPT_11171,ENSG00000112305.10,SMAP1,protein_coding,7,0.00402,K562,KARR-seq
chr11,119345624,119352138,K562_TE_4577,chr5,141011400,141022009,K562_MPT_10564,ENSG00000171720.5,HDAC3,protein_coding,7,0.00402,K562,KARR-seq
chr1,29228335,29233211,K562_TE_440,chr19,18072934,18087834,K562_MPT_6508,ENSG00000105642.11,KCNN1,protein_coding,7,0.00402,K562,KARR-seq
chr14,19680508,19690739,K562_TE_6318,chr2,113517204,113527254,K562_MPT_7565,ENSG00000169607.8,CKAP2L,protein_coding,7,0.00402,K562,KARR-seq
chr3,112455487,112490280,K562_TE_14988,chr11,113180146,113191963,K562_MPT_2592,ENSG00000149292.12,TTC12,protein_coding,7,0.00402,K562,KARR-seq
chr13,51026667,51043651,K562_TE_6096,chr14,64103125,64113579,K562_MPT_3868,ENSG00000140006.7,WDR89,protein_coding,7,0.00402,K562,KARR-seq
chr12,19599163,19607837,K562_TE_4840,chr9,36395213,36406195,K562_MPT_12809,ENSG00000137075.13,RNF38,protein_coding,7,0.00402,K562,KARR-seq
chrX,108970802,108983639,K562_TE_23103,chr19,34886252,34900732,K562_MPT_6612,ENSG00000126249.3,PDCD2L,protein_coding,7,0.00402,K562,KARR-seq
chr11,108457578,108459440,K562_TE_4466,chr1,52338691,52349477,K562_MPT_513,ENSG00000078618.15,NRD1,protein_coding,7,0.00402,K562,KARR-seq
chr6,68585750,68609380,K562_SE_605,chr8,124403705,124417822,K562_MPT_12595,ENSG00000156802.8,ATAD2,protein_coding,19,0.00414,K562,RIC-seq
chr6,68585750,68609380,K562_SE_605,chr1,25553977,25563984,K562_MPT_238,ENSG00000117614.5,SYF2,protein_coding,8,0.00416,K562,KARR-seq
chr1,61569740,61673375,K562_SE_45,chr21,45204394,45214394,K562_MPT_8484,ENSG00000160214.8,RRP1,protein_coding,7,0.00426,K562,KARR-seq
chr17,45139064,45192259,K562_TE_9219,chr2,85761288,85771765,K562_MPT_7433,ENSG00000168906.8,MAT2A,protein_coding,7,0.00429,K562,KARR-seq
chr11,65235059,65278329,K562_SE_179,chr14,99942125,99952762,K562_MPT_4026,ENSG00000090061.13,CCNK,protein_coding,10,0.00441,K562,KARR-seq
chr6,68585750,68609380,K562_SE_605,chrX,64882537,64892537,K562_MPT_13474,ENSG00000147065.12,MSN,protein_coding,8,0.00441,K562,KARR-seq
chr11,65235059,65278329,K562_SE_179,chr13,64645144,64655144,K562_MPT_3577,ENSG00000227674.1,LINC00355,lncRNA,9,0.00442,K562,KARR-seq
chr11,65235059,65278329,K562_SE_179,chr1,111984420,111997106,K562_MPT_738,ENSG00000200344.1,Y_RNA,misc_RNA,13,0.00444,K562,KARR-seq
chr11,65235059,65278329,K562_SE_179,chr8,26144007,26155999,K562_MPT_12305,ENSG00000221914.4,PPP2R2A,protein_coding,10,0.00444,K562,KARR-seq
chr6,68585750,68609380,K562_SE_605,chr1,90281427,90292480,K562_MPT_646,ENSG00000171492.10,LRRC8D,protein_coding,9,0.00444,K562,KARR-seq
chr11,65235059,65278329,K562_SE_179,chr18,9907846,9928917,K562_MPT_5989,ENSG00000272799.1,RP11-474N24.6,lncRNA,36,0.00463,K562,KARR-seq
chr11,65235059,65278329,K562_SE_179,chr7,148931742,148941742,K562_MPT_12148,ENSG00000170260.4,ZNF212,protein_coding,8,0.00463,K562,KARR-seq
chr11,65235059,65278329,K562_SE_179,chr7,132761800,132772589,K562_MPT_12073,ENSG00000272292.1,U6,snRNA,11,0.00465,K562,KARR-seq
chr11,65235059,65278329,K562_SE_179,chr11,117964758,117974758,K562_MPT_2609,ENSG00000137648.12,TMPRSS4,protein_coding,8,0.00466,K562,KARR-seq
chr11,65235059,65278329,K562_SE_179,chr2,242287519,242300712,K562_MPT_7979,ENSG00000006607.9,FARP2,protein_coding,8,0.00468,K562,KARR-seq
chr11,65235059,65278329,K562_SE_179,chr11,10310754,10331924,K562_MPT_2061,ENSG00000148926.5,ADM,protein_coding,8,0.00468,K562,KARR-seq
chr11,65235059,65278329,K562_SE_179,chrX,122643324,122653324,K562_MPT_13608,ENSG00000179101.5,RP11-349N19.2,pseudogene,8,0.00468,K562,KARR-seq
chr11,65235059,65278329,K562_SE_179,chr4,44850,58210,K562_MPT_9618,ENSG00000248302.2,Z95704.4,pseudogene,114,0.0048,K562,KARR-seq
chr6,86384334,86390564,K562_SE_609,chr6,149862174,149872174,K562_MPT_11412,ENSG00000131013.3,PPIL4,protein_coding,7,0.00491,K562,KARR-seq
chr11,65167965,65217131,K562_SE_178,chr7,156680681,156690924,K562_MPT_12195,ENSG00000105983.15,LMBR1,protein_coding,8,0.00508,K562,KARR-seq
chr1,150576644,150613992,K562_SE_71,chr16,88765025,88777997,K562_MPT_5141,ENSG00000158717.6,RNF166,protein_coding,7,0.00508,K562,KARR-seq
chr20,47458073,47504728,K562_TE_13301,chr19,11195038,11206275,K562_MPT_6378,ENSG00000130164.7,LDLR,protein_coding,7,0.00513,K562,KARR-seq
chr16,89505998,89551616,K562_TE_8654,chr16,30532910,30554552,K562_MPT_4859,ENSG00000235560.3,AC002310.12,lncRNA,7,0.00513,K562,KARR-seq
chr4,80118827,80146681,K562_SE_517,chr5,36871861,36890308,K562_MPT_10217,ENSG00000164190.12,NIPBL,protein_coding,7,0.00515,K562,KARR-seq
chr1,90329507,90423245,K562_SE_51,chr11,119229917,119257545,K562_MPT_2637,ENSG00000254740.2,RP11-334E6.3,lncRNA,7,0.00515,K562,KARR-seq
chr6,28632682,28871154,K562_SE_587,chr19,38795283,38815484,K562_MPT_6673,ENSG00000167645.12,YIF1B,protein_coding,7,0.00517,K562,KARR-seq
chr2,55225058,55267805,K562_TE_11460,chr1,154970127,154980295,K562_MPT_941,ENSG00000160685.9,ZBTB7B,protein_coding,7,0.00523,K562,KARR-seq
chr10,75715341,75838968,K562_SE_145,chr3,51991908,52022553,K562_MPT_9100,ENSG00000114779.15,ABHD14B,protein_coding,7,0.00539,K562,KARR-seq
chr5,126297433,126361662,K562_SE_542,chr17,60137643,60147643,K562_MPT_5732,ENSG00000108510.5,MED13,protein_coding,7,0.00539,K562,KARR-seq
chr11,65235059,65278329,K562_SE_179,chr5,108714226,108724226,K562_MPT_10418,ENSG00000198961.5,PJA2,protein_coding,10,0.00544,K562,KARR-seq
chr19,28942803,29111036,K562_SE_341,chrX,151138143,151148151,K562_MPT_13682,ENSG00000102287.12,GABRE,protein_coding,15,0.0055,K562,RIC-seq
chr11,65235059,65278329,K562_SE_179,chr1,6252817,6274449,K562_MPT_68,ENSG00000116251.5,RPL22,protein_coding,32,0.00553,K562,KARR-seq
chr11,65167965,65217131,K562_SE_178,chr14,31338749,31348970,K562_MPT_3749,ENSG00000100473.11,COCH,protein_coding,9,0.00553,K562,KARR-seq
chr17,20769482,20780745,K562_TE_8907,chr10,43887279,43897794,K562_MPT_1585,ENSG00000169813.12,HNRNPF,protein_coding,7,0.00553,K562,KARR-seq
chr13,91998935,92021979,K562_SE_218,chr20,62487566,62501647,K562_MPT_8359,ENSG00000101150.13,TPD52L2,protein_coding,7,0.00555,K562,KARR-seq
chr16,88938381,88973032,K562_TE_8642,chr5,180660195,180695635,K562_MPT_10749,ENSG00000233937.2,CTC-338M12.4,lncRNA,7,0.00559,K562,KARR-seq
chr1,26989411,27048025,K562_SE_24,chr15,30912976,30923879,K562_MPT_4134,ENSG00000247728.2,RP11-932O9.7,lncRNA,7,0.00561,K562,KARR-seq
chr6,158973180,158999000,K562_TE_19268,chr16,30070493,30092546,K562_MPT_4846,ENSG00000149925.12,ALDOA,protein_coding,7,0.00561,K562,KARR-seq
chr16,67796877,67817682,K562_TE_8427,chr8,126958394,126968493,K562_MPT_12613,ENSG00000245164.2,LINC00861,lncRNA,7,0.00566,K562,KARR-seq
chr6,148017072,148034957,K562_TE_19152,chr6,43585541,43617783,K562_MPT_11110,ENSG00000172432.14,GTPBP2,protein_coding,7,0.00566,K562,KARR-seq
chr2,112101213,112291868,K562_SE_378,chr4,71562472,71575518,K562_MPT_9822,ENSG00000207448.1,RNU6-520P,snRNA,7,0.00568,K562,KARR-seq
chr9,139619943,139624993,K562_TE_22624,chr7,32524712,32540322,K562_MPT_11647,ENSG00000105778.13,AVL9,protein_coding,7,0.00568,K562,KARR-seq
chr20,17937434,17955200,K562_TE_13008,chr17,40434565,40445561,K562_MPT_5528,ENSG00000126561.12,STAT5A,protein_coding,7,0.00572,K562,KARR-seq
chr2,65568551,65649332,K562_SE_368,chr16,28930521,28952847,K562_MPT_4822,ENSG00000177455.7,CD19,protein_coding,7,0.00577,K562,KARR-seq
chr10,11916377,11968192,K562_SE_121,chr5,43478938,43489174,K562_MPT_10244,ENSG00000249492.1,RP11-159F24.3,lncRNA,7,0.00578,K562,KARR-seq
chr6,15253980,15391637,K562_SE_569,chr10,102101147,102111881,K562_MPT_1834,ENSG00000099194.5,SCD,protein_coding,7,0.0058,K562,KARR-seq
chr9,136112608,136160631,K562_SE_735,chr3,196040159,196050277,K562_MPT_9590,ENSG00000213123.6,TCTEX1D2,protein_coding,11,0.00586,K562,RIC-seq
chr3,136335245,136446485,K562_TE_15197,chr2,201975827,202002707,K562_MPT_7825,ENSG00000003402.15,CFLAR,protein_coding,7,0.00586,K562,KARR-seq
chr6,158249402,158288821,K562_SE_630,chr4,40187673,40206964,K562_MPT_9761,ENSG00000168421.8,RHOH,protein_coding,7,0.00586,K562,KARR-seq
chr10,11916377,11968192,K562_SE_121,chr1,155154748,155219490,K562_MPT_948,ENSG00000185499.12,MUC1,protein_coding,7,0.00586,K562,KARR-seq
chr2,38689285,38714124,K562_TE_11315,chr1,155934520,155953890,K562_MPT_960,ENSG00000273002.1,RP11-336K24.12,lncRNA,7,0.00586,K562,KARR-seq
chr2,168793675,168821083,K562_SE_387,chr19,55533990,55554632,K562_MPT_6998,ENSG00000267265.1,CTC-550B14.7,lncRNA,7,0.00586,K562,KARR-seq
chr3,6548808,6584670,K562_TE_14302,chr17,73770367,73786567,K562_MPT_5829,ENSG00000263565.1,MIR4738,miRNA,7,0.00586,K562,KARR-seq
chr4,79684477,79738669,K562_TE_16199,chr15,90539624,90554987,K562_MPT_4536,ENSG00000265871.1,MIR3174,miRNA,7,0.00586,K562,KARR-seq
chr1,109626153,109650176,K562_TE_1184,chr15,91440448,91455618,K562_MPT_4550,ENSG00000196547.10,MAN2A2,protein_coding,7,0.00586,K562,KARR-seq
chr1,8904567,8932599,K562_TE_117,chr15,96860874,96881490,K562_MPT_4563,ENSG00000222651.1,MIR1469,miRNA,7,0.00587,K562,KARR-seq
chr6,35613993,35649387,K562_TE_18406,chr18,12986172,12996361,K562_MPT_6008,ENSG00000101639.14,CEP192,protein_coding,7,0.00587,K562,KARR-seq
chr12,111831442,111884186,K562_TE_5584,chr16,88765025,88777997,K562_MPT_5141,ENSG00000158717.6,RNF166,protein_coding,7,0.00587,K562,KARR-seq
chr18,75695246,75705676,K562_TE_10150,chr1,43419500,43429775,K562_MPT_452,ENSG00000117394.15,SLC2A1,protein_coding,7,0.00587,K562,KARR-seq
chr6,34237593,34354985,K562_SE_593,chr17,8085493,8118916,K562_MPT_5263,ENSG00000178999.8,AURKB,protein_coding,7,0.00587,K562,KARR-seq
chr8,130452382,130513523,K562_TE_21615,chr16,31039210,31049812,K562_MPT_4874,ENSG00000103496.10,STX4,protein_coding,7,0.00589,K562,KARR-seq
chr17,31110747,31179005,K562_TE_9008,chr19,908231,933817,K562_MPT_6176,ENSG00000198858.5,R3HDM4,protein_coding,7,0.00589,K562,KARR-seq
chr4,2569385,2620033,K562_TE_15760,chr22,17512460,17523176,K562_MPT_8523,ENSG00000237438.2,CECR7,lncRNA,7,0.00589,K562,KARR-seq
chr3,176855948,176909086,K562_TE_15500,chr10,75527049,75550420,K562_MPT_1719,ENSG00000196968.6,FUT11,protein_coding,7,0.00589,K562,KARR-seq
chr1,16104375,16163662,K562_SE_9,chr11,82863030,82873201,K562_MPT_2501,ENSG00000165494.6,PCF11,protein_coding,7,0.00589,K562,KARR-seq
chr8,130452382,130513523,K562_TE_21615,chr7,158657137,158667137,K562_MPT_12206,ENSG00000126870.11,WDR60,protein_coding,7,0.00589,K562,KARR-seq
chr6,16245298,16278427,K562_SE_574,chr8,106325920,106336771,K562_MPT_12562,ENSG00000169946.9,ZFPM2,protein_coding,7,0.00595,K562,KARR-seq
chr20,56975923,57009005,K562_TE_13390,chr3,9428506,9445263,K562_MPT_8872,ENSG00000206573.4,SETD5-AS1,lncRNA,7,0.00596,K562,KARR-seq
chr16,88938381,88973032,K562_TE_8642,chr20,33860830,33878054,K562_MPT_8156,ENSG00000126005.11,MMP24-AS1,lncRNA,7,0.00597,K562,KARR-seq
chr6,4837078,4880558,K562_TE_18048,chr17,62482640,62511361,K562_MPT_5757,ENSG00000258890.2,CEP95,protein_coding,7,0.00597,K562,KARR-seq
chr5,10689205,10739844,K562_SE_528,chr12,31876944,31887108,K562_MPT_2868,ENSG00000151743.6,AMN1,protein_coding,7,0.00597,K562,KARR-seq
chr10,75715341,75838968,K562_SE_145,chr11,74806636,74816636,K562_MPT_2457,ENSG00000137491.10,SLCO2B1,protein_coding,7,0.00597,K562,KARR-seq
chr7,103519896,103563109,K562_TE_20234,chr6,27853570,27870344,K562_MPT_10914,ENSG00000233224.1,HIST1H2AM,protein_coding,7,0.00598,K562,KARR-seq
chrX,44744256,44832026,K562_TE_22892,chr6,125278691,125289185,K562_MPT_11325,ENSG00000146373.12,RNF217,protein_coding,7,0.00598,K562,KARR-seq
chr17,64326920,64382795,K562_TE_9471,chr1,36330409,36353810,K562_MPT_375,ENSG00000271164.1,RP4-789D17.4,pseudogene,7,0.00598,K562,KARR-seq
chr1,15093392,15127998,K562_SE_7,chr7,150015252,150025814,K562_MPT_12160,ENSG00000127399.10,LRRC61,protein_coding,7,0.00598,K562,KARR-seq
chr16,12851714,12867485,K562_TE_7990,chr16,85640015,85651958,K562_MPT_5120,ENSG00000131149.13,GSE1,protein_coding,7,0.00598,K562,KARR-seq
chr11,65235059,65278329,K562_SE_179,chr10,17491329,17501329,K562_MPT_1510,ENSG00000148488.11,ST8SIA6,protein_coding,31,0.00604,K562,KARR-seq
chr11,65235059,65278329,K562_SE_179,chr20,44713591,44723591,K562_MPT_8239,ENSG00000124160.7,NCOA5,protein_coding,10,0.00608,K562,KARR-seq
chr6,86384334,86390564,K562_SE_609,chr2,71553858,71563912,K562_MPT_7380,ENSG00000075292.14,ZNF638,protein_coding,7,0.00609,K562,KARR-seq
chr16,373646,393108,K562_TE_7841,chr11,5521834,5536215,K562_MPT_2030,ENSG00000175520.8,UBQLN3,protein_coding,7,0.00609,K562,KARR-seq
chr1,143449745,143468119,K562_SE_62,chr6,15240231,15254143,K562_MPT_10836,ENSG00000008083.9,JARID2,protein_coding,7,0.0061,K562,KARR-seq
chr3,6548808,6584670,K562_TE_14302,chr19,7689451,7707013,K562_MPT_6313,ENSG00000174788.5,PCP2,protein_coding,7,0.00614,K562,KARR-seq
chr11,65235059,65278329,K562_SE_179,chr6,3434652,3450247,K562_MPT_10778,ENSG00000137266.10,SLC22A23,protein_coding,9,0.00615,K562,KARR-seq
chr1,246294272,246388032,K562_SE_112,chr2,220374052,220386599,K562_MPT_7903,ENSG00000072182.8,ASIC4,protein_coding,7,0.00636,K562,KARR-seq
chr17,37509140,37543293,K562_TE_9083,chr12,57903933,57948827,K562_MPT_3069,ENSG00000175203.11,DCTN2,protein_coding,7,0.00636,K562,KARR-seq
chr11,78057964,78112641,K562_TE_4288,chr2,38822168,38835178,K562_MPT_7223,ENSG00000235586.1,AC011247.3,lncRNA,7,0.00649,K562,KARR-seq
chr3,46967847,47013803,K562_SE_467,chr9,138848226,138858226,K562_MPT_13217,ENSG00000130560.4,UBAC1,protein_coding,7,0.00653,K562,KARR-seq
chr11,65235059,65278329,K562_SE_179,chr12,110429029,110442328,K562_MPT_3249,ENSG00000139436.16,GIT2,protein_coding,9,0.00654,K562,KARR-seq
chr11,65167965,65217131,K562_SE_178,chr19,18106941,18123977,K562_MPT_6509,ENSG00000105643.5,ARRDC2,protein_coding,9,0.00654,K562,KARR-seq
chr17,20769482,20780745,K562_TE_8907,chr11,64032534,64090654,K562_MPT_2298,ENSG00000200344.1,Y_RNA,misc_RNA,7,0.00655,K562,KARR-seq
chrX,13292451,13322252,K562_TE_22728,chr20,17938589,17954758,K562_MPT_8065,ENSG00000125871.9,MGME1,protein_coding,7,0.00657,K562,KARR-seq
chr17,16331212,16347829,K562_SE_293,chr13,97868688,97879609,K562_MPT_3610,ENSG00000139793.14,MBNL2,protein_coding,7,0.00658,K562,KARR-seq
chr16,23853484,23934208,K562_SE_269,chr3,44514162,44524162,K562_MPT_9015,ENSG00000185219.11,ZNF445,protein_coding,7,0.00658,K562,KARR-seq
chr22,23528183,23591207,K562_SE_441,chr1,227499883,227511175,K562_MPT_1326,ENSG00000143776.14,CDC42BPA,protein_coding,7,0.00659,K562,KARR-seq
chr11,65235059,65278329,K562_SE_179,chr1,61537946,61559084,K562_MPT_557,ENSG00000263380.1,AC096534.1,miRNA,9,0.0066,K562,KARR-seq
chr1,246267724,246281298,K562_TE_2397,chr8,126958394,126968493,K562_MPT_12613,ENSG00000245164.2,LINC00861,lncRNA,7,0.00664,K562,KARR-seq
chr16,85548387,85639758,K562_SE_284,chr1,234737754,234750271,K562_MPT_1369,ENSG00000168264.6,IRF2BP2,protein_coding,7,0.00666,K562,KARR-seq
chr11,65235059,65278329,K562_SE_179,chr11,34447427,34465472,K562_MPT_2150,ENSG00000121691.4,CAT,protein_coding,9,0.00673,K562,KARR-seq
chr11,65167965,65217131,K562_SE_178,chr17,80398806,80421751,K562_MPT_5931,ENSG00000265458.1,RP13-20L14.6,lncRNA,12,0.00676,K562,KARR-seq
chr3,6548808,6584670,K562_TE_14302,chr2,65449887,65459971,K562_MPT_7332,ENSG00000138071.9,ACTR2,protein_coding,7,0.00682,K562,KARR-seq
chr16,88509252,88598161,K562_SE_287,chr16,58653690,58668790,K562_MPT_4976,ENSG00000125107.12,CNOT1,protein_coding,7,0.00682,K562,KARR-seq
chr11,65167965,65217131,K562_SE_178,chr21,26974796,26984829,K562_MPT_8400,ENSG00000154719.9,MRPL39,protein_coding,7,0.00685,K562,KARR-seq
chr6,68585750,68609380,K562_SE_605,chr17,73883230,73910899,K562_MPT_5832,ENSG00000141569.6,TRIM65,protein_coding,12,0.00687,K562,KARR-seq
chr11,65235059,65278329,K562_SE_179,chr4,190855896,190867056,K562_MPT_10137,ENSG00000245685.2,AF146191.4,lncRNA,12,0.00689,K562,KARR-seq
chr11,65235059,65278329,K562_SE_179,chr18,9609285,9623070,K562_MPT_5984,ENSG00000154845.11,PPP4R1,protein_coding,15,0.00692,K562,RIC-seq
chr21,36270273,36415020,K562_SE_426,chr17,62482640,62511361,K562_MPT_5757,ENSG00000258890.2,CEP95,protein_coding,7,0.00692,K562,KARR-seq
chr11,65235059,65278329,K562_SE_179,chr8,66745983,66759987,K562_MPT_12427,ENSG00000272192.1,CTD-2532N20.1,lncRNA,12,0.00693,K562,KARR-seq
chr19,3371575,3397344,K562_TE_10239,chr4,44850,58210,K562_MPT_9618,ENSG00000248302.2,Z95704.4,pseudogene,7,0.00698,K562,KARR-seq
chr10,72497904,72519931,K562_SE_140,chr12,46754090,46771650,K562_MPT_2904,ENSG00000134294.9,SLC38A2,protein_coding,7,0.00706,K562,KARR-seq
chr16,23853484,23934208,K562_SE_269,chr16,15656840,15666840,K562_MPT_4735,ENSG00000166780.6,C16orf45,protein_coding,7,0.00706,K562,KARR-seq
chr22,22170419,22216528,K562_SE_440,chr17,40163716,40178394,K562_MPT_5523,ENSG00000168256.13,NKIRAS2,protein_coding,7,0.00707,K562,KARR-seq
chr11,65235059,65278329,K562_SE_179,chr15,93438058,93452703,K562_MPT_4559,ENSG00000173575.14,CHD2,protein_coding,15,0.00708,K562,KARR-seq
chr17,40392872,40475968,K562_SE_305,chr19,39133310,39143378,K562_MPT_6682,ENSG00000130402.7,ACTN4,protein_coding,7,0.0071,K562,KARR-seq
chr1,150576644,150613992,K562_SE_71,chr1,76246879,76267567,K562_MPT_602,ENSG00000207241.1,SNORD45A,snoRNA,7,0.00721,K562,KARR-seq
chr1,28897644,28917048,K562_TE_432,chr7,120711632,120728867,K562_MPT_12018,ENSG00000106034.13,CPED1,protein_coding,9,0.00723,K562,KARR-seq
chr10,22881071,22995526,K562_SE_125,chrX,48630385,48649981,K562_MPT_13400,ENSG00000207367.1,RNU6-29P,snRNA,7,0.00728,K562,KARR-seq
chr6,167342174,167365053,K562_TE_19335,chr11,5521834,5536215,K562_MPT_2030,ENSG00000175520.8,UBQLN3,protein_coding,7,0.0073,K562,KARR-seq
chr3,6548808,6584670,K562_TE_14302,chr12,122102560,122112560,K562_MPT_3337,ENSG00000139714.8,MORN3,protein_coding,7,0.00746,K562,KARR-seq
chr6,15551873,15629523,K562_SE_570,chr16,89038401,89055440,K562_MPT_5146,ENSG00000129993.10,CBFA2T3,protein_coding,7,0.00749,K562,KARR-seq
chrX,48562561,48655638,K562_SE_743,chr9,139549873,139570054,K562_MPT_13227,ENSG00000199161.1,MIR126,miRNA,7,0.0075,K562,KARR-seq
chr3,138392645,138415675,K562_TE_15211,chr6,26119138,26129431,K562_MPT_10875,ENSG00000180573.8,HIST1H2AC,protein_coding,7,0.0075,K562,KARR-seq
chr6,68585750,68609380,K562_SE_605,chr1,247237057,247247057,K562_MPT_1419,ENSG00000135747.7,ZNF670,protein_coding,7,0.00753,K562,KARR-seq
chr8,128806089,129118955,K562_SE_701,chr5,176931827,176949470,K562_MPT_10705,ENSG00000146094.9,DOK3,protein_coding,7,0.00754,K562,KARR-seq
chr8,130452382,130513523,K562_TE_21615,chr20,48325415,48335415,K562_MPT_8259,ENSG00000158470.5,B4GALT5,protein_coding,7,0.00754,K562,KARR-seq
chr15,66880235,66981717,K562_SE_249,chr1,43277475,43300586,K562_MPT_449,ENSG00000177868.7,CCDC23,protein_coding,7,0.00754,K562,KARR-seq
chr5,53545021,53626040,K562_SE_532,chr1,65715145,65725145,K562_MPT_572,ENSG00000116675.11,DNAJC6,protein_coding,7,0.00758,K562,KARR-seq
chr19,28942803,29111036,K562_SE_341,chr8,52803934,52817294,K562_MPT_12390,ENSG00000168300.9,PCMTD1,protein_coding,7,0.0076,K562,KARR-seq
chr8,130452382,130513523,K562_TE_21615,chrX,154028672,154038802,K562_MPT_13719,ENSG00000130830.10,MPP1,protein_coding,7,0.00768,K562,KARR-seq
chr8,130546590,130605033,K562_SE_702,chr19,7689451,7707013,K562_MPT_6313,ENSG00000174788.5,PCP2,protein_coding,7,0.0077,K562,KARR-seq
chr11,65167965,65217131,K562_SE_178,chr22,26870347,26884843,K562_MPT_8629,ENSG00000100104.8,SRRD,protein_coding,7,0.0077,K562,KARR-seq
chr11,65235059,65278329,K562_SE_179,chr1,1158976,1172629,K562_MPT_25,ENSG00000176022.3,B3GALT6,protein_coding,10,0.00778,K562,KARR-seq
chr1,28897644,28917048,K562_TE_432,chr12,57488577,57510216,K562_MPT_3060,ENSG00000166888.6,STAT6,protein_coding,7,0.0078,K562,KARR-seq
chr2,87738949,87854483,K562_SE_373,chr21,46288606,46298752,K562_MPT_8498,ENSG00000183255.7,PTTG1IP,protein_coding,7,0.00783,K562,KARR-seq
chr12,118725281,118786082,K562_TE_5662,chr4,44850,58210,K562_MPT_9618,ENSG00000248302.2,Z95704.4,pseudogene,7,0.00804,K562,KARR-seq
chr8,130546590,130605033,K562_SE_702,chr12,53394942,53410888,K562_MPT_2987,ENSG00000063046.13,EIF4B,protein_coding,7,0.00808,K562,KARR-seq
chr11,65235059,65278329,K562_SE_179,chr6,20397398,20409034,K562_MPT_10855,ENSG00000112242.10,E2F3,protein_coding,34,0.00863,K562,KARR-seq
chr11,65235059,65278329,K562_SE_179,chr7,86776598,86786947,K562_MPT_11847,ENSG00000135164.14,DMTF1,protein_coding,26,0.00863,K562,KARR-seq
chr11,65235059,65278329,K562_SE_179,chr12,56490115,56528403,K562_MPT_3037,ENSG00000170515.9,PA2G4,protein_coding,26,0.00863,K562,KARR-seq
chr11,65235059,65278329,K562_SE_179,chr1,116910290,116931718,K562_MPT_769,ENSG00000163399.11,ATP1A1,protein_coding,21,0.00863,K562,KARR-seq
chr11,65235059,65278329,K562_SE_179,chr1,235485665,235497344,K562_MPT_1378,ENSG00000054267.16,ARID4B,protein_coding,16,0.00863,K562,KARR-seq
chr6,68585750,68609380,K562_SE_605,chr19,56141382,56171431,K562_MPT_7018,ENSG00000171425.5,ZNF581,protein_coding,15,0.00863,K562,KARR-seq
chr11,65235059,65278329,K562_SE_179,chr14,23535747,23545826,K562_MPT_3710,ENSG00000100813.10,ACIN1,protein_coding,14,0.00863,K562,KARR-seq
chr11,65167965,65217131,K562_SE_178,chr5,36871861,36890308,K562_MPT_10217,ENSG00000164190.12,NIPBL,protein_coding,13,0.00863,K562,KARR-seq
chr11,65235059,65278329,K562_SE_179,chr7,112425434,112435647,K562_MPT_11995,ENSG00000146802.8,TMEM168,protein_coding,13,0.00863,K562,KARR-seq
chr11,65235059,65278329,K562_SE_179,chr12,6670623,6682857,K562_MPT_2741,ENSG00000111641.6,NOP2,protein_coding,12,0.00863,K562,KARR-seq
chr11,65235059,65278329,K562_SE_179,chr22,29972063,29982326,K562_MPT_8650,ENSG00000184117.7,NIPSNAP1,protein_coding,11,0.00863,K562,KARR-seq
chr11,65235059,65278329,K562_SE_179,chr2,233557015,233567062,K562_MPT_7942,ENSG00000204120.10,GIGYF2,protein_coding,11,0.00863,K562,KARR-seq
chr11,65235059,65278329,K562_SE_179,chr22,29658717,29669315,K562_MPT_8645,ENSG00000182944.13,EWSR1,protein_coding,10,0.00863,K562,KARR-seq
chr11,65235059,65278329,K562_SE_179,chr1,10453649,10464689,K562_MPT_112,ENSG00000142657.16,PGD,protein_coding,10,0.00863,K562,KARR-seq
chr11,65235059,65278329,K562_SE_179,chr11,82606017,82617784,K562_MPT_2498,ENSG00000137509.6,PRCP,protein_coding,10,0.00863,K562,KARR-seq
chr6,68585750,68609380,K562_SE_605,chr17,72859754,72883834,K562_MPT_5804,ENSG00000172782.7,FADS6,protein_coding,9,0.00863,K562,KARR-seq
chr2,145188334,145270092,K562_SE_382,chr6,147518603,147532110,K562_MPT_11407,ENSG00000233452.2,STXBP5-AS1,lncRNA,9,0.00863,K562,KARR-seq
chr16,85548387,85639758,K562_SE_284,chr22,20051685,20078581,K562_MPT_8554,ENSG00000221366.1,MIR1306,miRNA,9,0.00863,K562,KARR-seq
chr11,65235059,65278329,K562_SE_179,chr11,28124795,28136859,K562_MPT_2124,ENSG00000169519.15,METTL15,protein_coding,9,0.00863,K562,KARR-seq
chr11,65167965,65217131,K562_SE_178,chr9,130684770,130707015,K562_MPT_13121,ENSG00000136908.13,DPM2,protein_coding,9,0.00863,K562,KARR-seq
chr11,65235059,65278329,K562_SE_179,chr2,238964530,238974732,K562_MPT_7957,ENSG00000132330.12,SCLY,protein_coding,9,0.00863,K562,KARR-seq
chr6,68585750,68609380,K562_SE_605,chr18,9097628,9109080,K562_MPT_5979,ENSG00000265257.1,RP11-21J18.1,lncRNA,9,0.00863,K562,KARR-seq
chr11,65235059,65278329,K562_SE_179,chr19,10357577,10370296,K562_MPT_6355,ENSG00000105364.9,MRPL4,protein_coding,9,0.00863,K562,KARR-seq
chr15,66880235,66981717,K562_SE_249,chr6,43585541,43617783,K562_MPT_11110,ENSG00000172432.14,GTPBP2,protein_coding,8,0.00863,K562,KARR-seq
chr6,68585750,68609380,K562_SE_605,chr11,65298736,65331401,K562_MPT_2332,ENSG00000168056.10,LTBP3,protein_coding,8,0.00863,K562,KARR-seq
chr3,6548808,6584670,K562_TE_14302,chr1,173827386,173843094,K562_MPT_1095,ENSG00000270084.1,GAS5-AS1,lncRNA,8,0.00863,K562,KARR-seq
chr11,65235059,65278329,K562_SE_179,chr16,71485733,71501998,K562_MPT_5048,ENSG00000247324.2,RP11-510M2.2,lncRNA,8,0.00863,K562,KARR-seq
chr11,65235059,65278329,K562_SE_179,chr2,231911755,231926608,K562_MPT_7930,ENSG00000173692.8,PSMD1,protein_coding,8,0.00863,K562,KARR-seq
chr6,68585750,68609380,K562_SE_605,chr11,73877029,73887388,K562_MPT_2447,ENSG00000214517.4,PPME1,protein_coding,8,0.00863,K562,KARR-seq
chr11,65235059,65278329,K562_SE_179,chr10,17238579,17248850,K562_MPT_1507,ENSG00000107614.17,TRDMT1,protein_coding,8,0.00863,K562,KARR-seq
chr11,65167965,65217131,K562_SE_178,chr1,149799109,149837714,K562_MPT_869,ENSG00000183558.5,HIST2H2AA3,protein_coding,8,0.00863,K562,KARR-seq
chr11,65167965,65217131,K562_SE_178,chr1,171446046,171459695,K562_MPT_1083,ENSG00000239166.1,snoU13,snoRNA,8,0.00863,K562,KARR-seq
chr6,68585750,68609380,K562_SE_605,chr5,177014159,177036313,K562_MPT_10708,ENSG00000184840.7,TMED9,protein_coding,8,0.00863,K562,KARR-seq
chr11,65167965,65217131,K562_SE_178,chr11,68223186,68233281,K562_MPT_2398,ENSG00000110075.10,PPP6R3,protein_coding,8,0.00863,K562,KARR-seq
chr6,68585750,68609380,K562_SE_605,chr4,87923140,87933421,K562_MPT_9893,ENSG00000172493.16,AFF1,protein_coding,7,0.00863,K562,KARR-seq
chrX,11290563,11437956,K562_SE_739,chr17,27029902,27079670,K562_MPT_5389,ENSG00000264577.1,AC010761.8,lncRNA,7,0.00863,K562,KARR-seq
chr18,756567,807069,K562_TE_9733,chr21,11164720,11174788,K562_MPT_8371,ENSG00000271308.1,AP003900.6,lncRNA,7,0.00863,K562,KARR-seq
chr15,66880235,66981717,K562_SE_249,chr9,126025843,126035855,K562_MPT_13081,ENSG00000165209.14,STRBP,protein_coding,7,0.00863,K562,KARR-seq
chr6,68585750,68609380,K562_SE_605,chr6,159234043,159245444,K562_MPT_11453,ENSG00000233893.1,EZR-AS1,lncRNA,7,0.00863,K562,KARR-seq
chr11,65235059,65278329,K562_SE_179,chr2,203874602,203884602,K562_MPT_7842,ENSG00000144426.14,NBEAL1,protein_coding,7,0.00863,K562,KARR-seq
chr16,23853484,23934208,K562_SE_269,chr17,47069774,47080108,K562_MPT_5644,ENSG00000250838.1,RP11-501C14.5,lncRNA,7,0.00863,K562,KARR-seq
chr11,65235059,65278329,K562_SE_179,chr8,86014382,86025897,K562_MPT_12476,ENSG00000133739.11,LRRCC1,protein_coding,7,0.00863,K562,KARR-seq
chr22,22170419,22216528,K562_SE_440,chr1,155934520,155953890,K562_MPT_960,ENSG00000273002.1,RP11-336K24.12,lncRNA,7,0.00863,K562,KARR-seq
chr11,65235059,65278329,K562_SE_179,chr7,95059510,95069510,K562_MPT_11879,ENSG00000105854.8,PON2,protein_coding,7,0.00863,K562,KARR-seq
chr22,17066736,17097786,K562_SE_431,chr17,40415605,40433725,K562_MPT_5527,ENSG00000236194.2,AC003104.1,lncRNA,7,0.00863,K562,KARR-seq
chr1,16104375,16163662,K562_SE_9,chr11,120202787,120212946,K562_MPT_2643,ENSG00000196914.4,ARHGEF12,protein_coding,6,0.00863,K562,KARR-seq
chr22,48026930,48041836,K562_TE_14244,chr8,42388447,42402069,K562_MPT_12375,ENSG00000168575.5,SLC20A2,protein_coding,6,0.00863,K562,KARR-seq
chr1,43388136,43495314,K562_SE_38,chrX,48109752,48119752,K562_MPT_13387,ENSG00000126752.7,SSX1,protein_coding,6,0.00863,K562,KARR-seq
chr10,119022216,119039392,K562_TE_3384,chr6,167355151,167375672,K562_MPT_11475,ENSG00000197146.2,AL133458.1,pseudogene,6,0.00863,K562,KARR-seq
chr2,113550760,113572291,K562_TE_11941,chr6,43585541,43617783,K562_MPT_11110,ENSG00000172432.14,GTPBP2,protein_coding,6,0.00863,K562,KARR-seq
chr6,157875968,157957226,K562_SE_629,chr1,24962722,24980417,K562_MPT_236,ENSG00000133226.12,SRRM1,protein_coding,6,0.00863,K562,KARR-seq
chr1,246294272,246388032,K562_SE_112,chr13,111562353,111572416,K562_MPT_3641,ENSG00000088448.10,ANKRD10,protein_coding,6,0.00863,K562,KARR-seq
chr11,68188733,68189355,K562_TE_4128,chr13,103446357,103456561,K562_MPT_3628,ENSG00000134897.9,BIVM,protein_coding,6,0.00863,K562,KARR-seq
chr8,67830082,67847272,K562_SE_688,chr13,37568473,37579678,K562_MPT_3496,ENSG00000120697.4,ALG5,protein_coding,6,0.00863,K562,KARR-seq
chr6,20409590,20477001,K562_SE_576,chr1,39566083,39576083,K562_MPT_407,ENSG00000127603.19,MACF1,protein_coding,6,0.00863,K562,KARR-seq
chr1,227486268,227499736,K562_TE_2226,chr1,151113933,151124104,K562_MPT_894,ENSG00000143434.11,SEMA6C,protein_coding,6,0.00863,K562,KARR-seq
chr3,150439493,150470235,K562_SE_486,chr6,143994102,144004205,K562_MPT_11389,ENSG00000112419.10,PHACTR2,protein_coding,6,0.00863,K562,KARR-seq
chr14,81764795,81773174,K562_TE_6792,chr22,40435534,40446478,K562_MPT_8762,ENSG00000261202.1,RP3-496C20.1,lncRNA,6,0.00863,K562,KARR-seq
chr8,141624555,141639813,K562_TE_21665,chr11,75105530,75120465,K562_MPT_2461,ENSG00000149273.10,RPS3,protein_coding,6,0.00863,K562,KARR-seq
chr7,65388061,65394464,K562_TE_19896,chr14,50039512,50071712,K562_MPT_3792,ENSG00000200344.1,Y_RNA,misc_RNA,6,0.00863,K562,KARR-seq
chr4,174173254,174204196,K562_TE_16686,chr18,32616324,32626614,K562_MPT_6050,ENSG00000166974.8,MAPRE2,protein_coding,6,0.00863,K562,KARR-seq
chr16,89505998,89551616,K562_TE_8654,chr19,566297,580221,K562_MPT_6164,ENSG00000172270.14,BSG,protein_coding,6,0.00863,K562,KARR-seq
chr5,179431127,179435792,K562_TE_17967,chrX,118734846,118744858,K562_MPT_13592,ENSG00000186416.8,NKRF,protein_coding,6,0.00863,K562,KARR-seq
chr7,127534450,127549321,K562_TE_20419,chr12,9908497,9918497,K562_MPT_2781,ENSG00000110848.4,CD69,protein_coding,6,0.00863,K562,KARR-seq
chr8,30145401,30145668,K562_TE_20977,chr17,7102726,7174485,K562_MPT_5236,ENSG00000200344.1,Y_RNA,misc_RNA,6,0.00863,K562,KARR-seq
chr6,119572494,119605680,K562_TE_18951,chr19,56647320,56662457,K562_MPT_7021,ENSG00000167685.10,ZNF444,protein_coding,6,0.00863,K562,KARR-seq
chr1,155791235,155820632,K562_TE_1527,chrX,129035097,129045167,K562_MPT_13620,ENSG00000156697.8,UTP14A,protein_coding,6,0.00863,K562,KARR-seq
chr9,140598530,140611062,K562_TE_22646,chr16,19561562,19572048,K562_MPT_4754,ENSG00000103544.10,C16orf62,protein_coding,6,0.00863,K562,KARR-seq
chr5,61833996,61834828,K562_TE_17082,chr6,108273544,108284393,K562_MPT_11259,ENSG00000272476.1,RP1-191J18.66,lncRNA,6,0.00863,K562,KARR-seq
chr1,28897644,28917048,K562_TE_432,chr9,117151685,117165783,K562_MPT_13053,ENSG00000235119.1,RP11-9M16.2,lncRNA,6,0.00863,K562,KARR-seq
chr19,19553596,19601338,K562_SE_339,chr7,129069274,129079287,K562_MPT_12053,ENSG00000128578.5,STRIP2,protein_coding,6,0.00863,K562,KARR-seq
chr17,31110747,31179005,K562_TE_9008,chr7,65211129,65225513,K562_MPT_11761,ENSG00000228409.1,CCT6P1,pseudogene,6,0.00863,K562,KARR-seq
chr1,39677799,39699453,K562_TE_589,chr3,49832254,49856379,K562_MPT_9080,ENSG00000182179.6,UBA7,protein_coding,6,0.00863,K562,KARR-seq
chr15,85069035,85138528,K562_TE_7690,chr2,65654311,65668864,K562_MPT_7334,ENSG00000204929.7,AC074391.1,lncRNA,6,0.00863,K562,KARR-seq
chr18,9733561,9966563,K562_SE_328,chr19,35624712,35639183,K562_MPT_6622,ENSG00000221857.3,CTD-2527I21.4,lncRNA,6,0.00863,K562,KARR-seq
chr1,43388136,43495314,K562_SE_38,chr10,74028678,74040738,K562_MPT_1704,ENSG00000269926.1,RP11-442H21.2,lncRNA,6,0.00863,K562,KARR-seq
chr2,46655062,46667986,K562_TE_11395,chr1,114442450,114452823,K562_MPT_757,ENSG00000118655.4,DCLRE1B,protein_coding,6,0.00863,K562,KARR-seq
chr17,73537192,73567811,K562_TE_9572,chr6,147518603,147532110,K562_MPT_11407,ENSG00000233452.2,STXBP5-AS1,lncRNA,6,0.00863,K562,KARR-seq
chr12,102083988,102109300,K562_TE_5479,chr11,61555033,61568412,K562_MPT_2255,ENSG00000134824.9,FADS2,protein_coding,6,0.00863,K562,KARR-seq
chr15,34983064,35007326,K562_TE_7101,chr4,56242059,56267130,K562_MPT_9799,ENSG00000249700.4,SRD5A3-AS1,lncRNA,6,0.00863,K562,KARR-seq
chr7,65214424,65236497,K562_SE_652,chr1,35725083,35739634,K562_MPT_368,ENSG00000146463.7,ZMYM4,protein_coding,6,0.00863,K562,KARR-seq
chr1,54738490,54778001,K562_TE_818,chr1,36858493,36873460,K562_MPT_384,ENSG00000181817.5,LSM10,protein_coding,6,0.00863,K562,KARR-seq
chr12,94078489,94108311,K562_TE_5419,chr4,48678188,48688188,K562_MPT_9781,ENSG00000075539.9,FRYL,protein_coding,6,0.00863,K562,KARR-seq
chr1,41499084,41515066,K562_TE_625,chr6,27769853,27811440,K562_MPT_10912,ENSG00000197914.2,HIST1H4K,protein_coding,6,0.00863,K562,KARR-seq
chr10,72982102,73030508,K562_TE_2963,chr19,14878186,14894353,K562_MPT_6460,ENSG00000127507.13,EMR2,protein_coding,6,0.00863,K562,KARR-seq
chr6,17923681,17944855,K562_TE_18193,chr19,12194161,12212239,K562_MPT_6403,ENSG00000200344.1,Y_RNA,misc_RNA,6,0.00863,K562,KARR-seq
chr3,176855948,176909086,K562_TE_15500,chr15,78794906,78804959,K562_MPT_4453,ENSG00000188266.9,HYKK,protein_coding,6,0.00863,K562,KARR-seq
chr21,46184719,46214237,K562_TE_13713,chr6,151707683,151717683,K562_MPT_11431,ENSG00000181472.4,ZBTB2,protein_coding,6,0.00863,K562,KARR-seq
chr15,85152803,85192098,K562_TE_7691,chr1,11858302,11871977,K562_MPT_126,ENSG00000177000.6,MTHFR,protein_coding,6,0.00863,K562,KARR-seq
chr3,183233769,183257993,K562_TE_15558,chr19,1391466,1418900,K562_MPT_6189,ENSG00000248015.2,AC005329.7,lncRNA,6,0.00863,K562,KARR-seq
chr5,53545021,53626040,K562_SE_532,chr19,10300302,10310811,K562_MPT_6353,ENSG00000130816.10,DNMT1,protein_coding,6,0.00863,K562,KARR-seq
chr17,80483691,80517730,K562_TE_9710,chr11,68034415,68044457,K562_MPT_2396,ENSG00000171067.6,C11orf24,protein_coding,6,0.00863,K562,KARR-seq
chr16,81462833,81519190,K562_SE_278,chr16,48392793,48404812,K562_MPT_4917,ENSG00000196470.7,SIAH1,protein_coding,6,0.00863,K562,KARR-seq
chr1,229685661,229688853,K562_TE_2264,chr15,96860874,96881490,K562_MPT_4563,ENSG00000222651.1,MIR1469,miRNA,6,0.00863,K562,KARR-seq
chr7,110968402,110969892,K562_TE_20322,chr22,20840844,20855200,K562_MPT_8565,ENSG00000099917.13,MED15,protein_coding,6,0.00863,K562,KARR-seq
chr12,1885446,1900165,K562_TE_4690,chr11,63434084,63454045,K562_MPT_2283,ENSG00000184743.8,ATL3,protein_coding,6,0.00863,K562,KARR-seq
chr2,112101213,112291868,K562_SE_378,chrX,48809451,48832976,K562_MPT_13405,ENSG00000102057.5,KCND1,protein_coding,6,0.00863,K562,KARR-seq
chr21,47664281,47685118,K562_TE_13744,chr17,27176956,27193984,K562_MPT_5392,ENSG00000264066.3,MIR144,lncRNA,6,0.00863,K562,KARR-seq
chr20,49276320,49297356,K562_TE_13332,chr2,61756413,61770761,K562_MPT_7305,ENSG00000082898.12,XPO1,protein_coding,6,0.00863,K562,KARR-seq
chr11,3072642,3073613,K562_TE_3546,chr1,26432664,26443340,K562_MPT_252,ENSG00000175087.5,PDIK1L,protein_coding,6,0.00863,K562,KARR-seq
chr10,72497904,72519931,K562_SE_140,chr5,159822043,159832104,K562_MPT_10646,ENSG00000221886.3,C5orf54,protein_coding,6,0.00863,K562,KARR-seq
chr17,64326920,64382795,K562_TE_9471,chr8,30579527,30595136,K562_MPT_12330,ENSG00000104691.10,UBXN8,lncRNA,6,0.00863,K562,KARR-seq
chr1,12551402,12665350,K562_SE_5,chr16,20770024,20786482,K562_MPT_4759,ENSG00000005187.7,ACSM3,protein_coding,6,0.00863,K562,KARR-seq
chr18,3579714,3675890,K562_SE_325,chr10,43887279,43897794,K562_MPT_1585,ENSG00000169813.12,HNRNPF,protein_coding,6,0.00863,K562,KARR-seq
chr7,77332194,77344081,K562_TE_20039,chr5,139922251,139949476,K562_MPT_10556,ENSG00000113108.13,APBB3,protein_coding,6,0.00863,K562,KARR-seq
chr12,120977991,120988316,K562_TE_5685,chr1,156670393,156680608,K562_MPT_981,ENSG00000143320.4,CRABP2,protein_coding,6,0.00863,K562,KARR-seq
chr6,69421489,69471356,K562_TE_18636,chr13,76051250,76061250,K562_MPT_3586,ENSG00000136111.8,TBC1D4,protein_coding,6,0.00863,K562,KARR-seq
chr1,25788400,25812681,K562_TE_373,chr19,32831500,32841625,K562_MPT_6595,ENSG00000168813.12,ZNF507,protein_coding,6,0.00863,K562,KARR-seq
chr6,12021349,12045613,K562_TE_18121,chr21,45427200,45437200,K562_MPT_8488,ENSG00000160218.8,TRAPPC10,protein_coding,6,0.00863,K562,KARR-seq
chr2,66790684,66801443,K562_TE_11577,chrX,40031573,40041582,K562_MPT_13349,ENSG00000183337.12,BCOR,protein_coding,6,0.00863,K562,KARR-seq
chr8,133801097,133805572,K562_TE_21638,chr6,43585541,43617783,K562_MPT_11110,ENSG00000172432.14,GTPBP2,protein_coding,6,0.00863,K562,KARR-seq
chr6,69421489,69471356,K562_TE_18636,chr1,28990244,29000292,K562_MPT_309,ENSG00000162419.8,GMEB1,protein_coding,6,0.00863,K562,KARR-seq
chr7,135328898,135338365,K562_TE_20527,chr6,26099104,26113364,K562_MPT_10874,ENSG00000197061.3,HIST1H4C,protein_coding,6,0.00863,K562,KARR-seq
chr11,724540,763097,K562_TE_3515,chr5,180660195,180695635,K562_MPT_10749,ENSG00000233937.2,CTC-338M12.4,lncRNA,6,0.00863,K562,KARR-seq
chr1,15093392,15127998,K562_SE_7,chr17,36951158,36961379,K562_MPT_5474,ENSG00000141720.7,PIP4K2B,protein_coding,6,0.00863,K562,KARR-seq
chr14,62178046,62186657,K562_TE_6594,chr17,73196754,73206815,K562_MPT_5817,ENSG00000125450.6,NUP85,protein_coding,6,0.00863,K562,KARR-seq
chr22,49874669,49883493,K562_TE_14251,chr6,111274763,111289669,K562_MPT_11280,ENSG00000239166.1,snoU13,snoRNA,6,0.00863,K562,KARR-seq
chr22,38019850,38031389,K562_TE_14069,chr19,816952,832826,K562_MPT_6172,ENSG00000172232.5,AZU1,protein_coding,6,0.00863,K562,KARR-seq
chr5,10689205,10739844,K562_SE_528,chr1,151222179,151236539,K562_MPT_897,ENSG00000159352.11,PSMD4,protein_coding,6,0.00863,K562,KARR-seq
chr15,81437955,81467278,K562_TE_7635,chr19,19025172,19035536,K562_MPT_6535,ENSG00000105669.8,COPE,protein_coding,6,0.00863,K562,KARR-seq
chr12,95552764,95600653,K562_SE_206,chr22,19837339,19847462,K562_MPT_8548,ENSG00000215012.4,C22orf29,protein_coding,6,0.00863,K562,KARR-seq
chr10,135251551,135251826,K562_TE_3494,chr1,16673949,16683949,K562_MPT_160,ENSG00000037637.6,FBXO42,protein_coding,6,0.00863,K562,KARR-seq
chr11,78057964,78112641,K562_TE_4288,chr2,113294492,113305042,K562_MPT_7561,ENSG00000125630.11,POLR1B,protein_coding,6,0.00863,K562,KARR-seq
chr11,65057938,65070125,K562_TE_4067,chr20,356261,366941,K562_MPT_7999,ENSG00000101255.6,TRIB3,protein_coding,6,0.00863,K562,KARR-seq
chr14,61454197,61457209,K562_TE_6586,chr11,72487880,72509726,K562_MPT_2432,ENSG00000265064.1,MIR4692,miRNA,6,0.00863,K562,KARR-seq
chr13,51058730,51087610,K562_TE_6097,chr9,136852403,136862726,K562_MPT_13207,ENSG00000160293.12,VAV2,protein_coding,6,0.00863,K562,KARR-seq
chr3,4545699,4589377,K562_TE_14282,chr5,79941855,79955802,K562_MPT_10358,ENSG00000228716.2,DHFR,protein_coding,6,0.00863,K562,KARR-seq
chr16,85548387,85639758,K562_SE_284,chrX,106440807,106455378,K562_MPT_13565,ENSG00000200344.1,Y_RNA,misc_RNA,6,0.00863,K562,KARR-seq
chr20,39651973,39716249,K562_SE_406,chr3,9000186,9010457,K562_MPT_8869,ENSG00000070950.5,RAD18,protein_coding,6,0.00863,K562,KARR-seq
chr12,65012484,65032823,K562_TE_5222,chrX,47415516,47425621,K562_MPT_13380,ENSG00000078061.8,ARAF,protein_coding,6,0.00863,K562,KARR-seq
chr17,3847566,3911178,K562_TE_8716,chr16,70552103,70568412,K562_MPT_5043,ENSG00000221514.1,SNORD111B,snoRNA,6,0.00863,K562,KARR-seq
chr22,41006346,41026064,K562_TE_14143,chr8,126958394,126968493,K562_MPT_12613,ENSG00000245164.2,LINC00861,lncRNA,6,0.00863,K562,KARR-seq
chr22,19091526,19104614,K562_TE_13782,chr18,43673251,43689368,K562_MPT_6069,ENSG00000152234.11,ATP5A1,protein_coding,6,0.00863,K562,KARR-seq
chr12,111831442,111884186,K562_TE_5584,chr9,139432333,139448582,K562_MPT_13226,ENSG00000237886.1,RP11-611D20.2,lncRNA,6,0.00863,K562,KARR-seq
chr2,75067320,75092388,K562_TE_11683,chr7,99092887,99107573,K562_MPT_11902,ENSG00000160908.14,ZNF394,protein_coding,6,0.00863,K562,KARR-seq
chr1,52071709,52138059,K562_TE_764,chr21,33026813,33041619,K562_MPT_8411,ENSG00000234509.1,AP000253.1,lncRNA,6,0.00863,K562,KARR-seq
chrX,135815943,135842546,K562_TE_23288,chr9,125127824,125142601,K562_MPT_13077,ENSG00000095303.10,PTGS1,protein_coding,6,0.00863,K562,KARR-seq
chr2,55225058,55267805,K562_TE_11460,chr6,166791486,166801677,K562_MPT_11472,ENSG00000261420.1,RP1-168L15.5,lncRNA,6,0.00863,K562,KARR-seq
chr20,48671760,48725897,K562_TE_13321,chr7,92458231,92470908,K562_MPT_11868,ENSG00000237819.1,AC002454.1,lncRNA,6,0.00863,K562,KARR-seq
chr14,103149582,103163934,K562_TE_6940,chr17,38328263,38342491,K562_MPT_5499,ENSG00000108352.7,RAPGEFL1,protein_coding,6,0.00863,K562,KARR-seq
chr16,81462833,81519190,K562_SE_278,chr7,44073572,44089319,K562_MPT_11697,ENSG00000228903.2,RASA4CP,pseudogene,6,0.00863,K562,KARR-seq
chr17,55406397,55463691,K562_TE_9343,chr19,39221045,39233924,K562_MPT_6683,ENSG00000182472.4,CAPN12,protein_coding,6,0.00863,K562,KARR-seq
chr16,2703822,2737802,K562_TE_7877,chr16,2716406,2737541,K562_MPT_4641,ENSG00000167977.4,KCTD5,protein_coding,6,0.00863,K562,KARR-seq
chr9,130301445,130325295,K562_TE_22477,chr3,40489671,40503845,K562_MPT_8996,ENSG00000223797.1,ENTPD3-AS1,lncRNA,6,0.00863,K562,KARR-seq
chr14,103149582,103163934,K562_TE_6940,chr6,2956561,2977090,K562_MPT_10767,ENSG00000124570.13,SERPINB6,protein_coding,6,0.00863,K562,KARR-seq
chr3,171506361,171534374,K562_TE_15468,chr6,20397398,20409034,K562_MPT_10855,ENSG00000112242.10,E2F3,protein_coding,6,0.00863,K562,KARR-seq
chr14,73919276,73959892,K562_TE_6700,chr2,74721494,74740707,K562_MPT_7410,ENSG00000179528.11,LBX2,protein_coding,6,0.00863,K562,KARR-seq
chr19,47685342,47692425,K562_TE_10774,chr15,67542013,67552533,K562_MPT_4367,ENSG00000103599.15,IQCH,protein_coding,6,0.00863,K562,KARR-seq
chr16,11165694,11266246,K562_TE_7960,chr3,139057861,139073213,K562_MPT_9371,ENSG00000175110.7,MRPS22,protein_coding,6,0.00863,K562,KARR-seq
chr2,192677286,192734357,K562_SE_390,chr1,28581038,28591038,K562_MPT_301,ENSG00000130766.4,SESN2,protein_coding,6,0.00863,K562,KARR-seq
chr3,155532963,155564324,K562_TE_15361,chr1,206666061,206685879,K562_MPT_1223,ENSG00000136653.15,RASSF5,protein_coding,6,0.00863,K562,KARR-seq
chr8,97279878,97306255,K562_TE_21344,chr11,119179795,119199119,K562_MPT_2635,ENSG00000238934.1,ACA64,snoRNA,6,0.00863,K562,KARR-seq
chr12,93754564,93822435,K562_TE_5413,chr1,44813599,44825932,K562_MPT_468,ENSG00000117419.10,ERI3,protein_coding,6,0.00863,K562,KARR-seq
chr11,76596365,76631319,K562_TE_4265,chr1,21052668,21064373,K562_MPT_198,ENSG00000233069.1,RP5-930J4.2,lncRNA,6,0.00863,K562,KARR-seq
chr12,104801862,104808665,K562_TE_5505,chr7,98966872,98977353,K562_MPT_11898,ENSG00000130429.8,ARPC1B,protein_coding,6,0.00863,K562,KARR-seq
chr5,10261576,10331898,K562_SE_527,chr10,33239591,33257211,K562_MPT_1561,ENSG00000229656.2,RP11-462L8.1,lncRNA,6,0.00863,K562,KARR-seq
chr2,157256069,157262167,K562_TE_12187,chr6,26011607,26038796,K562_MPT_10871,ENSG00000137259.2,HIST1H2AB,protein_coding,6,0.00863,K562,KARR-seq
chr1,246148100,246176033,K562_TE_2394,chr12,122843564,122854327,K562_MPT_3350,ENSG00000130779.15,CLIP1,protein_coding,6,0.00863,K562,KARR-seq
chr2,198773865,198819349,K562_SE_391,chr1,85661729,85671729,K562_MPT_624,ENSG00000097096.8,SYDE2,protein_coding,6,0.00863,K562,KARR-seq
chr3,182613453,182692932,K562_SE_496,chr14,31338749,31348970,K562_MPT_3749,ENSG00000100473.11,COCH,protein_coding,6,0.00863,K562,KARR-seq
chr10,52069110,52199776,K562_SE_135,chr17,61911088,61937180,K562_MPT_5749,ENSG00000108604.11,SMARCD2,protein_coding,6,0.00863,K562,KARR-seq
chr7,119541305,119549080,K562_TE_20377,chr12,45604789,45614903,K562_MPT_2899,ENSG00000177119.11,ANO6,protein_coding,6,0.00863,K562,KARR-seq
chr14,102616686,102657807,K562_TE_6929,chr8,145144930,145167629,K562_MPT_12687,ENSG00000179526.12,SHARPIN,protein_coding,6,0.00863,K562,KARR-seq
chr4,79684477,79738669,K562_TE_16199,chr19,42716821,42729529,K562_MPT_6752,ENSG00000167625.6,ZNF526,protein_coding,6,0.00863,K562,KARR-seq
chr8,124201063,124210060,K562_TE_21533,chr6,119210384,119220384,K562_MPT_11312,ENSG00000111875.7,ASF1A,protein_coding,6,0.00863,K562,KARR-seq
chr11,95807633,95845533,K562_TE_4404,chr7,99711927,99733587,K562_MPT_11911,ENSG00000235077.1,AC073842.19,lncRNA,6,0.00863,K562,KARR-seq
chr6,109798784,109813453,K562_TE_18872,chr2,105649441,105659954,K562_MPT_7520,ENSG00000224509.1,AC010884.1,lncRNA,6,0.00863,K562,KARR-seq
chr15,64489461,64540799,K562_TE_7412,chr15,41619685,41630111,K562_MPT_4204,ENSG00000137804.8,NUSAP1,protein_coding,6,0.00863,K562,KARR-seq
chr7,44488854,44513093,K562_TE_19792,chr8,23076984,23093428,K562_MPT_12296,ENSG00000104689.5,TNFRSF10A,protein_coding,6,0.00863,K562,KARR-seq
chr11,68103089,68115767,K562_TE_4126,chr3,12876949,12888087,K562_MPT_8907,ENSG00000207496.1,SNORA7A,snoRNA,6,0.00863,K562,KARR-seq
chr2,87946484,87962617,K562_TE_11759,chr11,65680831,65692195,K562_MPT_2343,ENSG00000175573.6,C11orf68,protein_coding,6,0.00863,K562,KARR-seq
chr1,21346460,21357035,K562_SE_16,chr1,180467089,180477089,K562_MPT_1123,ENSG00000135847.5,ACBD6,protein_coding,6,0.00863,K562,KARR-seq
chr10,3355816,3360920,K562_TE_2443,chr20,60634858,60645866,K562_MPT_8325,ENSG00000130699.12,TAF4,protein_coding,6,0.00863,K562,KARR-seq
chr15,83299204,83310472,K562_TE_7667,chr12,48490255,48505171,K562_MPT_2917,ENSG00000152556.11,PFKM,protein_coding,6,0.00863,K562,KARR-seq
chr12,52364777,52387367,K562_TE_5097,chr3,156866337,156883549,K562_MPT_9433,ENSG00000200344.1,Y_RNA,misc_RNA,6,0.00863,K562,KARR-seq
chr1,54676619,54697327,K562_TE_817,chr9,133564108,133574193,K562_MPT_13177,ENSG00000130713.11,EXOSC2,protein_coding,6,0.00863,K562,KARR-seq
chr17,62216858,62230326,K562_TE_9441,chr9,123471612,123481748,K562_MPT_13061,ENSG00000106780.7,MEGF9,protein_coding,6,0.00863,K562,KARR-seq
chr16,84740593,84788244,K562_TE_8588,chr4,110646130,110656233,K562_MPT_9956,ENSG00000123739.6,PLA2G12A,protein_coding,6,0.00863,K562,KARR-seq
chr10,75463323,75491111,K562_TE_3014,chr9,126025843,126035855,K562_MPT_13081,ENSG00000165209.14,STRBP,protein_coding,6,0.00863,K562,KARR-seq
chr14,55140833,55211802,K562_SE_228,chr7,24607887,24618632,K562_MPT_11612,ENSG00000105926.11,MPP6,protein_coding,6,0.00863,K562,KARR-seq
chr17,15135433,15160666,K562_TE_8811,chr3,185533849,185547844,K562_MPT_9536,ENSG00000073792.11,IGF2BP2,protein_coding,6,0.00863,K562,KARR-seq
chr1,23762434,23778585,K562_TE_324,chr19,50348992,50396432,K562_MPT_6906,ENSG00000039650.5,PNKP,protein_coding,6,0.00863,K562,KARR-seq
chr3,128099272,128154198,K562_SE_478,chr8,144646024,144667910,K562_MPT_12673,ENSG00000204839.4,MROH6,protein_coding,6,0.00863,K562,KARR-seq
chr9,133699636,133701389,K562_TE_22548,chr7,24952699,24962712,K562_MPT_11615,ENSG00000070882.8,OSBPL3,protein_coding,6,0.00863,K562,KARR-seq
chr10,119102302,119146856,K562_TE_3385,chr19,18422069,18439084,K562_MPT_6520,ENSG00000130520.6,LSM4,protein_coding,6,0.00863,K562,KARR-seq
chr13,111827250,111832444,K562_TE_6283,chr12,98979983,98998413,K562_MPT_3186,ENSG00000225185.2,RP11-481K9.4,pseudogene,6,0.00863,K562,KARR-seq
chr11,724540,763097,K562_TE_3515,chr19,54682517,54718286,K562_MPT_6990,ENSG00000170889.9,RPS9,protein_coding,6,0.00863,K562,KARR-seq
chr9,71329687,71386697,K562_TE_21999,chr19,14667779,14677779,K562_MPT_6457,ENSG00000099797.7,TECR,protein_coding,6,0.00863,K562,KARR-seq
chr21,21621636,21645784,K562_TE_13501,chr6,26119138,26129431,K562_MPT_10875,ENSG00000180573.8,HIST1H2AC,protein_coding,6,0.00863,K562,KARR-seq
chr9,37952887,38063740,K562_SE_712,chr6,43732950,43747090,K562_MPT_11113,ENSG00000272114.1,RP1-261G23.7,lncRNA,6,0.00863,K562,KARR-seq
chr15,66880235,66981717,K562_SE_249,chr11,111736588,111756967,K562_MPT_2583,ENSG00000086848.10,ALG9,protein_coding,6,0.00863,K562,KARR-seq
chr5,131678145,131699499,K562_TE_17540,chr6,168220454,168232813,K562_MPT_11478,ENSG00000130396.16,MLLT4,protein_coding,6,0.00863,K562,KARR-seq
chr19,53104164,53105802,K562_TE_10882,chr19,53068526,53078917,K562_MPT_6958,ENSG00000167562.7,ZNF701,protein_coding,6,0.00863,K562,KARR-seq
chr5,127323658,127335225,K562_TE_17511,chr9,44985314,45009879,K562_MPT_12846,ENSG00000235659.1,RP11-374M1.5,lncRNA,6,0.00863,K562,KARR-seq
chr20,46187643,46206465,K562_TE_13291,chr12,110878353,110893212,K562_MPT_3255,ENSG00000111229.11,ARPC3,protein_coding,6,0.00863,K562,KARR-seq
chr7,5665176,5679225,K562_TE_19434,chr1,23805671,23816061,K562_MPT_221,ENSG00000088280.14,ASAP3,protein_coding,6,0.00863,K562,KARR-seq
chr9,94539287,94601264,K562_TE_22121,chr6,33749778,33761913,K562_MPT_11010,ENSG00000161904.7,LEMD2,protein_coding,6,0.00863,K562,KARR-seq
chr17,74393871,74417333,K562_TE_9597,chr19,54682517,54718286,K562_MPT_6990,ENSG00000170889.9,RPS9,protein_coding,6,0.00863,K562,KARR-seq
chr9,100691379,100765772,K562_SE_721,chr8,30579527,30595136,K562_MPT_12330,ENSG00000104691.10,UBXN8,lncRNA,6,0.00863,K562,KARR-seq
chr1,154230746,154236295,K562_TE_1491,chr17,62482640,62511361,K562_MPT_5757,ENSG00000258890.2,CEP95,protein_coding,6,0.00863,K562,KARR-seq
chr7,153105705,153129442,K562_SE_673,chr1,7995926,8007432,K562_MPT_87,ENSG00000270330.1,RP5-892F13.2,pseudogene,6,0.00863,K562,KARR-seq
chr22,19383512,19412967,K562_SE_433,chr19,10759520,10771172,K562_MPT_6370,ENSG00000129351.13,ILF3,protein_coding,6,0.00863,K562,KARR-seq
chr2,169664581,169681985,K562_TE_12259,chr1,241794232,241808701,K562_MPT_1392,ENSG00000054277.8,OPN3,protein_coding,6,0.00863,K562,KARR-seq
chr13,51026667,51043651,K562_TE_6096,chr6,26280737,26290762,K562_MPT_10882,ENSG00000158406.2,HIST1H4H,protein_coding,6,0.00863,K562,KARR-seq
chr14,78374913,78395859,K562_SE_233,chr1,43914123,43924660,K562_MPT_458,ENSG00000178922.12,HYI,protein_coding,6,0.00863,K562,KARR-seq
chr5,149389031,149407916,K562_TE_17743,chr6,26119138,26129431,K562_MPT_10875,ENSG00000180573.8,HIST1H2AC,protein_coding,6,0.00863,K562,KARR-seq
chr19,18950390,18960288,K562_TE_10509,chr10,5926535,5941349,K562_MPT_1460,ENSG00000134452.15,FBXO18,protein_coding,6,0.00863,K562,KARR-seq
chr10,52069110,52199776,K562_SE_135,chr7,135189824,135199875,K562_MPT_12087,ENSG00000080802.14,CNOT4,protein_coding,6,0.00863,K562,KARR-seq
chr6,42052589,42116223,K562_SE_600,chr7,150768617,150789154,K562_MPT_12169,ENSG00000133612.14,AGAP3,protein_coding,6,0.00863,K562,KARR-seq
chr15,40592914,40635300,K562_TE_7155,chr1,247487547,247500045,K562_MPT_1425,ENSG00000162714.8,ZNF496,protein_coding,6,0.00863,K562,KARR-seq
chr11,96216602,96242319,K562_TE_4408,chr4,2960060,2970588,K562_MPT_9661,ENSG00000087269.11,NOP14,protein_coding,6,0.00863,K562,KARR-seq
chr21,11097509,11100479,K562_TE_13455,chr19,908231,933817,K562_MPT_6176,ENSG00000198858.5,R3HDM4,protein_coding,6,0.00863,K562,KARR-seq
chr15,84125706,84148252,K562_TE_7677,chr11,17368273,17378273,K562_MPT_2096,ENSG00000188211.4,NCR3LG1,protein_coding,6,0.00863,K562,KARR-seq
chr21,9950593,9969001,K562_SE_420,chr5,468075,483238,K562_MPT_10145,ENSG00000188242.4,CTD-2228K2.5,protein_coding,6,0.00863,K562,KARR-seq
chr3,194850263,194887426,K562_SE_501,chr1,38450659,38462134,K562_MPT_398,ENSG00000183431.7,SF3A3,protein_coding,6,0.00863,K562,KARR-seq
chr7,139576632,139594627,K562_TE_20585,chr1,149282451,149292451,K562_MPT_860,ENSG00000235999.1,RP11-403I13.8,lncRNA,6,0.00863,K562,KARR-seq
chr16,24967664,24978474,K562_TE_8158,chr6,31358272,31376449,K562_MPT_10971,ENSG00000200344.1,Y_RNA,misc_RNA,6,0.00863,K562,KARR-seq
chr6,137037362,137108659,K562_SE_617,chr6,153299153,153309885,K562_MPT_11435,ENSG00000112029.5,FBXO5,protein_coding,6,0.00863,K562,KARR-seq
chr11,12147047,12244318,K562_SE_164,chr2,96063469,96073539,K562_MPT_7468,ENSG00000115042.5,FAHD2A,protein_coding,6,0.00863,K562,KARR-seq
chr3,197525331,197535711,K562_TE_15716,chr11,108530752,108540849,K562_MPT_2576,ENSG00000178105.5,DDX10,protein_coding,6,0.00863,K562,KARR-seq
chr7,16385942,16417085,K562_TE_19524,chr19,14538865,14556072,K562_MPT_6451,ENSG00000123143.8,PKN1,protein_coding,6,0.00863,K562,KARR-seq
chr3,158485950,158509074,K562_TE_15394,chr9,77562802,77572884,K562_MPT_12891,ENSG00000135045.6,C9orf40,protein_coding,6,0.00863,K562,KARR-seq
chr19,23952896,23953851,K562_TE_10541,chr1,211426719,211438317,K562_MPT_1249,ENSG00000117625.9,RCOR3,protein_coding,6,0.00863,K562,KARR-seq
chr1,110888902,110893598,K562_TE_1205,chr3,167808132,167818763,K562_MPT_9454,ENSG00000173905.4,GOLIM4,protein_coding,6,0.00863,K562,KARR-seq
chr2,192677286,192734357,K562_SE_390,chr15,78418567,78428886,K562_MPT_4448,ENSG00000136425.8,CIB2,protein_coding,6,0.00863,K562,KARR-seq
chrX,118789449,118804025,K562_TE_23147,chr3,9428506,9445263,K562_MPT_8872,ENSG00000206573.4,SETD5-AS1,lncRNA,6,0.00863,K562,KARR-seq
chr2,12106733,12109537,K562_TE_11057,chr12,97291476,97311354,K562_MPT_3181,ENSG00000139350.7,NEDD1,protein_coding,6,0.00863,K562,KARR-seq
chr14,68942886,68955361,K562_TE_6649,chr3,11308995,11323905,K562_MPT_8896,ENSG00000197548.8,ATG7,protein_coding,6,0.00863,K562,KARR-seq
chrX,117635481,117671350,K562_TE_23131,chr22,30982845,30992927,K562_MPT_8664,ENSG00000100029.13,PES1,protein_coding,6,0.00863,K562,KARR-seq
chrX,23855339,23863956,K562_TE_22777,chr17,7205318,7223883,K562_MPT_5239,ENSG00000132522.11,GPS2,protein_coding,6,0.00863,K562,KARR-seq
chr12,123535440,123612068,K562_TE_5749,chr1,225960531,225970637,K562_MPT_1310,ENSG00000143742.8,SRP9,protein_coding,6,0.00863,K562,KARR-seq
chr6,7235173,7262603,K562_TE_18077,chr6,44209824,44243480,K562_MPT_11117,ENSG00000146232.10,NFKBIE,protein_coding,6,0.00863,K562,KARR-seq
chr19,48903176,48928915,K562_TE_10806,chr6,13675312,13692180,K562_MPT_10829,ENSG00000252966.1,RNU7-91P,snRNA,6,0.00863,K562,KARR-seq
chr1,17217127,17241509,K562_SE_15,chr22,20840844,20855200,K562_MPT_8565,ENSG00000099917.13,MED15,protein_coding,6,0.00863,K562,KARR-seq
chr22,22652048,22652899,K562_TE_13842,chr1,40834369,40845320,K562_MPT_426,ENSG00000084070.7,SMAP2,protein_coding,6,0.00863,K562,KARR-seq
chrX,11290563,11437956,K562_SE_739,chr5,94977458,94994765,K562_MPT_10390,ENSG00000175449.9,RFESD,protein_coding,6,0.00863,K562,KARR-seq
chr16,88938381,88973032,K562_TE_8642,chr1,47126044,47142550,K562_MPT_497,ENSG00000186118.7,TEX38,protein_coding,6,0.00863,K562,KARR-seq
chr16,21510171,21577629,K562_SE_267,chr6,153299153,153309885,K562_MPT_11435,ENSG00000112029.5,FBXO5,protein_coding,6,0.00863,K562,KARR-seq
chr3,176774939,176784393,K562_TE_15498,chr17,76113829,76133488,K562_MPT_5865,ENSG00000167895.10,TMC8,protein_coding,6,0.00863,K562,KARR-seq
chr19,39126319,39184375,K562_SE_343,chr11,85950586,85961276,K562_MPT_2514,ENSG00000074266.13,EED,protein_coding,6,0.00863,K562,KARR-seq
chr11,73094439,73115251,K562_TE_4200,chr7,72987666,72998121,K562_MPT_11794,ENSG00000106638.11,TBL2,protein_coding,6,0.00863,K562,KARR-seq
chr8,130546590,130605033,K562_SE_702,chr11,86661433,86672133,K562_MPT_2517,ENSG00000246523.3,RP11-736K20.6,lncRNA,6,0.00863,K562,KARR-seq
chr22,31985525,32012504,K562_TE_13992,chr19,2939931,2949931,K562_MPT_6234,ENSG00000175691.8,ZNF77,protein_coding,6,0.00863,K562,KARR-seq
chr8,103674976,103714753,K562_TE_21442,chr1,11858302,11871977,K562_MPT_126,ENSG00000177000.6,MTHFR,protein_coding,6,0.00863,K562,KARR-seq
chr1,207977786,208061237,K562_SE_95,chr15,96892466,96909487,K562_MPT_4564,ENSG00000268484.1,AC087477.1,protein_coding,6,0.00863,K562,KARR-seq
chr6,12021349,12045613,K562_TE_18121,chr17,3814794,3824794,K562_MPT_5205,ENSG00000108405.3,P2RX1,protein_coding,6,0.00863,K562,KARR-seq
chr17,40392872,40475968,K562_SE_305,chr14,91715224,91729643,K562_MPT_3993,ENSG00000119714.6,GPR68,protein_coding,6,0.00863,K562,KARR-seq
chr10,72982102,73030508,K562_TE_2963,chr10,75527049,75550420,K562_MPT_1719,ENSG00000196968.6,FUT11,protein_coding,6,0.00863,K562,KARR-seq
chr1,114995516,115010957,K562_TE_1261,chr1,207813519,207823579,K562_MPT_1238,ENSG00000197721.12,CR1L,protein_coding,6,0.00863,K562,KARR-seq
chr13,99128552,99140156,K562_TE_6223,chr12,25096977,25107393,K562_MPT_2831,ENSG00000255921.1,RP11-662I13.2,lncRNA,6,0.00863,K562,KARR-seq
chr11,111967627,111968866,K562_TE_4501,chr19,5785276,5796249,K562_MPT_6286,ENSG00000141994.11,DUS3L,protein_coding,6,0.00863,K562,KARR-seq
chr2,12415631,12466782,K562_SE_355,chr1,29203347,29225253,K562_MPT_311,ENSG00000200344.1,Y_RNA,misc_RNA,6,0.00863,K562,KARR-seq
chr20,56975923,57009005,K562_TE_13390,chr16,72033702,72047700,K562_MPT_5055,ENSG00000102967.7,DHODH,protein_coding,6,0.00863,K562,KARR-seq
chr12,62641172,62646227,K562_TE_5201,chr1,171446046,171459695,K562_MPT_1083,ENSG00000239166.1,snoU13,snoRNA,6,0.00863,K562,KARR-seq
chr2,236501303,236502667,K562_TE_12819,chr20,30304001,30316792,K562_MPT_8113,ENSG00000268457.1,AL160175.1,protein_coding,6,0.00863,K562,KARR-seq
chr3,171781031,171825665,K562_TE_15473,chr11,3005389,3018607,K562_MPT_1998,ENSG00000183562.2,AC131971.1,protein_coding,6,0.00863,K562,KARR-seq
chr9,130871322,130880808,K562_TE_22492,chr15,80439832,80453293,K562_MPT_4465,ENSG00000103876.7,FAH,protein_coding,6,0.00863,K562,KARR-seq
chr17,72994280,73015475,K562_TE_9560,chr1,228265361,228275851,K562_MPT_1333,ENSG00000143761.9,ARF1,protein_coding,6,0.00863,K562,KARR-seq
chr14,55837744,55866263,K562_TE_6539,chr21,11164720,11174788,K562_MPT_8371,ENSG00000271308.1,AP003900.6,lncRNA,6,0.00863,K562,KARR-seq
chr17,41392069,41411565,K562_SE_306,chr4,48828015,48838359,K562_MPT_9783,ENSG00000109180.10,OCIAD1,protein_coding,6,0.00863,K562,KARR-seq
chr1,224003589,224028500,K562_TE_2175,chr20,17938589,17954758,K562_MPT_8065,ENSG00000125871.9,MGME1,protein_coding,6,0.00863,K562,KARR-seq
chr20,49028702,49143683,K562_SE_413,chr1,40342350,40354178,K562_MPT_419,ENSG00000200344.1,Y_RNA,misc_RNA,6,0.00863,K562,KARR-seq
chr10,52069110,52199776,K562_SE_135,chr16,87520651,87532793,K562_MPT_5128,ENSG00000260750.1,RP11-482M8.1,lncRNA,6,0.00863,K562,KARR-seq
chr10,52069110,52199776,K562_SE_135,chr18,12942132,12953047,K562_MPT_6007,ENSG00000085415.11,SEH1L,protein_coding,6,0.00863,K562,KARR-seq
chr3,136335245,136446485,K562_TE_15197,chr3,186277134,186293467,K562_MPT_9540,ENSG00000090520.6,DNAJB11,protein_coding,6,0.00863,K562,KARR-seq
chr1,167604829,167657298,K562_TE_1669,chr16,90031199,90044056,K562_MPT_5164,ENSG00000261317.1,RP11-566K11.5,lncRNA,6,0.00863,K562,KARR-seq
chr2,38904689,38936285,K562_TE_11318,chr2,58463437,58473507,K562_MPT_7293,ENSG00000273063.1,RP11-334G22.1,lncRNA,6,0.00863,K562,KARR-seq
chr1,206822526,206911221,K562_SE_91,chr19,58188337,58198413,K562_MPT_7046,ENSG00000269026.2,AC003006.7,protein_coding,6,0.00863,K562,KARR-seq
chr18,9146695,9157380,K562_TE_9791,chr10,32340359,32350674,K562_MPT_1556,ENSG00000200344.1,Y_RNA,misc_RNA,6,0.00863,K562,KARR-seq
chr12,63351136,63372126,K562_TE_5214,chr21,40711463,40726573,K562_MPT_8460,ENSG00000200344.1,Y_RNA,misc_RNA,6,0.00863,K562,KARR-seq
chr2,10451246,10550475,K562_SE_354,chr1,25066848,25076848,K562_MPT_237,ENSG00000169504.10,CLIC4,protein_coding,6,0.00863,K562,KARR-seq
chr3,58309178,58313567,K562_TE_14782,chr3,58286989,58297037,K562_MPT_9138,ENSG00000163684.7,RPP14,protein_coding,6,0.00863,K562,KARR-seq
chr9,27394427,27441986,K562_TE_21825,chr19,14133960,14147560,K562_MPT_6439,ENSG00000104998.2,IL27RA,protein_coding,6,0.00863,K562,KARR-seq
chr5,71432885,71447519,K562_TE_17155,chr10,75483338,75509158,K562_MPT_1718,ENSG00000235316.1,DUSP8P5,pseudogene,6,0.00863,K562,KARR-seq
chr1,36700668,36723932,K562_TE_543,chr8,94740444,94758421,K562_MPT_12503,ENSG00000253722.1,RP11-10N23.4,lncRNA,6,0.00863,K562,KARR-seq
chr12,104194117,104204255,K562_TE_5492,chr5,36871861,36890308,K562_MPT_10217,ENSG00000164190.12,NIPBL,protein_coding,6,0.00863,K562,KARR-seq
chr16,16213657,16221633,K562_TE_8038,chr2,201670317,201682712,K562_MPT_7820,ENSG00000082153.13,BZW1,protein_coding,6,0.00863,K562,KARR-seq
chr1,113582082,113602643,K562_TE_1241,chr9,127353087,127366859,K562_MPT_13090,ENSG00000231744.1,RP11-164H5.1,pseudogene,6,0.00863,K562,KARR-seq
chr2,26262600,26299360,K562_SE_357,chr11,64032534,64090654,K562_MPT_2298,ENSG00000200344.1,Y_RNA,misc_RNA,6,0.00863,K562,KARR-seq
chr1,183947333,183975389,K562_TE_1829,chr18,807239,818275,K562_MPT_5954,ENSG00000273355.1,RP11-672L10.6,lncRNA,6,0.00863,K562,KARR-seq
chr10,72497904,72519931,K562_SE_140,chr11,118922561,118943493,K562_MPT_2629,ENSG00000149428.14,HYOU1,protein_coding,6,0.00863,K562,KARR-seq
chr3,171033595,171073159,K562_TE_15459,chr1,161082891,161092908,K562_MPT_1017,ENSG00000158793.9,NIT1,protein_coding,6,0.00863,K562,KARR-seq
chr22,17066736,17097786,K562_SE_431,chr16,23507226,23526815,K562_MPT_4782,ENSG00000103365.11,GGA2,protein_coding,6,0.00863,K562,KARR-seq
chr2,198714946,198759771,K562_TE_12512,chr2,170585356,170603003,K562_MPT_7704,ENSG00000213160.5,KLHL23,protein_coding,6,0.00863,K562,KARR-seq
chr7,102608372,102634363,K562_SE_658,chr11,16754948,16765205,K562_MPT_2091,ENSG00000110696.5,C11orf58,protein_coding,6,0.00863,K562,KARR-seq
chrX,153311772,153349307,K562_TE_23386,chr5,133299478,133309478,K562_MPT_10501,ENSG00000113583.6,C5orf15,protein_coding,6,0.00863,K562,KARR-seq
chr1,12203889,12281299,K562_TE_179,chr4,79684653,79702532,K562_MPT_9865,ENSG00000260278.1,RP11-109G23.3,lncRNA,6,0.00863,K562,KARR-seq
chr18,9113045,9118816,K562_TE_9790,chr1,173827386,173843094,K562_MPT_1095,ENSG00000270084.1,GAS5-AS1,lncRNA,6,0.00863,K562,KARR-seq
chr1,183947333,183975389,K562_TE_1829,chr1,36390716,36401859,K562_MPT_376,ENSG00000271914.1,RP4-789D17.5,lncRNA,6,0.00863,K562,KARR-seq
chr7,132661790,132701997,K562_TE_20490,chr7,91565181,91575240,K562_MPT_11862,ENSG00000127914.12,AKAP9,protein_coding,6,0.00863,K562,KARR-seq
chr11,120212912,120224480,K562_TE_4587,chr6,27095327,27120405,K562_MPT_10900,ENSG00000198339.3,HIST1H4I,protein_coding,6,0.00863,K562,KARR-seq
chr6,7235173,7262603,K562_TE_18077,chr11,77526752,77537233,K562_MPT_2484,ENSG00000087884.10,AAMDC,protein_coding,6,0.00863,K562,KARR-seq
chr20,46060990,46068029,K562_TE_13288,chr15,75738926,75753183,K562_MPT_4422,ENSG00000169375.11,SIN3A,protein_coding,6,0.00863,K562,KARR-seq
chr7,26198666,26235304,K562_TE_19628,chr22,19104042,19117392,K562_MPT_8537,ENSG00000231086.1,TSSK1A,pseudogene,6,0.00863,K562,KARR-seq
chr11,94506599,94529914,K562_TE_4380,chr3,136466208,136476472,K562_MPT_9358,ENSG00000118007.8,STAG1,protein_coding,6,0.00863,K562,KARR-seq
chr1,8842073,8889894,K562_SE_2,chr2,73293802,73303965,K562_MPT_7385,ENSG00000144040.8,SFXN5,protein_coding,6,0.00863,K562,KARR-seq
chr12,110994462,111016408,K562_TE_5573,chr9,123599084,123614011,K562_MPT_13063,ENSG00000226752.3,PSMD5-AS1,lncRNA,6,0.00863,K562,KARR-seq
chr21,36270273,36415020,K562_SE_426,chr5,43056497,43073159,K562_MPT_10239,ENSG00000172262.7,ZNF131,protein_coding,6,0.00863,K562,KARR-seq
chr3,150135131,150190369,K562_SE_485,chr10,80822225,80833792,K562_MPT_1736,ENSG00000224596.3,ZMIZ1-AS1,lncRNA,6,0.00863,K562,KARR-seq
chrX,40954630,40975826,K562_TE_22868,chr8,144344607,144356636,K562_MPT_12666,ENSG00000250571.2,GLI4,protein_coding,6,0.00863,K562,KARR-seq
chr17,73313529,73365352,K562_TE_9568,chr6,26280737,26290762,K562_MPT_10882,ENSG00000158406.2,HIST1H4H,protein_coding,6,0.00863,K562,KARR-seq
chr4,151690384,151706183,K562_TE_16585,chr4,142242161,142258772,K562_MPT_10029,ENSG00000248810.1,RP11-362F19.1,lncRNA,6,0.00863,K562,KARR-seq
chr9,139619943,139624993,K562_TE_22624,chr19,58957971,58968014,K562_MPT_7063,ENSG00000249471.3,ZNF324B,protein_coding,6,0.00863,K562,KARR-seq
chr17,43656816,43679227,K562_TE_9190,chr13,99847964,99862962,K562_MPT_3616,ENSG00000134882.11,UBAC2,protein_coding,6,0.00863,K562,KARR-seq
chr5,65257001,65285129,K562_TE_17102,chr4,103741699,103754316,K562_MPT_9933,ENSG00000109332.15,UBE2D3,protein_coding,6,0.00863,K562,KARR-seq
chr14,56662425,56689168,K562_TE_6547,chr1,12035238,12047049,K562_MPT_130,ENSG00000116688.12,MFN2,protein_coding,6,0.00863,K562,KARR-seq
chr16,68306357,68324044,K562_TE_8439,chr9,123599084,123614011,K562_MPT_13063,ENSG00000226752.3,PSMD5-AS1,lncRNA,6,0.00863,K562,KARR-seq
chr2,42558710,42582031,K562_TE_11343,chr4,123838597,123849229,K562_MPT_9993,ENSG00000145375.7,SPATA5,protein_coding,6,0.00863,K562,KARR-seq
chr6,12021349,12045613,K562_TE_18121,chr11,68075077,68085077,K562_MPT_2397,ENSG00000162337.7,LRP5,protein_coding,6,0.00863,K562,KARR-seq
chr2,61638181,61692992,K562_TE_11505,chr17,7738222,7753233,K562_MPT_5253,ENSG00000132510.6,KDM6B,protein_coding,6,0.00863,K562,KARR-seq
chr4,31996740,32005742,K562_TE_15921,chr2,227695297,227707264,K562_MPT_7917,ENSG00000144468.12,RHBDD1,protein_coding,6,0.00863,K562,KARR-seq
chr10,126599465,126614575,K562_TE_3453,chr4,139928800,139943733,K562_MPT_10013,ENSG00000264953.1,AC093602.1,miRNA,6,0.00863,K562,KARR-seq
chr6,125270863,125276795,K562_TE_18976,chr20,45938336,45952246,K562_MPT_8249,ENSG00000263770.1,AL031666.1,miRNA,6,0.00863,K562,KARR-seq
chr9,37229272,37261636,K562_TE_21900,chr17,42629925,42639925,K562_MPT_5577,ENSG00000180340.5,FZD2,protein_coding,6,0.00863,K562,KARR-seq
chr1,184913105,184924063,K562_TE_1835,chr20,60709961,60723851,K562_MPT_8327,ENSG00000184402.10,SS18L1,protein_coding,6,0.00863,K562,KARR-seq
chr21,39483580,39488307,K562_TE_13642,chr1,205714404,205724404,K562_MPT_1216,ENSG00000069275.12,NUCKS1,protein_coding,6,0.00863,K562,KARR-seq
chr19,44267646,44280229,K562_TE_10713,chr19,44280409,44290409,K562_MPT_6769,ENSG00000104783.7,KCNN4,protein_coding,6,0.00863,K562,KARR-seq
chr22,26964435,26978887,K562_TE_13909,chr8,29947914,29964456,K562_MPT_12326,ENSG00000104660.13,LEPROTL1,protein_coding,6,0.00863,K562,KARR-seq
chr3,39387949,39404144,K562_TE_14562,chr11,118950593,118986767,K562_MPT_2630,ENSG00000172269.12,DPAGT1,protein_coding,6,0.00863,K562,KARR-seq
chr11,86635164,86653422,K562_SE_188,chr1,109751540,109761604,K562_MPT_709,ENSG00000031698.8,SARS,protein_coding,6,0.00863,K562,KARR-seq
chr19,29124320,29137839,K562_TE_10544,chr1,144984309,145000082,K562_MPT_812,ENSG00000268172.1,AL590452.1,protein_coding,6,0.00863,K562,KARR-seq
chr8,26159682,26188808,K562_TE_20921,chr16,2309332,2326748,K562_MPT_4633,ENSG00000266643.1,MIR3677,miRNA,6,0.00863,K562,KARR-seq
chr11,14672359,14709308,K562_TE_3700,chr16,3144229,3192651,K562_MPT_4654,ENSG00000263214.1,ZNF205-AS1,lncRNA,6,0.00863,K562,KARR-seq
chr10,52069110,52199776,K562_SE_135,chr12,51561576,51571926,K562_MPT_2969,ENSG00000135457.5,TFCP2,protein_coding,6,0.00863,K562,KARR-seq
chr17,64326920,64382795,K562_TE_9471,chr9,4980086,4990245,K562_MPT_12727,ENSG00000096968.8,JAK2,protein_coding,6,0.00863,K562,KARR-seq
chr10,17697371,17731387,K562_TE_2593,chr6,166743056,166761079,K562_MPT_11471,ENSG00000233231.1,HNRNPA1P49,pseudogene,6,0.00863,K562,KARR-seq
chr3,171125524,171171823,K562_TE_15461,chr18,9097628,9109080,K562_MPT_5979,ENSG00000265257.1,RP11-21J18.1,lncRNA,6,0.00863,K562,KARR-seq
chr3,142829391,142906413,K562_TE_15269,chr8,33337268,33347268,K562_MPT_12335,ENSG00000198042.6,MAK16,protein_coding,6,0.00863,K562,KARR-seq
chr11,46442681,46473142,K562_TE_3902,chr1,245021396,245033040,K562_MPT_1406,ENSG00000153187.12,HNRNPU,protein_coding,6,0.00863,K562,KARR-seq
chr15,27327093,27338632,K562_TE_7022,chr9,94706162,94717444,K562_MPT_12930,ENSG00000169071.10,ROR2,protein_coding,6,0.00863,K562,KARR-seq
chr10,112369819,112441110,K562_TE_3341,chr1,202124119,202142179,K562_MPT_1185,ENSG00000243323.1,PTPRVP,pseudogene,6,0.00863,K562,KARR-seq
chr7,86657957,86669527,K562_TE_20061,chr2,85193216,85204324,K562_MPT_7425,ENSG00000176407.13,KCMF1,protein_coding,6,0.00863,K562,KARR-seq
chr2,16795020,16835334,K562_TE_11098,chr2,86415231,86431586,K562_MPT_7439,ENSG00000132313.10,MRPL35,protein_coding,6,0.00863,K562,KARR-seq
chr15,67125244,67169399,K562_TE_7455,chr21,47643682,47654438,K562_MPT_8513,ENSG00000215424.5,MCM3AP-AS1,lncRNA,6,0.00863,K562,KARR-seq
chr6,109605314,109673856,K562_SE_612,chr19,45966253,46015749,K562_MPT_6815,ENSG00000125753.9,VASP,protein_coding,6,0.00863,K562,KARR-seq
chr8,67013534,67033903,K562_TE_21192,chr17,40163716,40178394,K562_MPT_5523,ENSG00000168256.13,NKIRAS2,protein_coding,6,0.00863,K562,KARR-seq
chr15,64084850,64162339,K562_TE_7404,chr6,17701488,17711656,K562_MPT_10846,ENSG00000124789.7,NUP153,protein_coding,6,0.00863,K562,KARR-seq
chr9,94618470,94683542,K562_SE_719,chr7,156926607,156936889,K562_MPT_12198,ENSG00000009335.13,UBE3C,protein_coding,6,0.00863,K562,KARR-seq
chr10,75715341,75838968,K562_SE_145,chr2,38598366,38609427,K562_MPT_7218,ENSG00000119787.9,ATL2,protein_coding,6,0.00863,K562,KARR-seq
chr18,756567,807069,K562_TE_9733,chr9,127698378,127708378,K562_MPT_13094,ENSG00000136935.9,GOLGA1,protein_coding,6,0.00863,K562,KARR-seq
chr2,9106085,9138585,K562_TE_10989,chr10,70710884,70720884,K562_MPT_1676,ENSG00000165732.8,DDX21,protein_coding,6,0.00863,K562,KARR-seq
chr15,64813114,64828683,K562_TE_7418,chr3,45182914,45192914,K562_MPT_9024,ENSG00000163814.3,CDCP1,protein_coding,6,0.00863,K562,KARR-seq
chr1,165801944,165840770,K562_TE_1644,chr3,184424836,184434836,K562_MPT_9526,ENSG00000177383.3,MAGEF1,protein_coding,6,0.00863,K562,KARR-seq
chr16,9141030,9205126,K562_SE_264,chr9,133584333,133594367,K562_MPT_13178,ENSG00000097007.13,ABL1,protein_coding,6,0.00863,K562,KARR-seq
chr6,37795404,37813604,K562_TE_18451,chr2,188413876,188424219,K562_MPT_7774,ENSG00000224063.1,AC007319.1,lncRNA,6,0.00863,K562,KARR-seq
chr1,90157964,90191662,K562_TE_1047,chr11,5521834,5536215,K562_MPT_2030,ENSG00000175520.8,UBQLN3,protein_coding,6,0.00863,K562,KARR-seq
chr17,40392872,40475968,K562_SE_305,chr7,99923500,99944531,K562_MPT_11916,ENSG00000242294.2,STAG3L5P,pseudogene,6,0.00863,K562,KARR-seq
chr2,112101213,112291868,K562_SE_378,chr5,130493320,130511682,K562_MPT_10475,ENSG00000186687.11,LYRM7,protein_coding,6,0.00863,K562,KARR-seq
chr10,104338959,104395513,K562_TE_3286,chr10,106083682,106103162,K562_MPT_1877,ENSG00000148841.11,ITPRIP,protein_coding,6,0.00863,K562,KARR-seq
chr3,43544902,43566938,K562_TE_14609,chr20,34247480,34257878,K562_MPT_8161,ENSG00000214078.7,CPNE1,protein_coding,6,0.00863,K562,KARR-seq
chr1,26330287,26431935,K562_SE_21,chr1,26319112,26337707,K562_MPT_250,ENSG00000158006.9,PAFAH2,protein_coding,6,0.00863,K562,KARR-seq
chr11,75024400,75056118,K562_TE_4233,chr15,89451593,89461642,K562_MPT_4522,ENSG00000140545.10,MFGE8,protein_coding,6,0.00863,K562,KARR-seq
chr19,28916738,28927201,K562_TE_10543,chr11,60604544,60628444,K562_MPT_2243,ENSG00000183134.4,PTGDR2,protein_coding,6,0.00863,K562,KARR-seq
chr2,198894123,198928263,K562_TE_12514,chr10,43898267,43921186,K562_MPT_1586,ENSG00000199666.1,U3,snoRNA,6,0.00863,K562,KARR-seq
chr11,27392310,27452256,K562_TE_3773,chr8,141513142,141527081,K562_MPT_12644,ENSG00000104472.5,CHRAC1,protein_coding,6,0.00863,K562,KARR-seq
chr19,18123948,18140740,K562_TE_10489,chr7,911189,922542,K562_MPT_11495,ENSG00000239857.2,GET4,protein_coding,6,0.00863,K562,KARR-seq
chr17,61706832,61712656,K562_TE_9431,chr1,31840923,31854697,K562_MPT_324,ENSG00000121769.3,FABP3,protein_coding,6,0.00863,K562,KARR-seq
chr7,65214424,65236497,K562_SE_652,chr12,9908497,9918497,K562_MPT_2781,ENSG00000110848.4,CD69,protein_coding,6,0.00863,K562,KARR-seq
chr3,170795026,170807711,K562_TE_15452,chr7,99092887,99107573,K562_MPT_11902,ENSG00000160908.14,ZNF394,protein_coding,6,0.00863,K562,KARR-seq
chr1,230208360,230327626,K562_SE_104,chr10,35620329,35630802,K562_MPT_1568,ENSG00000108100.13,CCNY,protein_coding,6,0.00863,K562,KARR-seq
chr10,21856174,21863837,K562_TE_2617,chr6,27769853,27811440,K562_MPT_10912,ENSG00000197914.2,HIST1H4K,protein_coding,6,0.00863,K562,KARR-seq
chr9,94618470,94683542,K562_SE_719,chr8,109450830,109460853,K562_MPT_12572,ENSG00000104412.3,EMC2,protein_coding,6,0.00863,K562,KARR-seq
chr7,74337028,74348149,K562_TE_19991,chr15,74828518,74841691,K562_MPT_4402,ENSG00000179361.13,ARID3B,protein_coding,6,0.00863,K562,KARR-seq
chr7,103296785,103304208,K562_TE_20229,chr17,33459186,33474334,K562_MPT_5441,ENSG00000073536.13,NLE1,protein_coding,6,0.00863,K562,KARR-seq
chr6,16245298,16278427,K562_SE_574,chr15,75177346,75187891,K562_MPT_4409,ENSG00000178802.13,MPI,protein_coding,6,0.00863,K562,KARR-seq
chr19,13936208,13973162,K562_SE_335,chr5,176822637,176836407,K562_MPT_10700,ENSG00000198055.6,GRK6,protein_coding,6,0.00863,K562,KARR-seq
chr7,76177805,76239287,K562_TE_20032,chr10,82208922,82224058,K562_MPT_1746,ENSG00000108219.10,TSPAN14,protein_coding,6,0.00863,K562,KARR-seq
chr17,56735266,56757693,K562_TE_9369,chr1,230197956,230208018,K562_MPT_1349,ENSG00000143641.8,GALNT2,protein_coding,6,0.00863,K562,KARR-seq
chr20,43607587,43622477,K562_TE_13259,chr7,100234173,100245344,K562_MPT_11923,ENSG00000106327.8,TFR2,protein_coding,6,0.00863,K562,KARR-seq
chr6,13654863,13682199,K562_SE_564,chr16,16038434,16048434,K562_MPT_4739,ENSG00000103222.14,ABCC1,protein_coding,6,0.00863,K562,KARR-seq
chr20,54991986,55023801,K562_SE_417,chr2,65449887,65459971,K562_MPT_7332,ENSG00000138071.9,ACTR2,protein_coding,6,0.00863,K562,KARR-seq
chr5,126199857,126223583,K562_TE_17504,chr15,66784372,66802638,K562_MPT_4361,ENSG00000174444.10,RPL4,protein_coding,6,0.00863,K562,KARR-seq
chr6,13290126,13322181,K562_TE_18130,chr1,202124119,202142179,K562_MPT_1185,ENSG00000243323.1,PTPRVP,pseudogene,6,0.00863,K562,KARR-seq
chr8,48265907,48297468,K562_TE_21085,chr12,98979983,98998413,K562_MPT_3186,ENSG00000225185.2,RP11-481K9.4,pseudogene,6,0.00863,K562,KARR-seq
chr1,19495707,19508118,K562_TE_254,chr1,154923580,154966017,K562_MPT_940,ENSG00000160688.14,FLAD1,protein_coding,6,0.00863,K562,KARR-seq
chr16,23953392,23990968,K562_TE_8141,chr22,30747624,30757996,K562_MPT_8659,ENSG00000099995.14,SF3A1,protein_coding,6,0.00863,K562,KARR-seq
chr8,131314547,131342987,K562_TE_21629,chr8,124403705,124417822,K562_MPT_12595,ENSG00000254294.1,IMPDH1P6,pseudogene,6,0.00863,K562,KARR-seq
chr22,47484645,47488952,K562_TE_14242,chr19,13025090,13085296,K562_MPT_6422,ENSG00000179218.9,CALR,protein_coding,6,0.00863,K562,KARR-seq
chr2,54295045,54331366,K562_TE_11449,chr1,27208016,27231957,K562_MPT_272,ENSG00000142751.10,GPN2,protein_coding,6,0.00863,K562,KARR-seq
chr14,76372090,76421846,K562_TE_6756,chr22,43005863,43016250,K562_MPT_8798,ENSG00000270022.2,RNU12,lncRNA,6,0.00863,K562,KARR-seq
chr22,36276183,36332840,K562_TE_14031,chr5,87559639,87575193,K562_MPT_10373,ENSG00000247828.3,TMEM161B-AS1,lncRNA,6,0.00863,K562,KARR-seq
chr12,69014477,69024236,K562_TE_5254,chr19,54682517,54718286,K562_MPT_6990,ENSG00000170889.9,RPS9,protein_coding,6,0.00863,K562,KARR-seq
chr10,97227230,97311061,K562_SE_152,chr9,37472146,37495890,K562_MPT_12817,ENSG00000187988.4,RP11-405L18.2,pseudogene,6,0.00863,K562,KARR-seq
chr12,46822934,46879214,K562_TE_4999,chr19,5785276,5796249,K562_MPT_6286,ENSG00000141994.11,DUS3L,protein_coding,6,0.00863,K562,KARR-seq
chr17,30854047,30864759,K562_TE_9003,chr17,7102726,7174485,K562_MPT_5236,ENSG00000200344.1,Y_RNA,misc_RNA,6,0.00863,K562,KARR-seq
chr6,26129900,26134276,K562_TE_18259,chr8,11648082,11671765,K562_MPT_12246,ENSG00000255046.1,RP11-297N6.4,protein_coding,6,0.00863,K562,KARR-seq
chr1,44733383,44742123,K562_TE_683,chr20,62567897,62592769,K562_MPT_8361,ENSG00000267848.1,AL118506.1,protein_coding,6,0.00863,K562,KARR-seq
chr20,34622264,34653018,K562_SE_403,chr1,16339320,16353547,K562_MPT_154,ENSG00000186510.7,CLCNKA,protein_coding,6,0.00863,K562,KARR-seq
chr20,33892876,33932992,K562_TE_13139,chr1,247487547,247500045,K562_MPT_1425,ENSG00000162714.8,ZNF496,protein_coding,6,0.00863,K562,KARR-seq
chr21,38260346,38286531,K562_TE_13622,chr14,105255037,105272250,K562_MPT_4076,ENSG00000179627.9,ZBTB42,protein_coding,6,0.00863,K562,KARR-seq
chr2,145188334,145270092,K562_SE_382,chr14,74348320,74363728,K562_MPT_3927,ENSG00000119725.13,ZNF410,protein_coding,6,0.00863,K562,KARR-seq
chr1,100899897,100909504,K562_TE_1142,chr6,27095327,27120405,K562_MPT_10900,ENSG00000198339.3,HIST1H4I,protein_coding,6,0.00863,K562,KARR-seq
chr6,119572494,119605680,K562_TE_18951,chr16,23676332,23696053,K562_MPT_4786,ENSG00000259806.2,CTD-2196E14.4,lncRNA,6,0.00863,K562,KARR-seq
chr12,96744828,96786873,K562_TE_5453,chr7,26235366,26250988,K562_MPT_11622,ENSG00000122565.14,CBX3,protein_coding,6,0.00863,K562,KARR-seq
chr9,14431972,14442869,K562_TE_21793,chr17,26679473,26705110,K562_MPT_5380,ENSG00000244045.6,TMEM199,protein_coding,6,0.00863,K562,KARR-seq
chr6,26515143,26533743,K562_SE_579,chr3,197671740,197692128,K562_MPT_9615,ENSG00000185621.7,LMLN,protein_coding,6,0.00863,K562,KARR-seq
chr9,37922546,37938365,K562_TE_21916,chr4,99845048,99856788,K562_MPT_9920,ENSG00000238449.1,AC019131.1,miRNA,6,0.00863,K562,KARR-seq
chr17,74783676,74808722,K562_TE_9606,chr5,88168794,88185385,K562_MPT_10378,ENSG00000081189.9,MEF2C,protein_coding,6,0.00863,K562,KARR-seq
chr4,119748182,119750242,K562_TE_16428,chr22,20051685,20078581,K562_MPT_8554,ENSG00000221366.1,MIR1306,miRNA,6,0.00863,K562,KARR-seq
chr1,36700668,36723932,K562_TE_543,chr4,38660817,38671504,K562_MPT_9748,ENSG00000196355.2,AC021860.1,protein_coding,6,0.00863,K562,KARR-seq
chr10,73886505,73906489,K562_TE_2979,chr8,23076984,23093428,K562_MPT_12296,ENSG00000104689.5,TNFRSF10A,protein_coding,6,0.00863,K562,KARR-seq
chr1,29462900,29499182,K562_TE_446,chr11,14516357,14526573,K562_MPT_2085,ENSG00000129083.8,COPB1,protein_coding,6,0.00863,K562,KARR-seq
chr2,114324385,114371144,K562_SE_380,chr17,41271132,41282661,K562_MPT_5549,ENSG00000012048.15,BRCA1,protein_coding,6,0.00863,K562,KARR-seq
chr20,54943633,54961736,K562_TE_13374,chr17,73620175,73637675,K562_MPT_5826,ENSG00000204323.5,SMIM5,protein_coding,6,0.00863,K562,KARR-seq
chr10,48929148,48936364,K562_TE_2833,chr17,80003824,80028763,K562_MPT_5920,ENSG00000169718.13,DUS1L,protein_coding,6,0.00863,K562,KARR-seq
chr20,34622264,34653018,K562_SE_403,chr1,160985886,160996138,K562_MPT_1015,ENSG00000158769.13,F11R,protein_coding,6,0.00863,K562,KARR-seq
chr15,75326561,75330474,K562_TE_7554,chr20,44002033,44012033,K562_MPT_8229,ENSG00000124251.6,TP53TG5,protein_coding,6,0.00863,K562,KARR-seq
chr22,25018827,25059475,K562_TE_13884,chr2,236397733,236407751,K562_MPT_7952,ENSG00000157985.13,AGAP1,protein_coding,6,0.00863,K562,KARR-seq
chr6,7195029,7219836,K562_SE_562,chr11,17090499,17104334,K562_MPT_2092,ENSG00000201403.1,SNORD14B,snoRNA,6,0.00863,K562,KARR-seq
chr20,30129680,30185123,K562_SE_400,chr3,49165453,49175551,K562_MPT_9068,ENSG00000172037.9,LAMB2,protein_coding,6,0.00863,K562,KARR-seq
chr16,47526266,47529827,K562_TE_8288,chr6,2956561,2977090,K562_MPT_10767,ENSG00000124570.13,SERPINB6,protein_coding,6,0.00863,K562,KARR-seq
chr7,148543453,148572852,K562_TE_20642,chr12,45604789,45614903,K562_MPT_2899,ENSG00000177119.11,ANO6,protein_coding,6,0.00863,K562,KARR-seq
chrX,48995279,49013513,K562_SE_745,chr19,2422536,2432892,K562_MPT_6221,ENSG00000099800.3,TIMM13,protein_coding,6,0.00863,K562,KARR-seq
chr1,143197322,143221901,K562_TE_1333,chr1,40033090,40047462,K562_MPT_412,ENSG00000090621.9,PABPC4,protein_coding,6,0.00863,K562,KARR-seq
chr7,101482129,101596250,K562_SE_657,chr7,102784520,102797772,K562_MPT_11956,ENSG00000236848.2,RP11-401L13.5,pseudogene,6,0.00863,K562,KARR-seq
chr11,36111629,36148220,K562_SE_169,chr11,120202787,120212946,K562_MPT_2643,ENSG00000196914.4,ARHGEF12,protein_coding,6,0.00863,K562,KARR-seq
chr17,37037691,37057893,K562_TE_9070,chr15,89005650,89015949,K562_MPT_4518,ENSG00000181991.11,MRPS11,protein_coding,6,0.00863,K562,KARR-seq
chr9,132617858,132658432,K562_SE_733,chr20,30304001,30316792,K562_MPT_8113,ENSG00000268457.1,AL160175.1,protein_coding,6,0.00863,K562,KARR-seq
chr12,111831442,111884186,K562_TE_5584,chr2,74771153,74787817,K562_MPT_7412,ENSG00000115325.9,DOK1,protein_coding,6,0.00863,K562,KARR-seq
chr10,5732296,5749874,K562_TE_2470,chr3,48125314,48135769,K562_MPT_9048,ENSG00000047849.17,MAP4,protein_coding,6,0.00863,K562,KARR-seq
chr8,56797452,56843556,K562_TE_21135,chr3,119807513,119819477,K562_MPT_9260,ENSG00000082701.10,GSK3B,protein_coding,6,0.00863,K562,KARR-seq
chr19,41831127,41835084,K562_TE_10686,chr4,106389866,106400238,K562_MPT_9943,ENSG00000138777.15,PPA2,protein_coding,6,0.00863,K562,KARR-seq
chr5,149883518,149902437,K562_TE_17754,chr12,54684542,54699986,K562_MPT_3014,ENSG00000123405.9,NFE2,protein_coding,6,0.00863,K562,KARR-seq
chr4,75033928,75041088,K562_TE_16140,chr11,82777870,82788397,K562_MPT_2500,ENSG00000137502.5,RAB30,protein_coding,6,0.00863,K562,KARR-seq
chr10,35630893,35721029,K562_SE_130,chr18,29512496,29528069,K562_MPT_6044,ENSG00000153339.9,TRAPPC8,protein_coding,6,0.00863,K562,KARR-seq
chr17,27443219,27495950,K562_TE_8952,chr15,43936023,43946321,K562_MPT_4232,ENSG00000224677.1,AC011330.6,pseudogene,6,0.00863,K562,KARR-seq
chr7,129083257,129083785,K562_TE_20449,chr1,8933066,8944308,K562_MPT_96,ENSG00000236269.1,ENO1-IT1,lncRNA,6,0.00863,K562,KARR-seq
chr3,47435582,47448969,K562_TE_14661,chr6,27853570,27870344,K562_MPT_10914,ENSG00000233224.1,HIST1H2AM,protein_coding,6,0.00863,K562,KARR-seq
chr19,6063864,6102577,K562_TE_10294,chr7,107526415,107536619,K562_MPT_11986,ENSG00000091140.8,DLD,protein_coding,6,0.00863,K562,KARR-seq
chr10,134132982,134140059,K562_TE_3480,chr3,31569282,31579282,K562_MPT_8955,ENSG00000163527.5,STT3B,protein_coding,6,0.00863,K562,KARR-seq
chr1,183990850,184014467,K562_SE_87,chr12,12709011,12720317,K562_MPT_2793,ENSG00000111266.4,DUSP16,protein_coding,6,0.00863,K562,KARR-seq
chr11,71650242,71660647,K562_TE_4171,chr16,19523490,19544243,K562_MPT_4753,ENSG00000103540.12,CCP110,protein_coding,6,0.00863,K562,KARR-seq
chr1,28897644,28917048,K562_TE_432,chr9,34367830,34386598,K562_MPT_12784,ENSG00000164976.8,KIAA1161,protein_coding,6,0.00863,K562,KARR-seq
chr5,126297433,126361662,K562_SE_542,chr19,671392,682942,K562_MPT_6168,ENSG00000070404.5,FSTL3,protein_coding,6,0.00863,K562,KARR-seq
chr10,52069110,52199776,K562_SE_135,chr4,57325324,57338784,K562_MPT_9808,ENSG00000174780.11,SRP72,protein_coding,6,0.00863,K562,KARR-seq
chr6,134280819,134315206,K562_TE_19034,chr10,73512387,73522387,K562_MPT_1698,ENSG00000107738.15,C10orf54,protein_coding,6,0.00863,K562,KARR-seq
chr6,7195029,7219836,K562_SE_562,chr17,17718265,17731932,K562_MPT_5317,ENSG00000072310.12,SREBF1,protein_coding,6,0.00863,K562,KARR-seq
chr11,75734236,75737099,K562_TE_4250,chr19,2010719,2020719,K562_MPT_6208,ENSG00000133243.4,BTBD2,protein_coding,6,0.00863,K562,KARR-seq
chr20,3952819,4115469,K562_SE_397,chr4,2403392,2413392,K562_MPT_9654,ENSG00000159733.9,ZFYVE28,protein_coding,6,0.00863,K562,KARR-seq
chr5,131079177,131110063,K562_TE_17532,chr6,7134478,7144478,K562_MPT_10796,ENSG00000124782.15,RREB1,protein_coding,6,0.00863,K562,KARR-seq
chr21,46184719,46214237,K562_TE_13713,chr7,16788160,16798160,K562_MPT_11584,ENSG00000106537.7,TSPAN13,protein_coding,6,0.00863,K562,KARR-seq
chr17,70886366,70904293,K562_TE_9533,chr1,168143171,168153293,K562_MPT_1067,ENSG00000143155.8,TIPRL,protein_coding,6,0.00863,K562,KARR-seq
chr7,148401942,148420539,K562_TE_20637,chr17,38291576,38302095,K562_MPT_5498,ENSG00000108349.10,CASC3,protein_coding,6,0.00863,K562,KARR-seq
chr1,165801944,165840770,K562_TE_1644,chr8,142427007,142437118,K562_MPT_12653,ENSG00000184489.7,PTP4A3,protein_coding,6,0.00863,K562,KARR-seq
chr4,6661684,6680625,K562_TE_15804,chr17,80398806,80421751,K562_MPT_5931,ENSG00000265458.1,RP13-20L14.6,lncRNA,6,0.00863,K562,KARR-seq
chr17,16331212,16347829,K562_SE_293,chr3,171522714,171533284,K562_MPT_9472,ENSG00000183657.2,PP13439,protein_coding,6,0.00863,K562,KARR-seq
chr6,135551782,135648636,K562_SE_616,chr7,150015252,150025814,K562_MPT_12160,ENSG00000127399.10,LRRC61,protein_coding,6,0.00863,K562,KARR-seq
chr18,46219837,46261826,K562_TE_9982,chr7,120623731,120634676,K562_MPT_12016,ENSG00000106034.13,CPED1,protein_coding,6,0.00863,K562,KARR-seq
chr16,11165694,11266246,K562_TE_7960,chr9,90998334,91008346,K562_MPT_12922,ENSG00000106723.12,SPIN1,protein_coding,6,0.00863,K562,KARR-seq
chr1,202119704,202124223,K562_TE_1955,chr18,12372001,12382313,K562_MPT_6001,ENSG00000141385.5,AFG3L2,protein_coding,6,0.00863,K562,KARR-seq
chrX,70658333,70676369,K562_TE_23016,chr3,178860761,178872315,K562_MPT_9485,ENSG00000121879.3,PIK3CA,protein_coding,6,0.00863,K562,KARR-seq
chr12,53335632,53337948,K562_TE_5108,chr2,176027437,176054335,K562_MPT_7739,ENSG00000200344.1,Y_RNA,misc_RNA,6,0.00863,K562,KARR-seq
chr5,36230138,36233293,K562_TE_16938,chr11,119229917,119257545,K562_MPT_2637,ENSG00000254740.2,RP11-334E6.3,lncRNA,6,0.00863,K562,KARR-seq
chr6,89070252,89089032,K562_TE_18734,chr14,20914038,20950248,K562_MPT_3678,ENSG00000100823.7,APEX1,protein_coding,6,0.00863,K562,KARR-seq
chr1,78130891,78138156,K562_TE_989,chr1,16265923,16275923,K562_MPT_152,ENSG00000116809.7,ZBTB17,protein_coding,6,0.00863,K562,KARR-seq
chr2,240178209,240251049,K562_SE_395,chr3,150121122,150133796,K562_MPT_9410,ENSG00000196428.8,TSC22D2,protein_coding,6,0.00863,K562,KARR-seq
chr14,37278305,37317853,K562_TE_6481,chr22,20051685,20078581,K562_MPT_8554,ENSG00000221366.1,MIR1306,miRNA,6,0.00863,K562,KARR-seq
chr6,7086614,7181133,K562_SE_561,chr1,45951815,45970725,K562_MPT_482,ENSG00000132763.10,MMACHC,protein_coding,6,0.00863,K562,KARR-seq
chr2,46688118,46697841,K562_TE_11396,chr19,14538865,14556072,K562_MPT_6451,ENSG00000123143.8,PKN1,protein_coding,6,0.00863,K562,KARR-seq
chr6,31717281,31718556,K562_TE_18341,chr4,128881461,128892118,K562_MPT_10000,ENSG00000164074.10,C4orf29,protein_coding,6,0.00863,K562,KARR-seq
chr2,70289720,70306836,K562_TE_11620,chr1,24093887,24132260,K562_MPT_226,ENSG00000011009.6,LYPLA2,protein_coding,6,0.00863,K562,KARR-seq
chr14,91863996,91877907,K562_TE_6837,chr11,58338334,58351584,K562_MPT_2229,ENSG00000110031.8,LPXN,protein_coding,6,0.00863,K562,KARR-seq
chr9,37185390,37210348,K562_TE_21899,chr9,139367141,139382947,K562_MPT_13225,ENSG00000196366.1,C9orf163,protein_coding,6,0.00863,K562,KARR-seq
chr17,62216858,62230326,K562_TE_9441,chr19,52632593,52651296,K562_MPT_6949,ENSG00000243680.1,RPL37P23,pseudogene,6,0.00863,K562,KARR-seq
chr22,20931013,20932193,K562_TE_13811,chr1,54298940,54312220,K562_MPT_532,ENSG00000229687.2,RP4-654H19.2,pseudogene,6,0.00863,K562,KARR-seq
chr3,129296941,129319203,K562_TE_15130,chr6,90519428,90544660,K562_MPT_11224,ENSG00000217653.1,RP11-63K6.1,pseudogene,6,0.00863,K562,KARR-seq
chr17,27144641,27164081,K562_TE_8947,chr18,47007519,47028266,K562_MPT_6081,ENSG00000177576.6,C18orf32,protein_coding,6,0.00863,K562,KARR-seq
chr2,85215855,85245476,K562_TE_11720,chr16,89763048,89792952,K562_MPT_5158,ENSG00000158805.7,ZNF276,protein_coding,6,0.00863,K562,KARR-seq
chr3,53133937,53158608,K562_TE_14747,chr11,5521834,5536215,K562_MPT_2030,ENSG00000175520.8,UBQLN3,protein_coding,6,0.00863,K562,KARR-seq
chr19,19553596,19601338,K562_SE_339,chr6,155049459,155059550,K562_MPT_11440,ENSG00000213079.5,SCAF8,protein_coding,6,0.00863,K562,KARR-seq
chr1,180608711,180614722,K562_TE_1790,chr17,49193095,49203226,K562_MPT_5676,ENSG00000008294.16,SPAG9,protein_coding,6,0.00863,K562,KARR-seq
chr22,17066736,17097786,K562_SE_431,chr16,75277138,75290778,K562_MPT_5073,ENSG00000050820.12,BCAR1,protein_coding,6,0.00863,K562,KARR-seq
chr4,2376812,2416664,K562_SE_505,chr1,11317564,11327564,K562_MPT_118,ENSG00000198793.8,MTOR,protein_coding,6,0.00863,K562,KARR-seq
chr9,123645291,123700750,K562_SE_729,chr9,123625900,123644606,K562_MPT_13064,ENSG00000119403.9,PHF19,protein_coding,6,0.00863,K562,KARR-seq
chr12,46613102,46624234,K562_TE_4996,chr12,54773244,54790082,K562_MPT_3019,ENSG00000161642.13,ZNF385A,protein_coding,6,0.00863,K562,KARR-seq
chr9,127450836,127487668,K562_TE_22440,chr14,24546137,24574358,K562_MPT_3726,ENSG00000100889.7,PCK2,protein_coding,6,0.00863,K562,KARR-seq
chr3,191190293,191194960,K562_TE_15630,chr5,149104861,149117388,K562_MPT_10590,ENSG00000199047.1,MIR378A,miRNA,6,0.00863,K562,KARR-seq
chr12,95552764,95600653,K562_SE_206,chr2,136283301,136294087,K562_MPT_7645,ENSG00000121988.13,ZRANB3,protein_coding,6,0.00863,K562,KARR-seq
chr6,15033054,15114197,K562_SE_568,chr1,155934520,155953890,K562_MPT_960,ENSG00000273002.1,RP11-336K24.12,lncRNA,6,0.00863,K562,KARR-seq
chr8,126937450,126959759,K562_TE_21586,chr12,64840660,64851255,K562_MPT_3088,ENSG00000183735.5,TBK1,protein_coding,6,0.00863,K562,KARR-seq
chr3,196729806,196734657,K562_TE_15695,chr12,112114507,112128902,K562_MPT_3268,ENSG00000089234.11,BRAP,protein_coding,6,0.00863,K562,KARR-seq
chr4,84462787,84480057,K562_TE_16249,chr13,111562353,111572416,K562_MPT_3641,ENSG00000088448.10,ANKRD10,protein_coding,6,0.00863,K562,KARR-seq
chr12,93754564,93822435,K562_TE_5413,chr6,42744765,42754765,K562_MPT_11092,ENSG00000112624.8,GLTSCR1L,protein_coding,6,0.00863,K562,KARR-seq
chr10,72592004,72612139,K562_TE_2960,chr12,122226266,122247638,K562_MPT_3340,ENSG00000139725.3,RHOF,protein_coding,6,0.00863,K562,KARR-seq
chr4,81007490,81019104,K562_TE_16220,chr8,145572795,145587843,K562_MPT_12693,ENSG00000182325.6,FBXL6,protein_coding,6,0.00863,K562,KARR-seq
chr10,35734370,35760083,K562_TE_2746,chr16,4388762,4410608,K562_MPT_4673,ENSG00000217930.3,PAM16,protein_coding,6,0.00863,K562,KARR-seq
chr5,39006130,39026053,K562_TE_16960,chr1,28827455,28850207,K562_MPT_305,ENSG00000200087.1,SNORA73B,snoRNA,6,0.00863,K562,KARR-seq
chr7,130644360,130646142,K562_TE_20471,chr17,80003824,80028763,K562_MPT_5920,ENSG00000169718.13,DUS1L,protein_coding,6,0.00863,K562,KARR-seq
chr15,77346109,77357218,K562_TE_7577,chr19,16291191,16313968,K562_MPT_6472,ENSG00000267033.1,CTD-2562J15.4,lncRNA,6,0.00863,K562,KARR-seq
chr19,51899215,51930735,K562_TE_10868,chr1,87789151,87802351,K562_MPT_636,ENSG00000143013.8,LMO4,protein_coding,6,0.00863,K562,KARR-seq
chr6,29609148,29618395,K562_TE_18309,chr6,29590815,29609120,K562_MPT_10939,ENSG00000235238.1,SUMO2P1,pseudogene,6,0.00863,K562,KARR-seq
chr15,91353646,91406553,K562_TE_7746,chr12,51152493,51163292,K562_MPT_2963,ENSG00000123268.4,ATF1,protein_coding,6,0.00863,K562,KARR-seq
chr1,157002458,157008221,K562_TE_1554,chr7,86776598,86786947,K562_MPT_11847,ENSG00000135164.14,DMTF1,protein_coding,6,0.00863,K562,KARR-seq
chr5,53455241,53458275,K562_TE_17012,chr3,99589948,99600046,K562_MPT_9203,ENSG00000168386.14,FILIP1L,protein_coding,6,0.00863,K562,KARR-seq
chr11,64091066,64102948,K562_TE_4046,chr11,64102695,64116646,K562_MPT_2300,ENSG00000168071.17,CCDC88B,protein_coding,6,0.00863,K562,KARR-seq
chr12,54700011,54727624,K562_TE_5138,chr7,150768617,150789154,K562_MPT_12169,ENSG00000133612.14,AGAP3,protein_coding,6,0.00863,K562,KARR-seq
chr1,167604829,167657298,K562_TE_1669,chr16,4458490,4480880,K562_MPT_4675,ENSG00000262246.1,CORO7,protein_coding,6,0.00863,K562,KARR-seq
chrX,131138572,131180914,K562_TE_23257,chr14,53168890,53178940,K562_MPT_3815,ENSG00000100519.7,PSMC6,protein_coding,6,0.00863,K562,KARR-seq
chrX,123102032,123128339,K562_TE_23190,chr6,26211872,26222165,K562_MPT_10878,ENSG00000168274.3,HIST1H2AE,protein_coding,6,0.00863,K562,KARR-seq
chr3,151894697,151979564,K562_SE_487,chr14,23741152,23760326,K562_MPT_3715,ENSG00000215271.6,HOMEZ,protein_coding,6,0.00863,K562,KARR-seq
chrX,154003523,154069286,K562_SE_751,chr1,235485665,235497344,K562_MPT_1378,ENSG00000054267.16,ARID4B,protein_coding,6,0.00863,K562,KARR-seq
chr7,2449123,2454806,K562_TE_19401,chr18,701523,717676,K562_MPT_5952,ENSG00000132199.14,ENOSF1,protein_coding,6,0.00863,K562,KARR-seq
chr16,16081103,16127035,K562_SE_266,chr19,18386739,18401305,K562_MPT_6519,ENSG00000130522.4,JUND,protein_coding,6,0.00863,K562,KARR-seq
chr1,233756686,233810148,K562_SE_106,chrX,11364656,11374656,K562_MPT_13281,ENSG00000047648.17,ARHGAP6,protein_coding,6,0.00863,K562,KARR-seq
chr7,128152174,128182652,K562_TE_20431,chr22,31450975,31465104,K562_MPT_8672,ENSG00000183963.14,SMTN,protein_coding,6,0.00863,K562,KARR-seq
chr6,36986149,37132852,K562_SE_596,chr8,145144930,145167629,K562_MPT_12687,ENSG00000179526.12,SHARPIN,protein_coding,6,0.00863,K562,KARR-seq
chrX,129193959,129238087,K562_TE_23229,chr22,38137235,38152405,K562_MPT_8721,ENSG00000100106.15,TRIOBP,protein_coding,6,0.00863,K562,KARR-seq
chr16,84740593,84788244,K562_TE_8588,chr20,32269210,32279210,K562_MPT_8134,ENSG00000101412.9,E2F1,protein_coding,6,0.00863,K562,KARR-seq
chr7,76177805,76239287,K562_TE_20032,chr10,94328833,94338833,K562_MPT_1781,ENSG00000119912.11,IDE,protein_coding,6,0.00863,K562,KARR-seq
chr11,62329163,62333585,K562_TE_4021,chr4,77991063,78002158,K562_MPT_9856,ENSG00000118816.5,CCNI,protein_coding,6,0.00863,K562,KARR-seq
chr7,129696207,129735968,K562_TE_20460,chr9,35727332,35737392,K562_MPT_12797,ENSG00000107175.6,CREB3,protein_coding,6,0.00863,K562,KARR-seq
chr6,29921029,29945749,K562_SE_589,chr2,114456655,114466655,K562_MPT_7578,ENSG00000227359.1,AC017074.2,lncRNA,6,0.00863,K562,KARR-seq
chr15,50933354,50933727,K562_TE_7289,chr1,6626001,6645148,K562_MPT_77,ENSG00000173662.15,TAS1R1,protein_coding,6,0.00863,K562,KARR-seq
chr13,91998935,92021979,K562_SE_218,chr12,54373542,54431637,K562_MPT_3008,ENSG00000250133.2,HOXC-AS2,lncRNA,6,0.00863,K562,KARR-seq
chr10,51731234,51742137,K562_TE_2858,chr19,4375289,4385289,K562_MPT_6267,ENSG00000141985.5,SH3GL1,protein_coding,6,0.00863,K562,KARR-seq
chr16,88825907,88843302,K562_SE_288,chr14,71783108,71793531,K562_MPT_3909,ENSG00000259146.2,RP1-261D10.2,lncRNA,6,0.00863,K562,KARR-seq
chr5,657228,658667,K562_TE_16801,chr6,36834646,36847800,K562_MPT_11050,ENSG00000198663.12,C6orf89,protein_coding,6,0.00863,K562,KARR-seq
chr2,231262622,231264483,K562_TE_12761,chr10,74028678,74040738,K562_MPT_1704,ENSG00000269926.1,RP11-442H21.2,lncRNA,6,0.00863,K562,KARR-seq
chr15,90577415,90608212,K562_TE_7731,chr1,16988443,17023804,K562_MPT_168,ENSG00000268869.1,ESPNP,pseudogene,6,0.00863,K562,KARR-seq
chr14,102616686,102657807,K562_TE_6929,chr19,53188739,53198749,K562_MPT_6962,ENSG00000167766.14,ZNF83,protein_coding,6,0.00863,K562,KARR-seq
chr1,51728853,51731868,K562_TE_757,chr1,111677249,111687848,K562_MPT_736,ENSG00000156171.10,DRAM2,protein_coding,6,0.00863,K562,KARR-seq
chr7,103519896,103563109,K562_TE_20234,chr15,66869528,66879528,K562_MPT_4362,ENSG00000259471.1,RP11-321F6.1,protein_coding,6,0.00863,K562,KARR-seq
chr6,134597978,134617862,K562_TE_19043,chr9,138794070,138804658,K562_MPT_13216,ENSG00000130559.14,CAMSAP1,protein_coding,6,0.00863,K562,KARR-seq
chr19,52190845,52208804,K562_TE_10872,chr6,36948833,36959074,K562_MPT_11052,ENSG00000137409.14,MTCH1,protein_coding,6,0.00863,K562,KARR-seq
chr4,39321543,39328808,K562_TE_15963,chr12,64840660,64851255,K562_MPT_3088,ENSG00000183735.5,TBK1,protein_coding,6,0.00863,K562,KARR-seq
chr10,35734370,35760083,K562_TE_2746,chr19,13853593,13863711,K562_MPT_6430,ENSG00000104957.9,CCDC130,protein_coding,6,0.00863,K562,KARR-seq
chr8,130426517,130434806,K562_TE_21614,chr17,38273551,38285830,K562_MPT_5497,ENSG00000188895.7,MSL1,protein_coding,6,0.00863,K562,KARR-seq
chr2,198773865,198819349,K562_SE_391,chr10,102738474,102764610,K562_MPT_1839,ENSG00000095539.11,SEMA4G,protein_coding,6,0.00863,K562,KARR-seq
chr8,130426517,130434806,K562_TE_21614,chr19,13101422,13111652,K562_MPT_6423,ENSG00000008441.12,NFIX,protein_coding,6,0.00863,K562,KARR-seq
chr11,118312507,118340499,K562_TE_4553,chr11,62594513,62614281,K562_MPT_2275,ENSG00000162236.7,STX5,protein_coding,6,0.00863,K562,KARR-seq
chr3,24379102,24430326,K562_SE_457,chr1,40033090,40047462,K562_MPT_412,ENSG00000090621.9,PABPC4,protein_coding,6,0.00863,K562,KARR-seq
chr7,129461749,129529236,K562_SE_665,chr9,35067011,35085013,K562_MPT_12789,ENSG00000165280.11,VCP,protein_coding,6,0.00863,K562,KARR-seq
chr16,70429524,70469337,K562_SE_274,chr10,82208922,82224058,K562_MPT_1746,ENSG00000108219.10,TSPAN14,protein_coding,6,0.00863,K562,KARR-seq
chr12,7268607,7275690,K562_TE_4742,chr1,144984309,145000082,K562_MPT_812,ENSG00000268172.1,AL590452.1,protein_coding,6,0.00863,K562,KARR-seq
chr7,135171016,135184618,K562_TE_20525,chr16,85640015,85651958,K562_MPT_5120,ENSG00000131149.13,GSE1,protein_coding,6,0.00863,K562,KARR-seq
chr6,144068328,144078939,K562_TE_19123,chr3,125089093,125099198,K562_MPT_9290,ENSG00000163848.14,ZNF148,protein_coding,6,0.00863,K562,KARR-seq
chr9,102972085,102986276,K562_TE_22262,chr20,62567897,62592769,K562_MPT_8361,ENSG00000267848.1,AL118506.1,protein_coding,6,0.00863,K562,KARR-seq
chr17,40666935,40683287,K562_TE_9135,chr14,37636093,37647071,K562_MPT_3779,ENSG00000258708.1,SLC25A21-AS1,protein_coding,6,0.00863,K562,KARR-seq
chr16,84740593,84788244,K562_TE_8588,chr5,137085039,137095039,K562_MPT_10523,ENSG00000177733.4,HNRNPA0,protein_coding,6,0.00863,K562,KARR-seq
chr1,231531305,231555163,K562_TE_2288,chr7,75503266,75516362,K562_MPT_11827,ENSG00000005486.12,RHBDD2,protein_coding,6,0.00863,K562,KARR-seq
chr6,52900485,52921421,K562_TE_18589,chr16,29812427,29837646,K562_MPT_4836,ENSG00000261962.1,AC009133.20,lncRNA,6,0.00863,K562,KARR-seq
chr11,85802540,85930107,K562_SE_187,chr9,139288249,139310113,K562_MPT_13223,ENSG00000165688.7,PMPCA,protein_coding,6,0.00863,K562,KARR-seq
chr12,122492127,122530639,K562_SE_213,chrX,39951656,39961656,K562_MPT_13347,ENSG00000183337.12,BCOR,protein_coding,6,0.00863,K562,KARR-seq
chr17,20075197,20099921,K562_TE_8899,chr16,69783843,69801267,K562_MPT_5035,ENSG00000141101.8,NOB1,protein_coding,6,0.00863,K562,KARR-seq
chr5,134434411,134609091,K562_SE_545,chr15,66079462,66089631,K562_MPT_4354,ENSG00000174485.10,DENND4A,protein_coding,6,0.00863,K562,KARR-seq
chr19,5943909,5969894,K562_TE_10292,chr16,4519543,4531460,K562_MPT_4676,ENSG00000103415.7,HMOX2,protein_coding,6,0.00863,K562,KARR-seq
chr1,27753546,27787982,K562_TE_408,chr19,56871366,56889619,K562_MPT_7025,ENSG00000240225.6,ZNF542,pseudogene,6,0.00863,K562,KARR-seq
chr10,32185914,32202388,K562_TE_2716,chr10,25005795,25017597,K562_MPT_1526,ENSG00000107863.12,ARHGAP21,protein_coding,6,0.00863,K562,KARR-seq
chr1,143117650,143141282,K562_TE_1330,chr1,38466177,38483451,K562_MPT_399,ENSG00000183386.5,FHL3,protein_coding,6,0.00863,K562,KARR-seq
chr2,127391719,127435182,K562_SE_381,chr1,12672737,12684250,K562_MPT_139,ENSG00000272482.1,RP11-474O21.5,lncRNA,6,0.00863,K562,KARR-seq
chr18,29084271,29091343,K562_TE_9908,chr6,36557145,36567145,K562_MPT_11046,ENSG00000112081.12,SRSF3,protein_coding,6,0.00863,K562,KARR-seq
chr17,45568744,45597916,K562_TE_9222,chr1,182355539,182366341,K562_MPT_1133,ENSG00000135821.12,GLUL,protein_coding,6,0.00863,K562,KARR-seq
chrX,11290563,11437956,K562_SE_739,chr2,132389598,132399598,K562_MPT_7637,ENSG00000224559.2,LINC01087,lncRNA,6,0.00863,K562,KARR-seq
chr1,21986053,22032035,K562_SE_18,chr20,37549955,37559955,K562_MPT_8199,ENSG00000101447.9,FAM83D,protein_coding,6,0.00863,K562,KARR-seq
chr11,1989857,2024104,K562_TE_3532,chr3,183887477,183908962,K562_MPT_9518,ENSG00000161204.7,ABCF3,protein_coding,6,0.00863,K562,KARR-seq
chr2,240178209,240251049,K562_SE_395,chr4,2415336,2425701,K562_MPT_9655,ENSG00000159733.9,ZFYVE28,protein_coding,6,0.00863,K562,KARR-seq
chr18,75695246,75705676,K562_TE_10150,chr11,78047926,78057926,K562_MPT_2492,ENSG00000033327.8,GAB2,protein_coding,6,0.00863,K562,KARR-seq
chr7,26198666,26235304,K562_TE_19628,chr15,45486337,45498373,K562_MPT_4249,ENSG00000138606.15,SHF,protein_coding,6,0.00863,K562,KARR-seq
chr8,130546590,130605033,K562_SE_702,chr2,216162489,216182221,K562_MPT_7867,ENSG00000239166.1,snoU13,snoRNA,6,0.00863,K562,KARR-seq
chr19,19502453,19522466,K562_TE_10518,chr6,147518603,147532110,K562_MPT_11407,ENSG00000233452.2,STXBP5-AS1,lncRNA,6,0.00863,K562,KARR-seq
chr3,9818918,9828509,K562_TE_14324,chr12,46656484,46668734,K562_MPT_2903,ENSG00000111371.11,SLC38A1,protein_coding,6,0.00863,K562,KARR-seq
chr1,223913186,223920629,K562_TE_2174,chr14,21972696,21999634,K562_MPT_3694,ENSG00000165821.7,SALL2,protein_coding,6,0.00863,K562,KARR-seq
chr2,62514461,62548827,K562_SE_366,chr1,150596592,150607072,K562_MPT_884,ENSG00000143420.13,ENSA,protein_coding,6,0.00863,K562,KARR-seq
chr11,642576,642981,K562_TE_3513,chr1,212777012,212787257,K562_MPT_1262,ENSG00000162772.12,ATF3,protein_coding,6,0.00863,K562,KARR-seq
chr16,74612420,74635663,K562_TE_8512,chrX,117624861,117634872,K562_MPT_13583,ENSG00000147251.11,DOCK11,protein_coding,6,0.00863,K562,KARR-seq
chr17,64651188,64659800,K562_TE_9480,chr11,61573357,61589669,K562_MPT_2256,ENSG00000134824.9,FADS2,protein_coding,6,0.00863,K562,KARR-seq
chr2,97495607,97504102,K562_TE_11806,chr3,128390848,128404918,K562_MPT_9311,ENSG00000163902.7,RPN1,protein_coding,6,0.00863,K562,KARR-seq
chr2,113244632,113251742,K562_TE_11936,chr17,79473135,79495873,K562_MPT_5908,ENSG00000229848.1,RP13-766D20.2,lncRNA,6,0.00863,K562,KARR-seq
chr12,94121091,94218632,K562_SE_205,chr6,30579082,30599663,K562_MPT_10954,ENSG00000222894.1,AL662800.1,miRNA,6,0.00863,K562,KARR-seq
chr10,11540333,11648356,K562_SE_120,chr5,68508587,68518659,K562_MPT_10298,ENSG00000134056.7,MRPS36,protein_coding,6,0.00863,K562,KARR-seq
chr12,102217548,102219182,K562_TE_5481,chr4,44850,58210,K562_MPT_9618,ENSG00000248302.2,Z95704.4,pseudogene,6,0.00863,K562,KARR-seq
chr10,11916377,11968192,K562_SE_121,chr17,4684666,4704439,K562_MPT_5215,ENSG00000182327.7,GLTPD2,protein_coding,6,0.00863,K562,KARR-seq
chr3,6548808,6584670,K562_TE_14302,chr5,72139011,72149011,K562_MPT_10318,ENSG00000083312.13,TNPO1,protein_coding,6,0.00863,K562,KARR-seq
chr3,16327422,16361768,K562_TE_14416,chr10,102283829,102300616,K562_MPT_1836,ENSG00000075826.12,SEC31B,protein_coding,6,0.00863,K562,KARR-seq
chr4,87829325,87850037,K562_TE_16268,chr6,31614697,31642944,K562_MPT_10976,ENSG00000200344.1,Y_RNA,misc_RNA,6,0.00863,K562,KARR-seq
chr21,15853278,15868743,K562_TE_13472,chr20,17938589,17954758,K562_MPT_8065,ENSG00000125871.9,MGME1,protein_coding,6,0.00863,K562,KARR-seq
chr4,185359046,185374910,K562_TE_16747,chr6,27095327,27120405,K562_MPT_10900,ENSG00000198339.3,HIST1H4I,protein_coding,6,0.00863,K562,KARR-seq
chr10,80838127,80960447,K562_SE_148,chr12,33587581,33597754,K562_MPT_2879,ENSG00000110975.4,SYT10,protein_coding,6,0.00863,K562,KARR-seq
chr2,208401942,208414492,K562_TE_12613,chr7,44604441,44626886,K562_MPT_11704,ENSG00000158604.10,TMED4,protein_coding,6,0.00863,K562,KARR-seq
chr6,20409590,20477001,K562_SE_576,chr5,122841231,122852954,K562_MPT_10462,ENSG00000200344.1,Y_RNA,misc_RNA,6,0.00863,K562,KARR-seq
chr17,27963624,28067286,K562_SE_299,chr5,179916417,179926433,K562_MPT_10739,ENSG00000113300.7,CNOT6,protein_coding,6,0.00863,K562,KARR-seq
chr1,65804472,65818434,K562_TE_909,chr1,179841934,179857024,K562_MPT_1119,ENSG00000169905.8,TOR1AIP2,protein_coding,6,0.00863,K562,KARR-seq
chr3,171125524,171171823,K562_TE_15461,chr6,31769761,31788437,K562_MPT_10983,ENSG00000204392.6,LSM2,protein_coding,6,0.00863,K562,KARR-seq
chr20,30129680,30185123,K562_SE_400,chr19,2146539,2156565,K562_MPT_6212,ENSG00000065000.11,AP3D1,protein_coding,6,0.00863,K562,KARR-seq
chr1,224644344,224648056,K562_TE_2187,chr10,1029281,1039655,K562_MPT_1439,ENSG00000107937.14,GTPBP4,protein_coding,6,0.00863,K562,KARR-seq
chr2,198894123,198928263,K562_TE_12514,chr7,23566595,23576660,K562_MPT_11609,ENSG00000164548.6,TRA2A,protein_coding,6,0.00863,K562,KARR-seq
chr2,113915159,113939442,K562_TE_11951,chr19,19508412,19521603,K562_MPT_6545,ENSG00000167491.13,GATAD2A,protein_coding,6,0.00863,K562,KARR-seq
chr7,1979717,1996112,K562_TE_19393,chr12,51436745,51447861,K562_MPT_2967,ENSG00000050426.11,LETMD1,protein_coding,6,0.00863,K562,KARR-seq
chr4,74096422,74112627,K562_TE_16123,chr19,16601930,16612274,K562_MPT_6475,ENSG00000269058.1,CALR3,protein_coding,6,0.00863,K562,KARR-seq
chr8,21952765,21952962,K562_TE_20880,chr6,42744765,42754765,K562_MPT_11092,ENSG00000112624.8,GLTSCR1L,protein_coding,6,0.00863,K562,KARR-seq
chr6,163905514,163915655,K562_TE_19312,chr17,25778670,25804036,K562_MPT_5370,ENSG00000141068.9,KSR1,protein_coding,6,0.00863,K562,KARR-seq
chr3,196602002,196624443,K562_TE_15692,chr4,44850,58210,K562_MPT_9618,ENSG00000248302.2,Z95704.4,pseudogene,6,0.00863,K562,KARR-seq
chr2,112101213,112291868,K562_SE_378,chr14,94542548,94552742,K562_MPT_4007,ENSG00000165948.6,IFI27L1,protein_coding,6,0.00863,K562,KARR-seq
chr13,51488740,51506679,K562_TE_6101,chr6,27095327,27120405,K562_MPT_10900,ENSG00000198339.3,HIST1H4I,protein_coding,6,0.00863,K562,KARR-seq
chr10,112369819,112441110,K562_TE_3341,chr10,73965495,73985510,K562_MPT_1703,ENSG00000200344.1,Y_RNA,misc_RNA,6,0.00863,K562,KARR-seq
chr2,87738949,87854483,K562_SE_373,chr1,231371836,231381962,K562_MPT_1356,ENSG00000116906.7,GNPAT,protein_coding,6,0.00863,K562,KARR-seq
chrX,135956337,135993609,K562_TE_23292,chr21,11164720,11174788,K562_MPT_8371,ENSG00000271308.1,AP003900.6,lncRNA,6,0.00863,K562,KARR-seq
chr2,236408349,236431594,K562_TE_12817,chr16,11028901,11043438,K562_MPT_4702,ENSG00000182108.5,DEXI,protein_coding,6,0.00863,K562,KARR-seq
chr21,30705315,30741885,K562_TE_13522,chr7,44831279,44841280,K562_MPT_11707,ENSG00000196262.9,PPIA,protein_coding,6,0.00863,K562,KARR-seq
chr17,3847566,3911178,K562_TE_8716,chr11,62468690,62482317,K562_MPT_2271,ENSG00000168000.10,BSCL2,protein_coding,6,0.00863,K562,KARR-seq
chr5,118692767,118775476,K562_TE_17462,chr7,151157024,151167024,K562_MPT_12176,ENSG00000241959.2,RN7SL76P,misc_RNA,6,0.00863,K562,KARR-seq
chr1,8042539,8075178,K562_TE_98,chr4,44850,58210,K562_MPT_9618,ENSG00000248302.2,Z95704.4,pseudogene,6,0.00863,K562,KARR-seq
chr2,68936719,68975392,K562_TE_11596,chr11,14660163,14670377,K562_MPT_2087,ENSG00000129084.13,PSMA1,protein_coding,6,0.00863,K562,KARR-seq
chr10,97816347,97834703,K562_TE_3201,chr6,133130580,133143358,K562_MPT_11353,ENSG00000201827.1,SNORA33,snoRNA,6,0.00863,K562,KARR-seq
chr1,16104375,16163662,K562_SE_9,chr7,100071855,100089547,K562_MPT_11918,ENSG00000266372.1,AC092849.1,miRNA,6,0.00863,K562,KARR-seq
chr8,103269186,103270328,K562_TE_21433,chr11,282305,304526,K562_MPT_1962,ENSG00000206013.2,IFITM5,protein_coding,6,0.00863,K562,KARR-seq
chrX,48562561,48655638,K562_SE_743,chr2,219258061,219272369,K562_MPT_7886,ENSG00000199121.2,MIR26B,miRNA,6,0.00863,K562,KARR-seq
chr17,68118875,68130500,K562_TE_9529,chr1,51978981,51990000,K562_MPT_510,ENSG00000227070.1,RP11-191G24.1,lncRNA,6,0.00863,K562,KARR-seq
chr8,91291355,91300171,K562_TE_21289,chr5,65215963,65227601,K562_MPT_10285,ENSG00000269961.1,CTD-2033C11.1,lncRNA,6,0.00863,K562,KARR-seq
chr3,152031038,152050542,K562_TE_15326,chr6,28906654,28916654,K562_MPT_10934,ENSG00000204709.4,C6orf100,protein_coding,6,0.00863,K562,KARR-seq
chr9,127320803,127333850,K562_TE_22437,chr19,6715693,6745929,K562_MPT_6306,ENSG00000125734.9,GPR108,protein_coding,6,0.00863,K562,KARR-seq
chr7,64262416,64263354,K562_TE_19878,chr19,18937747,18947810,K562_MPT_6533,ENSG00000005007.8,UPF1,protein_coding,6,0.00863,K562,KARR-seq
chr1,9736839,9773165,K562_TE_134,chr1,151579558,151590839,K562_MPT_906,ENSG00000143376.8,SNX27,protein_coding,6,0.00863,K562,KARR-seq
chr6,111844966,111937208,K562_TE_18894,chr5,138604441,138619470,K562_MPT_10538,ENSG00000200959.1,SNORA74A,snoRNA,6,0.00863,K562,KARR-seq
chr4,172542742,172551573,K562_TE_16675,chr5,33435725,33446487,K562_MPT_10204,ENSG00000113407.9,TARS,protein_coding,6,0.00863,K562,KARR-seq
chr9,114821347,114858734,K562_SE_727,chr6,47440308,47450525,K562_MPT_11126,ENSG00000198087.7,CD2AP,protein_coding,6,0.00863,K562,KARR-seq
chr10,81946357,81957308,K562_TE_3081,chr1,27049199,27059199,K562_MPT_267,ENSG00000117713.13,ARID1A,protein_coding,6,0.00863,K562,KARR-seq
chr20,37447035,37505142,K562_TE_13204,chr16,47488041,47503060,K562_MPT_4915,ENSG00000102893.11,PHKB,protein_coding,6,0.00863,K562,KARR-seq
chr12,108925761,108937019,K562_TE_5546,chr17,40415605,40433725,K562_MPT_5527,ENSG00000236194.2,AC003104.1,lncRNA,6,0.00863,K562,KARR-seq
chr3,14479781,14500264,K562_TE_14386,chr3,15242466,15252750,K562_MPT_8923,ENSG00000131375.5,CAPN7,protein_coding,6,0.00863,K562,KARR-seq
chr5,130850800,130851481,K562_TE_17526,chr6,125618083,125628282,K562_MPT_11328,ENSG00000111906.13,HDDC2,protein_coding,6,0.00863,K562,KARR-seq
chr11,12147047,12244318,K562_SE_164,chr1,54400773,54417031,K562_MPT_534,ENSG00000081870.7,HSPB11,protein_coding,6,0.00863,K562,KARR-seq
chr5,95107732,95109686,K562_TE_17358,chr22,19999331,20013678,K562_MPT_8553,ENSG00000099889.9,ARVCF,protein_coding,6,0.00863,K562,KARR-seq
chr10,121423324,121428163,K562_TE_3413,chr1,43845784,43860640,K562_MPT_457,ENSG00000198198.9,SZT2,protein_coding,6,0.00863,K562,KARR-seq
chr1,161359070,161484100,K562_SE_76,chr1,153890451,153900451,K562_MPT_925,ENSG00000143614.7,GATAD2B,protein_coding,6,0.00863,K562,KARR-seq
chr19,39126319,39184375,K562_SE_343,chr8,131023651,131034375,K562_MPT_12630,ENSG00000153310.14,FAM49B,protein_coding,6,0.00863,K562,KARR-seq
chr7,138775062,138789116,K562_TE_20562,chr19,3977570,3990467,K562_MPT_6257,ENSG00000212377.1,SNORD37,snoRNA,6,0.00863,K562,KARR-seq
chr8,38193354,38227477,K562_TE_21015,chr21,38733234,38744883,K562_MPT_8455,ENSG00000273210.1,AP001437.1,lncRNA,6,0.00863,K562,KARR-seq
chr3,45082598,45261279,K562_SE_464,chr19,11445344,11471174,K562_MPT_6384,ENSG00000105518.9,TMEM205,protein_coding,6,0.00863,K562,KARR-seq
chr6,27124877,27205163,K562_SE_581,chr7,97591386,97606566,K562_MPT_11889,ENSG00000243554.1,AC004967.7,pseudogene,6,0.00863,K562,KARR-seq
chr10,81946357,81957308,K562_TE_3081,chr9,138386364,138403293,K562_MPT_13215,ENSG00000160345.8,C9orf116,protein_coding,6,0.00863,K562,KARR-seq
chr11,63534374,63546351,K562_TE_4035,chr11,63575860,63591419,K562_MPT_2285,ENSG00000168005.4,C11orf84,protein_coding,6,0.00863,K562,KARR-seq
chr16,9013587,9022788,K562_TE_7932,chr1,165791768,165802059,K562_MPT_1049,ENSG00000143183.12,TMCO1,protein_coding,6,0.00863,K562,KARR-seq
chr14,97383027,97392113,K562_TE_6881,chr2,20096402,20106786,K562_MPT_7128,ENSG00000183891.5,TTC32,protein_coding,6,0.00863,K562,KARR-seq
chr8,52782583,52803407,K562_TE_21110,chr17,8122361,8138715,K562_MPT_5264,ENSG00000178977.3,LINC00324,lncRNA,6,0.00863,K562,KARR-seq
chrX,12963540,12987017,K562_SE_740,chr19,18422069,18439084,K562_MPT_6520,ENSG00000130520.6,LSM4,protein_coding,6,0.00863,K562,KARR-seq
chr6,17957475,17982226,K562_TE_18194,chr8,56847793,56857793,K562_MPT_12403,ENSG00000254087.3,LYN,protein_coding,6,0.00863,K562,KARR-seq
chr1,52071709,52138059,K562_TE_764,chr18,9128420,9142561,K562_MPT_5980,ENSG00000266053.2,RP11-143J12.2,lncRNA,6,0.00863,K562,KARR-seq
chr21,35955675,35965363,K562_TE_13586,chr7,140391471,140406645,K562_MPT_12114,ENSG00000240889.1,NDUFB2-AS1,lncRNA,6,0.00863,K562,KARR-seq
chr7,152121226,152128243,K562_TE_20690,chr1,182753904,182768485,K562_MPT_1137,ENSG00000135838.9,NPL,protein_coding,6,0.00863,K562,KARR-seq
chr5,53545021,53626040,K562_SE_532,chr17,73252674,73272479,K562_MPT_5818,ENSG00000125457.9,MIF4GD,protein_coding,6,0.00863,K562,KARR-seq
chr7,129696207,129735968,K562_TE_20460,chr3,151980829,151992344,K562_MPT_9417,ENSG00000152601.13,MBNL1,protein_coding,6,0.00863,K562,KARR-seq
chr6,7235173,7262603,K562_TE_18077,chr15,69108225,69118234,K562_MPT_4377,ENSG00000140350.11,ANP32A,protein_coding,6,0.00863,K562,KARR-seq
chr22,40447120,40488152,K562_TE_14128,chr19,40966652,40978126,K562_MPT_6721,ENSG00000160460.11,SPTBN4,protein_coding,6,0.00863,K562,KARR-seq
chr12,118725281,118786082,K562_TE_5662,chr15,68565141,68577297,K562_MPT_4376,ENSG00000169018.5,FEM1B,protein_coding,6,0.00863,K562,KARR-seq
chr11,12777204,12907923,K562_SE_165,chr17,47069774,47080108,K562_MPT_5644,ENSG00000250838.1,RP11-501C14.5,lncRNA,6,0.00863,K562,KARR-seq
chr15,64844669,64944047,K562_TE_7419,chr2,27799813,27810976,K562_MPT_7178,ENSG00000221531.1,AC074091.1,miRNA,6,0.00863,K562,KARR-seq
chr10,72408913,72460324,K562_SE_139,chr22,19945070,19956276,K562_MPT_8551,ENSG00000093010.7,COMT,protein_coding,6,0.00863,K562,KARR-seq
chr1,41499084,41515066,K562_TE_625,chr11,126146552,126158013,K562_MPT_2672,ENSG00000239166.1,snoU13,snoRNA,6,0.00863,K562,KARR-seq
chr21,36189417,36198620,K562_TE_13590,chr1,12222060,12232060,K562_MPT_135,ENSG00000028137.12,TNFRSF1B,protein_coding,6,0.00863,K562,KARR-seq
chr15,64084850,64162339,K562_TE_7404,chr5,39198129,39208129,K562_MPT_10224,ENSG00000082074.11,FYB,protein_coding,6,0.00863,K562,KARR-seq
chr7,12735730,12788180,K562_SE_641,chr11,529375,542527,K562_MPT_1969,ENSG00000174775.12,HRAS,protein_coding,6,0.00863,K562,KARR-seq
chr1,167867801,167898403,K562_TE_1671,chr1,205714404,205724404,K562_MPT_1216,ENSG00000069275.12,NUCKS1,protein_coding,6,0.00863,K562,KARR-seq
chr9,139146853,139158726,K562_TE_22615,chr12,69134886,69144886,K562_MPT_3106,ENSG00000175782.8,SLC35E3,protein_coding,6,0.00863,K562,KARR-seq
chr7,120621793,120694187,K562_SE_662,chr11,71704587,71715973,K562_MPT_2422,ENSG00000137496.13,IL18BP,protein_coding,6,0.00863,K562,KARR-seq
chr9,127109781,127109980,K562_TE_22430,chr9,136237914,136248284,K562_MPT_13202,ENSG00000148248.9,SURF4,protein_coding,6,0.00863,K562,KARR-seq
chr6,12514326,12514554,K562_TE_18124,chr14,20786485,20806457,K562_MPT_3675,ENSG00000222489.1,SNORA79,snoRNA,6,0.00863,K562,KARR-seq
chr2,236566975,236589371,K562_TE_12821,chr5,56464775,56476773,K562_MPT_10272,ENSG00000062194.11,GPBP1,protein_coding,6,0.00863,K562,KARR-seq
chr9,100022209,100056084,K562_TE_22210,chr1,76246879,76267567,K562_MPT_602,ENSG00000207241.1,SNORD45A,snoRNA,6,0.00863,K562,KARR-seq
chr1,22212524,22297321,K562_SE_19,chr1,193021545,193043362,K562_MPT_1158,ENSG00000238754.1,snoU109,snoRNA,6,0.00863,K562,KARR-seq
chr5,180242205,180260094,K562_TE_17980,chr8,146000667,146033273,K562_MPT_12702,ENSG00000161016.11,RPL8,protein_coding,6,0.00863,K562,KARR-seq
chr19,13162106,13209075,K562_TE_10404,chr2,97558870,97568870,K562_MPT_7485,ENSG00000168754.9,FAM178B,protein_coding,6,0.00863,K562,KARR-seq
chr22,21845384,21889457,K562_SE_437,chr10,71070541,71083600,K562_MPT_1683,ENSG00000156515.17,HK1,protein_coding,6,0.00863,K562,KARR-seq
chr4,40204872,40250619,K562_SE_510,chr19,47283043,47296851,K562_MPT_6840,ENSG00000105281.8,SLC1A5,protein_coding,6,0.00863,K562,KARR-seq
chr1,22212524,22297321,K562_SE_19,chr17,38492640,38506493,K562_MPT_5503,ENSG00000265666.1,CTD-2267D19.2,lncRNA,6,0.00863,K562,KARR-seq
chr3,48963348,48973671,K562_TE_14687,chr19,2778268,2790546,K562_MPT_6229,ENSG00000172009.10,THOP1,protein_coding,6,0.00863,K562,KARR-seq
chr16,12851714,12867485,K562_TE_7990,chr21,45297425,45307425,K562_MPT_8486,ENSG00000160216.14,AGPAT3,protein_coding,6,0.00863,K562,KARR-seq
chr3,6548808,6584670,K562_TE_14302,chr3,52183420,52193706,K562_MPT_9103,ENSG00000164087.3,POC1A,protein_coding,6,0.00863,K562,KARR-seq
chr1,19929760,19940167,K562_TE_263,chr19,51297379,51313186,K562_MPT_6920,ENSG00000167747.9,C19orf48,protein_coding,6,0.00863,K562,KARR-seq
chr3,176855948,176909086,K562_TE_15500,chr7,158644269,158654269,K562_MPT_12205,ENSG00000126870.11,WDR60,protein_coding,6,0.00863,K562,KARR-seq
chr3,171853314,171878431,K562_TE_15474,chr17,35997976,36008493,K562_MPT_5463,ENSG00000141141.10,DDX52,protein_coding,6,0.00863,K562,KARR-seq
chr6,20409590,20477001,K562_SE_576,chr2,172012343,172022410,K562_MPT_7712,ENSG00000198586.9,TLK1,protein_coding,6,0.00863,K562,KARR-seq
chr20,32587038,32676878,K562_TE_13113,chr3,50121341,50132803,K562_MPT_9085,ENSG00000003756.12,RBM5,protein_coding,6,0.00863,K562,KARR-seq
chr1,168332181,168379238,K562_TE_1682,chr11,689438,714368,K562_MPT_1973,ENSG00000177030.12,DEAF1,protein_coding,6,0.00863,K562,KARR-seq
chr8,128806089,129118955,K562_SE_701,chr6,31825683,31835683,K562_MPT_10985,ENSG00000204386.6,NEU1,protein_coding,6,0.00863,K562,KARR-seq
chr8,145626757,145628492,K562_TE_21720,chr1,27015622,27027895,K562_MPT_266,ENSG00000260063.1,RP5-968P14.2,lncRNA,6,0.00863,K562,KARR-seq
chr19,42688716,42713131,K562_TE_10696,chrX,149100732,149118851,K562_MPT_13674,ENSG00000235703.1,LINC00894,lncRNA,6,0.00863,K562,KARR-seq
chr6,7086614,7181133,K562_SE_561,chr2,132243809,132255649,K562_MPT_7635,ENSG00000152117.13,AC093838.4,pseudogene,6,0.00863,K562,KARR-seq
chr10,52286005,52379131,K562_SE_136,chr7,23505086,23515086,K562_MPT_11607,ENSG00000136231.9,IGF2BP3,protein_coding,6,0.00863,K562,KARR-seq
chr14,56246942,56282148,K562_TE_6545,chr16,28884726,28897928,K562_MPT_4821,ENSG00000196296.9,ATP2A1,protein_coding,6,0.00863,K562,KARR-seq
chr18,756567,807069,K562_TE_9733,chr4,13480989,13490989,K562_MPT_9705,ENSG00000157869.10,RAB28,protein_coding,6,0.00863,K562,KARR-seq
chr22,42204233,42261826,K562_TE_14167,chr3,9686117,9696196,K562_MPT_8874,ENSG00000163719.14,MTMR14,protein_coding,6,0.00863,K562,KARR-seq
chr1,174173174,174186471,K562_TE_1746,chr16,70714969,70739148,K562_MPT_5045,ENSG00000132613.10,MTSS1L,protein_coding,6,0.00863,K562,KARR-seq
chr20,30248381,30302816,K562_SE_401,chr19,51056226,51066226,K562_MPT_6917,ENSG00000268231.1,CTD-2560K21.6,lncRNA,6,0.00863,K562,KARR-seq
chr12,132485412,132486186,K562_TE_5832,chr11,93447769,93484651,K562_MPT_2530,ENSG00000200344.1,Y_RNA,misc_RNA,6,0.00863,K562,KARR-seq
chr16,23853484,23934208,K562_SE_269,chr11,64752745,64769517,K562_MPT_2313,ENSG00000168062.5,BATF2,protein_coding,6,0.00863,K562,KARR-seq
chr19,18757870,18771777,K562_TE_10503,chr19,1806623,1828199,K562_MPT_6201,ENSG00000130270.12,ATP8B3,protein_coding,6,0.00863,K562,KARR-seq
chr10,35630893,35721029,K562_SE_130,chr17,7291801,7316960,K562_MPT_5243,ENSG00000169992.5,NLGN2,protein_coding,6,0.00863,K562,KARR-seq
chr2,105996399,106008002,K562_TE_11873,chr9,101564981,101574981,K562_MPT_12990,ENSG00000119514.5,GALNT12,protein_coding,6,0.00863,K562,KARR-seq
chr7,101482129,101596250,K562_SE_657,chr11,14908197,14918798,K562_MPT_2088,ENSG00000186104.6,CYP2R1,protein_coding,6,0.00863,K562,KARR-seq
chr9,136112608,136160631,K562_SE_735,chr4,128797016,128807387,K562_MPT_9999,ENSG00000142731.6,PLK4,protein_coding,6,0.00863,K562,KARR-seq
chr4,48170420,48265152,K562_SE_511,chr21,34770202,34780772,K562_MPT_8425,ENSG00000159128.10,IFNGR2,protein_coding,6,0.00863,K562,KARR-seq
chr14,61454197,61457209,K562_TE_6586,chr12,9908497,9918497,K562_MPT_2781,ENSG00000110848.4,CD69,protein_coding,6,0.00863,K562,KARR-seq
chr12,93691011,93730896,K562_SE_204,chr17,26214347,26225409,K562_MPT_5373,ENSG00000266202.1,RP1-66C13.4,protein_coding,6,0.00863,K562,KARR-seq
chr17,40513899,40534630,K562_TE_9132,chr9,131031132,131043523,K562_MPT_13130,ENSG00000175854.7,SWI5,protein_coding,6,0.00863,K562,KARR-seq
chr19,6216945,6218721,K562_TE_10296,chrX,38655685,38668136,K562_MPT_13344,ENSG00000238123.1,MID1IP1-AS1,lncRNA,6,0.00863,K562,KARR-seq
chr9,133718783,133722191,K562_TE_22549,chr19,54599083,54626651,K562_MPT_6987,ENSG00000105619.9,TFPT,protein_coding,6,0.00863,K562,KARR-seq
chr10,7413525,7443771,K562_TE_2499,chr11,62336445,62347401,K562_MPT_2267,ENSG00000254772.5,EEF1G,protein_coding,6,0.00863,K562,KARR-seq
chr2,198773865,198819349,K562_SE_391,chr2,8972730,8982760,K562_MPT_7087,ENSG00000134313.10,KIDINS220,protein_coding,6,0.00863,K562,KARR-seq
chr12,65049074,65088927,K562_TE_5223,chr2,32385826,32395938,K562_MPT_7199,ENSG00000152683.10,SLC30A6,protein_coding,6,0.00863,K562,KARR-seq
chr10,17428438,17488066,K562_SE_124,chr17,79510524,79525987,K562_MPT_5909,ENSG00000185504.12,C17orf70,protein_coding,6,0.00863,K562,KARR-seq
chr3,60228803,60294909,K562_SE_470,chr19,54658620,54672425,K562_MPT_6989,ENSG00000105617.3,LENG1,protein_coding,6,0.00863,K562,KARR-seq
chr12,49790842,49822966,K562_TE_5049,chr12,49444107,49458557,K562_MPT_2931,ENSG00000167548.10,KMT2D,protein_coding,6,0.00863,K562,KARR-seq
chr3,4260278,4269426,K562_TE_14275,chr8,37957760,37968457,K562_MPT_12349,ENSG00000129691.11,ASH2L,protein_coding,6,0.00863,K562,KARR-seq
chr5,53545021,53626040,K562_SE_532,chr22,42305570,42327822,K562_MPT_8787,ENSG00000159958.3,TNFRSF13C,protein_coding,6,0.00863,K562,KARR-seq
chr10,75715341,75838968,K562_SE_145,chr2,74400995,74410995,K562_MPT_7404,ENSG00000114978.13,MOB1A,protein_coding,6,0.00863,K562,KARR-seq
chr11,43386678,43415554,K562_TE_3854,chr16,89974826,90001843,K562_MPT_5162,ENSG00000258839.2,MC1R,protein_coding,6,0.00863,K562,KARR-seq
chr1,67401088,67420708,K562_TE_924,chr1,183435864,183447067,K562_MPT_1140,ENSG00000116698.16,SMG7,protein_coding,6,0.00863,K562,KARR-seq
chr3,6548808,6584670,K562_TE_14302,chr4,140211957,140228705,K562_MPT_10017,ENSG00000109390.7,NDUFC1,protein_coding,6,0.00863,K562,KARR-seq
chr15,81437955,81467278,K562_TE_7635,chr1,116910290,116931718,K562_MPT_769,ENSG00000163399.11,ATP1A1,protein_coding,6,0.00863,K562,KARR-seq
chr5,132122697,132156609,K562_TE_17548,chr18,807239,818275,K562_MPT_5954,ENSG00000273355.1,RP11-672L10.6,lncRNA,6,0.00863,K562,KARR-seq
chr3,77204585,77253474,K562_TE_14889,chr16,85033616,85050141,K562_MPT_5112,ENSG00000153786.8,ZDHHC7,protein_coding,6,0.00863,K562,KARR-seq
chr10,49662314,49726855,K562_SE_133,chr19,17440638,17453364,K562_MPT_6490,ENSG00000074855.6,ANO8,protein_coding,6,0.00863,K562,KARR-seq
chr12,112402338,112436827,K562_TE_5595,chr15,41947610,41966093,K562_MPT_4211,ENSG00000174197.12,MGA,protein_coding,6,0.00863,K562,KARR-seq
chr10,75463323,75491111,K562_TE_3014,chr3,185131566,185141566,K562_MPT_9532,ENSG00000229638.1,RPL4P4,pseudogene,6,0.00863,K562,KARR-seq
chr6,26295397,26355127,K562_SE_578,chr11,46361817,46374138,K562_MPT_2186,ENSG00000149091.11,DGKZ,protein_coding,6,0.00863,K562,KARR-seq
chr5,61614525,61639596,K562_TE_17078,chr3,122507650,122518642,K562_MPT_9276,ENSG00000169087.6,HSPBAP1,protein_coding,6,0.00863,K562,KARR-seq
chr22,37625366,37628255,K562_TE_14058,chr8,145723356,145759516,K562_MPT_12699,ENSG00000160959.3,LRRC14,protein_coding,6,0.00863,K562,KARR-seq
chr22,37625366,37628255,K562_TE_14058,chr1,241794232,241808701,K562_MPT_1392,ENSG00000054277.8,OPN3,protein_coding,6,0.00863,K562,KARR-seq
chr2,242269075,242269998,K562_TE_12864,chr1,94339720,94349762,K562_MPT_668,ENSG00000067334.9,DNTTIP2,protein_coding,6,0.00863,K562,KARR-seq
chr10,94480299,94522092,K562_SE_151,chr5,131625136,131635964,K562_MPT_10486,ENSG00000197208.5,SLC22A4,protein_coding,6,0.00863,K562,KARR-seq
chr7,29682587,29730623,K562_TE_19660,chr15,50642321,50653668,K562_MPT_4268,ENSG00000104064.12,GABPB1,protein_coding,6,0.00863,K562,KARR-seq
chr2,198714946,198759771,K562_TE_12512,chr16,70714969,70739148,K562_MPT_5045,ENSG00000132613.10,MTSS1L,protein_coding,6,0.00863,K562,KARR-seq
chr1,167342566,167356986,K562_TE_1662,chr12,122321637,122331692,K562_MPT_3341,ENSG00000110801.9,PSMD9,protein_coding,6,0.00863,K562,KARR-seq
chr1,27753546,27787982,K562_TE_408,chr19,46213536,46223536,K562_MPT_6821,ENSG00000177051.5,FBXO46,protein_coding,6,0.00863,K562,KARR-seq
chr10,6193264,6238100,K562_TE_2481,chr7,72931602,72941608,K562_MPT_11792,ENSG00000009954.6,BAZ1B,protein_coding,6,0.00863,K562,KARR-seq
chr7,106584969,106759452,K562_SE_661,chr22,19837339,19847462,K562_MPT_8548,ENSG00000215012.4,C22orf29,protein_coding,6,0.00863,K562,KARR-seq
chr3,49421851,49438183,K562_TE_14693,chr1,145433469,145444306,K562_MPT_820,ENSG00000117289.7,TXNIP,protein_coding,6,0.00863,K562,KARR-seq
chr3,171649912,171699258,K562_SE_494,chr3,65578410,65588561,K562_MPT_9151,ENSG00000151276.19,MAGI1,protein_coding,6,0.00863,K562,KARR-seq
chr3,138462446,138518985,K562_TE_15213,chr2,86662770,86674171,K562_MPT_7440,ENSG00000115548.12,KDM3A,protein_coding,6,0.00863,K562,KARR-seq
chr22,29206893,29219627,K562_TE_13937,chr5,140992981,141003622,K562_MPT_10563,ENSG00000131504.11,DIAPH1,protein_coding,6,0.00863,K562,KARR-seq
chr9,138837660,138845850,K562_SE_736,chr1,111984420,111997106,K562_MPT_738,ENSG00000200344.1,Y_RNA,misc_RNA,6,0.00863,K562,KARR-seq
chr15,67006252,67016965,K562_TE_7452,chr5,172748800,172761506,K562_MPT_10677,ENSG00000113739.6,STC2,protein_coding,6,0.00863,K562,KARR-seq
chr14,103092326,103134232,K562_TE_6939,chr1,155219699,155237221,K562_MPT_949,ENSG00000116521.6,SCAMP3,protein_coding,6,0.00863,K562,KARR-seq
chr10,89698829,89709107,K562_TE_3130,chr5,132156832,132171590,K562_MPT_10495,ENSG00000164403.10,SHROOM1,protein_coding,6,0.00863,K562,KARR-seq
chr7,22516478,22524916,K562_TE_19569,chr6,4013947,4026927,K562_MPT_10781,ENSG00000230648.1,RP3-406P24.3,lncRNA,6,0.00863,K562,KARR-seq
chr6,56969081,56981112,K562_TE_18609,chr7,143594219,143604291,K562_MPT_12134,ENSG00000198420.5,FAM115A,protein_coding,6,0.00863,K562,KARR-seq
chr22,21194469,21240469,K562_SE_436,chr1,221905802,221920518,K562_MPT_1287,ENSG00000143507.13,DUSP10,protein_coding,6,0.00863,K562,KARR-seq
chr1,54738490,54778001,K562_TE_818,chr5,127413573,127424540,K562_MPT_10472,ENSG00000064651.9,SLC12A2,protein_coding,6,0.00863,K562,KARR-seq
chr15,41569288,41578182,K562_TE_7178,chr12,57876740,57888313,K562_MPT_3068,ENSG00000123329.13,ARHGAP9,protein_coding,6,0.00863,K562,KARR-seq
chr10,5732296,5749874,K562_TE_2470,chr9,140110775,140127018,K562_MPT_13244,ENSG00000197191.3,C9orf169,protein_coding,6,0.00863,K562,KARR-seq
chr3,171781031,171825665,K562_TE_15473,chr2,200315811,200340989,K562_MPT_7811,ENSG00000119042.12,SATB2,protein_coding,6,0.00863,K562,KARR-seq
chr9,124812581,124829024,K562_TE_22396,chr12,54773244,54790082,K562_MPT_3019,ENSG00000161642.13,ZNF385A,protein_coding,6,0.00863,K562,KARR-seq
chr2,138815386,138830108,K562_TE_12094,chr1,109930979,109945573,K562_MPT_713,ENSG00000134243.7,SORT1,protein_coding,6,0.00863,K562,KARR-seq
chr12,120917987,120927385,K562_TE_5684,chr5,177654572,177664786,K562_MPT_10716,ENSG00000175309.10,PHYKPL,protein_coding,6,0.00863,K562,KARR-seq
chr12,46613102,46624234,K562_TE_4996,chr22,40337821,40347821,K562_MPT_8761,ENSG00000100351.12,GRAP2,protein_coding,6,0.00863,K562,KARR-seq
chr1,207977786,208061237,K562_SE_95,chr6,3254128,3264294,K562_MPT_10777,ENSG00000180822.7,PSMG4,protein_coding,6,0.00863,K562,KARR-seq
chr14,63919105,63960414,K562_TE_6598,chr11,67346066,67356213,K562_MPT_2386,ENSG00000084207.11,GSTP1,protein_coding,6,0.00863,K562,KARR-seq
chr11,126211321,126219492,K562_TE_4634,chr6,157797165,157807165,K562_MPT_11445,ENSG00000175048.12,ZDHHC14,protein_coding,6,0.00863,K562,KARR-seq
chr10,24995424,25006000,K562_TE_2653,chr11,34068230,34079528,K562_MPT_2147,ENSG00000135387.15,CAPRIN1,protein_coding,6,0.00863,K562,KARR-seq
chr2,192814841,192826823,K562_TE_12477,chr3,195610455,195628654,K562_MPT_9581,ENSG00000061938.12,TNK2,protein_coding,6,0.00863,K562,KARR-seq
chr20,10587912,10594655,K562_TE_12988,chr15,57993827,58003923,K562_MPT_4306,ENSG00000255529.3,POLR2M,protein_coding,6,0.00863,K562,KARR-seq
chr7,135151740,135156004,K562_TE_20524,chr4,25230597,25240597,K562_MPT_9727,ENSG00000038210.9,PI4K2B,protein_coding,6,0.00863,K562,KARR-seq
chr16,84740593,84788244,K562_TE_8588,chr8,90732158,90742158,K562_MPT_12488,ENSG00000251136.4,RP11-37B2.1,lncRNA,6,0.00863,K562,KARR-seq
chr16,23953392,23990968,K562_TE_8141,chr4,662369,688230,K562_MPT_9626,ENSG00000215375.2,MYL5,protein_coding,6,0.00863,K562,KARR-seq
chr5,71568395,71579845,K562_TE_17159,chr6,27095327,27120405,K562_MPT_10900,ENSG00000198339.3,HIST1H4I,protein_coding,6,0.00863,K562,KARR-seq
chr2,159338674,159367342,K562_TE_12216,chr2,26246481,26261979,K562_MPT_7156,ENSG00000084733.6,RAB10,protein_coding,6,0.00863,K562,KARR-seq
chr6,108326137,108326382,K562_TE_18842,chr19,19634670,19654074,K562_MPT_6547,ENSG00000160161.5,CILP2,protein_coding,6,0.00863,K562,KARR-seq
chr22,40447120,40488152,K562_TE_14128,chr7,120711632,120728867,K562_MPT_12018,ENSG00000106034.13,CPED1,protein_coding,6,0.00863,K562,KARR-seq
chrX,44744256,44832026,K562_TE_22892,chr22,44415157,44432245,K562_MPT_8811,ENSG00000188677.10,PARVB,protein_coding,6,0.00863,K562,KARR-seq
chr12,94078489,94108311,K562_TE_5419,chr17,79206398,79218411,K562_MPT_5902,ENSG00000167302.5,ENTHD2,protein_coding,6,0.00863,K562,KARR-seq
chr3,32174389,32188313,K562_TE_14485,chr6,27095327,27120405,K562_MPT_10900,ENSG00000198339.3,HIST1H4I,protein_coding,6,0.00863,K562,KARR-seq
chr6,28632682,28871154,K562_SE_587,chr13,42530220,42540256,K562_MPT_3514,ENSG00000102763.11,VWA8,protein_coding,6,0.00863,K562,KARR-seq
chr5,53545021,53626040,K562_SE_532,chr14,55513349,55523349,K562_MPT_3830,ENSG00000168175.10,MAPK1IP1L,protein_coding,6,0.00863,K562,KARR-seq
chr14,91185529,91187738,K562_TE_6821,chr19,14242365,14253000,K562_MPT_6444,ENSG00000105011.4,ASF1B,protein_coding,6,0.00863,K562,KARR-seq
chr22,25758367,25766540,K562_TE_13891,chr1,36784335,36794755,K562_MPT_382,ENSG00000116883.8,RP11-268J15.5,protein_coding,6,0.00863,K562,KARR-seq
chr10,104518141,104575215,K562_TE_3290,chr1,149799109,149837714,K562_MPT_869,ENSG00000183558.5,HIST2H2AA3,protein_coding,6,0.00863,K562,KARR-seq
chr11,96027561,96070888,K562_SE_190,chr12,108518248,108530528,K562_MPT_3229,ENSG00000075035.5,WSCD2,protein_coding,6,0.00863,K562,KARR-seq
chr22,17579269,17583534,K562_TE_13762,chr5,34910481,34924094,K562_MPT_10211,ENSG00000113456.14,RAD1,protein_coding,6,0.00863,K562,KARR-seq
chr3,5178778,5210443,K562_TE_14292,chr14,24100544,24113548,K562_MPT_3721,ENSG00000100867.10,DHRS2,protein_coding,6,0.00863,K562,KARR-seq
chr8,128806089,129118955,K562_SE_701,chr12,54014755,54025199,K562_MPT_3004,ENSG00000267281.2,RP11-793H13.10,protein_coding,6,0.00863,K562,KARR-seq
chr15,63487249,63539151,K562_TE_7392,chr15,91532725,91543859,K562_MPT_4553,ENSG00000198901.9,PRC1,protein_coding,6,0.00863,K562,KARR-seq
chr1,28897644,28917048,K562_TE_432,chr7,98025380,98035380,K562_MPT_11893,ENSG00000006453.9,BAIAP2L1,protein_coding,6,0.00863,K562,KARR-seq
chr15,37281817,37312837,K562_TE_7128,chr19,39516076,39528425,K562_MPT_6691,ENSG00000267992.1,CTB-189B5.3,lncRNA,6,0.00863,K562,KARR-seq
chr9,132604416,132604718,K562_TE_22532,chr7,143574976,143587463,K562_MPT_12133,ENSG00000198420.5,FAM115A,protein_coding,6,0.00863,K562,KARR-seq
chr2,198773865,198819349,K562_SE_391,chr19,566297,580221,K562_MPT_6164,ENSG00000172270.14,BSG,protein_coding,6,0.00863,K562,KARR-seq
chr15,34724258,34730545,K562_TE_7095,chr1,26788773,26804010,K562_MPT_262,ENSG00000225891.1,RP3-476K8.3,lncRNA,6,0.00863,K562,KARR-seq
chr8,74762445,74815785,K562_TE_21238,chr6,43585541,43617783,K562_MPT_11110,ENSG00000172432.14,GTPBP2,protein_coding,6,0.00863,K562,KARR-seq
chr7,66308580,66313722,K562_TE_19916,chr19,4786219,4800571,K562_MPT_6276,ENSG00000141965.3,FEM1A,protein_coding,6,0.00863,K562,KARR-seq
chr7,20237669,20280806,K562_TE_19547,chr10,102022437,102032437,K562_MPT_1832,ENSG00000095485.12,CWF19L1,protein_coding,6,0.00863,K562,KARR-seq
chr20,49527928,49538917,K562_TE_13340,chr19,30428158,30438425,K562_MPT_6593,ENSG00000105176.13,URI1,protein_coding,6,0.00863,K562,KARR-seq
chr9,132874093,132913703,K562_TE_22537,chr1,22374120,22384790,K562_MPT_213,ENSG00000070831.11,CDC42,protein_coding,6,0.00863,K562,KARR-seq
chr12,111831442,111884186,K562_TE_5584,chr11,3389821,3409692,K562_MPT_2003,ENSG00000263365.1,AC123788.1,miRNA,6,0.00863,K562,KARR-seq
chr12,118725281,118786082,K562_TE_5662,chr12,48201834,48231915,K562_MPT_2914,ENSG00000257488.1,RP5-1057I20.2,lncRNA,6,0.00863,K562,KARR-seq
chr14,21086596,21101987,K562_TE_6334,chr17,31249928,31263052,K562_MPT_5431,ENSG00000006042.7,TMEM98,protein_coding,6,0.00863,K562,KARR-seq
chr6,36444653,36446984,K562_TE_18424,chr6,43585541,43617783,K562_MPT_11110,ENSG00000172432.14,GTPBP2,protein_coding,6,0.00863,K562,KARR-seq
chr22,19383512,19412967,K562_SE_433,chr5,177654572,177664786,K562_MPT_10716,ENSG00000175309.10,PHYKPL,protein_coding,6,0.00863,K562,KARR-seq
chr3,101343943,101363344,K562_SE_476,chr5,266631,277827,K562_MPT_10142,ENSG00000249915.3,PDCD6,protein_coding,6,0.00863,K562,KARR-seq
chr7,50834329,50855402,K562_TE_19843,chr5,176866478,176880335,K562_MPT_10702,ENSG00000246334.2,PRR7-AS1,lncRNA,6,0.00863,K562,KARR-seq
chr17,79427655,79461684,K562_TE_9696,chrX,49014061,49033273,K562_MPT_13413,ENSG00000017621.11,MAGIX,protein_coding,6,0.00863,K562,KARR-seq
chr1,61857402,61870242,K562_TE_878,chr4,79684653,79702532,K562_MPT_9865,ENSG00000260278.1,RP11-109G23.3,lncRNA,6,0.00863,K562,KARR-seq
chr5,10360480,10376856,K562_TE_16849,chr15,81277219,81298295,K562_MPT_4467,ENSG00000117899.6,MESDC2,protein_coding,6,0.00863,K562,KARR-seq
chr10,50340120,50390405,K562_SE_134,chr1,155652758,155663893,K562_MPT_955,ENSG00000132676.11,DAP3,protein_coding,6,0.00863,K562,KARR-seq
chr15,69089651,69107634,K562_TE_7489,chr1,193021545,193043362,K562_MPT_1158,ENSG00000238754.1,snoU109,snoRNA,6,0.00863,K562,KARR-seq
chr16,8137806,8164045,K562_SE_263,chr4,2415336,2425701,K562_MPT_9655,ENSG00000159733.9,ZFYVE28,protein_coding,6,0.00863,K562,KARR-seq
chr7,127622797,127646282,K562_TE_20421,chr20,49570058,49580363,K562_MPT_8283,ENSG00000000419.8,DPM1,protein_coding,6,0.00863,K562,KARR-seq
chr15,43775945,43777274,K562_TE_7216,chr19,18057102,18067102,K562_MPT_6507,ENSG00000105642.11,KCNN1,protein_coding,6,0.00863,K562,KARR-seq
chr6,150030427,150051707,K562_TE_19168,chr3,48125314,48135769,K562_MPT_9048,ENSG00000047849.17,MAP4,protein_coding,6,0.00863,K562,KARR-seq
chr2,223687638,223754598,K562_TE_12718,chr2,65278506,65288599,K562_MPT_7329,ENSG00000011523.9,CEP68,protein_coding,6,0.00863,K562,KARR-seq
chr16,75042810,75164503,K562_SE_275,chr13,22028414,22038509,K562_MPT_3445,ENSG00000180776.11,ZDHHC20,protein_coding,6,0.00863,K562,KARR-seq
chr6,17829558,17909260,K562_SE_575,chr1,113493616,113504635,K562_MPT_752,ENSG00000155380.7,SLC16A1,protein_coding,6,0.00863,K562,KARR-seq
chr17,80157876,80165547,K562_TE_9706,chr7,100021287,100039188,K562_MPT_11917,ENSG00000240211.1,RP11-758P17.3,lncRNA,6,0.00863,K562,KARR-seq
chr19,4677042,4679652,K562_TE_10266,chr1,24093887,24132260,K562_MPT_226,ENSG00000011009.6,LYPLA2,protein_coding,6,0.00863,K562,KARR-seq
chrX,64892608,64942250,K562_TE_22977,chr10,124763333,124773532,K562_MPT_1925,ENSG00000196177.8,ACADSB,protein_coding,6,0.00863,K562,KARR-seq
chr11,77489569,77518985,K562_TE_4279,chr15,72554877,72570340,K562_MPT_4386,ENSG00000137817.12,PARP6,protein_coding,6,0.00863,K562,KARR-seq
chr10,80838127,80960447,K562_SE_148,chr8,29947914,29964456,K562_MPT_12326,ENSG00000104660.13,LEPROTL1,protein_coding,6,0.00863,K562,KARR-seq
chr18,9597278,9609792,K562_TE_9800,chr5,176773523,176798944,K562_MPT_10698,ENSG00000169220.13,RGS14,protein_coding,6,0.00863,K562,KARR-seq
chr2,54795886,54841330,K562_TE_11456,chr19,792075,809940,K562_MPT_6171,ENSG00000265767.1,MIR4745,miRNA,6,0.00863,K562,KARR-seq
chr14,23168256,23203526,K562_TE_6366,chr19,47913195,47927780,K562_MPT_6853,ENSG00000105419.13,MEIS3,protein_coding,6,0.00863,K562,KARR-seq
chr11,68265886,68281695,K562_TE_4131,chr1,22103513,22115099,K562_MPT_209,ENSG00000090686.11,USP48,protein_coding,6,0.00863,K562,KARR-seq
chr1,202477934,202486134,K562_TE_1966,chr6,153310943,153328820,K562_MPT_11436,ENSG00000112031.11,MTRF1L,protein_coding,6,0.00863,K562,KARR-seq
chr22,20899051,20912191,K562_TE_13810,chr9,117345026,117355026,K562_MPT_13056,ENSG00000136888.6,ATP6V1G1,protein_coding,6,0.00863,K562,KARR-seq
chr6,119624363,119665699,K562_SE_613,chr20,35085150,35095150,K562_MPT_8171,ENSG00000080845.13,DLGAP4,protein_coding,6,0.00863,K562,KARR-seq
chr3,15082131,15098135,K562_TE_14396,chr1,183435864,183447067,K562_MPT_1140,ENSG00000116698.16,SMG7,protein_coding,6,0.00863,K562,KARR-seq
chr1,6066690,6070058,K562_TE_69,chr8,144669339,144705218,K562_MPT_12674,ENSG00000179886.4,TIGD5,protein_coding,6,0.00863,K562,KARR-seq
chr21,16416683,16432001,K562_TE_13482,chr11,5521834,5536215,K562_MPT_2030,ENSG00000175520.8,UBQLN3,protein_coding,6,0.00863,K562,KARR-seq
chr7,128292030,128293766,K562_TE_20433,chr1,26864603,26877343,K562_MPT_264,ENSG00000117676.9,RPS6KA1,protein_coding,6,0.00863,K562,KARR-seq
chr8,130452382,130513523,K562_TE_21615,chr7,138661064,138671064,K562_MPT_12099,ENSG00000122778.5,KIAA1549,protein_coding,6,0.00863,K562,KARR-seq
chr19,48688788,48710364,K562_TE_10798,chr1,153890451,153900451,K562_MPT_925,ENSG00000143614.7,GATAD2B,protein_coding,6,0.00863,K562,KARR-seq
chr3,151894697,151979564,K562_SE_487,chr11,86743886,86754082,K562_MPT_2518,ENSG00000166575.12,TMEM135,protein_coding,6,0.00863,K562,KARR-seq
chr7,116848233,116851619,K562_TE_20370,chr12,53290731,53305844,K562_MPT_2984,ENSG00000170421.7,KRT8,protein_coding,6,0.00863,K562,KARR-seq
chr16,89470522,89481522,K562_TE_8653,chr10,121342722,121361541,K562_MPT_1912,ENSG00000151923.13,TIAL1,protein_coding,6,0.00863,K562,KARR-seq
chr2,15441457,15454537,K562_TE_11086,chr20,34323759,34335234,K562_MPT_8163,ENSG00000131051.16,RBM39,protein_coding,6,0.00863,K562,KARR-seq
chr11,76596365,76631319,K562_TE_4265,chr1,26555691,26565693,K562_MPT_255,ENSG00000130695.9,CEP85,protein_coding,6,0.00863,K562,KARR-seq
chr10,49522028,49525974,K562_TE_2839,chr12,24097581,24108966,K562_MPT_2830,ENSG00000134532.11,SOX5,protein_coding,6,0.00863,K562,KARR-seq
chr7,104985430,105018745,K562_TE_20253,chr11,129812356,129822517,K562_MPT_2678,ENSG00000170325.10,PRDM10,protein_coding,6,0.00863,K562,KARR-seq
chr16,4332460,4358265,K562_TE_7907,chr15,91406822,91423918,K562_MPT_4549,ENSG00000140564.6,FURIN,protein_coding,6,0.00863,K562,KARR-seq
chr16,14491236,14499477,K562_TE_8002,chr16,9051469,9063371,K562_MPT_4693,ENSG00000260979.1,RP11-77H9.8,lncRNA,6,0.00863,K562,KARR-seq
chr15,27363914,27382227,K562_TE_7023,chr11,111952497,111962623,K562_MPT_2587,ENSG00000204370.4,SDHD,protein_coding,6,0.00863,K562,KARR-seq
chr17,57905311,57931090,K562_SE_315,chr9,131128598,131138650,K562_MPT_13134,ENSG00000167118.6,URM1,protein_coding,6,0.00863,K562,KARR-seq
chr6,153603463,153603773,K562_TE_19199,chr17,73770367,73786567,K562_MPT_5829,ENSG00000263565.1,MIR4738,miRNA,6,0.00863,K562,KARR-seq
chr6,7195029,7219836,K562_SE_562,chr19,13208681,13218975,K562_MPT_6426,ENSG00000104903.4,LYL1,protein_coding,6,0.00863,K562,KARR-seq
chr1,16438337,16522116,K562_SE_11,chr10,27144792,27155016,K562_MPT_1534,ENSG00000136754.12,ABI1,protein_coding,6,0.00863,K562,KARR-seq
chr3,176855948,176909086,K562_TE_15500,chr12,50469281,50487018,K562_MPT_2953,ENSG00000110881.7,ASIC1,protein_coding,6,0.00863,K562,KARR-seq
chr8,130452382,130513523,K562_TE_21615,chr4,122740087,122754828,K562_MPT_9986,ENSG00000138686.5,BBS7,protein_coding,6,0.00863,K562,KARR-seq
chr1,15093392,15127998,K562_SE_7,chr4,109536551,109546812,K562_MPT_9950,ENSG00000109475.12,RPL34,protein_coding,6,0.00863,K562,KARR-seq
chr7,127534450,127549321,K562_TE_20419,chr17,73506341,73526870,K562_MPT_5824,ENSG00000182173.8,TSEN54,protein_coding,6,0.00863,K562,KARR-seq
chr6,43837350,44064227,K562_SE_602,chr3,125071124,125081662,K562_MPT_9289,ENSG00000163848.14,ZNF148,protein_coding,6,0.00863,K562,KARR-seq
chr6,15253980,15391637,K562_SE_569,chr20,383142,395528,K562_MPT_8000,ENSG00000125826.15,RBCK1,protein_coding,6,0.00863,K562,KARR-seq
chr5,65257001,65285129,K562_TE_17102,chr17,21899694,21916558,K562_MPT_5363,ENSG00000266746.1,RP11-1109M24.7,pseudogene,6,0.00863,K562,KARR-seq
chr21,46184719,46214237,K562_TE_13713,chr11,95514969,95533706,K562_MPT_2546,ENSG00000077458.8,FAM76B,protein_coding,6,0.00863,K562,KARR-seq
chr6,108247901,108269799,K562_TE_18839,chr11,6490090,6507731,K562_MPT_2038,ENSG00000110171.14,TRIM3,protein_coding,6,0.00863,K562,KARR-seq
chr1,51997530,52049537,K562_TE_763,chr2,55269022,55282964,K562_MPT_7279,ENSG00000115310.13,RTN4,protein_coding,6,0.00863,K562,KARR-seq
chr2,87738949,87854483,K562_SE_373,chr17,27164745,27174857,K562_MPT_5391,ENSG00000173065.9,FAM222B,protein_coding,6,0.00863,K562,KARR-seq
chr21,38744669,38835594,K562_SE_428,chr20,60957172,60967381,K562_MPT_8332,ENSG00000171858.13,RPS21,protein_coding,6,0.00863,K562,KARR-seq
chr6,163859406,163861359,K562_TE_19310,chrX,49116288,49134517,K562_MPT_13417,ENSG00000049769.8,PPP1R3F,protein_coding,6,0.00863,K562,KARR-seq
chr21,36189417,36198620,K562_TE_13590,chr6,3063658,3074128,K562_MPT_10772,ENSG00000137275.9,RIPK1,protein_coding,6,0.00863,K562,KARR-seq
chr11,59299485,59335843,K562_SE_175,chrX,138067729,138077729,K562_MPT_13660,ENSG00000129682.9,FGF13,protein_coding,6,0.00863,K562,KARR-seq
chr7,101721975,101725540,K562_TE_20199,chr9,139680807,139714988,K562_MPT_13233,ENSG00000213212.3,NCLP1,pseudogene,6,0.00863,K562,KARR-seq
chr17,17642491,17656822,K562_TE_8855,chr19,19238210,19254322,K562_MPT_6539,ENSG00000064545.10,TMEM161A,protein_coding,6,0.00863,K562,KARR-seq
chr22,41901464,41922664,K562_TE_14160,chr16,1374079,1406984,K562_MPT_4614,ENSG00000007516.9,BAIAP3,protein_coding,6,0.00863,K562,KARR-seq
chr5,139044176,139051707,K562_SE_546,chr5,884814,898757,K562_MPT_10148,ENSG00000071539.9,TRIP13,protein_coding,6,0.00863,K562,KARR-seq
chr15,79657940,79671060,K562_TE_7617,chr9,126025843,126035855,K562_MPT_13081,ENSG00000165209.14,STRBP,protein_coding,6,0.00863,K562,KARR-seq
chr9,80421666,80458930,K562_TE_22059,chr9,139771364,139788987,K562_MPT_13236,ENSG00000266507.1,MIR4479,miRNA,6,0.00863,K562,KARR-seq
chr18,48710196,48718280,K562_TE_10019,chr11,74694179,74704990,K562_MPT_2456,ENSG00000162139.5,NEU3,protein_coding,6,0.00863,K562,KARR-seq
chr22,40160977,40277899,K562_SE_445,chr17,48222877,48232877,K562_MPT_5656,ENSG00000108819.9,PPP1R9B,protein_coding,6,0.00863,K562,KARR-seq
chr6,147532768,147547718,K562_TE_19148,chr7,6741474,6754759,K562_MPT_11554,ENSG00000187953.6,PMS2CL,pseudogene,6,0.00863,K562,KARR-seq
chr8,126937450,126959759,K562_TE_21586,chr3,5158905,5168981,K562_MPT_8864,ENSG00000134108.8,ARL8B,protein_coding,6,0.00863,K562,KARR-seq
chr9,97780600,97795465,K562_TE_22176,chr1,37935012,37952291,K562_MPT_387,ENSG00000233621.1,RP11-422J8.1,lncRNA,6,0.00863,K562,KARR-seq
chr19,52190845,52208804,K562_TE_10872,chr6,109771925,109782190,K562_MPT_11274,ENSG00000135596.13,MICAL1,protein_coding,6,0.00863,K562,KARR-seq
chr5,137695185,137705484,K562_TE_17613,chr3,15101767,15111842,K562_MPT_8921,ENSG00000131368.3,MRPS25,protein_coding,6,0.00863,K562,KARR-seq
chr16,88825907,88843302,K562_SE_288,chr12,108949935,108961386,K562_MPT_3233,ENSG00000136003.11,ISCU,protein_coding,6,0.00863,K562,KARR-seq
chr13,50760113,50783584,K562_TE_6087,chr10,1083295,1107798,K562_MPT_1440,ENSG00000067064.6,IDI1,protein_coding,6,0.00863,K562,KARR-seq
chrX,39926369,40029585,K562_SE_742,chr20,809358,825620,K562_MPT_8006,ENSG00000125898.8,FAM110A,protein_coding,6,0.00863,K562,KARR-seq
chr3,13444841,13503274,K562_TE_14376,chr2,71216573,71227466,K562_MPT_7376,ENSG00000144043.7,TEX261,protein_coding,6,0.00863,K562,KARR-seq
chr15,37224335,37252867,K562_TE_7127,chr2,240959723,240974906,K562_MPT_7966,ENSG00000182083.6,OR6B2,protein_coding,6,0.00863,K562,KARR-seq
chr9,3548682,3550798,K562_TE_21747,chr16,2241526,2278717,K562_MPT_4631,ENSG00000167965.13,MLST8,protein_coding,6,0.00863,K562,KARR-seq
chr7,153105705,153129442,K562_SE_673,chr1,154575682,154590067,K562_MPT_936,ENSG00000268141.1,AL606500.1,protein_coding,6,0.00863,K562,KARR-seq
chr16,88509252,88598161,K562_SE_287,chr1,155899164,155909190,K562_MPT_959,ENSG00000132680.6,KIAA0907,protein_coding,6,0.00863,K562,KARR-seq
chr10,119102302,119146856,K562_TE_3385,chr7,142972050,142992708,K562_MPT_12126,ENSG00000231840.1,AC073342.12,lncRNA,6,0.00863,K562,KARR-seq
chr7,120621793,120694187,K562_SE_662,chr8,99048954,99066084,K562_MPT_12528,ENSG00000245970.2,KB-1208A12.3,lncRNA,6,0.00863,K562,KARR-seq
chr1,143449745,143468119,K562_SE_62,chr6,79782953,79792953,K562_MPT_11185,ENSG00000146247.13,PHIP,protein_coding,6,0.00863,K562,KARR-seq
chr4,151690384,151706183,K562_TE_16585,chrX,48630385,48649981,K562_MPT_13400,ENSG00000207367.1,RNU6-29P,snRNA,6,0.00863,K562,KARR-seq
chr16,89470522,89481522,K562_TE_8653,chr18,153383,163858,K562_MPT_5946,ENSG00000101557.10,USP14,protein_coding,6,0.00863,K562,KARR-seq
chr20,37055003,37089235,K562_SE_405,chr10,73965495,73985510,K562_MPT_1703,ENSG00000200344.1,Y_RNA,misc_RNA,6,0.00863,K562,KARR-seq
chr3,14479781,14500264,K562_TE_14386,chr1,85150972,85161486,K562_MPT_621,ENSG00000117155.12,SSX2IP,protein_coding,6,0.00863,K562,KARR-seq
chr6,122803278,122812921,K562_TE_18966,chr20,54962187,54972707,K562_MPT_8301,ENSG00000087586.13,AURKA,protein_coding,6,0.00863,K562,KARR-seq
chr22,44438756,44453698,K562_TE_14207,chr5,141698747,141709863,K562_MPT_10572,ENSG00000231185.2,AC005592.2,lncRNA,6,0.00863,K562,KARR-seq
chr2,169664581,169681985,K562_TE_12259,chr1,207813519,207823579,K562_MPT_1238,ENSG00000197721.12,CR1L,protein_coding,6,0.00863,K562,KARR-seq
chr5,53545021,53626040,K562_SE_532,chr4,4244939,4254950,K562_MPT_9669,ENSG00000132406.7,TMEM128,protein_coding,6,0.00863,K562,KARR-seq
chr7,66136163,66152745,K562_TE_19914,chr12,49653539,49672089,K562_MPT_2938,ENSG00000167553.10,TUBA1C,protein_coding,6,0.00863,K562,KARR-seq
chr18,9733561,9966563,K562_SE_328,chr22,50734891,50770489,K562_MPT_8845,ENSG00000196576.10,PLXNB2,protein_coding,6,0.00863,K562,KARR-seq
chr15,85535299,85591993,K562_TE_7698,chr3,38173115,38185156,K562_MPT_8981,ENSG00000060971.13,ACAA1,protein_coding,6,0.00863,K562,KARR-seq
chr6,118938314,118962543,K562_TE_18935,chr1,119677947,119688353,K562_MPT_785,ENSG00000116874.7,WARS2,protein_coding,6,0.00863,K562,KARR-seq
chr1,91274801,91298046,K562_TE_1056,chr17,48780285,48790285,K562_MPT_5669,ENSG00000154945.6,ANKRD40,protein_coding,6,0.00863,K562,KARR-seq
chr3,133930594,133962773,K562_TE_15181,chr17,80003824,80028763,K562_MPT_5920,ENSG00000169718.13,DUS1L,protein_coding,6,0.00863,K562,KARR-seq
chr12,25043466,25109549,K562_TE_4877,chr1,33497441,33507593,K562_MPT_355,ENSG00000004455.12,AK2,protein_coding,6,0.00863,K562,KARR-seq
chr22,43318032,43345167,K562_TE_14189,chr19,47207602,47225384,K562_MPT_6838,ENSG00000105287.8,PRKD2,protein_coding,6,0.00863,K562,KARR-seq
chr10,35630893,35721029,K562_SE_130,chr19,30428158,30438425,K562_MPT_6593,ENSG00000105176.13,URI1,protein_coding,6,0.00863,K562,KARR-seq
chr22,19183143,19206596,K562_TE_13783,chr2,201975827,202002707,K562_MPT_7825,ENSG00000003402.15,CFLAR,protein_coding,6,0.00863,K562,KARR-seq
chr10,49567657,49572355,K562_TE_2840,chr19,10509193,10519214,K562_MPT_6361,ENSG00000105401.2,CDC37,protein_coding,6,0.00863,K562,KARR-seq
chr7,36434827,36445055,K562_TE_19723,chr17,42139027,42157102,K562_MPT_5564,ENSG00000161654.5,LSM12,protein_coding,6,0.00863,K562,KARR-seq
chr14,56246942,56282148,K562_TE_6545,chr3,40346175,40356175,K562_MPT_8994,ENSG00000114784.3,EIF1B,protein_coding,6,0.00863,K562,KARR-seq
chr4,79505800,79594388,K562_SE_515,chr5,118663870,118673870,K562_MPT_10453,ENSG00000145779.7,TNFAIP8,protein_coding,6,0.00863,K562,KARR-seq
chr11,77489569,77518985,K562_TE_4279,chr8,141513142,141527081,K562_MPT_12644,ENSG00000104472.5,CHRAC1,protein_coding,6,0.00863,K562,KARR-seq
chr5,68590864,68608736,K562_TE_17125,chr10,120933345,120943345,K562_MPT_1909,ENSG00000165672.5,PRDX3,protein_coding,6,0.00863,K562,KARR-seq
chr16,85548387,85639758,K562_SE_284,chr16,75651681,75662198,K562_MPT_5080,ENSG00000065457.6,ADAT1,protein_coding,6,0.00863,K562,KARR-seq
chr6,13473190,13481356,K562_TE_18137,chr3,186643274,186655337,K562_MPT_9547,ENSG00000073849.10,ST6GAL1,protein_coding,6,0.00863,K562,KARR-seq
chr8,96074459,96130471,K562_SE_691,chr15,65800169,65815042,K562_MPT_4349,ENSG00000074603.14,DPP8,protein_coding,6,0.00863,K562,KARR-seq
chrX,73468847,73471797,K562_TE_23036,chr8,144344607,144356636,K562_MPT_12666,ENSG00000250571.2,GLI4,protein_coding,6,0.00863,K562,KARR-seq
chr5,170822653,170836854,K562_TE_17859,chr3,180314723,180325350,K562_MPT_9494,ENSG00000163728.6,TTC14,protein_coding,6,0.00863,K562,KARR-seq
chr7,123349629,123383230,K562_TE_20396,chr19,40557063,40567116,K562_MPT_6710,ENSG00000128000.11,ZNF780B,protein_coding,6,0.00863,K562,KARR-seq
chr2,134889411,134936170,K562_TE_12070,chr1,150516884,150544336,K562_MPT_882,ENSG00000143382.9,ADAMTSL4,protein_coding,6,0.00863,K562,KARR-seq
chr12,11311578,11326977,K562_TE_4784,chr17,3814794,3824794,K562_MPT_5205,ENSG00000108405.3,P2RX1,protein_coding,6,0.00863,K562,KARR-seq
chr10,24995424,25006000,K562_TE_2653,chr19,1870015,1890546,K562_MPT_6203,ENSG00000261526.1,CTB-31O20.2,lncRNA,6,0.00863,K562,KARR-seq
chr12,65049074,65088927,K562_TE_5223,chrX,46999268,47009903,K562_MPT_13375,ENSG00000182872.11,RBM10,protein_coding,6,0.00863,K562,KARR-seq
chr3,176855948,176909086,K562_TE_15500,chr6,112161147,112172818,K562_MPT_11287,ENSG00000010810.13,FYN,protein_coding,6,0.00863,K562,KARR-seq
chr6,41008497,41033819,K562_TE_18475,chr13,103237163,103254373,K562_MPT_3626,ENSG00000261057.1,LINC00555,lncRNA,6,0.00863,K562,KARR-seq
chr1,52071709,52138059,K562_TE_764,chr19,34658430,34668563,K562_MPT_6609,ENSG00000257103.4,LSM14A,protein_coding,6,0.00863,K562,KARR-seq
chrX,153945777,153970715,K562_TE_23398,chr20,32245090,32267323,K562_MPT_8133,ENSG00000271803.1,RP1-63M2.5,lncRNA,6,0.00863,K562,KARR-seq
chr1,167829454,167850322,K562_SE_81,chr1,38406981,38417729,K562_MPT_397,ENSG00000204084.8,INPP5B,protein_coding,6,0.00863,K562,KARR-seq
chr17,27963624,28067286,K562_SE_299,chr5,178281954,178292688,K562_MPT_10721,ENSG00000178338.6,ZNF354B,protein_coding,6,0.00863,K562,KARR-seq
chr4,174068712,174158651,K562_TE_16685,chr3,32732041,32742041,K562_MPT_8960,ENSG00000182973.14,CNOT10,protein_coding,6,0.00863,K562,KARR-seq
chr1,109626153,109650176,K562_TE_1184,chrX,64882537,64892537,K562_MPT_13474,ENSG00000147065.12,MSN,protein_coding,6,0.00863,K562,KARR-seq
chr2,220372195,220395715,K562_TE_12706,chr15,51051758,51063005,K562_MPT_4271,ENSG00000138600.5,SPPL2A,protein_coding,6,0.00863,K562,KARR-seq
chrX,70658333,70676369,K562_TE_23016,chr20,62689497,62702564,K562_MPT_8365,ENSG00000171703.12,TCEA2,protein_coding,6,0.00863,K562,KARR-seq
chr8,91171169,91256982,K562_SE_690,chr1,45236109,45251387,K562_MPT_473,ENSG00000207421.1,SNORD38B,snoRNA,6,0.00863,K562,KARR-seq
chr3,141274934,141288883,K562_TE_15241,chr2,241492379,241513626,K562_MPT_7970,ENSG00000188542.5,DUSP28,protein_coding,6,0.00863,K562,KARR-seq
chr2,236566975,236589371,K562_TE_12821,chr17,62482640,62511361,K562_MPT_5757,ENSG00000258890.2,CEP95,protein_coding,6,0.00863,K562,KARR-seq
chr3,33074427,33125965,K562_TE_14500,chr10,5926535,5941349,K562_MPT_1460,ENSG00000134452.15,FBXO18,protein_coding,6,0.00863,K562,KARR-seq
chr20,49174792,49188784,K562_TE_13329,chr16,23842322,23853544,K562_MPT_4788,ENSG00000166501.8,PRKCB,protein_coding,6,0.00863,K562,KARR-seq
chr16,85210066,85383708,K562_SE_282,chr10,70710884,70720884,K562_MPT_1676,ENSG00000165732.8,DDX21,protein_coding,6,0.00863,K562,KARR-seq
chr1,65349691,65427295,K562_TE_899,chr6,44089651,44107770,K562_MPT_11115,ENSG00000180992.5,MRPL14,protein_coding,6,0.00863,K562,KARR-seq
chr11,5383351,5392390,K562_TE_3581,chr10,5483572,5493574,K562_MPT_1454,ENSG00000173848.14,NET1,protein_coding,6,0.00863,K562,KARR-seq
chr1,54790664,54798839,K562_TE_819,chr11,57188329,57200053,K562_MPT_2219,ENSG00000134802.13,SLC43A3,protein_coding,6,0.00863,K562,KARR-seq
chr6,122803278,122812921,K562_TE_18966,chr17,75433191,75457448,K562_MPT_5859,ENSG00000200344.1,Y_RNA,misc_RNA,6,0.00863,K562,KARR-seq
chr9,99994073,99995886,K562_TE_22209,chr17,79353929,79379578,K562_MPT_5907,ENSG00000171282.9,RP11-1055B8.7,protein_coding,6,0.00863,K562,KARR-seq
chr3,191084695,191096391,K562_TE_15628,chr14,35868346,35878952,K562_MPT_3773,ENSG00000100906.6,NFKBIA,protein_coding,6,0.00863,K562,KARR-seq
chr2,175411836,175412609,K562_TE_12350,chr16,67175187,67238014,K562_MPT_4994,ENSG00000237172.3,B3GNT9,protein_coding,6,0.00863,K562,KARR-seq
chr7,96755031,96760390,K562_TE_20116,chr6,167355151,167375672,K562_MPT_11475,ENSG00000197146.2,AL133458.1,pseudogene,6,0.00863,K562,KARR-seq
chr1,41692510,41702725,K562_TE_628,chr1,155899164,155909190,K562_MPT_959,ENSG00000132680.6,KIAA0907,protein_coding,6,0.00863,K562,KARR-seq
chr9,127148013,127156774,K562_TE_22432,chr14,45598732,45610157,K562_MPT_3790,ENSG00000100442.6,FKBP3,protein_coding,6,0.00863,K562,KARR-seq
chr4,140063829,140090049,K562_TE_16523,chr1,173827386,173843094,K562_MPT_1095,ENSG00000270084.1,GAS5-AS1,lncRNA,6,0.00863,K562,KARR-seq
chr2,69809230,69861767,K562_TE_11609,chr1,27015622,27027895,K562_MPT_266,ENSG00000260063.1,RP5-968P14.2,lncRNA,6,0.00863,K562,KARR-seq
chr19,597221,611913,K562_TE_10181,chr1,220436259,220450796,K562_MPT_1285,ENSG00000118873.11,RAB3GAP2,protein_coding,6,0.00863,K562,KARR-seq
chr20,3107236,3121385,K562_TE_12934,chr9,140468387,140478387,K562_MPT_13254,ENSG00000148399.7,DPH7,protein_coding,6,0.00863,K562,KARR-seq
chr17,47500825,47502841,K562_TE_9259,chr12,80323495,80334240,K562_MPT_3144,ENSG00000257557.1,RP11-84G21.1,lncRNA,6,0.00863,K562,KARR-seq
chr2,11460078,11467032,K562_TE_11042,chr2,105649441,105659954,K562_MPT_7520,ENSG00000224509.1,AC010884.1,lncRNA,6,0.00863,K562,KARR-seq
chr4,10097065,10109295,K562_TE_15838,chr17,57223582,57238107,K562_MPT_5710,ENSG00000068489.8,PRR11,protein_coding,6,0.00863,K562,KARR-seq
chr6,7235173,7262603,K562_TE_18077,chr16,4458490,4480880,K562_MPT_4675,ENSG00000262246.1,CORO7,protein_coding,6,0.00863,K562,KARR-seq
chr19,6063864,6102577,K562_TE_10294,chr11,3005389,3018607,K562_MPT_1998,ENSG00000183562.2,AC131971.1,protein_coding,6,0.00863,K562,KARR-seq
chr9,134053898,134056973,K562_TE_22556,chr5,53601403,53611412,K562_MPT_10256,ENSG00000185305.6,ARL15,protein_coding,6,0.00863,K562,KARR-seq
chr17,55497606,55537159,K562_TE_9345,chr9,34174003,34184036,K562_MPT_12782,ENSG00000165006.9,UBAP1,protein_coding,6,0.00863,K562,KARR-seq
chr20,29518179,29537518,K562_TE_13068,chr2,170435850,170446157,K562_MPT_7701,ENSG00000138398.11,PPIG,protein_coding,6,0.00863,K562,KARR-seq
chr16,89381699,89456073,K562_TE_8652,chr15,59036793,59047177,K562_MPT_4313,ENSG00000137845.10,ADAM10,protein_coding,6,0.00863,K562,KARR-seq
chr19,15387467,15415672,K562_TE_10441,chr7,100266154,100278761,K562_MPT_11925,ENSG00000172354.5,GNB2,protein_coding,6,0.00863,K562,KARR-seq
chr8,6269486,6306168,K562_TE_20772,chr2,88919447,88932689,K562_MPT_7455,ENSG00000172071.7,EIF2AK3,protein_coding,6,0.00863,K562,KARR-seq
chr9,115062018,115101239,K562_TE_22331,chr12,54773244,54790082,K562_MPT_3019,ENSG00000161642.13,ZNF385A,protein_coding,6,0.00863,K562,KARR-seq
chr20,48278631,48324320,K562_SE_410,chr19,54682517,54718286,K562_MPT_6990,ENSG00000170889.9,RPS9,protein_coding,6,0.00863,K562,KARR-seq
chr10,126801223,126839727,K562_TE_3457,chr11,8003437,8013888,K562_MPT_2046,ENSG00000175390.8,EIF3F,protein_coding,6,0.00863,K562,KARR-seq
chr6,158249402,158288821,K562_SE_630,chr2,223720652,223731281,K562_MPT_7910,ENSG00000123983.9,ACSL3,protein_coding,6,0.00863,K562,KARR-seq
chr3,158418490,158459941,K562_TE_15393,chr14,103982438,104000563,K562_MPT_4065,ENSG00000166165.8,CKB,protein_coding,6,0.00863,K562,KARR-seq
chr21,36270273,36415020,K562_SE_426,chr7,56163352,56179269,K562_MPT_11736,ENSG00000239166.1,snoU13,snoRNA,6,0.00863,K562,KARR-seq
chr11,63766691,63776028,K562_TE_4041,chr14,102601023,102611261,K562_MPT_4049,ENSG00000080824.14,HSP90AA1,protein_coding,6,0.00863,K562,KARR-seq
chr1,28769596,28777411,K562_TE_428,chr2,27250822,27265743,K562_MPT_7164,ENSG00000119777.14,TMEM214,protein_coding,6,0.00863,K562,KARR-seq
chr3,45082598,45261279,K562_SE_464,chr20,30692309,30702539,K562_MPT_8119,ENSG00000101337.11,TM9SF4,protein_coding,6,0.00863,K562,KARR-seq
chr7,43061124,43081000,K562_TE_19768,chr9,130737792,130747792,K562_MPT_13122,ENSG00000167106.7,FAM102A,protein_coding,6,0.00863,K562,KARR-seq
chr1,118014558,118034725,K562_TE_1295,chr11,3005389,3018607,K562_MPT_1998,ENSG00000183562.2,AC131971.1,protein_coding,6,0.00863,K562,KARR-seq
chr18,67691240,67705592,K562_TE_10120,chr14,81888748,81907809,K562_MPT_3974,ENSG00000140022.5,STON2,protein_coding,6,0.00863,K562,KARR-seq
chr17,3847566,3911178,K562_TE_8716,chr22,19969616,19983317,K562_MPT_8552,ENSG00000099889.9,ARVCF,protein_coding,6,0.00863,K562,KARR-seq
chr1,90329507,90423245,K562_SE_51,chr4,75018829,75029085,K562_MPT_9840,ENSG00000163738.14,MTHFD2L,protein_coding,6,0.00863,K562,KARR-seq
chrX,129964041,129970739,K562_TE_23242,chr2,158726623,158739195,K562_MPT_7675,ENSG00000270557.1,RP11-546J1.1,lncRNA,6,0.00863,K562,KARR-seq
chr15,85535299,85591993,K562_TE_7698,chr1,29203347,29225253,K562_MPT_311,ENSG00000200344.1,Y_RNA,misc_RNA,6,0.00863,K562,KARR-seq
chr10,24932196,24935473,K562_TE_2651,chr19,5675205,5699557,K562_MPT_6284,ENSG00000130255.8,RPL36,protein_coding,6,0.00863,K562,KARR-seq
chr3,16327422,16361768,K562_TE_14416,chr1,40500905,40511554,K562_MPT_422,ENSG00000131236.12,CAP1,protein_coding,6,0.00863,K562,KARR-seq
chr7,133729176,133770411,K562_TE_20504,chr19,50138458,50153180,K562_MPT_6900,ENSG00000126461.10,SCAF1,protein_coding,6,0.00863,K562,KARR-seq
chr7,151192799,151209444,K562_TE_20681,chr1,52185568,52200706,K562_MPT_512,ENSG00000212624.1,SNORA26,snoRNA,6,0.00863,K562,KARR-seq
chr7,157138114,157161220,K562_TE_20727,chr10,43887279,43897794,K562_MPT_1585,ENSG00000169813.12,HNRNPF,protein_coding,6,0.00863,K562,KARR-seq
chr5,1631541,1653904,K562_TE_16818,chr6,34355451,34365451,K562_MPT_11018,ENSG00000272325.1,NUDT3,protein_coding,6,0.00863,K562,KARR-seq
chr11,20472414,20515323,K562_SE_167,chr4,160020330,160030330,K562_MPT_10070,ENSG00000109756.4,RAPGEF2,protein_coding,6,0.00863,K562,KARR-seq
chr22,38019850,38031389,K562_TE_14069,chr11,67154423,67176660,K562_MPT_2380,ENSG00000172613.3,RAD9A,protein_coding,6,0.00863,K562,KARR-seq
chr17,16331212,16347829,K562_SE_293,chr1,24013269,24024099,K562_MPT_224,ENSG00000142676.8,RPL11,protein_coding,6,0.00863,K562,KARR-seq
chr11,85732139,85775705,K562_TE_4317,chr14,55488769,55499345,K562_MPT_3829,ENSG00000180008.8,SOCS4,protein_coding,6,0.00863,K562,KARR-seq
chr7,33003331,33039037,K562_TE_19698,chr14,102547668,102558528,K562_MPT_4048,ENSG00000080824.14,HSP90AA1,protein_coding,6,0.00863,K562,KARR-seq
chr2,99070617,99089198,K562_TE_11823,chr16,1015866,1036808,K562_MPT_4611,ENSG00000260807.2,RP11-161M6.2,lncRNA,6,0.00863,K562,KARR-seq
chr12,123504199,123507874,K562_TE_5748,chr7,150749297,150764721,K562_MPT_12168,ENSG00000164889.8,SLC4A2,protein_coding,6,0.00863,K562,KARR-seq
chr19,42688716,42713131,K562_TE_10696,chr22,31879731,31897549,K562_MPT_8680,ENSG00000184708.13,EIF4ENIF1,protein_coding,6,0.00863,K562,KARR-seq
chr17,16331212,16347829,K562_SE_293,chr17,2491504,2502040,K562_MPT_5197,ENSG00000007168.8,PAFAH1B1,protein_coding,6,0.00863,K562,KARR-seq
chr3,196029105,196030499,K562_TE_15679,chr4,44850,58210,K562_MPT_9618,ENSG00000248302.2,Z95704.4,pseudogene,6,0.00863,K562,KARR-seq
chr11,129946355,129973694,K562_TE_4650,chr3,128201759,128217028,K562_MPT_9309,ENSG00000179348.7,GATA2,protein_coding,6,0.00863,K562,KARR-seq
chr1,167195210,167219205,K562_TE_1659,chr7,55428141,55438141,K562_MPT_11728,ENSG00000132434.5,LANCL2,protein_coding,6,0.00863,K562,KARR-seq
chr5,95033036,95077466,K562_SE_537,chr16,3345614,3363609,K562_MPT_4660,ENSG00000262899.1,LA16c-360H6.3,lncRNA,6,0.00863,K562,KARR-seq
chr1,156727335,156751084,K562_TE_1549,chr17,79662613,79685472,K562_MPT_5913,ENSG00000262049.1,RP13-1032I1.7,lncRNA,6,0.00863,K562,KARR-seq
chr16,88509252,88598161,K562_SE_287,chr19,2337720,2347720,K562_MPT_6219,ENSG00000005206.12,SPPL2B,lncRNA,6,0.00863,K562,KARR-seq
chr18,55924483,55967463,K562_TE_10079,chr5,118599387,118609449,K562_MPT_10452,ENSG00000145779.7,TNFAIP8,protein_coding,6,0.00863,K562,KARR-seq
chr15,74661455,74719695,K562_TE_7539,chr5,176916996,176929602,K562_MPT_10704,ENSG00000248996.1,RP11-1334A24.6,lncRNA,6,0.00863,K562,KARR-seq
chr3,176855948,176909086,K562_TE_15500,chr18,47007519,47028266,K562_MPT_6081,ENSG00000177576.6,C18orf32,protein_coding,6,0.00863,K562,KARR-seq
chr6,135512524,135517148,K562_TE_19054,chr1,151422533,151436941,K562_MPT_903,ENSG00000143442.17,POGZ,protein_coding,6,0.00863,K562,KARR-seq
chr1,26989411,27048025,K562_SE_24,chr16,70467991,70477991,K562_MPT_5041,ENSG00000157350.8,ST3GAL2,protein_coding,6,0.00863,K562,KARR-seq
chr8,125586370,125764669,K562_SE_699,chr4,53517757,53530573,K562_MPT_9788,ENSG00000109189.8,USP46,protein_coding,6,0.00863,K562,KARR-seq
chr11,5505203,5522246,K562_TE_3585,chr22,21331044,21341620,K562_MPT_8575,ENSG00000272829.1,XXbac-B135H6.18,lncRNA,6,0.00863,K562,KARR-seq
chr1,91440065,91440628,K562_TE_1060,chr11,66355292,66372505,K562_MPT_2362,ENSG00000182791.3,CCDC87,protein_coding,6,0.00863,K562,KARR-seq
chr17,28570449,28580656,K562_TE_8966,chr7,44831279,44841280,K562_MPT_11707,ENSG00000196262.9,PPIA,protein_coding,6,0.00863,K562,KARR-seq
chr7,137562724,137588922,K562_TE_20542,chr1,109501072,109511111,K562_MPT_705,ENSG00000162641.14,AKNAD1,protein_coding,6,0.00863,K562,KARR-seq
chr7,97803980,97816438,K562_TE_20126,chr5,134235596,134245810,K562_MPT_10515,ENSG00000132570.10,PCBD2,protein_coding,6,0.00863,K562,KARR-seq
chr6,13694850,13705242,K562_TE_18141,chr20,62521518,62531535,K562_MPT_8360,ENSG00000101152.6,DNAJC5,protein_coding,6,0.00863,K562,KARR-seq
chr6,4781409,4817806,K562_TE_18047,chr19,56083780,56097211,K562_MPT_7015,ENSG00000218891.2,ZNF579,protein_coding,6,0.00863,K562,KARR-seq
chr2,33329057,33348846,K562_TE_11271,chr11,57188329,57200053,K562_MPT_2219,ENSG00000134802.13,SLC43A3,protein_coding,6,0.00863,K562,KARR-seq
chr12,116553715,116655574,K562_TE_5637,chr11,85333314,85344674,K562_MPT_2506,ENSG00000171204.8,TMEM126B,protein_coding,6,0.00863,K562,KARR-seq
chr16,21510171,21577629,K562_SE_267,chr1,184718701,184729047,K562_MPT_1145,ENSG00000116406.14,EDEM3,protein_coding,6,0.00863,K562,KARR-seq
chr7,107135233,107136200,K562_TE_20288,chr13,79974923,79985499,K562_MPT_3597,ENSG00000227354.2,RBM26-AS1,lncRNA,6,0.00863,K562,KARR-seq
chr10,72408913,72460324,K562_SE_139,chr1,54298940,54312220,K562_MPT_532,ENSG00000229687.2,RP4-654H19.2,pseudogene,6,0.00863,K562,KARR-seq
chr14,100854389,100891668,K562_TE_6906,chr10,74851608,74861732,K562_MPT_1710,ENSG00000122884.8,P4HA1,protein_coding,6,0.00863,K562,KARR-seq
chr1,19732221,19805013,K562_TE_260,chr9,134140880,134156934,K562_MPT_13183,ENSG00000126882.8,FAM78A,protein_coding,6,0.00863,K562,KARR-seq
chr5,53545021,53626040,K562_SE_532,chr10,72159135,72169135,K562_MPT_1690,ENSG00000148730.6,EIF4EBP2,protein_coding,6,0.00863,K562,KARR-seq
chr22,19852170,19880732,K562_TE_13796,chr1,115295585,115306297,K562_MPT_764,ENSG00000009307.11,CSDE1,protein_coding,6,0.00863,K562,KARR-seq
chrX,109379561,109445287,K562_TE_23114,chr5,162859299,162873184,K562_MPT_10649,ENSG00000250061.1,RP11-541P9.3,lncRNA,6,0.00863,K562,KARR-seq
chr1,15835409,15842453,K562_TE_209,chrX,48548945,48560149,K562_MPT_13398,ENSG00000101945.12,SUV39H1,protein_coding,6,0.00863,K562,KARR-seq
chr5,10360480,10376856,K562_TE_16849,chr12,21649485,21659749,K562_MPT_2822,ENSG00000111711.5,GOLT1B,protein_coding,6,0.00863,K562,KARR-seq
chr10,33226847,33239785,K562_TE_2727,chr19,41250458,41262114,K562_MPT_6727,ENSG00000077312.4,SNRPA,protein_coding,6,0.00863,K562,KARR-seq
chr15,67364799,67413034,K562_SE_250,chr2,27250822,27265743,K562_MPT_7164,ENSG00000119777.14,TMEM214,protein_coding,6,0.00863,K562,KARR-seq
chr6,15253980,15391637,K562_SE_569,chr1,87453692,87463765,K562_MPT_634,ENSG00000153936.12,HS2ST1,protein_coding,6,0.00863,K562,KARR-seq
chr15,67364799,67413034,K562_SE_250,chr1,93292582,93307846,K562_MPT_660,ENSG00000206680.1,SNORD21,snoRNA,6,0.00863,K562,KARR-seq
chr11,68840639,68843988,K562_TE_4140,chr5,154130135,154141734,K562_MPT_10623,ENSG00000155506.12,LARP1,protein_coding,6,0.00863,K562,KARR-seq
chr8,2620251,2646599,K562_TE_20766,chr18,77788891,77799466,K562_MPT_6150,ENSG00000101546.8,RBFA,protein_coding,6,0.00863,K562,KARR-seq
chr3,14479781,14500264,K562_TE_14386,chr2,242249515,242261476,K562_MPT_7978,ENSG00000168385.13,SEPT2,protein_coding,6,0.00863,K562,KARR-seq
chr2,168701147,168710637,K562_TE_12247,chrX,131152293,131162636,K562_MPT_13633,ENSG00000134602.11,MST4,protein_coding,6,0.00863,K562,KARR-seq
chr3,72476234,72511224,K562_TE_14861,chr8,38753753,38763862,K562_MPT_12358,ENSG00000169499.10,PLEKHA2,protein_coding,6,0.00863,K562,KARR-seq
chr1,145000455,145057474,K562_SE_64,chr5,39069491,39079510,K562_MPT_10222,ENSG00000164327.8,RICTOR,protein_coding,6,0.00863,K562,KARR-seq
chrX,123939320,123948509,K562_TE_23202,chr1,228317693,228342553,K562_MPT_1335,ENSG00000227625.2,RP11-520H14.1,pseudogene,6,0.00863,K562,KARR-seq
chr14,91262620,91277439,K562_SE_234,chr6,135497453,135522133,K562_MPT_11361,ENSG00000236703.1,MYB-AS1,lncRNA,6,0.00863,K562,KARR-seq
chr15,85152803,85192098,K562_TE_7691,chr15,75866630,75876630,K562_MPT_4424,ENSG00000169410.5,PTPN9,protein_coding,6,0.00863,K562,KARR-seq
chr1,16104375,16163662,K562_SE_9,chr1,54513865,54524807,K562_MPT_535,ENSG00000116205.6,TCEANC2,protein_coding,6,0.00863,K562,KARR-seq
chr19,1213459,1218470,K562_TE_10196,chr11,610626,620999,K562_MPT_1971,ENSG00000185507.15,IRF7,protein_coding,6,0.00863,K562,KARR-seq
chr7,111113516,111118771,K562_TE_20326,chr17,27164745,27174857,K562_MPT_5391,ENSG00000173065.9,FAM222B,protein_coding,6,0.00863,K562,KARR-seq
chr1,206822526,206911221,K562_SE_91,chr18,77788891,77799466,K562_MPT_6150,ENSG00000101546.8,RBFA,protein_coding,6,0.00863,K562,KARR-seq
chr4,174173254,174204196,K562_TE_16686,chr1,928431,960503,K562_MPT_20,ENSG00000224969.1,RP11-54O7.11,lncRNA,6,0.00863,K562,KARR-seq
chr3,47159228,47161172,K562_TE_14653,chr6,135366759,135381171,K562_MPT_11360,ENSG00000232876.1,CTA-212D2.2,lncRNA,6,0.00863,K562,KARR-seq
chr2,68410068,68424683,K562_TE_11582,chr1,154575682,154590067,K562_MPT_936,ENSG00000268141.1,AL606500.1,protein_coding,6,0.00863,K562,KARR-seq
chr8,128806089,129118955,K562_SE_701,chr14,53168890,53178940,K562_MPT_3815,ENSG00000100519.7,PSMC6,protein_coding,6,0.00863,K562,KARR-seq
chr16,85469848,85511839,K562_TE_8597,chr3,128874879,128887783,K562_MPT_9317,ENSG00000273437.1,RP11-434H6.7,lncRNA,6,0.00863,K562,KARR-seq
chr1,246294272,246388032,K562_SE_112,chr14,58746491,58771255,K562_MPT_3845,ENSG00000180189.9,HMGB1P14,pseudogene,6,0.00863,K562,KARR-seq
chr3,24525263,24525673,K562_TE_14466,chr15,32157880,32167880,K562_MPT_4141,ENSG00000169918.5,OTUD7A,protein_coding,6,0.00863,K562,KARR-seq
chr2,169664581,169681985,K562_TE_12259,chr5,131625136,131635964,K562_MPT_10486,ENSG00000197208.5,SLC22A4,protein_coding,6,0.00863,K562,KARR-seq
chr12,93754564,93822435,K562_TE_5413,chr14,100836279,100848142,K562_MPT_4034,ENSG00000140105.13,WARS,protein_coding,6,0.00863,K562,KARR-seq
chr6,111844966,111937208,K562_TE_18894,chr10,5926535,5941349,K562_MPT_1460,ENSG00000134452.15,FBXO18,protein_coding,6,0.00863,K562,KARR-seq
chr16,58293923,58318677,K562_TE_8386,chr4,68561871,68572113,K562_MPT_9816,ENSG00000248049.2,UBA6-AS1,lncRNA,6,0.00863,K562,KARR-seq
chr7,103621318,103650801,K562_TE_20235,chr6,28312691,28329048,K562_MPT_10923,ENSG00000235109.3,ZSCAN31,protein_coding,6,0.00863,K562,KARR-seq
chr1,109626153,109650176,K562_TE_1184,chr18,77705817,77716664,K562_MPT_6147,ENSG00000122490.14,PQLC1,protein_coding,6,0.00863,K562,KARR-seq
chr11,36111629,36148220,K562_SE_169,chrX,153620495,153645449,K562_MPT_13711,ENSG00000013563.9,DNASE1L1,protein_coding,6,0.00863,K562,KARR-seq
chr15,45360335,45384118,K562_TE_7242,chr15,75634296,75645740,K562_MPT_4420,ENSG00000140398.9,NEIL1,protein_coding,6,0.00863,K562,KARR-seq
chr4,40204872,40250619,K562_SE_510,chr22,22002270,22025358,K562_MPT_8590,ENSG00000100023.13,PPIL2,protein_coding,6,0.00863,K562,KARR-seq
chr9,72919258,72919652,K562_TE_22017,chr16,89038401,89055440,K562_MPT_5146,ENSG00000129993.10,CBFA2T3,protein_coding,6,0.00863,K562,KARR-seq
chr7,133176436,133176880,K562_TE_20497,chr3,196289181,196300559,K562_MPT_9596,ENSG00000174013.7,FBXO45,protein_coding,6,0.00863,K562,KARR-seq
chr1,12551402,12665350,K562_SE_5,chr11,62594513,62614281,K562_MPT_2275,ENSG00000162236.7,STX5,protein_coding,6,0.00863,K562,KARR-seq
chr8,56797452,56843556,K562_TE_21135,chr20,45971816,45990567,K562_MPT_8250,ENSG00000273451.1,RP4-569M23.4,lncRNA,6,0.00863,K562,KARR-seq
chr4,95428400,95483856,K562_SE_519,chr3,49193284,49214044,K562_MPT_9069,ENSG00000177352.9,CCDC71,protein_coding,6,0.00863,K562,KARR-seq
chr22,35604301,35637609,K562_TE_14017,chr22,50955954,50976009,K562_MPT_8849,ENSG00000177989.9,ODF3B,protein_coding,6,0.00863,K562,KARR-seq
chr12,7134597,7144430,K562_TE_4740,chr1,35492233,35502569,K562_MPT_365,ENSG00000271741.1,ZMYM6,protein_coding,6,0.00863,K562,KARR-seq
chr22,22170419,22216528,K562_SE_440,chr17,74717585,74739153,K562_MPT_5852,ENSG00000207556.1,MIR636,miRNA,6,0.00863,K562,KARR-seq
chr9,94618470,94683542,K562_SE_719,chr17,3862585,3872736,K562_MPT_5206,ENSG00000074370.13,ATP2A3,protein_coding,6,0.00863,K562,KARR-seq
chr12,23703856,23722777,K562_TE_4865,chr16,30361255,30399171,K562_MPT_4852,ENSG00000180035.6,ZNF48,protein_coding,6,0.00863,K562,KARR-seq
chr6,147532768,147547718,K562_TE_19148,chr6,26280737,26290762,K562_MPT_10882,ENSG00000158406.2,HIST1H4H,protein_coding,6,0.00863,K562,KARR-seq
chr11,33879660,33934760,K562_TE_3804,chr18,9907846,9928917,K562_MPT_5989,ENSG00000272799.1,RP11-474N24.6,lncRNA,6,0.00863,K562,KARR-seq
chr10,11916377,11968192,K562_SE_121,chr17,79929683,79940775,K562_MPT_5918,ENSG00000169696.11,ASPSCR1,protein_coding,6,0.00863,K562,KARR-seq
chr3,98292737,98306476,K562_TE_14916,chr12,56541040,56557180,K562_MPT_3038,ENSG00000092841.14,MYL6,protein_coding,6,0.00863,K562,KARR-seq
chr2,242549314,242569980,K562_TE_12871,chr3,13456809,13466809,K562_MPT_8910,ENSG00000132182.7,NUP210,protein_coding,6,0.00863,K562,KARR-seq
chr3,10017741,10022979,K562_SE_452,chr19,9924505,9951017,K562_MPT_6350,ENSG00000216102.1,AC008752.1,miRNA,6,0.00863,K562,KARR-seq
chr5,141497980,141508754,K562_TE_17666,chr6,26119138,26129431,K562_MPT_10875,ENSG00000180573.8,HIST1H2AC,protein_coding,6,0.00863,K562,KARR-seq
chr10,52069110,52199776,K562_SE_135,chr3,150121122,150133796,K562_MPT_9410,ENSG00000196428.8,TSC22D2,protein_coding,6,0.00863,K562,KARR-seq
chr18,9733561,9966563,K562_SE_328,chr11,65373772,65388244,K562_MPT_2334,ENSG00000197136.4,PCNXL3,protein_coding,6,0.00863,K562,KARR-seq
chrX,77173945,77218331,K562_TE_23042,chr5,137872400,137887992,K562_MPT_10533,ENSG00000120705.8,ETF1,protein_coding,6,0.00863,K562,KARR-seq
chr12,123535440,123612068,K562_TE_5749,chr6,12002903,12020820,K562_MPT_10821,ENSG00000095951.12,HIVEP1,protein_coding,6,0.00863,K562,KARR-seq
chr4,57290849,57296624,K562_TE_16059,chr5,41865132,41875621,K562_MPT_10231,ENSG00000083720.8,OXCT1,protein_coding,6,0.00863,K562,KARR-seq
chr7,139636070,139638854,K562_TE_20586,chr19,455996,465996,K562_MPT_6160,ENSG00000129946.6,SHC2,protein_coding,6,0.00863,K562,KARR-seq
chr3,196943327,196950302,K562_TE_15699,chr4,142137041,142147088,K562_MPT_10027,ENSG00000109445.6,ZNF330,protein_coding,6,0.00863,K562,KARR-seq
chr9,130871322,130880808,K562_TE_22492,chr2,122488381,122499679,K562_MPT_7601,ENSG00000155438.7,MKI67IP,protein_coding,6,0.00863,K562,KARR-seq
chr17,17594382,17616149,K562_TE_8854,chr19,792075,809940,K562_MPT_6171,ENSG00000265767.1,MIR4745,miRNA,6,0.00863,K562,KARR-seq
chr5,78429713,78440408,K562_TE_17236,chr11,111774991,111813151,K562_MPT_2584,ENSG00000149300.5,C11orf52,protein_coding,6,0.00863,K562,KARR-seq
chr2,159338674,159367342,K562_TE_12216,chr3,171752418,171763345,K562_MPT_9473,ENSG00000075420.8,FNDC3B,protein_coding,6,0.00863,K562,KARR-seq
chr4,144734915,144748061,K562_TE_16552,chr20,36147953,36163441,K562_MPT_8187,ENSG00000235044.1,PPIAP3,pseudogene,6,0.00863,K562,KARR-seq
chr2,198894123,198928263,K562_TE_12514,chr9,35727332,35737392,K562_MPT_12797,ENSG00000107175.6,CREB3,protein_coding,6,0.00863,K562,KARR-seq
chr6,147532768,147547718,K562_TE_19148,chr5,89849617,89859617,K562_MPT_10382,ENSG00000164199.11,GPR98,protein_coding,6,0.00863,K562,KARR-seq
chr17,4742401,4759726,K562_TE_8735,chr12,57876740,57888313,K562_MPT_3068,ENSG00000123329.13,ARHGAP9,protein_coding,6,0.00863,K562,KARR-seq
chr3,194196779,194215310,K562_TE_15646,chr1,46147208,46157886,K562_MPT_486,ENSG00000159596.6,TMEM69,protein_coding,6,0.00863,K562,KARR-seq
chr2,65568551,65649332,K562_SE_368,chr5,175869629,175883763,K562_MPT_10689,ENSG00000221373.1,AC010297.1,miRNA,6,0.00863,K562,KARR-seq
chr7,104985430,105018745,K562_TE_20253,chr9,101564981,101574981,K562_MPT_12990,ENSG00000119514.5,GALNT12,protein_coding,6,0.00863,K562,KARR-seq
chr21,44375528,44413383,K562_TE_13685,chr16,90031199,90044056,K562_MPT_5164,ENSG00000261317.1,RP11-566K11.5,lncRNA,6,0.00863,K562,KARR-seq
chr22,47194730,47212915,K562_TE_14237,chr19,51297379,51313186,K562_MPT_6920,ENSG00000167747.9,C19orf48,protein_coding,6,0.00863,K562,KARR-seq
chr6,26295397,26355127,K562_SE_578,chr1,84966974,84977248,K562_MPT_619,ENSG00000174021.6,GNG5,protein_coding,6,0.00863,K562,KARR-seq
chr1,169295472,169332009,K562_TE_1693,chr17,40434565,40445561,K562_MPT_5528,ENSG00000126561.12,STAT5A,protein_coding,6,0.00863,K562,KARR-seq
chr7,148543453,148572852,K562_TE_20642,chr3,58310692,58324033,K562_MPT_9139,ENSG00000168297.11,PXK,protein_coding,6,0.00863,K562,KARR-seq
chr2,46530420,46570715,K562_SE_364,chr16,2576409,2593165,K562_MPT_4639,ENSG00000205923.2,CEMP1,protein_coding,6,0.00863,K562,KARR-seq
chr18,12995729,12998974,K562_TE_9836,chr21,44308375,44318378,K562_MPT_8472,ENSG00000160194.13,NDUFV3,protein_coding,6,0.00863,K562,KARR-seq
chr6,28632682,28871154,K562_SE_587,chr6,154746629,154760207,K562_MPT_11438,ENSG00000153721.13,CNKSR3,protein_coding,6,0.00863,K562,KARR-seq
chr17,41392069,41411565,K562_SE_306,chr3,47547705,47560251,K562_MPT_9043,ENSG00000163832.11,ELP6,protein_coding,6,0.00863,K562,KARR-seq
chr4,74096422,74112627,K562_TE_16123,chr14,100065363,100075893,K562_MPT_4027,ENSG00000247970.2,RP11-543C4.1,lncRNA,6,0.00863,K562,KARR-seq
chr1,46491809,46505499,K562_TE_721,chr19,10390784,10406653,K562_MPT_6357,ENSG00000105371.8,ICAM4,protein_coding,6,0.00863,K562,KARR-seq
chr20,47900668,47920027,K562_TE_13310,chr16,87892245,87908094,K562_MPT_5131,ENSG00000103257.4,SLC7A5,protein_coding,6,0.00863,K562,KARR-seq
chr12,667968,737715,K562_SE_197,chr2,120975984,120985984,K562_MPT_7594,ENSG00000226479.3,TMEM185B,protein_coding,6,0.00863,K562,KARR-seq
chr1,8772242,8783488,K562_TE_115,chr1,90281427,90292480,K562_MPT_646,ENSG00000171492.10,LRRC8D,protein_coding,6,0.00863,K562,KARR-seq
chr10,101195658,101196600,K562_TE_3250,chr9,132592554,132602757,K562_MPT_13170,ENSG00000136819.10,C9orf78,protein_coding,6,0.00863,K562,KARR-seq
chr17,31110747,31179005,K562_TE_9008,chr12,56206493,56241734,K562_MPT_3031,ENSG00000123342.11,MMP19,protein_coding,6,0.00863,K562,KARR-seq
chr7,139636070,139638854,K562_TE_20586,chr10,102101147,102111881,K562_MPT_1834,ENSG00000099194.5,SCD,protein_coding,6,0.00863,K562,KARR-seq
chr8,74762445,74815785,K562_TE_21238,chr2,219182896,219204426,K562_MPT_7884,ENSG00000127838.9,PNKD,protein_coding,6,0.00863,K562,KARR-seq
chrX,138959514,138975123,K562_TE_23307,chr17,72194721,72216755,K562_MPT_5799,ENSG00000172809.8,RPL38,protein_coding,6,0.00863,K562,KARR-seq
chr1,184913105,184924063,K562_TE_1835,chr5,158629642,158642061,K562_MPT_10636,ENSG00000253256.1,CTB-11I22.1,lncRNA,6,0.00863,K562,KARR-seq
chr10,6193264,6238100,K562_TE_2481,chr22,19999331,20013678,K562_MPT_8553,ENSG00000099889.9,ARVCF,protein_coding,6,0.00863,K562,KARR-seq
chr16,85005811,85028834,K562_TE_8593,chr7,106296342,106306442,K562_MPT_11977,ENSG00000253276.1,CCDC71L,protein_coding,6,0.00863,K562,KARR-seq
chr2,160120647,160128994,K562_TE_12223,chr14,23283930,23304258,K562_MPT_3700,ENSG00000215306.1,AL135998.1,protein_coding,6,0.00863,K562,KARR-seq
chr1,246294272,246388032,K562_SE_112,chr6,112403716,112413841,K562_MPT_11290,ENSG00000074935.9,TUBE1,protein_coding,6,0.00863,K562,KARR-seq
chr9,127913188,127913703,K562_TE_22447,chr1,85720316,85734979,K562_MPT_625,ENSG00000200344.1,Y_RNA,misc_RNA,6,0.00863,K562,KARR-seq
chr6,20409590,20477001,K562_SE_576,chr19,42573823,42589259,K562_MPT_6751,ENSG00000268525.1,CTB-59C6.3,lncRNA,6,0.00863,K562,KARR-seq
chr12,50925657,51019968,K562_SE_203,chr4,52704229,52714745,K562_MPT_9787,ENSG00000109184.10,DCUN1D4,protein_coding,6,0.00863,K562,KARR-seq
chr20,49028702,49143683,K562_SE_413,chr19,34740442,34750502,K562_MPT_6610,ENSG00000166398.8,KIAA0355,protein_coding,6,0.00863,K562,KARR-seq
chr17,29028088,29038324,K562_TE_8979,chr19,14311981,14328864,K562_MPT_6445,ENSG00000072071.12,LPHN1,protein_coding,6,0.00863,K562,KARR-seq
chr9,4799120,4902541,K562_SE_709,chr12,49495469,49509681,K562_MPT_2934,ENSG00000139636.11,LMBR1L,protein_coding,6,0.00863,K562,KARR-seq
chr1,142804945,142848352,K562_TE_1329,chr17,57773786,57790083,K562_MPT_5715,ENSG00000062716.6,VMP1,protein_coding,6,0.00863,K562,KARR-seq
chr1,61569740,61673375,K562_SE_45,chr1,226182032,226192032,K562_MPT_1315,ENSG00000143751.9,SDE2,protein_coding,6,0.00863,K562,KARR-seq
chr8,41603873,41650110,K562_TE_21052,chr7,152449747,152461914,K562_MPT_12183,ENSG00000133627.13,ACTR3B,protein_coding,6,0.00863,K562,KARR-seq
chr20,45903009,45909933,K562_TE_13287,chr12,8083782,8093871,K562_MPT_2762,ENSG00000059804.11,SLC2A3,protein_coding,6,0.00863,K562,KARR-seq
chr20,45924291,45970176,K562_SE_408,chr3,47200066,47210987,K562_MPT_9039,ENSG00000227398.3,KIF9-AS1,lncRNA,6,0.00863,K562,KARR-seq
chr16,21510171,21577629,K562_SE_267,chr12,505742,515803,K562_MPT_2700,ENSG00000120647.5,CCDC77,protein_coding,6,0.00863,K562,KARR-seq
chr10,17428438,17488066,K562_SE_124,chr7,150768617,150789154,K562_MPT_12169,ENSG00000133612.14,AGAP3,protein_coding,6,0.00863,K562,KARR-seq
chr10,79728641,79746986,K562_SE_147,chr9,130205909,130219534,K562_MPT_13110,ENSG00000197958.8,RPL12,protein_coding,6,0.00863,K562,KARR-seq
chr8,126270829,126327886,K562_TE_21573,chr16,74592223,74602223,K562_MPT_5062,ENSG00000090863.7,GLG1,protein_coding,6,0.00863,K562,KARR-seq
chr4,79684477,79738669,K562_TE_16199,chr11,77343796,77353850,K562_MPT_2483,ENSG00000074201.4,CLNS1A,protein_coding,6,0.00863,K562,KARR-seq
chr16,9036727,9051644,K562_TE_7933,chr9,125127824,125142601,K562_MPT_13077,ENSG00000095303.10,PTGS1,protein_coding,6,0.00863,K562,KARR-seq
chr16,16081103,16127035,K562_SE_266,chr12,57108384,57125981,K562_MPT_3052,ENSG00000196531.6,NACA,protein_coding,6,0.00863,K562,KARR-seq
chr1,161082126,161082611,K562_TE_1606,chr8,142427007,142437118,K562_MPT_12653,ENSG00000184489.7,PTP4A3,protein_coding,6,0.00863,K562,KARR-seq
chr8,144360038,144364442,K562_SE_706,chr1,150332126,150342187,K562_MPT_879,ENSG00000163125.11,RPRD2,protein_coding,6,0.00863,K562,KARR-seq
chr17,47095597,47106011,K562_TE_9248,chr16,69593997,69605254,K562_MPT_5033,ENSG00000102908.16,NFAT5,protein_coding,6,0.00863,K562,KARR-seq
chr19,10969113,11002643,K562_TE_10366,chr3,42840925,42855984,K562_MPT_9007,ENSG00000144648.10,ACKR2,protein_coding,6,0.00863,K562,KARR-seq
chr7,86997073,87022634,K562_TE_20066,chr2,128843782,128853885,K562_MPT_7615,ENSG00000136731.8,UGGT1,protein_coding,6,0.00863,K562,KARR-seq
chr21,38744669,38835594,K562_SE_428,chr3,44661289,44675480,K562_MPT_9017,ENSG00000233509.2,ZNF197-AS1,lncRNA,6,0.00863,K562,KARR-seq
chr2,38579728,38594520,K562_TE_11311,chr11,82897139,82910687,K562_MPT_2503,ENSG00000137494.9,ANKRD42,protein_coding,6,0.00863,K562,KARR-seq
chr3,138392645,138415675,K562_TE_15211,chr13,114139809,114150358,K562_MPT_3651,ENSG00000150401.10,DCUN1D2,protein_coding,6,0.00863,K562,KARR-seq
chr1,15093392,15127998,K562_SE_7,chr17,36868677,36896849,K562_MPT_5472,ENSG00000056661.9,PCGF2,protein_coding,6,0.00863,K562,KARR-seq
chr4,40665,63940,K562_TE_15724,chr21,30440672,30454954,K562_MPT_8407,ENSG00000156265.11,MAP3K7CL,protein_coding,6,0.00863,K562,KARR-seq
chr2,171992468,172012441,K562_TE_12304,chr10,120920054,120930179,K562_MPT_1908,ENSG00000183605.12,SFXN4,protein_coding,6,0.00863,K562,KARR-seq
chr15,40169494,40199815,K562_TE_7148,chr7,100194800,100215179,K562_MPT_11922,ENSG00000224729.4,PCOLCE-AS1,lncRNA,6,0.00863,K562,KARR-seq
chr16,81462833,81519190,K562_SE_278,chr16,2241526,2278717,K562_MPT_4631,ENSG00000167965.13,MLST8,protein_coding,6,0.00863,K562,KARR-seq
chr10,80838127,80960447,K562_SE_148,chr14,68152084,68167531,K562_MPT_3891,ENSG00000258466.1,RP11-1012A1.4,protein_coding,6,0.00863,K562,KARR-seq
chr1,65932715,66006608,K562_SE_48,chr1,114466814,114478350,K562_MPT_758,ENSG00000235527.2,RP5-1073O3.7,lncRNA,6,0.00863,K562,KARR-seq
chr8,48420518,48472268,K562_TE_21089,chr9,91921113,91945875,K562_MPT_12925,ENSG00000187742.10,SECISBP2,protein_coding,6,0.00863,K562,KARR-seq
chr11,57060493,57083741,K562_TE_3942,chr19,8266620,8279518,K562_MPT_6323,ENSG00000090661.7,CERS4,protein_coding,6,0.00863,K562,KARR-seq
chr21,38744669,38835594,K562_SE_428,chr15,23081301,23105005,K562_MPT_4105,ENSG00000259425.1,RP11-566K19.5,pseudogene,6,0.00863,K562,KARR-seq
chr12,46771502,46800832,K562_SE_202,chr4,74119039,74134677,K562_MPT_9832,ENSG00000132466.13,ANKRD17,protein_coding,6,0.00863,K562,KARR-seq
chr16,85548387,85639758,K562_SE_284,chr8,95560688,95570950,K562_MPT_12509,ENSG00000164944.7,KIAA1429,protein_coding,6,0.00863,K562,KARR-seq
chr7,102608372,102634363,K562_SE_658,chr7,100459760,100499222,K562_MPT_11930,ENSG00000087077.7,TRIP6,protein_coding,6,0.00863,K562,KARR-seq
chr8,10616769,10677423,K562_TE_20811,chr19,53068526,53078917,K562_MPT_6958,ENSG00000167562.7,ZNF701,protein_coding,6,0.00863,K562,KARR-seq
chr20,39651973,39716249,K562_SE_406,chr4,25157020,25167285,K562_MPT_9726,ENSG00000109618.7,SEPSECS,protein_coding,6,0.00863,K562,KARR-seq
chr7,139608915,139620010,K562_SE_670,chr1,154970127,154980295,K562_MPT_941,ENSG00000160685.9,ZBTB7B,protein_coding,6,0.00863,K562,KARR-seq
chr4,48170420,48265152,K562_SE_511,chr19,10357577,10370296,K562_MPT_6355,ENSG00000105364.9,MRPL4,protein_coding,6,0.00863,K562,KARR-seq
chr18,12607255,12641086,K562_TE_9828,chr21,45204394,45214394,K562_MPT_8484,ENSG00000160214.8,RRP1,protein_coding,6,0.00863,K562,KARR-seq
chr8,28208725,28225949,K562_TE_20946,chr7,28844026,28854026,K562_MPT_11632,ENSG00000146592.12,CREB5,protein_coding,6,0.00863,K562,KARR-seq
chr2,127391719,127435182,K562_SE_381,chr22,20900274,20910294,K562_MPT_8568,ENSG00000099917.13,MED15,protein_coding,6,0.00863,K562,KARR-seq
chr1,224003589,224028500,K562_TE_2175,chr6,3015388,3030025,K562_MPT_10770,ENSG00000261015.1,RP1-90J20.11,lncRNA,6,0.00863,K562,KARR-seq
chr3,14448978,14467038,K562_SE_456,chr19,49939808,49961754,K562_MPT_6895,ENSG00000104872.6,PIH1D1,protein_coding,6,0.00863,K562,KARR-seq
chr4,73338477,73339870,K562_TE_16116,chr2,46518747,46529541,K562_MPT_7250,ENSG00000116016.9,EPAS1,protein_coding,6,0.00863,K562,KARR-seq
chr19,47653022,47661595,K562_TE_10773,chr7,127220661,127238782,K562_MPT_12032,ENSG00000179562.2,GCC1,protein_coding,6,0.00863,K562,KARR-seq
chr1,1778063,1816128,K562_TE_33,chr19,19238210,19254322,K562_MPT_6539,ENSG00000064545.10,TMEM161A,protein_coding,6,0.00863,K562,KARR-seq
chr3,100140867,100156961,K562_TE_14935,chr6,27435460,27445897,K562_MPT_10906,ENSG00000096654.11,ZNF184,protein_coding,6,0.00863,K562,KARR-seq
chr1,249158130,249240590,K562_SE_114,chr9,101547885,101564247,K562_MPT_12989,ENSG00000165138.12,ANKS6,protein_coding,6,0.00863,K562,KARR-seq
chr12,116553715,116655574,K562_TE_5637,chr3,56712045,56722265,K562_MPT_9124,ENSG00000163946.9,FAM208A,protein_coding,6,0.00863,K562,KARR-seq
chr7,101764882,101766137,K562_TE_20200,chr1,161118542,161152287,K562_MPT_1019,ENSG00000143258.11,USP21,protein_coding,6,0.00863,K562,KARR-seq
chr1,28897644,28917048,K562_TE_432,chr20,52219893,52230431,K562_MPT_8295,ENSG00000171940.9,ZNF217,protein_coding,6,0.00863,K562,KARR-seq
chrX,11290563,11437956,K562_SE_739,chr21,48050079,48060593,K562_MPT_8517,ENSG00000160310.12,PRMT2,protein_coding,6,0.00863,K562,KARR-seq
chr2,231596180,231624814,K562_TE_12766,chr15,91406822,91423918,K562_MPT_4549,ENSG00000140564.6,FURIN,protein_coding,6,0.00863,K562,KARR-seq
chr7,158544463,158556724,K562_TE_20740,chr2,74420689,74430743,K562_MPT_7405,ENSG00000065911.7,MTHFD2,protein_coding,6,0.00863,K562,KARR-seq
chr4,26693597,26704626,K562_TE_15908,chr10,44065032,44075066,K562_MPT_1589,ENSG00000196793.9,ZNF239,protein_coding,6,0.00863,K562,KARR-seq
chr22,31948839,31957753,K562_TE_13991,chr7,23566595,23576660,K562_MPT_11609,ENSG00000164548.6,TRA2A,protein_coding,6,0.00863,K562,KARR-seq
chr17,20769482,20780745,K562_TE_8907,chr17,78511003,78524268,K562_MPT_5896,ENSG00000141564.9,RPTOR,protein_coding,6,0.00863,K562,KARR-seq
chr3,171781031,171825665,K562_TE_15473,chr5,140085860,140110743,K562_MPT_10560,ENSG00000199990.1,VTRNA1-1,misc_RNA,6,0.00863,K562,KARR-seq
chr3,61728408,61728756,K562_TE_14804,chr22,20094398,20124471,K562_MPT_8555,ENSG00000099904.11,ZDHHC8,protein_coding,6,0.00863,K562,KARR-seq
chr13,111108482,111138997,K562_TE_6274,chr5,137796179,137814433,K562_MPT_10532,ENSG00000120738.7,EGR1,protein_coding,6,0.00863,K562,KARR-seq
chr18,75695246,75705676,K562_TE_10150,chr19,51056226,51066226,K562_MPT_6917,ENSG00000268231.1,CTD-2560K21.6,lncRNA,6,0.00863,K562,KARR-seq
chr6,7235173,7262603,K562_TE_18077,chr19,47226216,47257015,K562_MPT_6839,ENSG00000200344.1,Y_RNA,misc_RNA,6,0.00863,K562,KARR-seq
chr1,31831189,31831532,K562_TE_464,chr9,26887365,26900676,K562_MPT_12760,ENSG00000240306.2,RN7SL100P,misc_RNA,6,0.00863,K562,KARR-seq
chr8,131314547,131342987,K562_TE_21629,chr16,21127079,21137079,K562_MPT_4762,ENSG00000263331.1,CTC-508F8.1,lncRNA,6,0.00863,K562,KARR-seq
chr3,11549984,11551639,K562_TE_14350,chr11,33908836,33918836,K562_MPT_2146,ENSG00000135363.7,LMO2,protein_coding,6,0.00863,K562,KARR-seq
chr10,80838127,80960447,K562_SE_148,chr2,74400995,74410995,K562_MPT_7404,ENSG00000114978.13,MOB1A,protein_coding,6,0.00863,K562,KARR-seq
chrX,151189338,151200619,K562_TE_23341,chr4,71763043,71773095,K562_MPT_9826,ENSG00000173542.4,MOB1B,protein_coding,6,0.00863,K562,KARR-seq
chr5,39137050,39197955,K562_SE_529,chr1,205714404,205724404,K562_MPT_1216,ENSG00000069275.12,NUCKS1,protein_coding,6,0.00863,K562,KARR-seq
chr3,137916176,137932551,K562_TE_15205,chr1,207489853,207500136,K562_MPT_1233,ENSG00000196352.9,CD55,protein_coding,6,0.00863,K562,KARR-seq
chr8,55006697,55008753,K562_TE_21124,chrX,47072632,47098171,K562_MPT_13377,ENSG00000102226.5,USP11,protein_coding,6,0.00863,K562,KARR-seq
chr1,246226309,246255137,K562_TE_2396,chr2,234257062,234268220,K562_MPT_7947,ENSG00000259793.1,RP11-400N9.1,lncRNA,6,0.00863,K562,KARR-seq
chr11,114049775,114156853,K562_SE_193,chr6,154826793,154836793,K562_MPT_11439,ENSG00000153721.13,CNKSR3,protein_coding,6,0.00863,K562,KARR-seq
chr20,35084412,35101863,K562_TE_13160,chr5,43056497,43073159,K562_MPT_10239,ENSG00000172262.7,ZNF131,protein_coding,6,0.00863,K562,KARR-seq
chr9,123162784,123167939,K562_TE_22372,chr17,78960398,78982135,K562_MPT_5897,ENSG00000263218.2,CTD-2561B21.7,lncRNA,6,0.00863,K562,KARR-seq
chr8,37738282,37783324,K562_TE_21006,chr1,144984309,145000082,K562_MPT_812,ENSG00000268172.1,AL590452.1,protein_coding,6,0.00863,K562,KARR-seq
chr11,20472414,20515323,K562_SE_167,chr10,102738474,102764610,K562_MPT_1839,ENSG00000095539.11,SEMA4G,protein_coding,6,0.00863,K562,KARR-seq
chr2,12415631,12466782,K562_SE_355,chr5,170808764,170819885,K562_MPT_10660,ENSG00000264249.1,MIR3912,miRNA,6,0.00863,K562,KARR-seq
chr1,172509267,172519308,K562_TE_1714,chr5,132156832,132171590,K562_MPT_10495,ENSG00000164403.10,SHROOM1,protein_coding,6,0.00863,K562,KARR-seq
chr5,59968673,59984965,K562_TE_17064,chr17,37348955,37362385,K562_MPT_5481,ENSG00000067191.11,CACNB1,protein_coding,6,0.00863,K562,KARR-seq
chr10,80838127,80960447,K562_SE_148,chr19,1600435,1610480,K562_MPT_6197,ENSG00000267059.2,UQCR11,protein_coding,6,0.00863,K562,KARR-seq
chr3,133930594,133962773,K562_TE_15181,chr18,9097628,9109080,K562_MPT_5979,ENSG00000265257.1,RP11-21J18.1,lncRNA,6,0.00863,K562,KARR-seq
chr1,29462900,29499182,K562_TE_446,chr3,184074390,184086222,K562_MPT_9525,ENSG00000163882.5,POLR2H,protein_coding,6,0.00863,K562,KARR-seq
chr9,115257859,115275132,K562_TE_22334,chr6,20397398,20409034,K562_MPT_10855,ENSG00000112242.10,E2F3,protein_coding,6,0.00863,K562,KARR-seq
chr12,108925761,108937019,K562_TE_5546,chr2,24263705,24277641,K562_MPT_7141,ENSG00000163026.7,C2orf44,protein_coding,6,0.00863,K562,KARR-seq
chr13,64631804,64651412,K562_TE_6141,chr12,49444107,49458557,K562_MPT_2931,ENSG00000167548.10,KMT2D,protein_coding,6,0.00863,K562,KARR-seq
chr7,111008359,111012824,K562_TE_20323,chr4,169921400,169936581,K562_MPT_10084,ENSG00000201818.1,RNY4P17,misc_RNA,6,0.00863,K562,KARR-seq
chr20,30746910,30756769,K562_TE_13087,chr11,70239408,70249647,K562_MPT_2416,ENSG00000085733.11,CTTN,protein_coding,6,0.00863,K562,KARR-seq
chr14,55837744,55866263,K562_TE_6539,chr6,31503313,31521204,K562_MPT_10973,ENSG00000204498.6,NFKBIL1,protein_coding,6,0.00863,K562,KARR-seq
chr20,56975923,57009005,K562_TE_13390,chr22,41935449,41945610,K562_MPT_8781,ENSG00000100413.12,POLR3H,protein_coding,6,0.00863,K562,KARR-seq
chr9,3507376,3511912,K562_TE_21745,chrX,39951656,39961656,K562_MPT_13347,ENSG00000183337.12,BCOR,protein_coding,6,0.00863,K562,KARR-seq
chr12,25007836,25016461,K562_TE_4876,chr11,66019765,66041061,K562_MPT_2350,ENSG00000254855.1,RP11-867G23.1,lncRNA,6,0.00863,K562,KARR-seq
chr6,29921029,29945749,K562_SE_589,chr6,31684456,31717323,K562_MPT_10979,ENSG00000213719.4,CLIC1,protein_coding,6,0.00863,K562,KARR-seq
chr1,43388136,43495314,K562_SE_38,chr1,6756862,6766984,K562_MPT_81,ENSG00000007923.11,DNAJC11,protein_coding,6,0.00863,K562,KARR-seq
chr2,65568551,65649332,K562_SE_368,chr7,56163352,56179269,K562_MPT_11736,ENSG00000239166.1,snoU13,snoRNA,6,0.00863,K562,KARR-seq
chr7,104985430,105018745,K562_TE_20253,chr18,46060417,46071466,K562_MPT_6078,ENSG00000134030.9,CTIF,protein_coding,6,0.00863,K562,KARR-seq
chr20,45903009,45909933,K562_TE_13287,chrX,53443967,53454890,K562_MPT_13441,ENSG00000072501.13,SMC1A,protein_coding,6,0.00863,K562,KARR-seq
chr1,25844071,25896975,K562_TE_374,chr2,85799614,85816531,K562_MPT_7435,ENSG00000118640.6,VAMP8,protein_coding,6,0.00863,K562,KARR-seq
chr16,84740593,84788244,K562_TE_8588,chr22,41027689,41037695,K562_MPT_8769,ENSG00000196588.10,MKL1,protein_coding,6,0.00863,K562,KARR-seq
chr3,4753839,4814516,K562_SE_448,chr5,131700340,131710968,K562_MPT_10487,ENSG00000233006.2,AC034220.3,lncRNA,6,0.00863,K562,KARR-seq
chr7,12412998,12438693,K562_TE_19497,chr16,77219732,77230097,K562_MPT_5083,ENSG00000103111.10,MON1B,protein_coding,6,0.00863,K562,KARR-seq
chr1,156922120,156943848,K562_TE_1552,chr11,78123825,78134394,K562_MPT_2493,ENSG00000033327.8,GAB2,protein_coding,6,0.00863,K562,KARR-seq
chr1,22075583,22103046,K562_TE_298,chr22,24368117,24389680,K562_MPT_8613,ENSG00000235231.3,AP000351.10,pseudogene,6,0.00863,K562,KARR-seq
chr16,88509252,88598161,K562_SE_287,chr12,121336173,121347174,K562_MPT_3326,ENSG00000157837.11,SPPL3,protein_coding,6,0.00863,K562,KARR-seq
chr15,29209810,29262246,K562_TE_7047,chr16,74635992,74646012,K562_MPT_5063,ENSG00000090863.7,GLG1,protein_coding,6,0.00863,K562,KARR-seq
chr9,139619943,139624993,K562_TE_22624,chr14,53191898,53201900,K562_MPT_3816,ENSG00000198252.7,STYX,protein_coding,6,0.00863,K562,KARR-seq
chr6,129965783,130027237,K562_SE_614,chr3,12520931,12536279,K562_MPT_8902,ENSG00000154743.13,TSEN2,protein_coding,6,0.00863,K562,KARR-seq
chr7,137613403,137699756,K562_SE_668,chr12,52289349,52314232,K562_MPT_2978,ENSG00000258021.1,RP11-1100L3.4,pseudogene,6,0.00863,K562,KARR-seq
chr19,15938687,15956027,K562_SE_336,chr14,20786485,20806457,K562_MPT_3675,ENSG00000222489.1,SNORA79,snoRNA,6,0.00863,K562,KARR-seq
chr2,12415631,12466782,K562_SE_355,chr16,827926,844313,K562_MPT_4609,ENSG00000007376.3,RPUSD1,protein_coding,6,0.00863,K562,KARR-seq
chr3,9818918,9828509,K562_TE_14324,chr17,18081392,18093067,K562_MPT_5323,ENSG00000266677.1,RP11-258F1.1,lncRNA,6,0.00863,K562,KARR-seq
chr1,110954982,110982118,K562_TE_1206,chr19,35640633,35659938,K562_MPT_6623,ENSG00000089327.10,FXYD5,protein_coding,6,0.00863,K562,KARR-seq
chrX,135792762,135798731,K562_TE_23287,chr22,24814565,24828530,K562_MPT_8616,ENSG00000128271.15,ADORA2A,protein_coding,6,0.00863,K562,KARR-seq
chrX,120324396,120346878,K562_TE_23172,chr12,46754090,46771650,K562_MPT_2904,ENSG00000134294.9,SLC38A2,protein_coding,6,0.00863,K562,KARR-seq
chr3,45082598,45261279,K562_SE_464,chr9,116633562,116643630,K562_MPT_13052,ENSG00000157657.10,ZNF618,protein_coding,6,0.00863,K562,KARR-seq
chr20,13422003,13423168,K562_TE_12992,chr16,81342028,81353557,K562_MPT_5093,ENSG00000261609.3,GAN,protein_coding,6,0.00863,K562,KARR-seq
chr15,28534372,28547487,K562_TE_7035,chr1,31186351,31201434,K562_MPT_318,ENSG00000186056.5,MATN1-AS1,lncRNA,6,0.00863,K562,KARR-seq
chr16,4293970,4303787,K562_TE_7906,chr17,26984109,26994216,K562_MPT_5388,ENSG00000109111.10,SUPT6H,protein_coding,6,0.00863,K562,KARR-seq
chr15,88125985,88248068,K562_SE_253,chr2,101920158,101930912,K562_MPT_7509,ENSG00000163162.4,RNF149,protein_coding,6,0.00863,K562,KARR-seq
chr19,28942803,29111036,K562_SE_341,chr6,146280233,146290525,K562_MPT_11399,ENSG00000146414.11,SHPRH,protein_coding,6,0.00863,K562,KARR-seq
chr20,45243986,45265298,K562_TE_13280,chr16,88846619,88856619,K562_MPT_5142,ENSG00000103335.15,PIEZO1,protein_coding,6,0.00863,K562,KARR-seq
chr1,31485878,31504712,K562_TE_461,chr15,42835970,42846036,K562_MPT_4218,ENSG00000180979.5,LRRC57,protein_coding,6,0.00863,K562,KARR-seq
chr6,34237593,34354985,K562_SE_593,chr6,49425904,49436091,K562_MPT_11127,ENSG00000031691.6,CENPQ,protein_coding,6,0.00863,K562,KARR-seq
chr5,139544820,139621746,K562_SE_548,chr16,89622065,89633778,K562_MPT_5154,ENSG00000200084.1,SNORD68,snoRNA,6,0.00863,K562,KARR-seq
chr7,44056873,44079075,K562_TE_19783,chr1,229401750,229412346,K562_MPT_1344,ENSG00000240524.2,RP5-1061H20.3,pseudogene,6,0.00863,K562,KARR-seq
chrX,138003668,138013712,K562_TE_23297,chr20,47889578,47902220,K562_MPT_8258,ENSG00000212304.1,SNORD12,snoRNA,6,0.00863,K562,KARR-seq
chr2,198894123,198928263,K562_TE_12514,chr2,201975827,202002707,K562_MPT_7825,ENSG00000003402.15,CFLAR,protein_coding,6,0.00863,K562,KARR-seq
chr6,15551873,15629523,K562_SE_570,chr15,89005650,89015949,K562_MPT_4518,ENSG00000181991.11,MRPS11,protein_coding,6,0.00863,K562,KARR-seq
chr4,10159611,10291694,K562_SE_508,chr17,3814794,3824794,K562_MPT_5205,ENSG00000108405.3,P2RX1,protein_coding,6,0.00863,K562,KARR-seq
chr10,22215962,22252174,K562_TE_2624,chr6,160385131,160395131,K562_MPT_11462,ENSG00000197081.8,IGF2R,protein_coding,6,0.00863,K562,KARR-seq
chr1,2186545,2222861,K562_TE_42,chr12,56385964,56420100,K562_MPT_3034,ENSG00000139531.8,SUOX,protein_coding,6,0.00863,K562,KARR-seq
chr8,130452382,130513523,K562_TE_21615,chr2,62076188,62088830,K562_MPT_7307,ENSG00000170264.8,FAM161A,protein_coding,6,0.00863,K562,KARR-seq
chr11,2702963,2725114,K562_TE_3539,chr16,1999727,2052655,K562_MPT_4626,ENSG00000269205.1,AC005606.1,protein_coding,6,0.00863,K562,KARR-seq
chr12,124474867,124492736,K562_TE_5770,chr12,109017463,109034625,K562_MPT_3234,ENSG00000257221.1,RP11-689B22.2,lncRNA,6,0.00863,K562,KARR-seq
chr21,46184719,46214237,K562_TE_13713,chrX,109556312,109566467,K562_MPT_13575,ENSG00000101935.5,AMMECR1,protein_coding,6,0.00863,K562,KARR-seq
chr16,23953392,23990968,K562_TE_8141,chr6,30518865,30530057,K562_MPT_10952,ENSG00000204576.7,PRR3,protein_coding,6,0.00863,K562,KARR-seq
chr3,156402964,156409508,K562_TE_15367,chr1,28410075,28420207,K562_MPT_296,ENSG00000158161.11,EYA3,protein_coding,6,0.00863,K562,KARR-seq
chr9,4799120,4902541,K562_SE_709,chr10,15125775,15144419,K562_MPT_1501,ENSG00000152464.10,RPP38,protein_coding,6,0.00863,K562,KARR-seq
chr6,150469473,150551550,K562_SE_627,chr5,131886711,131897923,K562_MPT_10491,ENSG00000113522.9,RAD50,protein_coding,6,0.00863,K562,KARR-seq
chr9,135989613,136030463,K562_TE_22584,chr2,132243809,132255649,K562_MPT_7635,ENSG00000152117.13,AC093838.4,pseudogene,6,0.00863,K562,KARR-seq
chr3,48055212,48106510,K562_TE_14673,chr1,889670,913892,K562_MPT_19,ENSG00000188976.6,NOC2L,protein_coding,6,0.00863,K562,KARR-seq
chr17,41126176,41126438,K562_TE_9142,chr2,20845838,20855849,K562_MPT_7135,ENSG00000118960.8,HS1BP3,protein_coding,6,0.00863,K562,KARR-seq
chr7,647474,676632,K562_TE_19373,chr5,149104861,149117388,K562_MPT_10590,ENSG00000199047.1,MIR378A,miRNA,6,0.00863,K562,KARR-seq
chr10,80838127,80960447,K562_SE_148,chr17,74063578,74075875,K562_MPT_5835,ENSG00000167881.10,SRP68,protein_coding,6,0.00863,K562,KARR-seq
chr17,57905311,57931090,K562_SE_315,chr11,94272017,94282017,K562_MPT_2535,ENSG00000196371.2,FUT4,protein_coding,6,0.00863,K562,KARR-seq
chr6,4906494,4943216,K562_TE_18049,chr1,3684352,3694627,K562_MPT_62,ENSG00000235169.3,SMIM1,protein_coding,6,0.00863,K562,KARR-seq
chr17,33401203,33410416,K562_TE_9025,chr12,51436745,51447861,K562_MPT_2967,ENSG00000050426.11,LETMD1,protein_coding,6,0.00863,K562,KARR-seq
chr9,80494644,80638505,K562_SE_716,chr16,67960765,67975990,K562_MPT_5011,ENSG00000141086.13,CTRL,protein_coding,6,0.00863,K562,KARR-seq
chr15,66880235,66981717,K562_SE_249,chr10,22624544,22639427,K562_MPT_1521,ENSG00000272366.1,RP11-573G6.10,lncRNA,6,0.00863,K562,KARR-seq
chr19,18757870,18771777,K562_TE_10503,chr19,18422069,18439084,K562_MPT_6520,ENSG00000130520.6,LSM4,protein_coding,6,0.00863,K562,KARR-seq
chr10,22645449,22700301,K562_TE_2634,chr5,39069491,39079510,K562_MPT_10222,ENSG00000164327.8,RICTOR,protein_coding,6,0.00863,K562,KARR-seq
chr9,208732,260609,K562_SE_708,chr19,17511457,17521954,K562_MPT_6493,ENSG00000269640.1,CTD-2521M24.9,lncRNA,6,0.00863,K562,KARR-seq
chr6,155072954,155083718,K562_TE_19213,chr4,39454302,39465692,K562_MPT_9755,ENSG00000163682.11,RPL9,protein_coding,6,0.00863,K562,KARR-seq
chr17,58429264,58475980,K562_TE_9400,chr6,34634733,34644733,K562_MPT_11023,ENSG00000196821.5,C6orf106,protein_coding,6,0.00863,K562,KARR-seq
chr9,135989613,136030463,K562_TE_22584,chr16,53529241,53543323,K562_MPT_4938,ENSG00000166971.12,AKTIP,protein_coding,6,0.00863,K562,KARR-seq
chr1,87399417,87470657,K562_TE_1026,chr5,37365887,37384387,K562_MPT_10218,ENSG00000113569.11,NUP155,protein_coding,6,0.00863,K562,KARR-seq
chrX,64892608,64942250,K562_TE_22977,chr4,77991063,78002158,K562_MPT_9856,ENSG00000118816.5,CCNI,protein_coding,6,0.00863,K562,KARR-seq
chr1,65781781,65789793,K562_TE_908,chr8,74877872,74897112,K562_MPT_12455,ENSG00000200344.1,Y_RNA,misc_RNA,6,0.00863,K562,KARR-seq
chr7,1892585,1924742,K562_SE_637,chr6,33276989,33295791,K562_MPT_11001,ENSG00000236104.2,ZBTB22,protein_coding,6,0.00863,K562,KARR-seq
chr2,39312204,39335823,K562_TE_11322,chr12,54773244,54790082,K562_MPT_3019,ENSG00000161642.13,ZNF385A,protein_coding,6,0.00863,K562,KARR-seq
chr10,52069110,52199776,K562_SE_135,chr1,202771427,202785090,K562_MPT_1188,ENSG00000228288.2,PCAT6,lncRNA,6,0.00863,K562,KARR-seq
chr6,17923681,17944855,K562_TE_18193,chr16,3144229,3192651,K562_MPT_4654,ENSG00000263214.1,ZNF205-AS1,lncRNA,6,0.00863,K562,KARR-seq
chr10,88521307,88536469,K562_TE_3107,chrX,153181085,153215232,K562_MPT_13706,ENSG00000102030.11,NAA10,protein_coding,6,0.00863,K562,KARR-seq
chr1,150576644,150613992,K562_SE_71,chr11,3846881,3867213,K562_MPT_2010,ENSG00000177105.9,RHOG,protein_coding,6,0.00863,K562,KARR-seq
chr16,75042810,75164503,K562_SE_275,chr22,46726322,46736819,K562_MPT_8831,ENSG00000100416.8,TRMU,protein_coding,6,0.00863,K562,KARR-seq
chr4,89099258,89099918,K562_TE_16282,chr19,55533990,55554632,K562_MPT_6998,ENSG00000267265.1,CTC-550B14.7,lncRNA,6,0.00863,K562,KARR-seq
chr7,86585129,86598596,K562_TE_20059,chr1,22103513,22115099,K562_MPT_209,ENSG00000090686.11,USP48,protein_coding,6,0.00863,K562,KARR-seq
chr12,46613102,46624234,K562_TE_4996,chr2,37306485,37316661,K562_MPT_7210,ENSG00000152133.10,GPATCH11,protein_coding,6,0.00863,K562,KARR-seq
chr16,81462833,81519190,K562_SE_278,chr10,89259632,89272590,K562_MPT_1757,ENSG00000107789.11,MINPP1,protein_coding,6,0.00863,K562,KARR-seq
chr19,10844936,10884917,K562_TE_10363,chr21,45548487,45561001,K562_MPT_8490,ENSG00000160221.12,C21orf33,protein_coding,6,0.00863,K562,KARR-seq
chr1,21986053,22032035,K562_SE_18,chr5,177626508,177636572,K562_MPT_10715,ENSG00000197451.6,HNRNPAB,protein_coding,6,0.00863,K562,KARR-seq
chrX,65204979,65247572,K562_SE_747,chr1,51978981,51990000,K562_MPT_510,ENSG00000227070.1,RP11-191G24.1,lncRNA,6,0.00863,K562,KARR-seq
chr17,78595696,78639167,K562_TE_9674,chr9,140130665,140140665,K562_MPT_13245,ENSG00000188229.5,TUBB4B,protein_coding,6,0.00863,K562,KARR-seq
chr6,135551782,135648636,K562_SE_616,chr16,1999727,2052655,K562_MPT_4626,ENSG00000269205.1,AC005606.1,protein_coding,6,0.00863,K562,KARR-seq
chr3,138462446,138518985,K562_TE_15213,chr12,54373542,54431637,K562_MPT_3008,ENSG00000250133.2,HOXC-AS2,lncRNA,6,0.00863,K562,KARR-seq
chr1,202499865,202527086,K562_SE_89,chr4,18017357,18028499,K562_MPT_9721,ENSG00000178177.10,LCORL,protein_coding,6,0.00863,K562,KARR-seq
chr15,35426632,35435238,K562_TE_7108,chr22,19461454,19472461,K562_MPT_8544,ENSG00000070010.14,UFD1L,protein_coding,6,0.00863,K562,KARR-seq
chr17,25772495,25943699,K562_SE_296,chr4,160020330,160030330,K562_MPT_10070,ENSG00000109756.4,RAPGEF2,protein_coding,6,0.00863,K562,KARR-seq
chr15,58732008,58814774,K562_TE_7361,chr10,75250283,75263314,K562_MPT_1715,ENSG00000107758.11,PPP3CB,protein_coding,6,0.00863,K562,KARR-seq
chr20,31142167,31167232,K562_TE_13095,chr1,178989939,179009787,K562_MPT_1112,ENSG00000232750.2,RP11-177A2.5,pseudogene,6,0.00863,K562,KARR-seq
chr9,5869390,5893629,K562_TE_21764,chr21,44389620,44399751,K562_MPT_8475,ENSG00000160199.10,PKNOX1,protein_coding,6,0.00863,K562,KARR-seq
chr19,28942803,29111036,K562_SE_341,chr2,220450706,220467596,K562_MPT_7906,ENSG00000222678.1,RN7SKP213,misc_RNA,6,0.00863,K562,KARR-seq
chr2,149437852,149438953,K562_TE_12157,chr21,36254480,36267087,K562_MPT_8438,ENSG00000159216.14,RUNX1,protein_coding,6,0.00863,K562,KARR-seq
chr15,90577415,90608212,K562_TE_7731,chr2,55489923,55501483,K562_MPT_7282,ENSG00000085760.10,MTIF2,protein_coding,6,0.00863,K562,KARR-seq
chr5,71432885,71447519,K562_TE_17155,chr1,12672737,12684250,K562_MPT_139,ENSG00000272482.1,RP11-474O21.5,lncRNA,6,0.00863,K562,KARR-seq
chr6,160395308,160421878,K562_SE_633,chr16,19720899,19734637,K562_MPT_4755,ENSG00000174628.12,IQCK,protein_coding,6,0.00863,K562,KARR-seq
chr12,31459803,31471216,K562_TE_4927,chr1,40500905,40511554,K562_MPT_422,ENSG00000131236.12,CAP1,protein_coding,6,0.00863,K562,KARR-seq
chr3,138462446,138518985,K562_TE_15213,chr2,26982156,26992157,K562_MPT_7160,ENSG00000213699.4,SLC35F6,protein_coding,6,0.00863,K562,KARR-seq
chr12,116553715,116655574,K562_TE_5637,chr11,30339598,30354583,K562_MPT_2125,ENSG00000152219.4,ARL14EP,protein_coding,6,0.00863,K562,KARR-seq
chr10,79798576,79804181,K562_TE_3052,chr7,120711632,120728867,K562_MPT_12018,ENSG00000106034.13,CPED1,protein_coding,6,0.00863,K562,KARR-seq
chrX,117635481,117671350,K562_TE_23131,chr22,22891603,22906750,K562_MPT_8599,ENSG00000220891.1,LL22NC03-63E9.3,protein_coding,6,0.00863,K562,KARR-seq
chr10,52286005,52379131,K562_SE_136,chr1,241794232,241808701,K562_MPT_1392,ENSG00000054277.8,OPN3,protein_coding,6,0.00863,K562,KARR-seq
chr9,132821147,132835907,K562_TE_22536,chr19,1870015,1890546,K562_MPT_6203,ENSG00000261526.1,CTB-31O20.2,lncRNA,6,0.00863,K562,KARR-seq
chr12,54743389,54772730,K562_TE_5139,chr4,2005562,2016837,K562_MPT_9648,ENSG00000185049.8,NELFA,protein_coding,6,0.00863,K562,KARR-seq
chr20,56902274,56916527,K562_TE_13388,chr1,184938682,184948682,K562_MPT_1147,ENSG00000135842.12,FAM129A,protein_coding,6,0.00863,K562,KARR-seq
chr6,12514326,12514554,K562_TE_18124,chr17,49332398,49342889,K562_MPT_5679,ENSG00000011258.11,MBTD1,protein_coding,6,0.00863,K562,KARR-seq
chr13,27690912,27721381,K562_TE_5914,chr22,38788450,38799934,K562_MPT_8731,ENSG00000213923.6,CSNK1E,protein_coding,6,0.00863,K562,KARR-seq
chr22,22170419,22216528,K562_SE_440,chr19,58689396,58699863,K562_MPT_7056,ENSG00000171606.13,ZNF274,protein_coding,6,0.00863,K562,KARR-seq
chr4,159699211,159749516,K562_TE_16643,chr1,2138962,2150620,K562_MPT_50,ENSG00000243558.1,RP11-181G12.5,lncRNA,6,0.00863,K562,KARR-seq
chr11,36111629,36148220,K562_SE_169,chr22,22891603,22906750,K562_MPT_8599,ENSG00000220891.1,LL22NC03-63E9.3,protein_coding,6,0.00863,K562,KARR-seq
chr9,111860286,111945753,K562_SE_726,chr9,115090123,115100947,K562_MPT_13035,ENSG00000119314.11,PTBP3,protein_coding,6,0.00863,K562,KARR-seq
chr7,99938728,99943115,K562_TE_20166,chr2,85761288,85771765,K562_MPT_7433,ENSG00000168906.8,MAT2A,protein_coding,6,0.00863,K562,KARR-seq
chr3,45650453,45654993,K562_TE_14635,chr19,41299901,41322295,K562_MPT_6729,ENSG00000269858.1,EGLN2,protein_coding,6,0.00863,K562,KARR-seq
chr7,133729176,133770411,K562_TE_20504,chr1,928431,960503,K562_MPT_20,ENSG00000224969.1,RP11-54O7.11,lncRNA,6,0.00863,K562,KARR-seq
chr20,30248381,30302816,K562_SE_401,chr16,30532910,30554552,K562_MPT_4859,ENSG00000235560.3,AC002310.12,lncRNA,6,0.00863,K562,KARR-seq
chr9,94618470,94683542,K562_SE_719,chrX,44397247,44407247,K562_MPT_13365,ENSG00000069509.5,FUNDC1,protein_coding,6,0.00863,K562,KARR-seq
chr9,136112608,136160631,K562_SE_735,chr1,167729807,167739807,K562_MPT_1062,ENSG00000197965.7,MPZL1,protein_coding,6,0.00863,K562,KARR-seq
chr3,9818918,9828509,K562_TE_14324,chr6,125278691,125289185,K562_MPT_11325,ENSG00000146373.12,RNF217,protein_coding,6,0.00863,K562,KARR-seq
chr12,76922434,76946839,K562_TE_5328,chr1,26180903,26191104,K562_MPT_247,ENSG00000127423.6,AUNIP,protein_coding,6,0.00863,K562,KARR-seq
chr6,53155206,53204126,K562_TE_18591,chr20,44413689,44427604,K562_MPT_8231,ENSG00000124116.14,WFDC3,protein_coding,6,0.00863,K562,KARR-seq
chr3,44501786,44514067,K562_TE_14624,chr1,228640560,228657327,K562_MPT_1340,ENSG00000181218.4,HIST3H2A,protein_coding,6,0.00863,K562,KARR-seq
chr4,6661684,6680625,K562_TE_15804,chr14,104172607,104187145,K562_MPT_4068,ENSG00000269963.1,RP11-73M18.9,lncRNA,6,0.00863,K562,KARR-seq
chr22,23528183,23591207,K562_SE_441,chr22,24399704,24412868,K562_MPT_8614,ENSG00000099991.12,CABIN1,protein_coding,6,0.00863,K562,KARR-seq
chr1,22179640,22194604,K562_TE_301,chr10,70710884,70720884,K562_MPT_1676,ENSG00000165732.8,DDX21,protein_coding,6,0.00863,K562,KARR-seq
chr20,31142167,31167232,K562_TE_13095,chr1,2110314,2135427,K562_MPT_49,ENSG00000269554.1,AL590822.2,protein_coding,6,0.00863,K562,KARR-seq
chr17,41392069,41411565,K562_SE_306,chr6,166743056,166761079,K562_MPT_11471,ENSG00000233231.1,HNRNPA1P49,pseudogene,6,0.00863,K562,KARR-seq
chr5,88219241,88231249,K562_TE_17317,chr2,20096402,20106786,K562_MPT_7128,ENSG00000183891.5,TTC32,protein_coding,6,0.00863,K562,KARR-seq
chr17,36559660,36574171,K562_TE_9061,chr13,103446357,103456561,K562_MPT_3628,ENSG00000134897.9,BIVM,protein_coding,6,0.00863,K562,KARR-seq
chr4,40665,63940,K562_TE_15724,chr16,69593997,69605254,K562_MPT_5033,ENSG00000102908.16,NFAT5,protein_coding,6,0.00863,K562,KARR-seq
chr15,37224335,37252867,K562_TE_7127,chrX,118821792,118832333,K562_MPT_13593,ENSG00000125354.18,SEPT6,protein_coding,6,0.00863,K562,KARR-seq
chrX,108970802,108983639,K562_TE_23103,chr16,67547321,67570451,K562_MPT_5002,ENSG00000039523.13,FAM65A,protein_coding,6,0.00863,K562,KARR-seq
chr3,186654509,186678245,K562_TE_15615,chr17,72859754,72883834,K562_MPT_5804,ENSG00000172782.7,FADS6,protein_coding,6,0.00863,K562,KARR-seq
chr8,99617081,99625319,K562_TE_21383,chr7,21456986,21472661,K562_MPT_11593,ENSG00000105866.9,SP4,protein_coding,6,0.00863,K562,KARR-seq
chr19,58815063,58817915,K562_TE_10944,chr2,74420689,74430743,K562_MPT_7405,ENSG00000065911.7,MTHFD2,protein_coding,6,0.00863,K562,KARR-seq
chr5,81052390,81085372,K562_TE_17266,chr11,32600371,32616132,K562_MPT_2132,ENSG00000149100.8,EIF3M,protein_coding,6,0.00863,K562,KARR-seq
chr18,756567,807069,K562_TE_9733,chr7,2265296,2287540,K562_MPT_11512,ENSG00000106268.11,NUDT1,protein_coding,6,0.00863,K562,KARR-seq
chr17,62594885,62650305,K562_TE_9449,chr9,131079497,131090131,K562_MPT_13132,ENSG00000167112.7,TRUB2,protein_coding,6,0.00863,K562,KARR-seq
chr11,95944717,96013925,K562_SE_189,chr18,47007519,47028266,K562_MPT_6081,ENSG00000177576.6,C18orf32,protein_coding,6,0.00863,K562,KARR-seq
chr1,230340236,230345898,K562_TE_2271,chr6,134268308,134279362,K562_MPT_11355,ENSG00000028839.5,TBPL1,protein_coding,6,0.00863,K562,KARR-seq
chr7,139608915,139620010,K562_SE_670,chr22,30933523,30947669,K562_MPT_8663,ENSG00000214491.4,SEC14L6,protein_coding,6,0.00863,K562,KARR-seq
chr12,80305724,80323141,K562_TE_5341,chr15,65274814,65287648,K562_MPT_4342,ENSG00000090487.6,SPG21,protein_coding,6,0.00863,K562,KARR-seq
chr14,69402538,69434393,K562_TE_6659,chr8,142006036,142017209,K562_MPT_12648,ENSG00000169398.15,PTK2,protein_coding,6,0.00863,K562,KARR-seq
chr10,35630893,35721029,K562_SE_130,chr22,46726322,46736819,K562_MPT_8831,ENSG00000100416.8,TRMU,protein_coding,6,0.00863,K562,KARR-seq
chr15,64813114,64828683,K562_TE_7418,chr21,44485137,44502053,K562_MPT_8476,ENSG00000160200.13,CBS,protein_coding,6,0.00863,K562,KARR-seq
chr1,111421726,111441927,K562_SE_55,chr2,232318068,232334305,K562_MPT_7932,ENSG00000115053.11,NCL,protein_coding,6,0.00863,K562,KARR-seq
chr19,34751859,34767920,K562_TE_10585,chr16,67901926,67916560,K562_MPT_5009,ENSG00000221526.1,AC040162.1,miRNA,6,0.00863,K562,KARR-seq
chr10,52069110,52199776,K562_SE_135,chr22,38341972,38354734,K562_MPT_8725,ENSG00000100142.10,POLR2F,protein_coding,6,0.00863,K562,KARR-seq
chr1,93240106,93252654,K562_TE_1083,chr1,144984309,145000082,K562_MPT_812,ENSG00000268172.1,AL590452.1,protein_coding,6,0.00863,K562,KARR-seq
chr3,72424812,72462986,K562_TE_14860,chr22,22891603,22906750,K562_MPT_8599,ENSG00000220891.1,LL22NC03-63E9.3,protein_coding,6,0.00863,K562,KARR-seq
chr1,16104375,16163662,K562_SE_9,chr22,22216730,22226970,K562_MPT_8592,ENSG00000100030.10,MAPK1,protein_coding,6,0.00863,K562,KARR-seq
chr17,57905311,57931090,K562_SE_315,chr6,35883824,35894119,K562_MPT_11039,ENSG00000096063.10,SRPK1,protein_coding,6,0.00863,K562,KARR-seq
chr6,160137609,160140470,K562_TE_19280,chr19,2323614,2335294,K562_MPT_6218,ENSG00000130332.10,LSM7,protein_coding,6,0.00863,K562,KARR-seq
chr4,4661316,4675300,K562_TE_15791,chr17,45766447,45777630,K562_MPT_5622,ENSG00000198933.5,TBKBP1,protein_coding,6,0.00863,K562,KARR-seq
chr19,869089,873974,K562_TE_10187,chr6,42744765,42754765,K562_MPT_11092,ENSG00000112624.8,GLTSCR1L,protein_coding,6,0.00863,K562,KARR-seq
chr2,236469503,236479287,K562_TE_12818,chr7,5627439,5639317,K562_MPT_11537,ENSG00000075618.13,FSCN1,protein_coding,6,0.00863,K562,KARR-seq
chr6,13694850,13705242,K562_TE_18141,chr8,17775349,17787253,K562_MPT_12266,ENSG00000078674.13,PCM1,protein_coding,6,0.00863,K562,KARR-seq
chr6,111731827,111746034,K562_TE_18891,chr16,2862164,2872880,K562_MPT_4645,ENSG00000007038.6,PRSS21,protein_coding,6,0.00863,K562,KARR-seq
chr5,139013078,139019050,K562_TE_17639,chr8,144669339,144705218,K562_MPT_12674,ENSG00000179886.4,TIGD5,protein_coding,6,0.00863,K562,KARR-seq
chr12,65049074,65088927,K562_TE_5223,chr2,65602819,65612819,K562_MPT_7333,ENSG00000232693.2,AC012370.2,lncRNA,6,0.00863,K562,KARR-seq
chr10,72408913,72460324,K562_SE_139,chr19,47773142,47783142,K562_MPT_6850,ENSG00000257704.2,PRR24,protein_coding,6,0.00863,K562,KARR-seq
chr6,158249402,158288821,K562_SE_630,chr6,42891938,42901982,K562_MPT_11094,ENSG00000137161.12,CNPY3,protein_coding,6,0.00863,K562,KARR-seq
chr3,14479781,14500264,K562_TE_14386,chr2,65210624,65226880,K562_MPT_7328,ENSG00000252892.1,RNU6-548P,snRNA,6,0.00863,K562,KARR-seq
chr3,122204223,122228217,K562_TE_15040,chr8,37957760,37968457,K562_MPT_12349,ENSG00000129691.11,ASH2L,protein_coding,6,0.00863,K562,KARR-seq
chr1,90329507,90423245,K562_SE_51,chr19,13222463,13234151,K562_MPT_6427,ENSG00000104907.8,TRMT1,protein_coding,6,0.00863,K562,KARR-seq
chr11,73094439,73115251,K562_TE_4200,chr5,151079139,151089139,K562_MPT_10616,ENSG00000222102.1,RN7SKP232,misc_RNA,6,0.00863,K562,KARR-seq
chr1,29462900,29499182,K562_TE_446,chr16,15239554,15257378,K562_MPT_4733,ENSG00000200344.1,Y_RNA,misc_RNA,6,0.00863,K562,KARR-seq
chr2,172064976,172117602,K562_TE_12306,chr17,62909903,62928862,K562_MPT_5762,ENSG00000176809.6,LRRC37A3,protein_coding,6,0.00863,K562,KARR-seq
chr19,50803261,50820078,K562_TE_10848,chr18,12986172,12996361,K562_MPT_6008,ENSG00000101639.14,CEP192,protein_coding,6,0.00863,K562,KARR-seq
chr2,47178890,47214267,K562_TE_11406,chr7,30629297,30639425,K562_MPT_11642,ENSG00000196295.7,AC005154.6,lncRNA,6,0.00863,K562,KARR-seq
chr7,2321191,2331664,K562_TE_19399,chr9,132235835,132265618,K562_MPT_13162,ENSG00000264298.1,AL353803.1,miRNA,6,0.00863,K562,KARR-seq
chr17,80074279,80082543,K562_TE_9704,chr19,55914087,55924145,K562_MPT_7010,ENSG00000108106.9,UBE2S,protein_coding,6,0.00863,K562,KARR-seq
chr5,126297433,126361662,K562_SE_542,chr7,64249766,64259806,K562_MPT_11746,ENSG00000197008.5,ZNF138,protein_coding,6,0.00863,K562,KARR-seq
chr5,141721761,141780423,K562_TE_17672,chr17,73883230,73910899,K562_MPT_5832,ENSG00000141569.6,TRIM65,protein_coding,6,0.00863,K562,KARR-seq
chr5,118609801,118678797,K562_SE_538,chr22,19969616,19983317,K562_MPT_8552,ENSG00000099889.9,ARVCF,protein_coding,6,0.00863,K562,KARR-seq
chr20,48278631,48324320,K562_SE_410,chr3,150315662,150334664,K562_MPT_9412,ENSG00000271711.1,RP11-392O18.2,pseudogene,6,0.00863,K562,KARR-seq
chr5,10689205,10739844,K562_SE_528,chr7,140391471,140406645,K562_MPT_12114,ENSG00000240889.1,NDUFB2-AS1,lncRNA,6,0.00863,K562,KARR-seq
chr1,8601072,8632563,K562_TE_110,chr6,125278691,125289185,K562_MPT_11325,ENSG00000146373.12,RNF217,protein_coding,6,0.00863,K562,KARR-seq
chr16,81535530,81593308,K562_TE_8560,chr12,49616709,49626709,K562_MPT_2937,ENSG00000167553.10,TUBA1C,protein_coding,6,0.00863,K562,KARR-seq
chr6,12065328,12077132,K562_TE_18122,chr3,196040159,196050277,K562_MPT_9590,ENSG00000235897.1,TM4SF19-AS1,lncRNA,6,0.00863,K562,KARR-seq
chr11,62135519,62170060,K562_TE_4019,chr5,177654572,177664786,K562_MPT_10716,ENSG00000175309.10,PHYKPL,protein_coding,6,0.00863,K562,KARR-seq
chr5,148898854,148910321,K562_TE_17732,chr19,39839644,39852456,K562_MPT_6699,ENSG00000179134.10,SAMD4B,protein_coding,6,0.00863,K562,KARR-seq
chr22,23528183,23591207,K562_SE_441,chr10,64888050,64898085,K562_MPT_1654,ENSG00000148572.10,NRBF2,protein_coding,6,0.00863,K562,KARR-seq
chr16,9141030,9205126,K562_SE_264,chr6,18259439,18270054,K562_MPT_10850,ENSG00000124795.10,DEK,protein_coding,6,0.00863,K562,KARR-seq
chr17,38309260,38314857,K562_TE_9100,chr3,99974844,99991036,K562_MPT_9204,ENSG00000036054.8,TBC1D23,protein_coding,6,0.00863,K562,KARR-seq
chr16,1592398,1605211,K562_TE_7858,chr17,33880117,33919757,K562_MPT_5447,ENSG00000006125.12,AP2B1,protein_coding,6,0.00863,K562,KARR-seq
chr16,66684774,66702963,K562_TE_8408,chr19,48889112,48903132,K562_MPT_6869,ENSG00000105464.3,GRIN2D,protein_coding,6,0.00863,K562,KARR-seq
chr10,52069110,52199776,K562_SE_135,chr10,98583521,98597737,K562_MPT_1808,ENSG00000196233.7,LCOR,protein_coding,6,0.00863,K562,KARR-seq
chr17,68055359,68062100,K562_TE_9528,chr17,48222877,48232877,K562_MPT_5656,ENSG00000108819.9,PPP1R9B,protein_coding,6,0.00863,K562,KARR-seq
chr1,179940443,179946511,K562_TE_1780,chr5,68457837,68468090,K562_MPT_10296,ENSG00000134057.10,CCNB1,protein_coding,6,0.00863,K562,KARR-seq
chr1,29297986,29324965,K562_TE_441,chr19,35640633,35659938,K562_MPT_6623,ENSG00000089327.10,FXYD5,protein_coding,6,0.00863,K562,KARR-seq
chr2,97545950,97626315,K562_SE_375,chr7,135189824,135199875,K562_MPT_12087,ENSG00000080802.14,CNOT4,protein_coding,6,0.00863,K562,KARR-seq
chr1,246267724,246281298,K562_TE_2397,chr10,105149158,105161405,K562_MPT_1868,ENSG00000221767.1,MIR1307,miRNA,6,0.00863,K562,KARR-seq
chr6,125490079,125496092,K562_TE_18980,chr17,26893546,26911424,K562_MPT_5385,ENSG00000087111.16,PIGS,protein_coding,6,0.00863,K562,KARR-seq
chr7,6054828,6072729,K562_TE_19443,chr2,127408509,127418760,K562_MPT_7604,ENSG00000136732.10,GYPC,protein_coding,6,0.00863,K562,KARR-seq
chr5,55786553,55800821,K562_TE_17042,chr6,134268308,134279362,K562_MPT_11355,ENSG00000028839.5,TBPL1,protein_coding,6,0.00863,K562,KARR-seq
chr13,111155626,111194350,K562_SE_222,chrX,57142748,57153095,K562_MPT_13462,ENSG00000226310.1,RP3-323P24.3,lncRNA,6,0.00863,K562,KARR-seq
chr21,36189417,36198620,K562_TE_13590,chr16,67175187,67238014,K562_MPT_4994,ENSG00000237172.3,B3GNT9,protein_coding,6,0.00863,K562,KARR-seq
chr3,183677086,183706683,K562_TE_15566,chr6,163829992,163849240,K562_MPT_11467,ENSG00000270419.1,CAHM,lncRNA,6,0.00863,K562,KARR-seq
chr15,88125985,88248068,K562_SE_253,chr1,77680111,77690115,K562_MPT_606,ENSG00000142892.10,PIGK,protein_coding,6,0.00863,K562,KARR-seq
chr16,70429524,70469337,K562_SE_274,chr12,120902374,120912686,K562_MPT_3318,ENSG00000111786.4,SRSF9,protein_coding,6,0.00863,K562,KARR-seq
chr6,125300949,125346517,K562_TE_18977,chr17,8269858,8291531,K562_MPT_5268,ENSG00000265749.1,RP11-849F2.5,lncRNA,6,0.00863,K562,KARR-seq
chr5,126297433,126361662,K562_SE_542,chr17,47750367,47760596,K562_MPT_5649,ENSG00000121067.13,SPOP,protein_coding,6,0.00863,K562,KARR-seq
chr8,130452382,130513523,K562_TE_21615,chr3,152547736,152562179,K562_MPT_9419,ENSG00000169860.4,P2RY1,protein_coding,6,0.00863,K562,KARR-seq
chr2,74431452,74433777,K562_TE_11669,chr5,176725707,176744758,K562_MPT_10697,ENSG00000213347.6,MXD3,protein_coding,6,0.00863,K562,KARR-seq
chr16,24747738,24764635,K562_TE_8154,chr13,41588450,41598450,K562_MPT_3507,ENSG00000120690.9,ELF1,protein_coding,6,0.00863,K562,KARR-seq
chr2,102396970,102448517,K562_TE_11851,chr4,144821712,144838484,K562_MPT_10035,ENSG00000197465.9,GYPE,protein_coding,6,0.00863,K562,KARR-seq
chr8,30209459,30209682,K562_TE_20978,chr3,138538905,138558780,K562_MPT_9369,ENSG00000241429.1,EEF1A1P25,pseudogene,6,0.00863,K562,KARR-seq
chr8,130546590,130605033,K562_SE_702,chr7,72967001,72977332,K562_MPT_11793,ENSG00000106635.3,BCL7B,protein_coding,6,0.00863,K562,KARR-seq
chr7,92238266,92271962,K562_TE_20088,chr3,49039495,49071823,K562_MPT_9065,ENSG00000199032.1,MIR425,miRNA,6,0.00863,K562,KARR-seq
chr1,35307414,35318838,K562_TE_514,chr12,112558305,112568367,K562_MPT_3273,ENSG00000135148.7,TRAFD1,protein_coding,6,0.00863,K562,KARR-seq
chr5,154141922,154167532,K562_TE_17799,chr21,47566528,47580481,K562_MPT_8511,ENSG00000160282.9,FTCD,protein_coding,6,0.00863,K562,KARR-seq
chr3,23859470,23868223,K562_TE_14453,chr17,26679473,26705110,K562_MPT_5380,ENSG00000244045.6,TMEM199,protein_coding,6,0.00863,K562,KARR-seq
chr2,145188334,145270092,K562_SE_382,chr5,118400095,118412239,K562_MPT_10451,ENSG00000249494.1,CTB-161M19.4,lncRNA,6,0.00863,K562,KARR-seq
chr1,151864135,151919194,K562_TE_1464,chr16,89038401,89055440,K562_MPT_5146,ENSG00000129993.10,CBFA2T3,protein_coding,6,0.00863,K562,KARR-seq
chr12,90039386,90043305,K562_TE_5366,chr15,58323921,58333921,K562_MPT_4307,ENSG00000128918.10,ALDH1A2,protein_coding,6,0.00863,K562,KARR-seq
chr15,56495109,56496311,K562_TE_7330,chr21,37687487,37697968,K562_MPT_8445,ENSG00000273199.1,AP000692.10,lncRNA,6,0.00863,K562,KARR-seq
chr3,150135131,150190369,K562_SE_485,chr20,45971816,45990567,K562_MPT_8250,ENSG00000273451.1,RP4-569M23.4,lncRNA,6,0.00863,K562,KARR-seq
chr6,137037362,137108659,K562_SE_617,chr12,113677066,113687173,K562_MPT_3280,ENSG00000186815.8,TPCN1,protein_coding,6,0.00863,K562,KARR-seq
chr7,100737832,100783289,K562_SE_656,chr7,123168002,123179718,K562_MPT_12023,ENSG00000164675.6,IQUB,protein_coding,6,0.00863,K562,KARR-seq
chr11,68234751,68239345,K562_TE_4130,chr7,96740902,96752035,K562_MPT_11885,ENSG00000196636.7,ACN9,protein_coding,6,0.00863,K562,KARR-seq
chr2,15332065,15342132,K562_TE_11084,chr20,61552821,61562855,K562_MPT_8343,ENSG00000101191.12,DIDO1,protein_coding,6,0.00863,K562,KARR-seq
chr10,74045571,74100425,K562_SE_144,chr1,29236091,29246091,K562_MPT_312,ENSG00000159023.14,EPB41,protein_coding,6,0.00863,K562,KARR-seq
chr2,169951675,170001392,K562_TE_12266,chr12,57018995,57044798,K562_MPT_3050,ENSG00000076108.7,BAZ2A,protein_coding,6,0.00863,K562,KARR-seq
chr6,26986020,26989143,K562_TE_18272,chr8,33325637,33335940,K562_MPT_12334,ENSG00000172728.11,FUT10,protein_coding,6,0.00863,K562,KARR-seq
chr5,53545021,53626040,K562_SE_532,chr1,149853232,149864466,K562_MPT_870,ENSG00000184270.3,HIST2H2AB,protein_coding,6,0.00863,K562,KARR-seq
chr2,38904689,38936285,K562_TE_11318,chr21,39488433,39498567,K562_MPT_8456,ENSG00000184029.5,DSCR4,protein_coding,6,0.00863,K562,KARR-seq
chr21,44375528,44413383,K562_TE_13685,chr3,99589948,99600046,K562_MPT_9203,ENSG00000168386.14,FILIP1L,protein_coding,6,0.00863,K562,KARR-seq
chr11,43707561,43721699,K562_TE_3859,chr16,88846619,88856619,K562_MPT_5142,ENSG00000103335.15,PIEZO1,protein_coding,6,0.00863,K562,KARR-seq
chr17,46002633,46034928,K562_TE_9230,chr18,9703162,9713162,K562_MPT_5985,ENSG00000168461.8,RAB31,protein_coding,6,0.00863,K562,KARR-seq
chr10,72408913,72460324,K562_SE_139,chr5,31524213,31537402,K562_MPT_10196,ENSG00000113360.12,DROSHA,protein_coding,6,0.00863,K562,KARR-seq
chr1,153848160,153862170,K562_TE_1486,chr5,43478938,43489174,K562_MPT_10244,ENSG00000249492.1,RP11-159F24.3,lncRNA,6,0.00863,K562,KARR-seq
chr1,39611257,39663614,K562_SE_34,chr2,61692904,61703590,K562_MPT_7304,ENSG00000270820.1,RP11-355B11.2,lncRNA,6,0.00863,K562,KARR-seq
chr5,1631541,1653904,K562_TE_16818,chr10,104398897,104409644,K562_MPT_1859,ENSG00000272933.1,RP11-47A8.5,lncRNA,6,0.00863,K562,KARR-seq
chrX,129251646,129260167,K562_TE_23230,chr11,118656588,118666845,K562_MPT_2621,ENSG00000110367.7,DDX6,protein_coding,6,0.00863,K562,KARR-seq
chr12,125023096,125042321,K562_TE_5779,chr16,70714969,70739148,K562_MPT_5045,ENSG00000132613.10,MTSS1L,protein_coding,6,0.00863,K562,KARR-seq
chr5,10689205,10739844,K562_SE_528,chr10,27524487,27545724,K562_MPT_1537,ENSG00000262412.1,RP11-85G18.6,lncRNA,6,0.00863,K562,KARR-seq
chr17,70993852,71007842,K562_TE_9535,chr9,33015163,33030273,K562_MPT_12770,ENSG00000086061.11,DNAJA1,protein_coding,6,0.00863,K562,KARR-seq
chr6,34237593,34354985,K562_SE_593,chr20,57602347,57612437,K562_MPT_8322,ENSG00000124172.5,ATP5E,protein_coding,6,0.00863,K562,KARR-seq
chr2,69809230,69861767,K562_TE_11609,chr17,76113829,76133488,K562_MPT_5865,ENSG00000167895.10,TMC8,protein_coding,6,0.00863,K562,KARR-seq
chr16,19707484,19720134,K562_TE_8081,chr16,2795811,2808444,K562_MPT_4643,ENSG00000167978.12,SRRM2,protein_coding,6,0.00863,K562,KARR-seq
chr11,3625469,3647975,K562_TE_3556,chrX,65377391,65395388,K562_MPT_13478,ENSG00000089472.12,HEPH,protein_coding,6,0.00863,K562,KARR-seq
chr3,14479781,14500264,K562_TE_14386,chr14,31489312,31500849,K562_MPT_3751,ENSG00000100478.10,AP4S1,protein_coding,6,0.00863,K562,KARR-seq
chr15,51861074,51873705,K562_TE_7306,chr9,125688544,125713373,K562_MPT_13080,ENSG00000200344.1,Y_RNA,misc_RNA,6,0.00863,K562,KARR-seq
chr11,47499208,47556925,K562_TE_3922,chr1,87374809,87385357,K562_MPT_632,ENSG00000153936.12,HS2ST1,protein_coding,6,0.00863,K562,KARR-seq
chr18,53119649,53126516,K562_TE_10043,chrX,47504887,47523560,K562_MPT_13383,ENSG00000126767.13,ELK1,protein_coding,6,0.00863,K562,KARR-seq
chr7,20237669,20280806,K562_TE_19547,chr2,153568887,153579495,K562_MPT_7668,ENSG00000196504.11,PRPF40A,protein_coding,6,0.00863,K562,KARR-seq
chr2,183806197,183815021,K562_TE_12404,chr6,33352252,33364638,K562_MPT_11003,ENSG00000237649.3,KIFC1,protein_coding,6,0.00863,K562,KARR-seq
chr1,150539393,150545947,K562_TE_1438,chr2,20419041,20430194,K562_MPT_7132,ENSG00000115884.6,SDC1,protein_coding,6,0.00863,K562,KARR-seq
chr16,24215467,24231587,K562_TE_8148,chr14,100836279,100848142,K562_MPT_4034,ENSG00000140105.13,WARS,protein_coding,6,0.00863,K562,KARR-seq
chr7,66100418,66121422,K562_TE_19913,chr7,157123075,157137515,K562_MPT_12200,ENSG00000105993.10,DNAJB6,protein_coding,6,0.00863,K562,KARR-seq
chr17,66081645,66098765,K562_TE_9503,chr7,64462031,64472031,K562_MPT_11752,ENSG00000213462.4,ERV3-1,protein_coding,6,0.00863,K562,KARR-seq
chr1,40632779,40652356,K562_TE_608,chr2,55269022,55282964,K562_MPT_7279,ENSG00000115310.13,RTN4,protein_coding,6,0.00863,K562,KARR-seq
chr8,126391118,126404461,K562_TE_21576,chr16,23507226,23526815,K562_MPT_4782,ENSG00000103365.11,GGA2,protein_coding,6,0.00863,K562,KARR-seq
chr11,78209319,78216081,K562_TE_4291,chr12,117341117,117353770,K562_MPT_3297,ENSG00000174989.8,FBXW8,protein_coding,6,0.00863,K562,KARR-seq
chr11,46067382,46074549,K562_TE_3894,chr22,19924130,19944026,K562_MPT_8550,ENSG00000184470.15,TXNRD2,protein_coding,6,0.00863,K562,KARR-seq
chr8,141974119,141997165,K562_TE_21676,chr22,40568929,40578946,K562_MPT_8763,ENSG00000100354.16,TNRC6B,protein_coding,6,0.00863,K562,KARR-seq
chr9,94618470,94683542,K562_SE_719,chr2,171664723,171679547,K562_MPT_7709,ENSG00000128683.9,GAD1,protein_coding,6,0.00863,K562,KARR-seq
chr9,96899260,96936845,K562_SE_720,chr7,6764412,6779936,K562_MPT_11555,ENSG00000187953.6,PMS2CL,pseudogene,6,0.00863,K562,KARR-seq
chr13,27690912,27721381,K562_TE_5914,chr9,124127483,124142519,K562_MPT_13070,ENSG00000148175.8,STOM,protein_coding,6,0.00863,K562,KARR-seq
chr4,53577019,53581975,K562_TE_16017,chr3,17777399,17789144,K562_MPT_8934,ENSG00000131374.10,TBC1D5,protein_coding,6,0.00863,K562,KARR-seq
chr20,48671760,48725897,K562_TE_13321,chr19,29210247,29223684,K562_MPT_6587,ENSG00000267243.1,AC005307.3,lncRNA,6,0.00863,K562,KARR-seq
chr1,14982127,14987821,K562_TE_193,chr12,94848722,94858764,K562_MPT_3168,ENSG00000173588.10,CCDC41,protein_coding,6,0.00863,K562,KARR-seq
chr18,756567,807069,K562_TE_9733,chr2,64063074,64078208,K562_MPT_7317,ENSG00000169764.10,UGP2,protein_coding,6,0.00863,K562,KARR-seq
chr5,149883518,149902437,K562_TE_17754,chr9,131079497,131090131,K562_MPT_13132,ENSG00000167112.7,TRUB2,protein_coding,6,0.00863,K562,KARR-seq
chr14,91262620,91277439,K562_SE_234,chr7,149406872,149423041,K562_MPT_12156,ENSG00000133619.13,KRBA1,protein_coding,6,0.00863,K562,KARR-seq
chr2,198714946,198759771,K562_TE_12512,chr18,9609285,9623070,K562_MPT_5984,ENSG00000263627.1,RP11-692N5.1,lncRNA,6,0.00863,K562,KARR-seq
chr5,123979875,124015870,K562_TE_17489,chr22,21266714,21276714,K562_MPT_8574,ENSG00000099942.8,CRKL,protein_coding,6,0.00863,K562,KARR-seq
chr19,34708589,34734881,K562_TE_10584,chr5,141698747,141709863,K562_MPT_10572,ENSG00000231185.2,AC005592.2,lncRNA,6,0.00863,K562,KARR-seq
chr12,65049074,65088927,K562_TE_5223,chr7,152368250,152378250,K562_MPT_12182,ENSG00000196584.2,XRCC2,protein_coding,6,0.00863,K562,KARR-seq
chr1,147993383,148000822,K562_TE_1398,chr1,148755504,148772102,K562_MPT_854,ENSG00000237343.1,RP11-763B22.4,lncRNA,6,0.00863,K562,KARR-seq
chr10,5498805,5530633,K562_SE_118,chr9,99175611,99185611,K562_MPT_12961,ENSG00000165244.6,ZNF367,protein_coding,6,0.00863,K562,KARR-seq
chr19,39623116,39653870,K562_TE_10653,chr16,74635992,74646012,K562_MPT_5063,ENSG00000090863.7,GLG1,protein_coding,6,0.00863,K562,KARR-seq
chr5,32148097,32158702,K562_TE_16907,chr19,44155725,44179699,K562_MPT_6766,ENSG00000011422.7,PLAUR,protein_coding,6,0.00863,K562,KARR-seq
chr7,138163292,138177522,K562_TE_20552,chr19,58188337,58198413,K562_MPT_7046,ENSG00000269026.2,AC003006.7,protein_coding,6,0.00863,K562,KARR-seq
chr14,56662425,56689168,K562_TE_6547,chr9,130205909,130219534,K562_MPT_13110,ENSG00000197958.8,RPL12,protein_coding,6,0.00863,K562,KARR-seq
chr20,56902274,56916527,K562_TE_13388,chr7,45034784,45044787,K562_MPT_11712,ENSG00000136280.11,CCM2,protein_coding,6,0.00863,K562,KARR-seq
chr8,126226440,126241567,K562_TE_21572,chr1,46764280,46774303,K562_MPT_492,ENSG00000173660.7,UQCRH,protein_coding,6,0.00863,K562,KARR-seq
chr16,4332460,4358265,K562_TE_7907,chr12,122607427,122617427,K562_MPT_3345,ENSG00000175727.9,MLXIP,protein_coding,6,0.00863,K562,KARR-seq
chr3,171033595,171073159,K562_TE_15459,chr6,29590815,29609120,K562_MPT_10939,ENSG00000235238.1,SUMO2P1,pseudogene,6,0.00863,K562,KARR-seq
chr8,130958028,130959847,K562_TE_21621,chr19,44280409,44290409,K562_MPT_6769,ENSG00000104783.7,KCNN4,protein_coding,6,0.00863,K562,KARR-seq
chr18,21120161,21126692,K562_TE_9880,chr12,54684542,54699986,K562_MPT_3014,ENSG00000123405.9,NFE2,protein_coding,6,0.00863,K562,KARR-seq
chr15,74661455,74719695,K562_TE_7539,chr17,38328263,38342491,K562_MPT_5499,ENSG00000108352.7,RAPGEFL1,protein_coding,6,0.00863,K562,KARR-seq
chr12,111831442,111884186,K562_TE_5584,chr18,807239,818275,K562_MPT_5954,ENSG00000273355.1,RP11-672L10.6,lncRNA,6,0.00863,K562,KARR-seq
chr2,114652692,114668245,K562_TE_11964,chr18,2562198,2576564,K562_MPT_5959,ENSG00000101574.10,METTL4,protein_coding,6,0.00863,K562,KARR-seq
chr6,157357381,157397022,K562_TE_19234,chr17,40680550,40698109,K562_MPT_5533,ENSG00000267185.1,PTP4A2P1,pseudogene,6,0.00863,K562,KARR-seq
chr7,16385942,16417085,K562_TE_19524,chr17,43517899,43527899,K562_MPT_5594,ENSG00000225190.4,PLEKHM1,protein_coding,6,0.00863,K562,KARR-seq
chr5,126297433,126361662,K562_SE_542,chr14,81859927,81869927,K562_MPT_3973,ENSG00000140022.5,STON2,protein_coding,6,0.00863,K562,KARR-seq
chr1,29527467,29535985,K562_TE_447,chr3,14439076,14449120,K562_MPT_8917,ENSG00000131389.12,SLC6A6,protein_coding,6,0.00863,K562,KARR-seq
chr1,31320110,31393997,K562_SE_29,chr12,57108384,57125981,K562_MPT_3052,ENSG00000196531.6,NACA,protein_coding,6,0.00863,K562,KARR-seq
chr19,17199917,17207149,K562_TE_10471,chr13,114995362,115005556,K562_MPT_3658,ENSG00000130177.10,CDC16,protein_coding,6,0.00863,K562,KARR-seq
chr20,45924291,45970176,K562_SE_408,chr14,24648881,24669893,K562_MPT_3729,ENSG00000196497.11,IPO4,protein_coding,6,0.00863,K562,KARR-seq
chr19,15938687,15956027,K562_SE_336,chr7,65574592,65584837,K562_MPT_11766,ENSG00000241258.2,CRCP,protein_coding,6,0.00863,K562,KARR-seq
chr17,80218168,80281360,K562_SE_321,chr19,19767925,19784710,K562_MPT_6550,ENSG00000105726.12,ATP13A1,protein_coding,6,0.00863,K562,KARR-seq
chr3,45482860,45510090,K562_TE_14632,chr11,3389821,3409692,K562_MPT_2003,ENSG00000263365.1,AC123788.1,miRNA,6,0.00863,K562,KARR-seq
chr1,246226309,246255137,K562_TE_2396,chr2,109232722,109242722,K562_MPT_7535,ENSG00000169756.12,LIMS1,protein_coding,6,0.00863,K562,KARR-seq
chr16,68097816,68130888,K562_SE_273,chr2,27799813,27810976,K562_MPT_7178,ENSG00000221531.1,AC074091.1,miRNA,6,0.00863,K562,KARR-seq
chr19,17686998,17728298,K562_TE_10479,chr12,6925711,6947826,K562_MPT_2750,ENSG00000250510.3,GPR162,protein_coding,6,0.00863,K562,KARR-seq
chr8,41890173,41903652,K562_TE_21056,chr6,43415823,43429370,K562_MPT_11106,ENSG00000171462.10,DLK2,protein_coding,6,0.00863,K562,KARR-seq
chr2,205775819,205783134,K562_TE_12589,chr17,80398806,80421751,K562_MPT_5931,ENSG00000265458.1,RP13-20L14.6,lncRNA,6,0.00863,K562,KARR-seq
chr7,135711069,135800125,K562_TE_20533,chr1,22258790,22268790,K562_MPT_211,ENSG00000142798.12,HSPG2,protein_coding,6,0.00863,K562,KARR-seq
chr1,36406361,36407378,K562_TE_538,chr2,122402052,122412676,K562_MPT_7599,ENSG00000236859.2,AC018737.1,lncRNA,6,0.00863,K562,KARR-seq
chr11,11869177,11888127,K562_TE_3662,chr7,26235366,26250988,K562_MPT_11622,ENSG00000122565.14,CBX3,protein_coding,6,0.00863,K562,KARR-seq
chr12,95633246,95640232,K562_TE_5437,chr6,158239296,158256605,K562_MPT_11446,ENSG00000130340.10,SNX9,protein_coding,6,0.00863,K562,KARR-seq
chr22,21276422,21308592,K562_TE_13818,chr11,114305108,114319877,K562_MPT_2599,ENSG00000076043.5,REXO2,protein_coding,6,0.00863,K562,KARR-seq
chr9,4799120,4902541,K562_SE_709,chr11,63947744,63958697,K562_MPT_2295,ENSG00000168439.12,STIP1,protein_coding,6,0.00863,K562,KARR-seq
chr15,84218100,84227289,K562_TE_7679,chr14,45598732,45610157,K562_MPT_3790,ENSG00000100442.6,FKBP3,protein_coding,6,0.00863,K562,KARR-seq
chr8,6577389,6607876,K562_TE_20780,chrX,69504795,69514940,K562_MPT_13488,ENSG00000120509.6,PDZD11,protein_coding,6,0.00863,K562,KARR-seq
chr1,44215053,44249975,K562_TE_670,chr19,10759520,10771172,K562_MPT_6370,ENSG00000129351.13,ILF3,protein_coding,6,0.00863,K562,KARR-seq
chr13,97864398,97921839,K562_SE_220,chr12,53830389,53853644,K562_MPT_3002,ENSG00000197111.11,PCBP2,protein_coding,6,0.00863,K562,KARR-seq
chr17,64397174,64418217,K562_TE_9472,chr17,79912686,79929465,K562_MPT_5917,ENSG00000185269.7,NOTUM,protein_coding,6,0.00863,K562,KARR-seq
chr8,8866504,8880616,K562_TE_20797,chr7,1057662,1073661,K562_MPT_11498,ENSG00000146540.10,C7orf50,protein_coding,6,0.00863,K562,KARR-seq
chr1,151864135,151919194,K562_TE_1464,chr6,150062658,150076180,K562_MPT_11416,ENSG00000120253.9,NUP43,protein_coding,6,0.00863,K562,KARR-seq
chr1,151864135,151919194,K562_TE_1464,chr17,74717585,74739153,K562_MPT_5852,ENSG00000207556.1,MIR636,miRNA,6,0.00863,K562,KARR-seq
chr5,135827675,135837352,K562_TE_17602,chr9,111877225,111887225,K562_MPT_13024,ENSG00000106771.8,TMEM245,protein_coding,6,0.00863,K562,KARR-seq
chr1,246607892,246608429,K562_TE_2401,chr8,109255897,109265994,K562_MPT_12571,ENSG00000104408.5,EIF3E,protein_coding,6,0.00863,K562,KARR-seq
chr1,8842073,8889894,K562_SE_2,chr10,17491329,17501329,K562_MPT_1510,ENSG00000148488.11,ST8SIA6,protein_coding,6,0.00863,K562,KARR-seq
chr19,14501570,14516812,K562_TE_10426,chr1,156090951,156101594,K562_MPT_966,ENSG00000160789.15,LMNA,protein_coding,6,0.00863,K562,KARR-seq
chr3,184742150,184743666,K562_TE_15582,chr16,85640015,85651958,K562_MPT_5120,ENSG00000131149.13,GSE1,protein_coding,6,0.00863,K562,KARR-seq
chr7,153105705,153129442,K562_SE_673,chr12,6710846,6721642,K562_MPT_2742,ENSG00000111642.10,CHD4,protein_coding,6,0.00863,K562,KARR-seq
chr16,87883860,87892582,K562_SE_285,chr10,103869703,103885210,K562_MPT_1850,ENSG00000198728.6,LDB1,protein_coding,6,0.00863,K562,KARR-seq
chr11,859589,878315,K562_TE_3516,chrX,153764414,153781062,K562_MPT_13716,ENSG00000073009.8,IKBKG,protein_coding,6,0.00863,K562,KARR-seq
chr5,89900603,89966499,K562_SE_536,chr18,34393890,34417637,K562_MPT_6062,ENSG00000134779.10,TPGS2,protein_coding,6,0.00863,K562,KARR-seq
chr8,106466498,106480686,K562_TE_21462,chr1,93801029,93816582,K562_MPT_664,ENSG00000117505.8,DR1,protein_coding,6,0.00863,K562,KARR-seq
chr8,100046228,100061442,K562_TE_21390,chr8,101955390,101975111,K562_MPT_12543,ENSG00000242315.2,RN7SL685P,misc_RNA,6,0.00863,K562,KARR-seq
chr21,46184719,46214237,K562_TE_13713,chr1,112157399,112167769,K562_MPT_740,ENSG00000116473.10,RAP1A,protein_coding,6,0.00863,K562,KARR-seq
chr8,124138769,124185340,K562_SE_698,chr19,35511239,35537670,K562_MPT_6620,ENSG00000105711.6,SCN1B,protein_coding,6,0.00863,K562,KARR-seq
chr3,183067187,183130793,K562_TE_15556,chr1,1328684,1349476,K562_MPT_31,ENSG00000224870.3,RP4-758J18.2,protein_coding,6,0.00863,K562,KARR-seq
chr17,80826052,80835020,K562_TE_9713,chr3,15833028,15843028,K562_MPT_8929,ENSG00000206560.6,ANKRD28,protein_coding,6,0.00863,K562,KARR-seq
chr15,56296578,56310329,K562_TE_7328,chr1,193021545,193043362,K562_MPT_1158,ENSG00000238754.1,snoU109,snoRNA,6,0.00863,K562,KARR-seq
chr8,126937450,126959759,K562_TE_21586,chr17,74647402,74657402,K562_MPT_5849,ENSG00000199735.1,RNU6-227P,snRNA,6,0.00863,K562,KARR-seq
chr1,78170434,78172381,K562_TE_990,chr4,170576213,170586213,K562_MPT_10087,ENSG00000109572.9,CLCN3,protein_coding,6,0.00863,K562,KARR-seq
chr13,91998935,92021979,K562_SE_218,chr12,56385964,56420100,K562_MPT_3034,ENSG00000139531.8,SUOX,protein_coding,6,0.00863,K562,KARR-seq
chr7,127002332,127008049,K562_TE_20412,chr2,242249515,242261476,K562_MPT_7978,ENSG00000168385.13,SEPT2,protein_coding,6,0.00863,K562,KARR-seq
chr4,10097065,10109295,K562_TE_15838,chrX,47045260,47061598,K562_MPT_13376,ENSG00000130985.12,UBA1,protein_coding,6,0.00863,K562,KARR-seq
chr4,140063829,140090049,K562_TE_16523,chr7,120711632,120728867,K562_MPT_12018,ENSG00000106034.13,CPED1,protein_coding,6,0.00863,K562,KARR-seq
chr4,39321543,39328808,K562_TE_15963,chr4,174245845,174261276,K562_MPT_10093,ENSG00000164104.7,HMGB2,protein_coding,6,0.00863,K562,KARR-seq
chr21,22704538,22705191,K562_TE_13504,chr11,64032534,64090654,K562_MPT_2298,ENSG00000200344.1,Y_RNA,misc_RNA,6,0.00863,K562,KARR-seq
chr7,158696683,158703822,K562_TE_20744,chr9,125688544,125713373,K562_MPT_13080,ENSG00000200344.1,Y_RNA,misc_RNA,6,0.00863,K562,KARR-seq
chr17,75381840,75389107,K562_TE_9619,chr8,42746418,42757433,K562_MPT_12377,ENSG00000266044.1,MIR4469,miRNA,6,0.00863,K562,KARR-seq
chr15,64084850,64162339,K562_TE_7404,chr10,98583521,98597737,K562_MPT_1808,ENSG00000196233.7,LCOR,protein_coding,6,0.00863,K562,KARR-seq
chr3,37317058,37334495,K562_TE_14530,chr17,1608732,1638755,K562_MPT_5188,ENSG00000186594.8,MIR22HG,lncRNA,6,0.00863,K562,KARR-seq
chr10,22086924,22100431,K562_TE_2622,chr11,34122149,34134756,K562_MPT_2148,ENSG00000135372.4,NAT10,protein_coding,6,0.00863,K562,KARR-seq
chr9,115209215,115221990,K562_TE_22333,chr14,64756078,64766128,K562_MPT_3872,ENSG00000140009.14,ESR2,protein_coding,6,0.00863,K562,KARR-seq
chr17,64397174,64418217,K562_TE_9472,chr2,65210624,65226880,K562_MPT_7328,ENSG00000252892.1,RNU6-548P,snRNA,6,0.00863,K562,KARR-seq
chr9,132948109,132977298,K562_TE_22538,chr19,33457869,33468210,K562_MPT_6601,ENSG00000131944.5,C19orf40,protein_coding,6,0.00863,K562,KARR-seq
chr16,23144086,23154307,K562_TE_8131,chr6,144380735,144390735,K562_MPT_11392,ENSG00000118495.14,PLAGL1,protein_coding,6,0.00863,K562,KARR-seq
chr9,127414673,127426802,K562_TE_22439,chr8,37751972,37771259,K562_MPT_12347,ENSG00000241032.2,RN7SL709P,misc_RNA,6,0.00863,K562,KARR-seq
chr16,81535530,81593308,K562_TE_8560,chr22,50673789,50719103,K562_MPT_8844,ENSG00000188130.9,MAPK12,protein_coding,6,0.00863,K562,KARR-seq
chr4,6661684,6680625,K562_TE_15804,chr5,43478938,43489174,K562_MPT_10244,ENSG00000249492.1,RP11-159F24.3,lncRNA,6,0.00863,K562,KARR-seq
chr7,139454047,139463828,K562_TE_20581,chr17,39936407,39948183,K562_MPT_5516,ENSG00000173801.12,JUP,protein_coding,6,0.00863,K562,KARR-seq
chr4,71773339,71780844,K562_TE_16097,chr1,24093887,24132260,K562_MPT_226,ENSG00000011009.6,LYPLA2,protein_coding,6,0.00863,K562,KARR-seq
chr7,135171016,135184618,K562_TE_20525,chr5,132294310,132304462,K562_MPT_10497,ENSG00000272023.1,CTC-350I8.1,lncRNA,6,0.00863,K562,KARR-seq
chr19,45600681,45641649,K562_TE_10728,chr19,51009345,51022947,K562_MPT_6916,ENSG00000161677.7,JOSD2,protein_coding,6,0.00863,K562,KARR-seq
chr7,64494805,64506960,K562_TE_19883,chr16,70274519,70290833,K562_MPT_5038,ENSG00000261556.4,RP11-296I10.6,pseudogene,6,0.00863,K562,KARR-seq
chr8,142232437,142253401,K562_TE_21683,chr19,21683366,21693406,K562_MPT_6568,ENSG00000197013.5,ZNF429,protein_coding,6,0.00863,K562,KARR-seq
chr17,41392069,41411565,K562_SE_306,chr11,65662890,65673044,K562_MPT_2342,ENSG00000175592.4,FOSL1,protein_coding,6,0.00863,K562,KARR-seq
chr10,49567657,49572355,K562_TE_2840,chr1,28827455,28850207,K562_MPT_305,ENSG00000200087.1,SNORA73B,snoRNA,6,0.00863,K562,KARR-seq
chr20,34622264,34653018,K562_SE_403,chr12,29529083,29547671,K562_MPT_2855,ENSG00000087502.13,ERGIC2,protein_coding,6,0.00863,K562,KARR-seq
chr8,66654409,66657523,K562_TE_21186,chr6,151251104,151265358,K562_MPT_11426,ENSG00000202119.1,RNU6-302P,snRNA,6,0.00863,K562,KARR-seq
chr5,140977009,140993290,K562_TE_17656,chr1,182355539,182366341,K562_MPT_1133,ENSG00000135821.12,GLUL,protein_coding,6,0.00863,K562,KARR-seq
chr1,28391155,28405485,K562_TE_421,chr19,1587652,1597882,K562_MPT_6196,ENSG00000071655.13,MBD3,protein_coding,6,0.00863,K562,KARR-seq
chr11,77962511,78043618,K562_SE_186,chr1,158651398,158670299,K562_MPT_994,ENSG00000163554.7,SPTA1,protein_coding,6,0.00863,K562,KARR-seq
chr3,51598046,51600662,K562_TE_14715,chr17,40415605,40433725,K562_MPT_5527,ENSG00000236194.2,AC003104.1,lncRNA,6,0.00863,K562,KARR-seq
chr1,19732221,19805013,K562_TE_260,chr11,2318143,2329098,K562_MPT_1989,ENSG00000064201.11,TSPAN32,protein_coding,6,0.00863,K562,KARR-seq
chr9,124154840,124162530,K562_TE_22390,chr8,37882859,37892859,K562_MPT_12348,ENSG00000187840.4,EIF4EBP1,protein_coding,6,0.00863,K562,KARR-seq
chr12,65012484,65032823,K562_TE_5222,chr20,37549955,37559955,K562_MPT_8199,ENSG00000101447.9,FAM83D,protein_coding,6,0.00863,K562,KARR-seq
chr6,12021349,12045613,K562_TE_18121,chr22,31272668,31288413,K562_MPT_8670,ENSG00000184792.11,OSBP2,protein_coding,6,0.00863,K562,KARR-seq
chr17,41392069,41411565,K562_SE_306,chr10,27438155,27449299,K562_MPT_1536,ENSG00000136758.14,YME1L1,protein_coding,6,0.00863,K562,KARR-seq
chr1,167829454,167850322,K562_SE_81,chr19,55619986,55636751,K562_MPT_7000,ENSG00000267507.1,CTD-2587H24.1,pseudogene,6,0.00863,K562,KARR-seq
chr15,89600545,89659128,K562_SE_255,chrX,49014061,49033273,K562_MPT_13413,ENSG00000017621.11,MAGIX,protein_coding,6,0.00863,K562,KARR-seq
chr7,65982500,66006555,K562_TE_19910,chr17,80398806,80421751,K562_MPT_5931,ENSG00000265458.1,RP13-20L14.6,lncRNA,6,0.00863,K562,KARR-seq
chr1,228757998,228783210,K562_TE_2249,chr15,83310874,83321728,K562_MPT_4485,ENSG00000259462.1,RP11-752G15.3,lncRNA,6,0.00863,K562,KARR-seq
chr15,55510158,55589862,K562_SE_243,chrX,16725340,16742755,K562_MPT_13299,ENSG00000047230.10,CTPS2,protein_coding,6,0.00863,K562,KARR-seq
chr2,202268034,202286378,K562_TE_12557,chr3,170582822,170593272,K562_MPT_9467,ENSG00000163584.13,RPL22L1,protein_coding,6,0.00863,K562,KARR-seq
chr11,1989857,2024104,K562_TE_3532,chr20,61552821,61562855,K562_MPT_8343,ENSG00000101191.12,DIDO1,protein_coding,6,0.00863,K562,KARR-seq
chr17,47803189,47835401,K562_TE_9267,chr1,202124119,202142179,K562_MPT_1185,ENSG00000243323.1,PTPRVP,pseudogene,6,0.00863,K562,KARR-seq
chr5,10689205,10739844,K562_SE_528,chrX,131346175,131358461,K562_MPT_13634,ENSG00000232160.2,RAP2C-AS1,lncRNA,6,0.00863,K562,KARR-seq
chr20,33048286,33060890,K562_TE_13121,chr11,32445575,32464916,K562_MPT_2131,ENSG00000183242.7,WT1-AS,lncRNA,6,0.00863,K562,KARR-seq
chr6,111783974,111799224,K562_TE_18892,chr12,104845746,104855779,K562_MPT_3210,ENSG00000171310.6,CHST11,protein_coding,6,0.00863,K562,KARR-seq
chr10,52413182,52441520,K562_TE_2863,chrX,153620495,153645449,K562_MPT_13711,ENSG00000013563.9,DNASE1L1,protein_coding,6,0.00863,K562,KARR-seq
chr22,40302297,40427613,K562_SE_446,chr10,74865217,74875288,K562_MPT_1711,ENSG00000166321.9,NUDT13,protein_coding,6,0.00863,K562,KARR-seq
chr19,30163203,30182003,K562_TE_10551,chr9,5624025,5634327,K562_MPT_12732,ENSG00000107036.7,KIAA1432,protein_coding,6,0.00863,K562,KARR-seq
chr20,47900668,47920027,K562_TE_13310,chr8,93884865,93894865,K562_MPT_12499,ENSG00000248858.3,RP11-100L22.2,lncRNA,6,0.00863,K562,KARR-seq
chr8,38193354,38227477,K562_TE_21015,chr22,20900274,20910294,K562_MPT_8568,ENSG00000099917.13,MED15,protein_coding,6,0.00863,K562,KARR-seq
chr16,24013149,24021828,K562_TE_8142,chr10,17263897,17281832,K562_MPT_1508,ENSG00000234961.1,RP11-124N14.3,lncRNA,6,0.00863,K562,KARR-seq
chr18,53648337,53664653,K562_TE_10054,chr14,74106578,74116730,K562_MPT_3921,ENSG00000119661.10,DNAL1,protein_coding,6,0.00863,K562,KARR-seq
chr7,101482129,101596250,K562_SE_657,chr3,50644203,50659821,K562_MPT_9093,ENSG00000114738.6,MAPKAPK3,protein_coding,6,0.00863,K562,KARR-seq
chr2,74189295,74311354,K562_SE_371,chr2,17930040,17940427,K562_MPT_7122,ENSG00000178295.10,GEN1,protein_coding,6,0.00863,K562,KARR-seq
chr12,133411714,133419738,K562_TE_5842,chr1,8933066,8944308,K562_MPT_96,ENSG00000236269.1,ENO1-IT1,lncRNA,6,0.00863,K562,KARR-seq
chr11,75552141,75573765,K562_TE_4246,chr1,2314776,2330444,K562_MPT_52,ENSG00000157916.14,RER1,protein_coding,6,0.00863,K562,KARR-seq
chr2,70289720,70306836,K562_TE_11620,chr12,120870893,120893606,K562_MPT_3317,ENSG00000111780.8,AL021546.6,protein_coding,6,0.00863,K562,KARR-seq
chr9,136112608,136160631,K562_SE_735,chr19,56808305,56818305,K562_MPT_7022,ENSG00000267710.1,AC006116.20,protein_coding,6,0.00863,K562,KARR-seq
chr22,21926886,21944438,K562_TE_13827,chr3,14439076,14449120,K562_MPT_8917,ENSG00000131389.12,SLC6A6,protein_coding,6,0.00863,K562,KARR-seq
chr7,123349629,123383230,K562_TE_20396,chr2,158109110,158119110,K562_MPT_7672,ENSG00000136542.4,GALNT5,protein_coding,6,0.00863,K562,KARR-seq
chr22,40923851,40931403,K562_TE_14140,chr1,155899164,155909190,K562_MPT_959,ENSG00000132680.6,KIAA0907,protein_coding,6,0.00863,K562,KARR-seq
chr16,89470522,89481522,K562_TE_8653,chr12,7047665,7065538,K562_MPT_2754,ENSG00000111679.12,PTPN6,protein_coding,6,0.00863,K562,KARR-seq
chr1,19732221,19805013,K562_TE_260,chr6,41508812,41521359,K562_MPT_11074,ENSG00000234753.1,RP11-328M4.2,lncRNA,6,0.00863,K562,KARR-seq
chr3,152031038,152050542,K562_TE_15326,chr1,174960661,174974349,K562_MPT_1101,ENSG00000252552.1,RNU6-307P,snRNA,6,0.00863,K562,KARR-seq
chr7,50413734,50437148,K562_SE_650,chr9,34607101,34671109,K562_MPT_12787,ENSG00000137100.11,DCTN3,protein_coding,6,0.00863,K562,KARR-seq
chr1,90329507,90423245,K562_SE_51,chr16,31459814,31476282,K562_MPT_4884,ENSG00000260267.1,RP11-452L6.5,lncRNA,6,0.00863,K562,KARR-seq
chr16,84740593,84788244,K562_TE_8588,chr13,50565024,50580242,K562_MPT_3554,ENSG00000204977.5,TRIM13,protein_coding,6,0.00863,K562,KARR-seq
chr17,29819594,29844683,K562_TE_8990,chr11,498570,512300,K562_MPT_1968,ENSG00000023191.12,RNH1,protein_coding,6,0.00863,K562,KARR-seq
chr17,48803820,48809649,K562_TE_9292,chr20,32245090,32267323,K562_MPT_8133,ENSG00000271803.1,RP1-63M2.5,lncRNA,6,0.00863,K562,KARR-seq
chr16,12623444,12633491,K562_TE_7985,chr13,27820446,27834538,K562_MPT_3465,ENSG00000200235.1,SNORA27,snoRNA,6,0.00863,K562,KARR-seq
chr1,95592530,95604211,K562_TE_1119,chr9,140479942,140489942,K562_MPT_13255,ENSG00000165724.5,ZMYND19,protein_coding,6,0.00863,K562,KARR-seq
chr11,117076585,117088199,K562_TE_4537,chr7,129705350,129715612,K562_MPT_12061,ENSG00000128607.9,KLHDC10,protein_coding,6,0.00863,K562,KARR-seq
chr1,167604829,167657298,K562_TE_1669,chr12,46656484,46668734,K562_MPT_2903,ENSG00000111371.11,SLC38A1,protein_coding,6,0.00863,K562,KARR-seq
chr12,70643688,70661312,K562_TE_5275,chr10,94442945,94456612,K562_MPT_1783,ENSG00000152804.6,HHEX,protein_coding,6,0.00863,K562,KARR-seq
chr5,126297433,126361662,K562_SE_542,chr1,184938682,184948682,K562_MPT_1147,ENSG00000135842.12,FAM129A,protein_coding,6,0.00863,K562,KARR-seq
chr6,5269861,5303678,K562_TE_18059,chr15,64380994,64393225,K562_MPT_4333,ENSG00000166797.6,FAM96A,protein_coding,6,0.00863,K562,KARR-seq
chr1,182199423,182333142,K562_SE_86,chr22,21979325,22001550,K562_MPT_8589,ENSG00000161180.6,CCDC116,protein_coding,6,0.00863,K562,KARR-seq
chr18,9733561,9966563,K562_SE_328,chr12,110863087,110873087,K562_MPT_3254,ENSG00000258011.2,HMGA1P3,pseudogene,6,0.00863,K562,KARR-seq
chr4,87862867,87899182,K562_TE_16269,chr19,2229148,2242793,K562_MPT_6214,ENSG00000221411.1,MIR1227,miRNA,6,0.00863,K562,KARR-seq
chr2,158146764,158160556,K562_TE_12198,chr1,11981480,11999810,K562_MPT_129,ENSG00000083444.12,PLOD1,protein_coding,6,0.00863,K562,KARR-seq
chr9,136112608,136160631,K562_SE_735,chr7,33097391,33107409,K562_MPT_11653,ENSG00000122643.14,NT5C3A,protein_coding,6,0.00863,K562,KARR-seq
chr3,47511799,47546177,K562_TE_14663,chr3,184027283,184043452,K562_MPT_9523,ENSG00000114867.15,EIF4G1,protein_coding,6,0.00863,K562,KARR-seq
chr7,127622797,127646282,K562_TE_20421,chr18,12942132,12953047,K562_MPT_6007,ENSG00000085415.11,SEH1L,protein_coding,6,0.00863,K562,KARR-seq
chr11,108398216,108406817,K562_TE_4464,chr9,125013212,125032183,K562_MPT_13075,ENSG00000119446.9,RBM18,protein_coding,6,0.00863,K562,KARR-seq
chr7,6288270,6306826,K562_TE_19448,chr6,7134478,7144478,K562_MPT_10796,ENSG00000124782.15,RREB1,protein_coding,6,0.00863,K562,KARR-seq
chr16,3869924,3924869,K562_TE_7901,chr5,149821500,149834319,K562_MPT_10598,ENSG00000164587.7,RPS14,protein_coding,6,0.00863,K562,KARR-seq
chr11,35806952,35824047,K562_TE_3833,chr10,126842285,126854630,K562_MPT_1933,ENSG00000175029.12,CTBP2,protein_coding,6,0.00863,K562,KARR-seq
chr2,10451246,10550475,K562_SE_354,chr1,119677947,119688353,K562_MPT_785,ENSG00000116874.7,WARS2,protein_coding,6,0.00863,K562,KARR-seq
chr11,124060043,124121217,K562_SE_195,chr6,30674691,30696654,K562_MPT_10958,ENSG00000137337.10,MDC1,protein_coding,6,0.00863,K562,KARR-seq
chr17,78551195,78579732,K562_TE_9673,chr12,92525797,92544957,K562_MPT_3155,ENSG00000245904.2,RP11-796E2.4,lncRNA,6,0.00863,K562,KARR-seq
chr12,54743389,54772730,K562_TE_5139,chr9,67781277,67799111,K562_MPT_12859,ENSG00000233172.2,RP11-12A20.6,pseudogene,6,0.00863,K562,KARR-seq
chr3,5178778,5210443,K562_TE_14292,chr19,39919401,39941324,K562_MPT_6702,ENSG00000213922.1,AC011500.1,protein_coding,6,0.00863,K562,KARR-seq
chr16,21510171,21577629,K562_SE_267,chr17,39676697,39689560,K562_MPT_5513,ENSG00000171345.9,KRT19,protein_coding,6,0.00863,K562,KARR-seq
chr3,37432801,37439281,K562_TE_14532,chr14,23558974,23569823,K562_MPT_3711,ENSG00000179933.4,C14orf119,protein_coding,6,0.00863,K562,KARR-seq
chr3,14448978,14467038,K562_SE_456,chr12,62647604,62659209,K562_MPT_3078,ENSG00000135655.9,USP15,protein_coding,6,0.00863,K562,KARR-seq
chr3,24341193,24358537,K562_TE_14463,chr10,3103193,3117437,K562_MPT_1443,ENSG00000067057.12,PFKP,protein_coding,6,0.00863,K562,KARR-seq
chr1,230208360,230327626,K562_SE_104,chr8,54929708,54940089,K562_MPT_12395,ENSG00000187735.8,TCEA1,protein_coding,6,0.00863,K562,KARR-seq
chr3,130072081,130112751,K562_SE_480,chr2,196516471,196527173,K562_MPT_7793,ENSG00000196950.9,SLC39A10,protein_coding,6,0.00863,K562,KARR-seq
chr7,104622819,104625557,K562_TE_20244,chr6,26119138,26129431,K562_MPT_10875,ENSG00000180573.8,HIST1H2AC,protein_coding,6,0.00863,K562,KARR-seq
chr16,81535530,81593308,K562_TE_8560,chr12,51436745,51447861,K562_MPT_2967,ENSG00000050426.11,LETMD1,protein_coding,6,0.00863,K562,KARR-seq
chr1,183947333,183975389,K562_TE_1829,chr17,43123978,43144047,K562_MPT_5584,ENSG00000172992.7,DCAKD,protein_coding,6,0.00863,K562,KARR-seq
chr6,7195029,7219836,K562_SE_562,chr12,31876944,31887108,K562_MPT_2868,ENSG00000151743.6,AMN1,protein_coding,6,0.00863,K562,KARR-seq
chr6,135551782,135648636,K562_SE_616,chr11,33178006,33188917,K562_MPT_2138,ENSG00000176102.7,CSTF3,protein_coding,6,0.00863,K562,KARR-seq
chr19,3371575,3397344,K562_TE_10239,chr2,74420689,74430743,K562_MPT_7405,ENSG00000065911.7,MTHFD2,protein_coding,6,0.00863,K562,KARR-seq
chr22,19156679,19161921,K562_SE_432,chr19,1843452,1868567,K562_MPT_6202,ENSG00000267141.1,CTB-31O20.8,lncRNA,6,0.00863,K562,KARR-seq
chr3,6548808,6584670,K562_TE_14302,chr1,70681706,70692145,K562_MPT_592,ENSG00000228988.1,RP4-677H15.4,lncRNA,6,0.00863,K562,KARR-seq
chr1,167195210,167219205,K562_TE_1659,chr19,1008339,1047661,K562_MPT_6178,ENSG00000207357.1,RNU6-2,snRNA,6,0.00863,K562,KARR-seq
chr16,24747738,24764635,K562_TE_8154,chr13,33155564,33165564,K562_MPT_3488,ENSG00000083642.14,PDS5B,protein_coding,6,0.00863,K562,KARR-seq
chr7,132661790,132701997,K562_TE_20490,chr10,22998037,23008484,K562_MPT_1522,ENSG00000150867.9,PIP4K2A,protein_coding,6,0.00863,K562,KARR-seq
chr12,80305724,80323141,K562_TE_5341,chr1,19573003,19583046,K562_MPT_183,ENSG00000053372.4,MRTO4,protein_coding,6,0.00863,K562,KARR-seq
chr2,188369029,188382509,K562_TE_12429,chr19,53491777,53501784,K562_MPT_6971,ENSG00000242779.2,ZNF702P,pseudogene,6,0.00863,K562,KARR-seq
chr9,90079831,90227726,K562_TE_22090,chr15,34654479,34664479,K562_MPT_4153,ENSG00000176454.9,LPCAT4,protein_coding,6,0.00863,K562,KARR-seq
chr22,43364187,43405664,K562_TE_14190,chr1,117447153,117457679,K562_MPT_775,ENSG00000134247.9,PTGFRN,protein_coding,6,0.00863,K562,KARR-seq
chr16,70429524,70469337,K562_SE_274,chr9,3520983,3531723,K562_MPT_12720,ENSG00000232104.2,RP11-509J21.1,lncRNA,6,0.00863,K562,KARR-seq
chr16,23853484,23934208,K562_SE_269,chr5,71460294,71470294,K562_MPT_10315,ENSG00000264099.1,MIR4803,miRNA,6,0.00863,K562,KARR-seq
chr12,94121091,94218632,K562_SE_205,chr8,91652740,91665976,K562_MPT_12495,ENSG00000246792.2,RP11-68L18.1,lncRNA,6,0.00863,K562,KARR-seq
chr16,57561914,57564864,K562_TE_8369,chr11,920872,947279,K562_MPT_1979,ENSG00000183020.9,AP2A2,protein_coding,6,0.00863,K562,KARR-seq
chr17,27443219,27495950,K562_TE_8952,chr16,89551726,89565201,K562_MPT_5152,ENSG00000261118.1,RP11-104N10.1,lncRNA,6,0.00863,K562,KARR-seq
chr18,12315860,12327992,K562_TE_9823,chr1,36766988,36777711,K562_MPT_381,ENSG00000214193.5,SH3D21,protein_coding,6,0.00863,K562,KARR-seq
chr2,145188334,145270092,K562_SE_382,chr10,124734556,124744994,K562_MPT_1924,ENSG00000179988.9,PSTK,protein_coding,6,0.00863,K562,KARR-seq
chr16,23853484,23934208,K562_SE_269,chr1,205412526,205424059,K562_MPT_1212,ENSG00000199059.1,MIR135B,miRNA,6,0.00863,K562,KARR-seq
chr17,47803189,47835401,K562_TE_9267,chr21,46700606,46718200,K562_MPT_8503,ENSG00000215447.3,BX322557.10,lncRNA,6,0.00863,K562,KARR-seq
chr2,240178209,240251049,K562_SE_395,chr1,156823810,156835686,K562_MPT_985,ENSG00000027644.4,INSRR,protein_coding,6,0.00863,K562,KARR-seq
chr17,46002633,46034928,K562_TE_9230,chr1,143372281,143397450,K562_MPT_799,ENSG00000238261.5,RP11-435B5.5,lncRNA,6,0.00863,K562,KARR-seq
chr10,119102302,119146856,K562_TE_3385,chr6,135497453,135522133,K562_MPT_11361,ENSG00000236703.1,MYB-AS1,lncRNA,6,0.00863,K562,KARR-seq
chr3,4753839,4814516,K562_SE_448,chr17,46698835,46729385,K562_MPT_5636,ENSG00000210741.1,MIR196A1,miRNA,6,0.00863,K562,KARR-seq
chr8,30502036,30506609,K562_TE_20983,chr21,38733234,38744883,K562_MPT_8455,ENSG00000273210.1,AP001437.1,lncRNA,6,0.00863,K562,KARR-seq
chr7,157179591,157205236,K562_SE_676,chr18,3242084,3267954,K562_MPT_5965,ENSG00000118680.8,MYL12B,protein_coding,6,0.00863,K562,KARR-seq
chr1,6726951,6728195,K562_TE_82,chr20,47889578,47902220,K562_MPT_8258,ENSG00000212304.1,SNORD12,snoRNA,6,0.00863,K562,KARR-seq
chr16,585213,594233,K562_TE_7846,chr10,114705009,114716634,K562_MPT_1892,ENSG00000148737.11,TCF7L2,protein_coding,6,0.00863,K562,KARR-seq
chr6,158249402,158288821,K562_SE_630,chr4,109566740,109578306,K562_MPT_9951,ENSG00000198856.8,OSTC,protein_coding,6,0.00863,K562,KARR-seq
chr16,67796877,67817682,K562_TE_8427,chrX,48763913,48781301,K562_MPT_13403,ENSG00000102096.9,PIM2,protein_coding,6,0.00863,K562,KARR-seq
chr15,85535299,85591993,K562_TE_7698,chr20,42081568,42091568,K562_MPT_8209,ENSG00000124193.10,SRSF6,protein_coding,6,0.00863,K562,KARR-seq
chr2,175067114,175099570,K562_TE_12348,chr6,26119138,26129431,K562_MPT_10875,ENSG00000180573.8,HIST1H2AC,protein_coding,6,0.00863,K562,KARR-seq
chr5,14671056,14676995,K562_TE_16867,chr12,111829639,111848752,K562_MPT_3265,ENSG00000257595.2,RP3-473L9.4,lncRNA,6,0.00863,K562,KARR-seq
chr15,85535299,85591993,K562_TE_7698,chr19,47283043,47296851,K562_MPT_6840,ENSG00000105281.8,SLC1A5,protein_coding,6,0.00863,K562,KARR-seq
chr16,67796877,67817682,K562_TE_8427,chr6,7384635,7394976,K562_MPT_10799,ENSG00000164304.11,CAGE1,protein_coding,6,0.00863,K562,KARR-seq
chr5,175901342,175909280,K562_TE_17911,chr12,112114507,112128902,K562_MPT_3268,ENSG00000089234.11,BRAP,protein_coding,6,0.00863,K562,KARR-seq
chr13,114812731,114831868,K562_TE_6309,chr19,19767925,19784710,K562_MPT_6550,ENSG00000105726.12,ATP13A1,protein_coding,6,0.00863,K562,KARR-seq
chr16,81535530,81593308,K562_TE_8560,chr12,11797788,11807788,K562_MPT_2790,ENSG00000139083.6,ETV6,protein_coding,6,0.00863,K562,KARR-seq
chr16,85469848,85511839,K562_TE_8597,chr22,29191121,29202880,K562_MPT_8640,ENSG00000100219.12,XBP1,protein_coding,6,0.00863,K562,KARR-seq
chr5,158655386,158676405,K562_TE_17817,chr16,88765025,88777997,K562_MPT_5141,ENSG00000158717.6,RNF166,protein_coding,6,0.00863,K562,KARR-seq
chr1,246294272,246388032,K562_SE_112,chr3,49818960,49828975,K562_MPT_9079,ENSG00000176095.7,IP6K1,protein_coding,6,0.00863,K562,KARR-seq
chr4,4498572,4504776,K562_TE_15786,chr3,186643274,186655337,K562_MPT_9547,ENSG00000073849.10,ST6GAL1,protein_coding,6,0.00863,K562,KARR-seq
chr16,70429524,70469337,K562_SE_274,chr8,144881321,144905646,K562_MPT_12680,ENSG00000179950.9,PUF60,protein_coding,6,0.00863,K562,KARR-seq
chr10,11916377,11968192,K562_SE_121,chr19,3621813,3631813,K562_MPT_6250,ENSG00000105298.9,CACTIN,protein_coding,6,0.00863,K562,KARR-seq
chr10,23327694,23354728,K562_TE_2647,chr6,147518603,147532110,K562_MPT_11407,ENSG00000233452.2,STXBP5-AS1,lncRNA,6,0.00863,K562,KARR-seq
chr14,60864404,60865042,K562_TE_6583,chr5,176773523,176798944,K562_MPT_10698,ENSG00000169220.13,RGS14,protein_coding,6,0.00863,K562,KARR-seq
chr1,211756531,211841033,K562_SE_96,chr3,151980829,151992344,K562_MPT_9417,ENSG00000152601.13,MBNL1,protein_coding,6,0.00863,K562,KARR-seq
chr22,21926886,21944438,K562_TE_13827,chr8,101955390,101975111,K562_MPT_12543,ENSG00000242315.2,RN7SL685P,misc_RNA,6,0.00863,K562,KARR-seq
chr13,91998935,92021979,K562_SE_218,chr22,44346301,44357907,K562_MPT_8810,ENSG00000224856.2,RP4-796I17.5,pseudogene,6,0.00863,K562,KARR-seq
chr22,42658781,42667531,K562_TE_14173,chr14,20786485,20806457,K562_MPT_3675,ENSG00000222489.1,SNORA79,snoRNA,6,0.00863,K562,KARR-seq
chr10,76611684,76623578,K562_TE_3032,chr22,39704916,39720776,K562_MPT_8751,ENSG00000209480.1,SNORD83B,snoRNA,6,0.00863,K562,KARR-seq
chr5,135415815,135424581,K562_TE_17596,chr9,138848226,138858226,K562_MPT_13217,ENSG00000130560.4,UBAC1,protein_coding,6,0.00863,K562,KARR-seq
chr19,14501570,14516812,K562_TE_10426,chr19,35640633,35659938,K562_MPT_6623,ENSG00000089327.10,FXYD5,protein_coding,6,0.00863,K562,KARR-seq
chr8,28786618,28823461,K562_TE_20953,chr3,139102119,139113718,K562_MPT_9372,ENSG00000252245.1,RNU6-736P,snRNA,6,0.00863,K562,KARR-seq
chrX,154003523,154069286,K562_SE_751,chr6,43415823,43429370,K562_MPT_11106,ENSG00000171462.10,DLK2,protein_coding,6,0.00863,K562,KARR-seq
chr16,81462833,81519190,K562_SE_278,chr6,37220372,37230548,K562_MPT_11056,ENSG00000172738.7,TMEM217,protein_coding,6,0.00863,K562,KARR-seq
chr21,22524398,22583160,K562_SE_424,chr6,170119027,170130950,K562_MPT_11482,ENSG00000130024.10,PHF10,protein_coding,6,0.00864,K562,KARR-seq
chr5,154141922,154167532,K562_TE_17799,chr17,4838208,4860053,K562_MPT_5218,ENSG00000108518.7,PFN1,protein_coding,6,0.00864,K562,KARR-seq
chr19,19553596,19601338,K562_SE_339,chr11,17368273,17378273,K562_MPT_2096,ENSG00000188211.4,NCR3LG1,protein_coding,6,0.00864,K562,KARR-seq
chr3,46967847,47013803,K562_SE_467,chr6,28312691,28329048,K562_MPT_10923,ENSG00000235109.3,ZSCAN31,protein_coding,6,0.00864,K562,KARR-seq
chr20,48671760,48725897,K562_TE_13321,chr14,21725836,21742653,K562_MPT_3688,ENSG00000092199.13,HNRNPC,protein_coding,6,0.00864,K562,KARR-seq
chr11,78057964,78112641,K562_TE_4288,chr11,67245512,67261807,K562_MPT_2384,ENSG00000110711.5,AIP,protein_coding,6,0.00864,K562,KARR-seq
chr16,89381699,89456073,K562_TE_8652,chr18,47332901,47345731,K562_MPT_6083,ENSG00000167315.13,ACAA2,protein_coding,6,0.00864,K562,KARR-seq
chr12,31459803,31471216,K562_TE_4927,chr17,80398806,80421751,K562_MPT_5931,ENSG00000265458.1,RP13-20L14.6,lncRNA,6,0.00864,K562,KARR-seq
chrX,44744256,44832026,K562_TE_22892,chr1,8933066,8944308,K562_MPT_96,ENSG00000236269.1,ENO1-IT1,lncRNA,6,0.00864,K562,KARR-seq
chr1,28897644,28917048,K562_TE_432,chr9,117368486,117383827,K562_MPT_13057,ENSG00000200344.1,Y_RNA,misc_RNA,6,0.00864,K562,KARR-seq
chr1,1778063,1816128,K562_TE_33,chr15,60766128,60776419,K562_MPT_4321,ENSG00000128915.7,NARG2,protein_coding,6,0.00864,K562,KARR-seq
chr12,122492127,122530639,K562_SE_213,chr10,43887279,43897794,K562_MPT_1585,ENSG00000169813.12,HNRNPF,protein_coding,6,0.00864,K562,KARR-seq
chrX,9482457,9507363,K562_TE_22695,chr9,95049875,95061038,K562_MPT_12933,ENSG00000239183.1,SNORA84,snoRNA,6,0.00864,K562,KARR-seq
chr4,6661684,6680625,K562_TE_15804,chr21,45297425,45307425,K562_MPT_8486,ENSG00000160216.14,AGPAT3,protein_coding,6,0.00864,K562,KARR-seq
chr20,30248381,30302816,K562_SE_401,chr17,7205318,7223883,K562_MPT_5239,ENSG00000132522.11,GPS2,protein_coding,6,0.00864,K562,KARR-seq
chr16,12851714,12867485,K562_TE_7990,chr3,195794690,195814060,K562_MPT_9585,ENSG00000072274.8,TFRC,protein_coding,6,0.00864,K562,KARR-seq
chr1,65349691,65427295,K562_TE_899,chr15,66869528,66879528,K562_MPT_4362,ENSG00000259471.1,RP11-321F6.1,protein_coding,6,0.00864,K562,KARR-seq
chr3,171125524,171171823,K562_TE_15461,chr14,31338749,31348970,K562_MPT_3749,ENSG00000100473.11,COCH,protein_coding,6,0.00864,K562,KARR-seq
chr5,137854814,137872207,K562_TE_17615,chr9,131097925,131109432,K562_MPT_13133,ENSG00000167114.8,SLC27A4,protein_coding,6,0.00864,K562,KARR-seq
chr6,129965783,130027237,K562_SE_614,chr7,6741474,6754759,K562_MPT_11554,ENSG00000187953.6,PMS2CL,pseudogene,6,0.00864,K562,KARR-seq
chr2,85215855,85245476,K562_TE_11720,chr4,83289303,83300656,K562_MPT_9876,ENSG00000272677.1,RP11-127B20.3,lncRNA,6,0.00864,K562,KARR-seq
chr10,52286005,52379131,K562_SE_136,chr8,56787372,56797394,K562_MPT_12401,ENSG00000254087.3,LYN,protein_coding,6,0.00864,K562,KARR-seq
chr15,58334096,58351156,K562_TE_7352,chr8,30579527,30595136,K562_MPT_12330,ENSG00000104691.10,UBXN8,lncRNA,6,0.00864,K562,KARR-seq
chr11,57240770,57261969,K562_TE_3946,chr9,32992329,33006639,K562_MPT_12769,ENSG00000137074.14,APTX,protein_coding,6,0.00864,K562,KARR-seq
chr12,70643688,70661312,K562_TE_5275,chr19,14514535,14535179,K562_MPT_6450,ENSG00000267379.1,CTC-548K16.5,lncRNA,6,0.00864,K562,KARR-seq
chr17,41392069,41411565,K562_SE_306,chr3,52307337,52338083,K562_MPT_9106,ENSG00000164091.7,WDR82,protein_coding,6,0.00864,K562,KARR-seq
chr11,32400941,32421631,K562_TE_3785,chr6,43585541,43617783,K562_MPT_11110,ENSG00000172432.14,GTPBP2,protein_coding,6,0.00864,K562,KARR-seq
chr3,4753839,4814516,K562_SE_448,chr20,49540353,49552958,K562_MPT_8282,ENSG00000101126.11,ADNP,protein_coding,6,0.00864,K562,KARR-seq
chr7,29682587,29730623,K562_TE_19660,chr4,71763043,71773095,K562_MPT_9826,ENSG00000173542.4,MOB1B,protein_coding,6,0.00864,K562,KARR-seq
chr16,88938381,88973032,K562_TE_8642,chr20,45938336,45952246,K562_MPT_8249,ENSG00000263770.1,AL031666.1,miRNA,6,0.00864,K562,KARR-seq
chr16,84740593,84788244,K562_TE_8588,chr1,156693227,156727240,K562_MPT_982,ENSG00000143314.8,MRPL24,protein_coding,6,0.00864,K562,KARR-seq
chr6,157127758,157247356,K562_TE_19231,chr1,93292582,93307846,K562_MPT_660,ENSG00000206680.1,SNORD21,snoRNA,6,0.00864,K562,KARR-seq
chr11,65235059,65278329,K562_SE_179,chr6,147518603,147532110,K562_MPT_11407,ENSG00000233452.2,STXBP5-AS1,lncRNA,86,0.00867,K562,KARR-seq
chr11,65235059,65278329,K562_SE_179,chr2,74677150,74715361,K562_MPT_7409,ENSG00000239779.2,WBP1,protein_coding,15,0.00867,K562,KARR-seq
chr16,23853484,23934208,K562_SE_269,chr1,28650549,28660566,K562_MPT_302,ENSG00000130772.9,MED18,protein_coding,6,0.00867,K562,KARR-seq
chr11,75024400,75056118,K562_TE_4233,chr16,10474912,10484918,K562_MPT_4698,ENSG00000166669.9,ATF7IP2,protein_coding,6,0.00867,K562,KARR-seq
chr1,16104375,16163662,K562_SE_9,chr8,144881321,144905646,K562_MPT_12680,ENSG00000179950.9,PUF60,protein_coding,6,0.00867,K562,KARR-seq
chr19,28942803,29111036,K562_SE_341,chr11,86743886,86754082,K562_MPT_2518,ENSG00000166575.12,TMEM135,protein_coding,6,0.00867,K562,KARR-seq
chr3,5178778,5210443,K562_TE_14292,chr3,5015801,5026646,K562_MPT_8863,ENSG00000235831.2,BHLHE40-AS1,lncRNA,6,0.00867,K562,KARR-seq
chr12,112007239,112025871,K562_TE_5587,chr11,67154423,67176660,K562_MPT_2380,ENSG00000172613.3,RAD9A,protein_coding,6,0.00867,K562,KARR-seq
chr6,150469473,150551550,K562_SE_627,chr11,73877029,73887388,K562_MPT_2447,ENSG00000214517.4,PPME1,protein_coding,6,0.00867,K562,KARR-seq
chr10,79638192,79703526,K562_SE_146,chr9,130875972,130895741,K562_MPT_13125,ENSG00000234771.2,RP11-395P17.3,lncRNA,6,0.00867,K562,KARR-seq
chr8,130452382,130513523,K562_TE_21615,chr6,131944200,131969106,K562_MPT_11348,ENSG00000112282.13,MED23,protein_coding,6,0.00867,K562,KARR-seq
chr20,47546002,47550336,K562_TE_13302,chr5,140992981,141003622,K562_MPT_10563,ENSG00000131504.11,DIAPH1,protein_coding,6,0.00867,K562,KARR-seq
chrX,64892608,64942250,K562_TE_22977,chr6,27435460,27445897,K562_MPT_10906,ENSG00000096654.11,ZNF184,protein_coding,6,0.00867,K562,KARR-seq
chr4,151223747,151250876,K562_TE_16579,chr2,145270115,145283621,K562_MPT_7656,ENSG00000238057.4,ZEB2-AS1,lncRNA,6,0.00867,K562,KARR-seq
chrX,39926369,40029585,K562_SE_742,chr20,52205378,52215378,K562_MPT_8294,ENSG00000171940.9,ZNF217,protein_coding,6,0.00867,K562,KARR-seq
chr3,185446626,185493242,K562_TE_15595,chr6,16124356,16134402,K562_MPT_10842,ENSG00000007944.10,MYLIP,protein_coding,6,0.00867,K562,KARR-seq
chr9,27457005,27484177,K562_TE_21826,chr6,31684456,31717323,K562_MPT_10979,ENSG00000213719.4,CLIC1,protein_coding,6,0.00867,K562,KARR-seq
chr20,56975923,57009005,K562_TE_13390,chr13,45905582,45923514,K562_MPT_3526,ENSG00000273149.1,RP11-290D2.6,lncRNA,6,0.00867,K562,KARR-seq
chr16,11165694,11266246,K562_TE_7960,chr9,75761673,75777570,K562_MPT_12888,ENSG00000135046.9,ANXA1,protein_coding,6,0.00867,K562,KARR-seq
chr1,117005511,117058249,K562_SE_57,chr4,79684653,79702532,K562_MPT_9865,ENSG00000260278.1,RP11-109G23.3,lncRNA,6,0.00867,K562,KARR-seq
chr5,131636149,131659460,K562_SE_543,chr15,96860874,96881490,K562_MPT_4563,ENSG00000222651.1,MIR1469,miRNA,6,0.00867,K562,KARR-seq
chr5,138635320,138648220,K562_TE_17631,chr4,79684653,79702532,K562_MPT_9865,ENSG00000260278.1,RP11-109G23.3,lncRNA,6,0.00867,K562,KARR-seq
chr1,150576644,150613992,K562_SE_71,chr15,50642321,50653668,K562_MPT_4268,ENSG00000104064.12,GABPB1,protein_coding,6,0.00867,K562,KARR-seq
chr1,206822526,206911221,K562_SE_91,chr15,75738926,75753183,K562_MPT_4422,ENSG00000169375.11,SIN3A,protein_coding,6,0.00867,K562,KARR-seq
chr7,1892585,1924742,K562_SE_637,chr7,100419737,100430121,K562_MPT_11928,ENSG00000196411.5,EPHB4,protein_coding,6,0.00867,K562,KARR-seq
chr17,55497606,55537159,K562_TE_9345,chr19,54682517,54718286,K562_MPT_6990,ENSG00000170889.9,RPS9,protein_coding,6,0.00867,K562,KARR-seq
chrX,153945777,153970715,K562_TE_23398,chr10,82208922,82224058,K562_MPT_1746,ENSG00000108219.10,TSPAN14,protein_coding,6,0.00867,K562,KARR-seq
chr21,36270273,36415020,K562_SE_426,chr9,45436542,45446542,K562_MPT_12847,ENSG00000268578.1,AL354718.1,protein_coding,6,0.00867,K562,KARR-seq
chr3,186654509,186678245,K562_TE_15615,chr21,30360206,30375354,K562_MPT_8405,ENSG00000176054.6,RPL23P2,pseudogene,6,0.00867,K562,KARR-seq
chr12,122580754,122606921,K562_TE_5725,chr15,66784372,66802638,K562_MPT_4361,ENSG00000174444.10,RPL4,protein_coding,6,0.00867,K562,KARR-seq
chr18,45419664,45444933,K562_TE_9973,chr12,57903933,57948827,K562_MPT_3069,ENSG00000175203.11,DCTN2,protein_coding,6,0.00867,K562,KARR-seq
chr10,72497904,72519931,K562_SE_140,chr12,12865058,12883865,K562_MPT_2796,ENSG00000256658.1,RP11-180M15.4,lncRNA,6,0.00867,K562,KARR-seq
chr6,158973180,158999000,K562_TE_19268,chr4,38660817,38671504,K562_MPT_9748,ENSG00000196355.2,AC021860.1,protein_coding,6,0.00867,K562,KARR-seq
chr5,175596818,175653145,K562_TE_17905,chr7,72288750,72305235,K562_MPT_11783,ENSG00000266569.1,RN7SL377P,misc_RNA,6,0.00867,K562,KARR-seq
chr12,116553715,116655574,K562_TE_5637,chr16,30117717,30139827,K562_MPT_4848,ENSG00000102882.7,MAPK3,protein_coding,6,0.00867,K562,KARR-seq
chr2,159338674,159367342,K562_TE_12216,chr7,156680681,156690924,K562_MPT_12195,ENSG00000105983.15,LMBR1,protein_coding,6,0.00867,K562,KARR-seq
chr2,198714946,198759771,K562_TE_12512,chr2,74721494,74740707,K562_MPT_7410,ENSG00000179528.11,LBX2,protein_coding,6,0.00867,K562,KARR-seq
chr3,42042833,42103721,K562_TE_14587,chr6,34211766,34222247,K562_MPT_11015,ENSG00000186577.7,C6orf1,protein_coding,6,0.00867,K562,KARR-seq
chr11,78057964,78112641,K562_TE_4288,chr5,32439867,32449867,K562_MPT_10200,ENSG00000056097.11,ZFR,protein_coding,6,0.00867,K562,KARR-seq
chr7,153105705,153129442,K562_SE_673,chr16,29928226,29943356,K562_MPT_4839,ENSG00000247735.2,CTD-2574D22.2,lncRNA,6,0.00867,K562,KARR-seq
chrX,153945777,153970715,K562_TE_23398,chr19,42741045,42764309,K562_MPT_6753,ENSG00000268643.1,AC006486.9,protein_coding,6,0.00867,K562,KARR-seq
chr17,27443219,27495950,K562_TE_8952,chr6,7102830,7113264,K562_MPT_10795,ENSG00000124782.15,RREB1,protein_coding,6,0.00867,K562,KARR-seq
chr7,157138114,157161220,K562_TE_20727,chr1,45236109,45251387,K562_MPT_473,ENSG00000207421.1,SNORD38B,snoRNA,6,0.00867,K562,KARR-seq
chr6,143516552,143522207,K562_TE_19117,chr1,109930979,109945573,K562_MPT_713,ENSG00000134243.7,SORT1,protein_coding,6,0.00867,K562,KARR-seq
chr15,66880235,66981717,K562_SE_249,chr1,244811237,244822053,K562_MPT_1404,ENSG00000121644.14,DESI2,protein_coding,6,0.00867,K562,KARR-seq
chr17,15859224,15888052,K562_TE_8824,chr1,144984309,145000082,K562_MPT_812,ENSG00000268172.1,AL590452.1,protein_coding,6,0.00867,K562,KARR-seq
chr12,110994462,111016408,K562_TE_5573,chr16,67175187,67238014,K562_MPT_4994,ENSG00000237172.3,B3GNT9,protein_coding,6,0.00867,K562,KARR-seq
chr9,90079831,90227726,K562_TE_22090,chr2,74677150,74715361,K562_MPT_7409,ENSG00000239779.2,WBP1,protein_coding,6,0.00867,K562,KARR-seq
chr7,22686756,22758622,K562_SE_644,chr1,16265923,16275923,K562_MPT_152,ENSG00000116809.7,ZBTB17,protein_coding,6,0.00867,K562,KARR-seq
chr15,57256114,57282118,K562_TE_7342,chr8,17775349,17787253,K562_MPT_12266,ENSG00000078674.13,PCM1,protein_coding,6,0.00867,K562,KARR-seq
chr3,195818856,195932502,K562_SE_502,chr19,47226216,47257015,K562_MPT_6839,ENSG00000200344.1,Y_RNA,misc_RNA,6,0.00867,K562,KARR-seq
chr12,65012484,65032823,K562_TE_5222,chr22,41204962,41220386,K562_MPT_8770,ENSG00000266594.1,MIR4766,miRNA,6,0.00867,K562,KARR-seq
chr6,17829558,17909260,K562_SE_575,chr17,36868677,36896849,K562_MPT_5472,ENSG00000056661.9,PCGF2,protein_coding,6,0.00867,K562,KARR-seq
chr17,37509140,37543293,K562_TE_9083,chr3,37279668,37290686,K562_MPT_8974,ENSG00000270194.1,RP11-259K5.2,lncRNA,6,0.00867,K562,KARR-seq
chr12,54806558,54833567,K562_TE_5140,chr20,47889578,47902220,K562_MPT_8258,ENSG00000212304.1,SNORD12,snoRNA,6,0.00867,K562,KARR-seq
chr16,88509252,88598161,K562_SE_287,chr1,68145744,68155884,K562_MPT_585,ENSG00000116717.7,GADD45A,protein_coding,6,0.00867,K562,KARR-seq
chr3,186654509,186678245,K562_TE_15615,chr1,224028632,224038674,K562_MPT_1300,ENSG00000143514.12,TP53BP2,protein_coding,6,0.00867,K562,KARR-seq
chr8,38017831,38070337,K562_TE_21012,chr3,128201759,128217028,K562_MPT_9309,ENSG00000179348.7,GATA2,protein_coding,6,0.00867,K562,KARR-seq
chr3,45082598,45261279,K562_SE_464,chr7,128689937,128701073,K562_MPT_12047,ENSG00000230359.3,TPI1P2,pseudogene,6,0.00867,K562,KARR-seq
chr17,20769482,20780745,K562_TE_8907,chr3,99974844,99991036,K562_MPT_9204,ENSG00000036054.8,TBC1D23,protein_coding,6,0.00872,K562,KARR-seq
chr17,37509140,37543293,K562_TE_9083,chr1,235485665,235497344,K562_MPT_1378,ENSG00000054267.16,ARID4B,protein_coding,6,0.00872,K562,KARR-seq
chr18,12607255,12641086,K562_TE_9828,chr11,85774822,85785924,K562_MPT_2511,ENSG00000073921.13,PICALM,protein_coding,6,0.00872,K562,KARR-seq
chrX,153311772,153349307,K562_TE_23386,chr16,25264252,25274252,K562_MPT_4797,ENSG00000155592.11,ZKSCAN2,protein_coding,6,0.00872,K562,KARR-seq
chr7,98684854,98731718,K562_TE_20136,chr6,133130580,133143358,K562_MPT_11353,ENSG00000201827.1,SNORA33,snoRNA,6,0.00872,K562,KARR-seq
chr6,157725933,157739503,K562_TE_19242,chr22,31359187,31374398,K562_MPT_8671,ENSG00000133422.8,MORC2,protein_coding,6,0.00872,K562,KARR-seq
chr6,119624363,119665699,K562_SE_613,chr3,99589948,99600046,K562_MPT_9203,ENSG00000168386.14,FILIP1L,protein_coding,6,0.00872,K562,KARR-seq
chr3,16327422,16361768,K562_TE_14416,chr14,74216719,74232001,K562_MPT_3924,ENSG00000156030.8,ELMSAN1,protein_coding,6,0.00872,K562,KARR-seq
chr12,111831442,111884186,K562_TE_5584,chr1,111500924,111511701,K562_MPT_735,ENSG00000121931.11,LRIF1,protein_coding,6,0.00872,K562,KARR-seq
chr5,149123110,149132001,K562_TE_17738,chr5,36871861,36890308,K562_MPT_10217,ENSG00000164190.12,NIPBL,protein_coding,6,0.00872,K562,KARR-seq
chr6,148017072,148034957,K562_TE_19152,chr12,110836535,110846535,K562_MPT_3253,ENSG00000196510.8,ANAPC7,protein_coding,6,0.00872,K562,KARR-seq
chr5,118609801,118678797,K562_SE_538,chr22,30778114,30788377,K562_MPT_8660,ENSG00000099999.10,RNF215,protein_coding,6,0.00872,K562,KARR-seq
chr16,89470522,89481522,K562_TE_8653,chr11,63732942,63747092,K562_MPT_2291,ENSG00000176340.3,COX8A,protein_coding,6,0.00872,K562,KARR-seq
chrX,40954630,40975826,K562_TE_22868,chr19,792075,809940,K562_MPT_6171,ENSG00000265767.1,MIR4745,miRNA,6,0.00872,K562,KARR-seq
chr19,15938687,15956027,K562_SE_336,chr1,53013654,53025490,K562_MPT_520,ENSG00000134744.9,ZCCHC11,protein_coding,6,0.00872,K562,KARR-seq
chr12,125023096,125042321,K562_TE_5779,chr1,109751540,109761604,K562_MPT_709,ENSG00000031698.8,SARS,protein_coding,6,0.00872,K562,KARR-seq
chr4,6661684,6680625,K562_TE_15804,chr1,2155134,2165134,K562_MPT_51,ENSG00000157933.9,SKI,protein_coding,6,0.00872,K562,KARR-seq
chr17,68118875,68130500,K562_TE_9529,chr12,56206493,56241734,K562_MPT_3031,ENSG00000123342.11,MMP19,protein_coding,6,0.00872,K562,KARR-seq
chr16,88509252,88598161,K562_SE_287,chr2,111868165,111886329,K562_MPT_7546,ENSG00000153094.17,BCL2L11,protein_coding,6,0.00872,K562,KARR-seq
chr8,124201063,124210060,K562_TE_21533,chr5,139019587,139044140,K562_MPT_10546,ENSG00000250635.1,CTD-3224K15.2,lncRNA,6,0.00872,K562,KARR-seq
chr15,88125985,88248068,K562_SE_253,chr2,68473280,68488369,K562_MPT_7344,ENSG00000221823.6,PPP3R1,protein_coding,6,0.00877,K562,KARR-seq
chr3,45082598,45261279,K562_SE_464,chr15,23029370,23039427,K562_MPT_4104,ENSG00000140157.10,NIPA2,protein_coding,6,0.00877,K562,KARR-seq
chr16,85548387,85639758,K562_SE_284,chr1,27092720,27104455,K562_MPT_268,ENSG00000117713.13,ARID1A,protein_coding,6,0.00877,K562,KARR-seq
chr1,89996110,90030257,K562_SE_50,chr22,19696987,19715468,K562_MPT_8546,ENSG00000184702.13,SEPT5,protein_coding,6,0.00877,K562,KARR-seq
chr1,61569740,61673375,K562_SE_45,chr21,44294641,44304665,K562_MPT_8471,ENSG00000160193.7,WDR4,protein_coding,6,0.00878,K562,KARR-seq
chr1,16104375,16163662,K562_SE_9,chr1,46764280,46774303,K562_MPT_492,ENSG00000173660.7,UQCRH,protein_coding,6,0.00885,K562,KARR-seq
chr17,64326920,64382795,K562_TE_9471,chr6,33276989,33295791,K562_MPT_11001,ENSG00000236104.2,ZBTB22,protein_coding,6,0.00885,K562,KARR-seq
chr3,45082598,45261279,K562_SE_464,chr12,120100558,120115049,K562_MPT_3307,ENSG00000111725.6,PRKAB1,protein_coding,6,0.00885,K562,KARR-seq
chr16,89505998,89551616,K562_TE_8654,chr10,51481327,51491327,K562_MPT_1625,ENSG00000204169.6,AGAP7,protein_coding,6,0.00885,K562,KARR-seq
chr8,8683392,8722434,K562_TE_20792,chr6,147518603,147532110,K562_MPT_11407,ENSG00000233452.2,STXBP5-AS1,lncRNA,6,0.00885,K562,KARR-seq
chr8,130452382,130513523,K562_TE_21615,chr5,141252954,141263811,K562_MPT_10567,ENSG00000156453.9,PCDH1,protein_coding,6,0.00885,K562,KARR-seq
chr18,75695246,75705676,K562_TE_10150,chr9,130848743,130871001,K562_MPT_13124,ENSG00000148339.8,SLC25A25,protein_coding,6,0.00885,K562,KARR-seq
chr12,94078489,94108311,K562_TE_5419,chr19,39331139,39347978,K562_MPT_6686,ENSG00000269688.1,AC008982.2,lncRNA,6,0.00885,K562,KARR-seq
chrX,44744256,44832026,K562_TE_22892,chr7,98918521,98928533,K562_MPT_11897,ENSG00000241685.4,ARPC1A,protein_coding,6,0.00885,K562,KARR-seq
chr11,5505203,5522246,K562_TE_3585,chr9,139832178,139852428,K562_MPT_13237,ENSG00000176919.7,C8G,protein_coding,6,0.00885,K562,KARR-seq
chr8,143742730,143763401,K562_TE_21690,chr3,51991908,52022553,K562_MPT_9100,ENSG00000114779.15,ABHD14B,protein_coding,6,0.00885,K562,KARR-seq
chr11,1989857,2024104,K562_TE_3532,chr12,120627513,120644174,K562_MPT_3311,ENSG00000089154.6,GCN1L1,protein_coding,6,0.00885,K562,KARR-seq
chr1,39611257,39663614,K562_SE_34,chr11,108088211,108105331,K562_MPT_2570,ENSG00000200344.1,Y_RNA,misc_RNA,6,0.00885,K562,KARR-seq
chr19,28916738,28927201,K562_TE_10543,chr6,26178958,26209858,K562_MPT_10877,ENSG00000216331.1,HIST1H1PS1,pseudogene,6,0.00885,K562,KARR-seq
chr16,89381699,89456073,K562_TE_8652,chr1,26624507,26638480,K562_MPT_257,ENSG00000158062.16,UBXN11,protein_coding,6,0.00885,K562,KARR-seq
chr8,106336583,106447158,K562_SE_696,chr19,14651536,14661536,K562_MPT_6456,ENSG00000099797.7,TECR,protein_coding,6,0.00885,K562,KARR-seq
chr11,48007498,48041918,K562_TE_3928,chr16,70467991,70477991,K562_MPT_5041,ENSG00000157350.8,ST3GAL2,protein_coding,6,0.00885,K562,KARR-seq
chr9,94618470,94683542,K562_SE_719,chr1,193021545,193043362,K562_MPT_1158,ENSG00000238754.1,snoU109,snoRNA,6,0.00885,K562,KARR-seq
chr20,31193112,31290878,K562_SE_402,chr20,61552821,61562855,K562_MPT_8343,ENSG00000101191.12,DIDO1,protein_coding,6,0.00885,K562,KARR-seq
chr4,40665,63940,K562_TE_15724,chr3,156866337,156883549,K562_MPT_9433,ENSG00000200344.1,Y_RNA,misc_RNA,6,0.00885,K562,KARR-seq
chr1,54817343,54863669,K562_SE_43,chr1,53681289,53691335,K562_MPT_528,ENSG00000259818.1,RP5-1024G6.7,lncRNA,6,0.00885,K562,KARR-seq
chr12,104962151,105038733,K562_SE_208,chr14,93793692,93804565,K562_MPT_4005,ENSG00000011114.10,BTBD7,protein_coding,6,0.00885,K562,KARR-seq
chr1,165801944,165840770,K562_TE_1644,chr16,634357,645332,K562_MPT_4605,ENSG00000197562.5,RAB40C,protein_coding,6,0.00885,K562,KARR-seq
chr4,53577019,53581975,K562_TE_16017,chr1,20507578,20517979,K562_MPT_191,ENSG00000225986.1,RP3-340N1.5,lncRNA,6,0.00885,K562,KARR-seq
chr7,23384994,23417440,K562_TE_19587,chr19,41763401,41778983,K562_MPT_6738,ENSG00000105323.12,HNRNPUL1,protein_coding,6,0.00885,K562,KARR-seq
chr19,6063864,6102577,K562_TE_10294,chr2,192706265,192716981,K562_MPT_7791,ENSG00000233766.3,AC098617.1,lncRNA,6,0.00885,K562,KARR-seq
chr15,64813114,64828683,K562_TE_7418,chrX,153274697,153290440,K562_MPT_13708,ENSG00000211524.2,MIR718,miRNA,6,0.00885,K562,KARR-seq
chr7,135595500,135679681,K562_SE_667,chr1,32855026,32865049,K562_MPT_343,ENSG00000160058.14,BSDC1,protein_coding,6,0.00885,K562,KARR-seq
chr11,65235059,65278329,K562_SE_179,chr1,160985886,160996138,K562_MPT_1015,ENSG00000158769.13,F11R,protein_coding,11,0.00888,K562,KARR-seq
chr11,65235059,65278329,K562_SE_179,chr5,468075,483238,K562_MPT_10145,ENSG00000188242.4,CTD-2228K2.5,protein_coding,15,0.00889,K562,KARR-seq
chr7,157138114,157161220,K562_TE_20727,chr6,26178958,26209858,K562_MPT_10877,ENSG00000216331.1,HIST1H1PS1,pseudogene,6,0.00889,K562,KARR-seq
chr3,171853314,171878431,K562_TE_15474,chr17,34943228,34963391,K562_MPT_5456,ENSG00000108272.9,DHRS11,protein_coding,6,0.00889,K562,KARR-seq
chr16,85548387,85639758,K562_SE_284,chr22,42910808,42920808,K562_MPT_8795,ENSG00000189306.6,RRP7A,protein_coding,6,0.00889,K562,KARR-seq
chr3,15082131,15098135,K562_TE_14396,chr19,908231,933817,K562_MPT_6176,ENSG00000198858.5,R3HDM4,protein_coding,6,0.00889,K562,KARR-seq
chr8,130546590,130605033,K562_SE_702,chr11,64638138,64665921,K562_MPT_2310,ENSG00000207648.1,MIR192,miRNA,6,0.00889,K562,KARR-seq
chr20,3952819,4115469,K562_SE_397,chr3,151980829,151992344,K562_MPT_9417,ENSG00000152601.13,MBNL1,protein_coding,6,0.00889,K562,KARR-seq
chr7,139608915,139620010,K562_SE_670,chr9,44985314,45009879,K562_MPT_12846,ENSG00000235659.1,RP11-374M1.5,lncRNA,6,0.00889,K562,KARR-seq
chr17,44155283,44237935,K562_SE_309,chr3,186495994,186514639,K562_MPT_9544,ENSG00000156976.10,EIF4A2,protein_coding,6,0.00889,K562,KARR-seq
chr7,23384994,23417440,K562_TE_19587,chr17,76113829,76133488,K562_MPT_5865,ENSG00000167895.10,TMC8,protein_coding,6,0.00889,K562,KARR-seq
chr7,101482129,101596250,K562_SE_657,chr7,158657137,158667137,K562_MPT_12206,ENSG00000126870.11,WDR60,protein_coding,6,0.0089,K562,KARR-seq
chr17,4742401,4759726,K562_TE_8735,chr19,50163095,50190328,K562_MPT_6901,ENSG00000126453.5,BCL2L12,protein_coding,6,0.0089,K562,KARR-seq
chr17,26793005,26803095,K562_TE_8941,chr5,179038925,179066785,K562_MPT_10725,ENSG00000169045.13,HNRNPH1,protein_coding,6,0.00891,K562,KARR-seq
chr17,20769482,20780745,K562_TE_8907,chr19,47283043,47296851,K562_MPT_6840,ENSG00000105281.8,SLC1A5,protein_coding,6,0.00891,K562,KARR-seq
chr16,89381699,89456073,K562_TE_8652,chr16,88864621,88883352,K562_MPT_5143,ENSG00000167513.4,CDT1,protein_coding,6,0.00891,K562,KARR-seq
chr6,147171445,147272129,K562_SE_624,chr7,50339324,50353318,K562_MPT_11720,ENSG00000185811.12,IKZF1,protein_coding,6,0.00892,K562,KARR-seq
chr11,65235059,65278329,K562_SE_179,chr19,4964125,4974143,K562_MPT_6280,ENSG00000127663.10,KDM4B,protein_coding,10,0.00909,K562,KARR-seq
chr11,65167965,65217131,K562_SE_178,chr19,39415773,39426639,K562_MPT_6689,ENSG00000128626.7,MRPS12,protein_coding,6,0.00909,K562,KARR-seq
chr3,6548808,6584670,K562_TE_14302,chr12,9817309,9827349,K562_MPT_2779,ENSG00000069493.10,CLEC2D,protein_coding,6,0.00909,K562,KARR-seq
chr6,68585750,68609380,K562_SE_605,chr1,3561590,3574325,K562_MPT_60,ENSG00000078900.10,TP73,protein_coding,6,0.00909,K562,KARR-seq
chr17,44155283,44237935,K562_SE_309,chr1,227499883,227511175,K562_MPT_1326,ENSG00000143776.14,CDC42BPA,protein_coding,6,0.00926,K562,KARR-seq
chr19,19553596,19601338,K562_SE_339,chr17,7102726,7174485,K562_MPT_5236,ENSG00000200344.1,Y_RNA,misc_RNA,6,0.00929,K562,KARR-seq
chr1,22075583,22103046,K562_TE_298,chr19,39133310,39143378,K562_MPT_6682,ENSG00000130402.7,ACTN4,protein_coding,6,0.00929,K562,KARR-seq
chr21,47664281,47685118,K562_TE_13744,chr11,93447769,93484651,K562_MPT_2530,ENSG00000200344.1,Y_RNA,misc_RNA,6,0.00929,K562,KARR-seq
chr11,12997187,13020705,K562_TE_3681,chr12,62647604,62659209,K562_MPT_3078,ENSG00000135655.9,USP15,protein_coding,6,0.00929,K562,KARR-seq
chr2,109208963,109258586,K562_SE_377,chr5,138604441,138619470,K562_MPT_10538,ENSG00000200959.1,SNORA74A,snoRNA,6,0.0093,K562,KARR-seq
chr8,128806089,129118955,K562_SE_701,chr1,26192744,26220461,K562_MPT_248,ENSG00000200344.1,Y_RNA,misc_RNA,6,0.00934,K562,KARR-seq
chrX,11290563,11437956,K562_SE_739,chr19,51009345,51022947,K562_MPT_6916,ENSG00000161677.7,JOSD2,protein_coding,6,0.00934,K562,KARR-seq
chr13,91998935,92021979,K562_SE_218,chr1,32393621,32413177,K562_MPT_332,ENSG00000184007.13,PTP4A2,protein_coding,6,0.00935,K562,KARR-seq
chr11,65235059,65278329,K562_SE_179,chr6,36848630,36858640,K562_MPT_11051,ENSG00000198663.12,C6orf89,protein_coding,12,0.00942,K562,KARR-seq
chr12,50696875,50705975,K562_TE_5069,chr12,50672267,50683545,K562_MPT_2958,ENSG00000050405.9,LIMA1,protein_coding,9,0.00943,K562,RIC-seq
chr1,993258,1027535,K562_TE_18,chr10,43128969,43139016,K562_MPT_1580,ENSG00000272373.1,ZNF33B,lncRNA,9,0.00943,K562,RIC-seq
chr7,14041834,14045343,K562_TE_19519,chr7,14045388,14055388,K562_MPT_11578,ENSG00000200344.1,Y_RNA,misc_RNA,9,0.00943,K562,RIC-seq
chr1,160330265,160330967,K562_TE_1591,chr1,160331857,160341857,K562_MPT_1009,ENSG00000171786.5,NHLH1,protein_coding,9,0.00943,K562,RIC-seq
chr13,27816336,27817863,K562_TE_5916,chr13,27820446,27834538,K562_MPT_3465,ENSG00000207500.1,SNORD102,snoRNA,9,0.00943,K562,RIC-seq
chr11,18392683,18406482,K562_TE_3747,chr11,18410935,18423101,K562_MPT_2102,ENSG00000134333.9,LDHA,protein_coding,9,0.00943,K562,RIC-seq
chr6,7195029,7219836,K562_SE_562,chr8,140710299,140720299,K562_MPT_12642,ENSG00000169427.2,KCNK9,protein_coding,9,0.00943,K562,RIC-seq
chr19,50223099,50231952,K562_TE_10834,chr3,125308934,125318934,K562_MPT_9292,ENSG00000144909.7,OSBPL11,protein_coding,9,0.00943,K562,RIC-seq
chr14,19923004,19937497,K562_TE_6322,chr22,16182254,16198004,K562_MPT_8518,ENSG00000206195.6,AP000525.9,lncRNA,9,0.00943,K562,RIC-seq
chr7,149318586,149325562,K562_TE_20655,chr7,149189824,149199908,K562_MPT_12154,ENSG00000181220.11,ZNF746,protein_coding,9,0.00943,K562,RIC-seq
chr7,152471901,152511408,K562_TE_20696,chr19,13895972,13912747,K562_MPT_6432,ENSG00000214109.3,AC008686.1,protein_coding,9,0.00943,K562,RIC-seq
chr1,173383045,173408746,K562_TE_1731,chr1,173441405,173451405,K562_MPT_1090,ENSG00000117592.8,PRDX6,protein_coding,9,0.00943,K562,RIC-seq
chr17,39820395,39852828,K562_SE_304,chr10,103450016,103460016,K562_MPT_1845,ENSG00000107829.9,FBXW4,protein_coding,9,0.00943,K562,RIC-seq
chr8,103674976,103714753,K562_TE_21442,chr8,103661603,103673130,K562_MPT_12553,ENSG00000155090.10,KLF10,protein_coding,9,0.00943,K562,RIC-seq
chr16,67294785,67304011,K562_TE_8419,chr16,67306413,67318499,K562_MPT_4997,ENSG00000196155.8,PLEKHG4,protein_coding,9,0.00943,K562,RIC-seq
chr11,65235059,65278329,K562_SE_179,chrX,153764414,153781062,K562_MPT_13716,ENSG00000073009.8,IKBKG,protein_coding,13,0.00944,K562,KARR-seq
chr19,17481039,17510858,K562_TE_10475,chr9,101547885,101564247,K562_MPT_12989,ENSG00000165138.12,ANKS6,protein_coding,9,0.00945,K562,RIC-seq
chr9,96899260,96936845,K562_SE_720,chr15,66869528,66879528,K562_MPT_4362,ENSG00000259471.1,RP11-321F6.1,protein_coding,9,0.00946,K562,RIC-seq
chr16,89505998,89551616,K562_TE_8654,chr1,227499883,227511175,K562_MPT_1326,ENSG00000143776.14,CDC42BPA,protein_coding,6,0.00946,K562,KARR-seq
chr14,93221779,93230614,K562_TE_6848,chr1,38466177,38483451,K562_MPT_399,ENSG00000183386.5,FHL3,protein_coding,9,0.00948,K562,RIC-seq
chr1,150576644,150613992,K562_SE_71,chr1,150547006,150557066,K562_MPT_883,ENSG00000143384.8,MCL1,protein_coding,9,0.00948,K562,RIC-seq
chr1,28897644,28917048,K562_TE_432,chr1,184015811,184025880,K562_MPT_1143,ENSG00000198860.7,TSEN15,protein_coding,6,0.00969,K562,KARR-seq
chr11,85732139,85775705,K562_TE_4317,chr16,30361255,30399171,K562_MPT_4852,ENSG00000180035.6,ZNF48,protein_coding,6,0.00969,K562,KARR-seq
chr5,10689205,10739844,K562_SE_528,chr19,41094072,41124822,K562_MPT_6724,ENSG00000090006.13,LTBP4,protein_coding,6,0.00969,K562,KARR-seq
chr9,136112608,136160631,K562_SE_735,chr16,81473775,81483775,K562_MPT_5094,ENSG00000153815.12,CMIP,protein_coding,6,0.00969,K562,KARR-seq
chr5,140977009,140993290,K562_TE_17656,chr2,201975827,202002707,K562_MPT_7825,ENSG00000003402.15,CFLAR,protein_coding,6,0.00969,K562,KARR-seq
chr9,94539287,94601264,K562_TE_22121,chr12,46754090,46771650,K562_MPT_2904,ENSG00000134294.9,SLC38A2,protein_coding,6,0.00969,K562,KARR-seq
chr1,28897644,28917048,K562_TE_432,chr9,80907059,80917059,K562_MPT_12900,ENSG00000135069.9,PSAT1,protein_coding,6,0.0097,K562,KARR-seq
chr3,6548808,6584670,K562_TE_14302,chr17,45261542,45271632,K562_MPT_5614,ENSG00000004897.7,CDC27,protein_coding,6,0.0097,K562,KARR-seq
chr13,45936031,45970593,K562_TE_6035,chr8,126958394,126968493,K562_MPT_12613,ENSG00000245164.2,LINC00861,lncRNA,6,0.0097,K562,KARR-seq
chr2,55225058,55267805,K562_TE_11460,chr6,44209824,44243480,K562_MPT_11117,ENSG00000146232.10,NFKBIE,protein_coding,6,0.0097,K562,KARR-seq
chr9,80494644,80638505,K562_SE_716,chr19,10191806,10235578,K562_MPT_6352,ENSG00000267387.1,CTD-2240E14.4,lncRNA,6,0.0097,K562,KARR-seq
chr10,61624138,61659731,K562_TE_2874,chr9,139549873,139570054,K562_MPT_13227,ENSG00000199161.1,MIR126,miRNA,6,0.0097,K562,KARR-seq
chr3,171506361,171534374,K562_TE_15468,chr6,147518603,147532110,K562_MPT_11407,ENSG00000233452.2,STXBP5-AS1,lncRNA,6,0.00974,K562,KARR-seq
chr16,88509252,88598161,K562_SE_287,chr9,95049875,95061038,K562_MPT_12933,ENSG00000239183.1,SNORA84,snoRNA,6,0.00975,K562,KARR-seq
chr12,116553715,116655574,K562_TE_5637,chr19,1900213,1913263,K562_MPT_6204,ENSG00000213638.4,ADAT3,protein_coding,6,0.00975,K562,KARR-seq
chr1,61569740,61673375,K562_SE_45,chr6,151707683,151717683,K562_MPT_11431,ENSG00000181472.4,ZBTB2,protein_coding,6,0.00977,K562,KARR-seq
chr19,28942803,29111036,K562_SE_341,chr19,30150963,30162781,K562_MPT_6590,ENSG00000166289.5,PLEKHF1,protein_coding,6,0.00977,K562,KARR-seq
chr2,97545950,97626315,K562_SE_375,chr12,46754090,46771650,K562_MPT_2904,ENSG00000134294.9,SLC38A2,protein_coding,6,0.00978,K562,KARR-seq
chr1,89996110,90030257,K562_SE_50,chr1,149977624,149987625,K562_MPT_872,ENSG00000163113.10,OTUD7B,protein_coding,9,0.00979,K562,RIC-seq
chr1,19929760,19940167,K562_TE_263,chr1,76246879,76267567,K562_MPT_602,ENSG00000207241.1,SNORD45A,snoRNA,6,0.00982,K562,KARR-seq
chr11,57240770,57261969,K562_TE_3946,chr1,76246879,76267567,K562_MPT_602,ENSG00000207241.1,SNORD45A,snoRNA,6,0.00982,K562,KARR-seq
chr15,66880235,66981717,K562_SE_249,chr17,36853584,36867514,K562_MPT_5471,ENSG00000266040.1,CTB-58E17.3,lncRNA,6,0.00982,K562,KARR-seq
chr15,88125985,88248068,K562_SE_253,chr20,61564274,61574471,K562_MPT_8344,ENSG00000101191.12,DIDO1,protein_coding,6,0.00991,K562,KARR-seq
chr3,45082598,45261279,K562_SE_464,chr1,128566,145339,K562_MPT_5,ENSG00000238009.2,RP11-34P13.7,lncRNA,6,0.00991,K562,KARR-seq
chr2,145188334,145270092,K562_SE_382,chr16,24544014,24556904,K562_MPT_4790,ENSG00000122257.14,RBBP6,protein_coding,6,0.00991,K562,KARR-seq
chr7,153105705,153129442,K562_SE_673,chr6,7102830,7113264,K562_MPT_10795,ENSG00000124782.15,RREB1,protein_coding,6,0.00991,K562,KARR-seq
chr7,106397436,106422990,K562_SE_660,chr20,47889578,47902220,K562_MPT_8258,ENSG00000212304.1,SNORD12,snoRNA,6,0.00991,K562,KARR-seq
chr20,30248381,30302816,K562_SE_401,chr4,1884228,1894228,K562_MPT_9646,ENSG00000109685.13,WHSC1,protein_coding,6,0.00992,K562,KARR-seq
chr2,158146764,158160556,K562_TE_12198,chr7,120711632,120728867,K562_MPT_12018,ENSG00000106034.13,CPED1,protein_coding,6,0.00999,K562,KARR-seq
chr9,94618470,94683542,K562_SE_719,chr19,15437717,15448356,K562_MPT_6464,ENSG00000141867.13,BRD4,protein_coding,6,0.00999,K562,KARR-seq
chr16,53095216,53128564,K562_TE_8323,chr16,4388762,4410608,K562_MPT_4673,ENSG00000217930.3,PAM16,protein_coding,6,0.00999,K562,KARR-seq
