pair_id,enhancer_chr,enhancer_chr_start,enhancer_chr_end,enhancer_id,promoter_chr,promoter_chr_start,promoter_chr_end,promoter_id,ENSG,gene_id,gene_type,reads_count,P-value,cell_line,methods,interaction_type
K562_EP_0001,chr19,47359889,47372725,K562_TE_10762,chr19,47416933,47426933,K562_MPT_6842,ENSG00000160007.13,ARHGAP35,protein_coding,397,0.0,K562,RIC-seq,cis_same_chromosome
K562_EP_0002,chr1,144593385,144604459,K562_TE_1347,chr1,148555843,148565990,K562_MPT_852,ENSG00000243452.3,NBPF15,protein_coding,319,0.0,K562,RIC-seq,cis_same_chromosome
K562_EP_0003,chr9,44875058,44880467,K562_TE_21948,chr9,44985314,45009879,K562_MPT_12846,ENSG00000204805.7,FAM27E4,pseudogene,300,0.0,K562,RIC-seq,cis_same_chromosome
K562_EP_0004,chr19,900055,908556,K562_TE_10188,chr19,908231,933817,K562_MPT_6176,ENSG00000267159.1,AC005391.2,lncRNA,255,0.0,K562,RIC-seq,cis_same_chromosome
K562_EP_0005,chr8,126937450,126959759,K562_TE_21586,chr8,126958394,126968493,K562_MPT_12613,ENSG00000245164.2,LINC00861,lncRNA,244,0.0,K562,RIC-seq,cis_same_chromosome
K562_EP_0006,chr15,28833961,28837697,K562_TE_7042,chr15,28555798,28572298,K562_MPT_4117,ENSG00000256338.1,RPL41P2,pseudogene,228,0.0,K562,RIC-seq,cis_same_chromosome
K562_EP_0007,chr5,84933881,84944654,K562_TE_17293,chr5,84925230,84935230,K562_MPT_10366,ENSG00000265704.1,AC010595.1,miRNA,204,0.0,K562,RIC-seq,cis_same_chromosome
K562_EP_0008,chr16,85548387,85639758,K562_SE_284,chr16,85640015,85651958,K562_MPT_5120,ENSG00000131149.13,GSE1,protein_coding,191,0.0,K562,RIC-seq,cis_same_chromosome
K562_EP_0009,chr9,44875058,44880467,K562_TE_21948,chr9,67781277,67799111,K562_MPT_12859,ENSG00000232833.4,FAM27E3,protein_coding,178,1.35e-269,K562,RIC-seq,cis_same_chromosome
K562_EP_0010,chr2,27975011,27989484,K562_TE_11210,chr2,27989584,27999584,K562_MPT_7181,ENSG00000243147.3,MRPL33,protein_coding,168,1.8199999999999997e-250,K562,RIC-seq,cis_same_chromosome
K562_EP_0011,chr6,37391181,37396212,K562_TE_18439,chr6,37395996,37405996,K562_MPT_11058,ENSG00000137200.8,CMTR1,protein_coding,148,1.2300000000000001e-195,K562,RIC-seq,cis_same_chromosome
K562_EP_0012,chr2,131962319,131968883,K562_TE_12057,chr2,130881795,130907707,K562_MPT_7619,ENSG00000152076.14,CCDC74B,protein_coding,135,1.39e-162,K562,RIC-seq,cis_same_chromosome
K562_EP_0013,chr6,27909236,27919950,K562_TE_18285,chr6,27853570,27870344,K562_MPT_10914,ENSG00000197153.3,HIST1H3J,protein_coding,131,5.55e-154,K562,RIC-seq,cis_same_chromosome
K562_EP_0014,chr22,42976262,42978519,K562_TE_14183,chr22,42910808,42920808,K562_MPT_8795,ENSG00000189306.6,RRP7A,protein_coding,124,3.67e-138,K562,RIC-seq,cis_same_chromosome
K562_EP_0015,chr4,77852542,77865346,K562_TE_16180,chr4,77865856,77876015,K562_MPT_9855,ENSG00000138758.7,SEPT11,protein_coding,124,4.06e-138,K562,RIC-seq,cis_same_chromosome
K562_EP_0016,chr9,66454703,66457717,K562_TE_21968,chr9,68403924,68420308,K562_MPT_12863,ENSG00000207277.1,RNA5SP284,rRNA,124,4.3799999999999995e-138,K562,RIC-seq,cis_same_chromosome
K562_EP_0017,chr6,26166188,26176688,K562_TE_18260,chr6,26178958,26209858,K562_MPT_10877,ENSG00000217275.2,RP1-34B20.4,pseudogene,108,5.24e-106,K562,RIC-seq,cis_same_chromosome
K562_EP_0018,chr12,7268607,7275690,K562_TE_4742,chr12,7268154,7289982,K562_MPT_2759,ENSG00000205885.3,C1RL-AS1,lncRNA,101,4.41e-93,K562,RIC-seq,cis_same_chromosome
K562_EP_0019,chr9,100797250,100812511,K562_TE_22225,chr9,100814021,100824021,K562_MPT_12984,ENSG00000095380.10,NANS,protein_coding,94,1.6000000000000002e-81,K562,RIC-seq,cis_same_chromosome
K562_EP_0020,chr19,53424232,53441284,K562_SE_351,chr19,53390541,53405946,K562_MPT_6967,ENSG00000182986.8,ZNF320,protein_coding,94,2.2e-81,K562,RIC-seq,cis_same_chromosome
K562_EP_0021,chr9,46112543,46126893,K562_TE_21953,chr9,45722107,45743490,K562_MPT_12848,ENSG00000229523.1,RP11-7G23.4,pseudogene,89,4.3500000000000006e-73,K562,RIC-seq,cis_same_chromosome
K562_EP_0022,chr2,88957856,88984894,K562_TE_11770,chr2,88986162,88996162,K562_MPT_7456,ENSG00000153574.8,RPIA,protein_coding,86,1.1399999999999998e-68,K562,RIC-seq,cis_same_chromosome
K562_EP_0023,chr1,247500404,247535606,K562_TE_2416,chr1,247487547,247500045,K562_MPT_1425,ENSG00000162714.8,ZNF496,protein_coding,83,3.09e-64,K562,RIC-seq,cis_same_chromosome
K562_EP_0024,chr3,101343943,101363344,K562_SE_476,chr3,101329670,101339670,K562_MPT_9213,ENSG00000252348.1,RNU6-1256P,snRNA,75,8.05e-53,K562,RIC-seq,cis_same_chromosome
K562_EP_0025,chr6,27866722,27879998,K562_TE_18284,chr6,27853570,27870344,K562_MPT_10914,ENSG00000197153.3,HIST1H3J,protein_coding,74,2.16e-51,K562,RIC-seq,cis_same_chromosome
K562_EP_0026,chr11,124060043,124121217,K562_SE_195,chr11,124050923,124060923,K562_MPT_2651,ENSG00000197309.2,OR10D3,protein_coding,73,3.19e-50,K562,RIC-seq,cis_same_chromosome
K562_EP_0027,chr6,3163440,3219835,K562_SE_557,chr6,3148296,3162760,K562_MPT_10774,ENSG00000137267.5,TUBB2A,protein_coding,71,1.4800000000000002e-47,K562,RIC-seq,cis_same_chromosome
K562_EP_0028,chr1,142804945,142848352,K562_TE_1329,chr1,143190711,143201803,K562_MPT_798,ENSG00000232274.2,RP11-782C8.2,lncRNA,65,4.46e-40,K562,RIC-seq,cis_same_chromosome
K562_EP_0029,chr1,16385235,16415960,K562_TE_220,chr1,16370284,16383818,K562_MPT_155,ENSG00000184908.13,CLCNKB,protein_coding,64,3e-39,K562,RIC-seq,cis_same_chromosome
K562_EP_0030,chr5,179082566,179095432,K562_TE_17961,chr5,179038925,179066785,K562_MPT_10725,ENSG00000169045.13,HNRNPH1,protein_coding,64,3.67e-39,K562,RIC-seq,cis_same_chromosome
K562_EP_0031,chr9,37079146,37105489,K562_TE_21896,chr9,37115536,37125602,K562_MPT_12812,ENSG00000147905.13,ZCCHC7,protein_coding,58,7.75e-33,K562,RIC-seq,cis_same_chromosome
K562_EP_0032,chr3,101411036,101422500,K562_TE_14952,chr3,101390274,101410626,K562_MPT_9216,ENSG00000114391.8,RPL24,protein_coding,54,1.11e-28,K562,RIC-seq,cis_same_chromosome
K562_EP_0033,chrX,86982591,86983838,K562_TE_23057,chrX,86973238,86983238,K562_MPT_13530,ENSG00000271205.1,RP1-138A5.2,pseudogene,50,8.63e-25,K562,RIC-seq,cis_same_chromosome
K562_EP_0034,chr3,40331629,40344723,K562_TE_14570,chr3,40346175,40356175,K562_MPT_8994,ENSG00000114784.3,EIF1B,protein_coding,49,6.72e-24,K562,RIC-seq,cis_same_chromosome
K562_EP_0035,chr6,80252310,80256470,K562_TE_18678,chr6,80242125,80252175,K562_MPT_11187,ENSG00000135338.9,LCA5,protein_coding,48,1.05e-22,K562,RIC-seq,cis_same_chromosome
K562_EP_0036,chr16,21510171,21577629,K562_SE_267,chr16,18932072,18946604,K562_MPT_4746,ENSG00000157106.12,SMG1,protein_coding,48,1.13e-22,K562,RIC-seq,cis_same_chromosome
K562_EP_0037,chr13,20175670,20181011,K562_TE_5852,chr13,20202788,20212821,K562_MPT_3430,ENSG00000196199.9,MPHOSPH8,protein_coding,46,5.83e-21,K562,RIC-seq,cis_same_chromosome
K562_EP_0038,chr13,108528157,108595890,K562_SE_221,chr13,108514083,108524083,K562_MPT_3632,ENSG00000204442.2,FAM155A,protein_coding,46,6.100000000000001e-21,K562,RIC-seq,cis_same_chromosome
K562_EP_0039,chr1,44505462,44519927,K562_TE_678,chr1,44492032,44521865,K562_MPT_465,ENSG00000230615.2,RP5-1198O20.4,lncRNA,44,2.57e-19,K562,RIC-seq,cis_same_chromosome
K562_EP_0040,chr7,84439385,84477729,K562_TE_20055,chr7,84500870,84510977,K562_MPT_11844,ENSG00000232605.1,HMGN2P11,pseudogene,43,1.64e-18,K562,RIC-seq,cis_same_chromosome
K562_EP_0041,chr9,124217730,124226197,K562_TE_22391,chr9,124127483,124142519,K562_MPT_13070,ENSG00000227355.1,RP11-162D16.2,lncRNA,42,1.62e-17,K562,RIC-seq,cis_same_chromosome
K562_EP_0042,chr1,17181701,17200844,K562_TE_232,chr1,16855719,16884026,K562_MPT_165,ENSG00000233421.3,U1,lncRNA,48,4.05e-17,K562,KARR-seq,cis_same_chromosome
K562_EP_0043,chr2,96675230,96701704,K562_TE_11783,chr2,97752443,97765619,K562_MPT_7486,ENSG00000144199.7,FAHD2B,protein_coding,40,5.31e-16,K562,RIC-seq,cis_same_chromosome
K562_EP_0044,chr7,75767293,75796716,K562_TE_20025,chr7,65950046,65963773,K562_MPT_11768,ENSG00000223473.1,GS1-124K5.3,lncRNA,40,5.34e-16,K562,RIC-seq,cis_same_chromosome
K562_EP_0045,chr7,99938728,99943115,K562_TE_20166,chr7,99797896,99826566,K562_MPT_11913,ENSG00000222482.1,AC005071.1,miRNA,40,5.34e-16,K562,RIC-seq,cis_same_chromosome
K562_EP_0046,chr1,25564270,25567335,K562_TE_365,chr1,25553977,25563984,K562_MPT_238,ENSG00000117614.5,SYF2,protein_coding,39,1.75e-15,K562,RIC-seq,cis_same_chromosome
K562_EP_0047,chr12,122492127,122530639,K562_SE_213,chr12,122511628,122521628,K562_MPT_3344,ENSG00000175727.9,MLXIP,protein_coding,38,9.31e-15,K562,KARR-seq,cis_same_chromosome
K562_EP_0048,chr14,50107407,50109021,K562_TE_6500,chr14,50082403,50106948,K562_MPT_3793,ENSG00000168282.4,MGAT2,protein_coding,38,9.84e-15,K562,RIC-seq,cis_same_chromosome
K562_EP_0049,chr7,66308580,66313722,K562_TE_19916,chr7,65950046,65963773,K562_MPT_11768,ENSG00000223473.1,GS1-124K5.3,lncRNA,38,9.91e-15,K562,RIC-seq,cis_same_chromosome
K562_EP_0050,chr6,26295397,26355127,K562_SE_578,chr6,26280737,26290762,K562_MPT_10882,ENSG00000158406.2,HIST1H4H,protein_coding,38,9.91e-15,K562,RIC-seq,cis_same_chromosome
K562_EP_0051,chr4,79866783,79878397,K562_TE_16200,chr4,79855548,79865592,K562_MPT_9866,ENSG00000163291.10,PAQR3,protein_coding,37,5.5e-14,K562,RIC-seq,cis_same_chromosome
K562_EP_0052,chr5,1631541,1653904,K562_TE_16818,chr5,266631,277827,K562_MPT_10142,ENSG00000248925.1,CTD-2083E4.6,lncRNA,37,5.55e-14,K562,RIC-seq,cis_same_chromosome
K562_EP_0053,chr7,102124202,102169318,K562_TE_20205,chr7,102241897,102262204,K562_MPT_11950,ENSG00000238997.1,AC105052.1,miRNA,37,5.56e-14,K562,RIC-seq,cis_same_chromosome
K562_EP_0054,chr1,142804945,142848352,K562_TE_1329,chr1,143372281,143397450,K562_MPT_799,ENSG00000238261.5,RP11-435B5.5,lncRNA,37,6.37e-14,K562,RIC-seq,cis_same_chromosome
K562_EP_0055,chr5,84748001,84749420,K562_TE_17292,chr5,84925230,84935230,K562_MPT_10366,ENSG00000265704.1,AC010595.1,miRNA,36,3.21e-13,K562,RIC-seq,cis_same_chromosome
K562_EP_0056,chr2,69809230,69861767,K562_TE_11609,chr2,217554187,217565248,K562_MPT_7877,ENSG00000115461.4,IGFBP5,protein_coding,34,7.33e-13,K562,KARR-seq,cis_same_chromosome
K562_EP_0057,chr15,66880235,66981717,K562_SE_249,chr15,66989566,66999674,K562_MPT_4363,ENSG00000137834.10,SMAD6,protein_coding,35,1.86e-12,K562,RIC-seq,cis_same_chromosome
K562_EP_0058,chr13,41736084,41736822,K562_TE_5994,chr13,41701882,41711882,K562_MPT_3509,ENSG00000165572.6,KBTBD6,protein_coding,34,7.12e-12,K562,RIC-seq,cis_same_chromosome
K562_EP_0059,chr16,21510171,21577629,K562_SE_267,chr16,87892245,87908094,K562_MPT_5131,ENSG00000103257.4,SLC7A5,protein_coding,34,8.14e-12,K562,RIC-seq,cis_same_chromosome
K562_EP_0060,chr5,53545021,53626040,K562_SE_532,chr5,53601403,53611412,K562_MPT_10256,ENSG00000185305.6,ARL15,protein_coding,29,3e-11,K562,KARR-seq,cis_same_chromosome
K562_EP_0061,chr16,85210066,85383708,K562_SE_282,chr16,85199882,85209882,K562_MPT_5115,ENSG00000262601.1,CTC-786C10.1,protein_coding,33,3.45e-11,K562,RIC-seq,cis_same_chromosome
K562_EP_0062,chr16,2703822,2737802,K562_TE_7877,chr16,2576409,2593165,K562_MPT_4639,ENSG00000205923.2,CEMP1,protein_coding,27,9.99e-11,K562,KARR-seq,cis_same_chromosome
K562_EP_0063,chr4,48287634,48307335,K562_TE_15997,chr4,48266881,48276881,K562_MPT_9778,ENSG00000135605.8,TEC,protein_coding,31,3.12e-10,K562,RIC-seq,cis_same_chromosome
K562_EP_0064,chr1,144689689,144709813,K562_TE_1348,chr1,144984309,145000082,K562_MPT_812,ENSG00000268172.1,AL590452.1,protein_coding,32,3.15e-10,K562,RIC-seq,cis_same_chromosome
K562_EP_0065,chr11,126211321,126219492,K562_TE_4634,chr11,126220555,126230869,K562_MPT_2674,ENSG00000110080.14,ST3GAL4,protein_coding,24,9.21e-10,K562,KARR-seq,cis_same_chromosome
K562_EP_0066,chr9,42250158,42252253,K562_TE_21934,chr9,70641589,70651589,K562_MPT_12871,ENSG00000269337.1,AL591479.1,protein_coding,30,9.3e-10,K562,RIC-seq,cis_same_chromosome
K562_EP_0067,chr15,91428543,91440077,K562_TE_7747,chr15,91440448,91455618,K562_MPT_4550,ENSG00000196547.10,MAN2A2,protein_coding,30,9.3e-10,K562,RIC-seq,cis_same_chromosome
K562_EP_0068,chr1,168187906,168190577,K562_TE_1678,chr1,168179643,168189643,K562_MPT_1068,ENSG00000237131.1,RP1-69E11.3,pseudogene,30,9.32e-10,K562,RIC-seq,cis_same_chromosome
K562_EP_0069,chr6,3021307,3063968,K562_SE_556,chr6,2993977,3009401,K562_MPT_10769,ENSG00000124588.15,NQO2,protein_coding,30,1.04e-09,K562,RIC-seq,cis_same_chromosome
K562_EP_0070,chr17,43656816,43679227,K562_TE_9190,chr17,62909903,62928862,K562_MPT_5762,ENSG00000176809.6,LRRC37A3,protein_coding,28,1.08e-08,K562,RIC-seq,cis_same_chromosome
K562_EP_0071,chr7,74304564,74307643,K562_TE_19990,chr7,99923500,99944531,K562_MPT_11916,ENSG00000272752.1,STAG3L5P-PVRIG2P-PILRB,lncRNA,28,1.08e-08,K562,RIC-seq,cis_same_chromosome
K562_EP_0072,chr2,85190669,85192629,K562_TE_11719,chr2,85193216,85204324,K562_MPT_7425,ENSG00000176407.13,KCMF1,protein_coding,28,1.08e-08,K562,RIC-seq,cis_same_chromosome
K562_EP_0073,chr4,123926,126110,K562_TE_15725,chr4,44850,58210,K562_MPT_9618,ENSG00000248302.2,Z95704.4,pseudogene,22,1.58e-08,K562,KARR-seq,cis_same_chromosome
K562_EP_0074,chr16,14579100,14603249,K562_TE_8004,chr16,33934259,33951021,K562_MPT_4903,ENSG00000265616.1,AC136932.2,miRNA,22,1.73e-08,K562,KARR-seq,cis_same_chromosome
K562_EP_0075,chr2,158146764,158160556,K562_TE_12198,chr2,159308214,159318624,K562_MPT_7676,ENSG00000153237.13,CCDC148,protein_coding,21,1.85e-08,K562,KARR-seq,cis_same_chromosome
K562_EP_0076,chr3,126679909,126701785,K562_TE_15091,chr3,126702437,126712437,K562_MPT_9301,ENSG00000114554.7,PLXNA1,protein_coding,21,1.95e-08,K562,KARR-seq,cis_same_chromosome
K562_EP_0077,chr1,24041711,24061665,K562_TE_332,chr1,24064645,24074962,K562_MPT_225,ENSG00000011007.8,TCEB3,protein_coding,23,6.83e-08,K562,RIC-seq,cis_same_chromosome
K562_EP_0078,chr3,52331872,52342110,K562_TE_14728,chr3,52345335,52355335,K562_MPT_9107,ENSG00000114841.13,DNAH1,protein_coding,22,7.72e-08,K562,RIC-seq,cis_same_chromosome
K562_EP_0079,chr11,117817208,117851382,K562_TE_4543,chr11,117852063,117862109,K562_MPT_2608,ENSG00000110324.5,IL10RA,protein_coding,21,8.89e-08,K562,RIC-seq,cis_same_chromosome
K562_EP_0080,chr9,45739172,45744807,K562_TE_21952,chr9,44862571,44879008,K562_MPT_12845,ENSG00000204814.5,RP11-160N1.10,protein_coding,21,8.89e-08,K562,RIC-seq,cis_same_chromosome
K562_EP_0081,chr16,74462762,74483483,K562_TE_8508,chr16,70142529,70153275,K562_MPT_5037,ENSG00000090857.9,PDPR,protein_coding,21,8.89e-08,K562,RIC-seq,cis_same_chromosome
K562_EP_0082,chr6,27082504,27095518,K562_TE_18277,chr6,27095327,27120405,K562_MPT_10900,ENSG00000124635.7,HIST1H2BJ,protein_coding,22,1.11e-07,K562,RIC-seq,cis_same_chromosome
K562_EP_0083,chr11,85802540,85930107,K562_SE_187,chr11,85950586,85961276,K562_MPT_2514,ENSG00000074266.13,EED,protein_coding,21,1.16e-07,K562,RIC-seq,cis_same_chromosome
K562_EP_0084,chr11,67079779,67089886,K562_TE_4107,chr11,67154423,67176660,K562_MPT_2380,ENSG00000172613.3,RAD9A,protein_coding,26,1.17e-07,K562,RIC-seq,cis_same_chromosome
K562_EP_0085,chr7,64494805,64506960,K562_TE_19883,chr7,65333254,65343356,K562_MPT_11763,ENSG00000196715.5,VKORC1L1,protein_coding,20,2.45e-07,K562,RIC-seq,cis_same_chromosome
K562_EP_0086,chr1,193080607,193085364,K562_TE_1878,chr1,193086147,193096147,K562_MPT_1160,ENSG00000134371.9,CDC73,protein_coding,20,2.45e-07,K562,RIC-seq,cis_same_chromosome
K562_EP_0087,chr3,128914259,128931144,K562_TE_15121,chr3,128897742,128907765,K562_MPT_9318,ENSG00000169714.12,CNBP,protein_coding,24,2.64e-07,K562,RIC-seq,cis_same_chromosome
K562_EP_0088,chr12,50432766,50445758,K562_TE_5062,chr12,50446331,50458670,K562_MPT_2952,ENSG00000110881.7,ASIC1,protein_coding,24,2.64e-07,K562,RIC-seq,cis_same_chromosome
K562_EP_0089,chr16,88938381,88973032,K562_TE_8642,chr16,88917628,88938068,K562_MPT_5144,ENSG00000141012.8,GALNS,protein_coding,24,2.69e-07,K562,RIC-seq,cis_same_chromosome
K562_EP_0090,chr6,28632682,28871154,K562_SE_587,chr6,28611042,28621843,K562_MPT_10926,ENSG00000235570.1,LINC00533,lncRNA,25,3.06e-07,K562,RIC-seq,cis_same_chromosome
K562_EP_0091,chr12,122115936,122125560,K562_TE_5714,chr12,122102560,122112560,K562_MPT_3337,ENSG00000139714.8,MORN3,protein_coding,19,4.54e-07,K562,RIC-seq,cis_same_chromosome
K562_EP_0092,chr10,75463323,75491111,K562_TE_3014,chr10,75483338,75509158,K562_MPT_1718,ENSG00000271816.1,RP11-574K11.28,lncRNA,19,4.58e-07,K562,RIC-seq,cis_same_chromosome
K562_EP_0093,chr6,27446057,27619385,K562_SE_583,chr6,27435460,27445897,K562_MPT_10906,ENSG00000096654.11,ZNF184,protein_coding,19,4.67e-07,K562,RIC-seq,cis_same_chromosome
K562_EP_0094,chr2,48097600,48100637,K562_TE_11426,chr2,190440613,190453484,K562_MPT_7777,ENSG00000138449.6,SLC40A1,protein_coding,19,8.14e-07,K562,KARR-seq,cis_same_chromosome
K562_EP_0095,chr1,51307758,51319292,K562_TE_751,chr1,156552747,156576282,K562_MPT_976,ENSG00000163382.7,APOA1BP,protein_coding,19,8.14e-07,K562,KARR-seq,cis_same_chromosome
K562_EP_0096,chr2,15711735,15725448,K562_TE_11092,chr2,15726302,15736770,K562_MPT_7117,ENSG00000079785.10,DDX1,protein_coding,18,9.52e-07,K562,RIC-seq,cis_same_chromosome
K562_EP_0097,chrX,151149702,151158603,K562_TE_23340,chrX,151138143,151148151,K562_MPT_13682,ENSG00000102287.12,GABRE,protein_coding,18,1.04e-06,K562,RIC-seq,cis_same_chromosome
K562_EP_0098,chr22,21845384,21889457,K562_SE_437,chr22,21766693,21779925,K562_MPT_8584,ENSG00000169635.5,HIC2,protein_coding,18,1.25e-06,K562,KARR-seq,cis_same_chromosome
K562_EP_0099,chr10,121376257,121377602,K562_TE_3412,chr10,121405882,121421122,K562_MPT_1914,ENSG00000151929.5,BAG3,protein_coding,17,3.13e-06,K562,RIC-seq,cis_same_chromosome
K562_EP_0100,chr5,141721761,141780423,K562_TE_17672,chr5,141698747,141709863,K562_MPT_10572,ENSG00000231185.2,AC005592.2,lncRNA,17,3.13e-06,K562,RIC-seq,cis_same_chromosome
K562_EP_0101,chr15,28833961,28837697,K562_TE_7042,chr15,20705715,20716433,K562_MPT_4097,ENSG00000180229.8,HERC2P3,pseudogene,17,3.13e-06,K562,RIC-seq,cis_same_chromosome
K562_EP_0102,chr1,661816,664568,K562_TE_12,chr1,128566,145339,K562_MPT_5,ENSG00000237683.5,AL627309.1,protein_coding,17,3.13e-06,K562,RIC-seq,cis_same_chromosome
K562_EP_0103,chr12,120668525,120697720,K562_TE_5679,chr12,64840660,64851255,K562_MPT_3088,ENSG00000183735.5,TBK1,protein_coding,16,5.03e-06,K562,RIC-seq,cis_same_chromosome
K562_EP_0104,chr12,116930411,116990727,K562_TE_5642,chr12,116992186,117002186,K562_MPT_3293,ENSG00000171471.5,MAP1LC3B2,protein_coding,16,5.03e-06,K562,RIC-seq,cis_same_chromosome
K562_EP_0105,chr7,44994417,45033267,K562_SE_649,chr7,45034784,45044787,K562_MPT_11712,ENSG00000136280.11,CCM2,protein_coding,16,5.03e-06,K562,RIC-seq,cis_same_chromosome
K562_EP_0106,chr14,103033959,103052563,K562_TE_6937,chr14,103044514,103064233,K562_MPT_4054,ENSG00000239224.2,RN7SL546P,misc_RNA,16,5.03e-06,K562,RIC-seq,cis_same_chromosome
K562_EP_0107,chr1,15742241,15803217,K562_TE_208,chr1,112292927,112308019,K562_MPT_742,ENSG00000197852.8,FAM212B,protein_coding,16,5.03e-06,K562,RIC-seq,cis_same_chromosome
K562_EP_0108,chr10,25247158,25252251,K562_TE_2656,chr10,25236513,25247170,K562_MPT_1528,ENSG00000099256.14,PRTFDC1,protein_coding,16,5.07e-06,K562,RIC-seq,cis_same_chromosome
K562_EP_0109,chrX,152673277,152677949,K562_TE_23371,chrX,152678780,152688780,K562_MPT_13697,ENSG00000189420.7,ZFP92,protein_coding,16,5.07e-06,K562,RIC-seq,cis_same_chromosome
K562_EP_0110,chr1,193012586,193022714,K562_TE_1876,chr1,95533501,95543501,K562_MPT_675,ENSG00000172339.9,ALG14,protein_coding,15,7.47e-06,K562,KARR-seq,cis_same_chromosome
K562_EP_0111,chr2,74189295,74311354,K562_SE_371,chr2,74224840,74234840,K562_MPT_7399,ENSG00000187605.11,TET3,protein_coding,15,7.47e-06,K562,KARR-seq,cis_same_chromosome
K562_EP_0112,chr12,116553715,116655574,K562_TE_5637,chr12,122176529,122186529,K562_MPT_3339,ENSG00000188735.8,TMEM120B,protein_coding,16,7.64e-06,K562,KARR-seq,cis_same_chromosome
K562_EP_0113,chr17,39820395,39852828,K562_SE_304,chr17,40415605,40433725,K562_MPT_5527,ENSG00000236194.2,AC003104.1,lncRNA,14,1.21e-05,K562,KARR-seq,cis_same_chromosome
K562_EP_0114,chr12,50056001,50068385,K562_TE_5052,chr12,33587581,33597754,K562_MPT_2879,ENSG00000110975.4,SYT10,protein_coding,14,1.21e-05,K562,KARR-seq,cis_same_chromosome
K562_EP_0115,chr2,46530420,46570715,K562_SE_364,chr2,27574113,27585055,K562_MPT_7172,ENSG00000115207.9,GTF3C2,protein_coding,14,1.21e-05,K562,KARR-seq,cis_same_chromosome
K562_EP_0116,chr10,126801223,126839727,K562_TE_3457,chr10,33239591,33257211,K562_MPT_1561,ENSG00000229656.2,RP11-462L8.1,lncRNA,14,1.73e-05,K562,KARR-seq,cis_same_chromosome
K562_EP_0117,chr1,27104572,27108989,K562_TE_396,chr1,27108963,27120419,K562_MPT_269,ENSG00000060642.6,PIGV,protein_coding,15,2.61e-05,K562,RIC-seq,cis_same_chromosome
K562_EP_0118,chr6,42167427,42169432,K562_TE_18490,chr6,42157654,42167654,K562_MPT_11086,ENSG00000112599.8,GUCA1B,protein_coding,15,2.61e-05,K562,RIC-seq,cis_same_chromosome
K562_EP_0119,chr7,145481272,145491017,K562_TE_20629,chr7,145808453,145818453,K562_MPT_12137,ENSG00000174469.13,CNTNAP2,protein_coding,15,2.61e-05,K562,RIC-seq,cis_same_chromosome
K562_EP_0120,chr15,28833961,28837697,K562_TE_7042,chr15,23373228,23383228,K562_MPT_4111,ENSG00000140181.10,HERC2P2,pseudogene,15,2.64e-05,K562,RIC-seq,cis_same_chromosome
K562_EP_0121,chr1,28897644,28917048,K562_TE_432,chr1,202124119,202142179,K562_MPT_1185,ENSG00000243323.1,PTPRVP,pseudogene,15,2.67e-05,K562,KARR-seq,cis_same_chromosome
K562_EP_0122,chr16,29591710,29668668,K562_SE_272,chr16,87892245,87908094,K562_MPT_5131,ENSG00000103257.4,SLC7A5,protein_coding,15,2.89e-05,K562,RIC-seq,cis_same_chromosome
K562_EP_0123,chr20,31193112,31290878,K562_SE_402,chr20,31164765,31180281,K562_MPT_8124,ENSG00000197183.8,C20orf112,protein_coding,15,2.91e-05,K562,RIC-seq,cis_same_chromosome
K562_EP_0124,chr11,65167965,65217131,K562_SE_178,chr11,75057749,75067873,K562_MPT_2460,ENSG00000137486.12,ARRB1,protein_coding,16,3.24e-05,K562,KARR-seq,cis_same_chromosome
K562_EP_0125,chr19,1929118,1936133,K562_TE_10210,chr19,1936188,1947464,K562_MPT_6206,ENSG00000133275.11,CSNK1G2,protein_coding,14,4.91e-05,K562,RIC-seq,cis_same_chromosome
K562_EP_0126,chr1,43838527,43841548,K562_TE_659,chr1,43819329,43838689,K562_MPT_456,ENSG00000066322.8,ELOVL1,protein_coding,14,4.91e-05,K562,RIC-seq,cis_same_chromosome
K562_EP_0127,chr4,74919584,74959595,K562_SE_514,chr4,74899406,74909406,K562_MPT_9837,ENSG00000163734.4,CXCL3,protein_coding,14,4.91e-05,K562,RIC-seq,cis_same_chromosome
K562_EP_0128,chr3,185221898,185226298,K562_TE_15591,chr3,185211775,185221845,K562_MPT_9533,ENSG00000163900.6,TMEM41A,protein_coding,14,4.91e-05,K562,RIC-seq,cis_same_chromosome
K562_EP_0129,chr6,25971016,26007638,K562_TE_18257,chr6,26011607,26038796,K562_MPT_10871,ENSG00000124529.3,HIST1H4B,protein_coding,14,4.92e-05,K562,RIC-seq,cis_same_chromosome
K562_EP_0130,chr7,135711069,135800125,K562_TE_20533,chr7,135657064,135667101,K562_MPT_12091,ENSG00000105887.10,MTPN,protein_coding,13,0.000118,K562,RIC-seq,cis_same_chromosome
K562_EP_0131,chr16,15241002,15249352,K562_TE_8023,chr16,2176852,2191130,K562_MPT_4629,ENSG00000200344.1,Y_RNA,misc_RNA,13,0.000118,K562,RIC-seq,cis_same_chromosome
K562_EP_0132,chr19,51969326,51982230,K562_SE_349,chr19,51956706,51966710,K562_MPT_6935,ENSG00000105366.11,SIGLEC8,protein_coding,13,0.000118,K562,RIC-seq,cis_same_chromosome
K562_EP_0133,chr9,46112543,46126893,K562_TE_21953,chr9,46375257,46395277,K562_MPT_12850,ENSG00000204813.2,RP11-34H11.3,pseudogene,13,0.000118,K562,RIC-seq,cis_same_chromosome
K562_EP_0134,chr1,16860038,16892778,K562_TE_228,chr1,17176902,17190516,K562_MPT_172,ENSG00000263811.1,MIR3675,miRNA,13,0.000118,K562,KARR-seq,cis_same_chromosome
K562_EP_0135,chr6,69396203,69405959,K562_TE_18635,chr6,135366759,135381171,K562_MPT_11360,ENSG00000232876.1,CTA-212D2.2,lncRNA,13,0.000118,K562,KARR-seq,cis_same_chromosome
K562_EP_0136,chr7,16298532,16311065,K562_SE_642,chr7,150015252,150025814,K562_MPT_12160,ENSG00000127399.10,LRRC61,protein_coding,11,0.000132,K562,KARR-seq,cis_same_chromosome
K562_EP_0137,chr16,85398912,85455925,K562_SE_283,chr16,85386069,85396069,K562_MPT_5117,ENSG00000261567.1,RP11-680G10.1,protein_coding,11,0.000132,K562,KARR-seq,cis_same_chromosome
K562_EP_0138,chr11,57060493,57083741,K562_TE_3942,chr11,112092088,112103996,K562_MPT_2589,ENSG00000150787.3,PTS,protein_coding,11,0.000132,K562,KARR-seq,cis_same_chromosome
K562_EP_0139,chr7,76177805,76239287,K562_TE_20032,chr7,150060278,150085973,K562_MPT_12161,ENSG00000239377.1,RP4-584D14.6,lncRNA,13,0.000133,K562,KARR-seq,cis_same_chromosome
K562_EP_0140,chr11,124041062,124045549,K562_TE_4601,chr11,124050923,124060923,K562_MPT_2651,ENSG00000197309.2,OR10D3,protein_coding,13,0.000134,K562,RIC-seq,cis_same_chromosome
K562_EP_0141,chr1,51997530,52049537,K562_TE_763,chr1,51978981,51990000,K562_MPT_510,ENSG00000227070.1,RP11-191G24.1,lncRNA,13,0.000137,K562,RIC-seq,cis_same_chromosome
K562_EP_0142,chr19,15938687,15956027,K562_SE_336,chr19,41299901,41322295,K562_MPT_6729,ENSG00000269858.1,EGLN2,protein_coding,11,0.000145,K562,KARR-seq,cis_same_chromosome
K562_EP_0143,chr3,6548808,6584670,K562_TE_14302,chr3,148842371,148852425,K562_MPT_9404,ENSG00000163755.4,HPS3,protein_coding,12,0.000185,K562,KARR-seq,cis_same_chromosome
K562_EP_0144,chr9,71572332,71600057,K562_TE_22004,chr9,127353087,127366859,K562_MPT_13090,ENSG00000231744.1,RP11-164H5.1,pseudogene,12,0.000185,K562,KARR-seq,cis_same_chromosome
K562_EP_0145,chr5,53545021,53626040,K562_SE_532,chr5,96513926,96524303,K562_MPT_10402,ENSG00000251513.1,RP11-155G15.2,lncRNA,12,0.000185,K562,KARR-seq,cis_same_chromosome
K562_EP_0146,chr11,12257574,12312466,K562_TE_3668,chr11,62642894,62657649,K562_MPT_2277,ENSG00000168003.12,SLC3A2,protein_coding,12,0.000185,K562,KARR-seq,cis_same_chromosome
K562_EP_0147,chr9,44875058,44880467,K562_TE_21948,chr9,45722107,45743490,K562_MPT_12848,ENSG00000229523.1,RP11-7G23.4,pseudogene,14,0.00019,K562,RIC-seq,cis_same_chromosome
K562_EP_0148,chr8,130546590,130605033,K562_SE_702,chr8,17008538,17025308,K562_MPT_12260,ENSG00000104219.8,ZDHHC2,protein_coding,12,0.000206,K562,KARR-seq,cis_same_chromosome
K562_EP_0149,chr1,9619739,9621924,K562_TE_130,chr1,244993624,245003918,K562_MPT_1405,ENSG00000203667.5,COX20,protein_coding,10,0.000224,K562,KARR-seq,cis_same_chromosome
K562_EP_0150,chr1,95468801,95471493,K562_TE_1115,chr1,182803504,182813504,K562_MPT_1138,ENSG00000135829.12,DHX9,protein_coding,10,0.000224,K562,KARR-seq,cis_same_chromosome
K562_EP_0151,chr6,7086614,7181133,K562_SE_561,chr6,108273544,108284393,K562_MPT_11259,ENSG00000272476.1,RP1-191J18.66,lncRNA,10,0.000251,K562,KARR-seq,cis_same_chromosome
K562_EP_0152,chr3,72476234,72511224,K562_TE_14861,chr3,52707583,52745094,K562_MPT_9112,ENSG00000252787.1,SNORD19B,snoRNA,10,0.000256,K562,KARR-seq,cis_same_chromosome
K562_EP_0153,chr7,65904693,65927328,K562_TE_19908,chr7,100282071,100292071,K562_MPT_11926,ENSG00000146830.9,GIGYF1,protein_coding,10,0.000256,K562,KARR-seq,cis_same_chromosome
K562_EP_0154,chr15,83751482,83769226,K562_TE_7674,chr15,83771159,83781463,K562_MPT_4493,ENSG00000136404.11,TM6SF1,protein_coding,12,0.000289,K562,RIC-seq,cis_same_chromosome
K562_EP_0155,chr12,121596662,121641673,K562_TE_5701,chr12,121642660,121652968,K562_MPT_3329,ENSG00000135124.10,P2RX4,protein_coding,12,0.000289,K562,RIC-seq,cis_same_chromosome
K562_EP_0156,chr16,15346188,15356175,K562_TE_8025,chr16,15239554,15257378,K562_MPT_4733,ENSG00000264182.1,AC126763.1,miRNA,12,0.000289,K562,RIC-seq,cis_same_chromosome
K562_EP_0157,chr1,41724974,41725170,K562_TE_629,chr1,41702782,41713247,K562_MPT_440,ENSG00000235358.1,RP11-399E6.1,lncRNA,12,0.000289,K562,RIC-seq,cis_same_chromosome
K562_EP_0158,chr11,74851369,74867561,K562_TE_4229,chr11,74806636,74816636,K562_MPT_2457,ENSG00000137491.10,SLCO2B1,protein_coding,12,0.000289,K562,RIC-seq,cis_same_chromosome
K562_EP_0159,chr21,44534663,44551622,K562_TE_13687,chr21,44520362,44540819,K562_MPT_8477,ENSG00000232777.1,MRPL51P2,pseudogene,12,0.000289,K562,RIC-seq,cis_same_chromosome
K562_EP_0160,chr10,43139863,43176155,K562_SE_131,chr10,43128969,43139016,K562_MPT_1580,ENSG00000272373.1,ZNF33B,lncRNA,12,0.000289,K562,RIC-seq,cis_same_chromosome
K562_EP_0161,chr1,100788913,100803435,K562_TE_1139,chr1,100805033,100823505,K562_MPT_690,ENSG00000079335.13,CDC14A,protein_coding,12,0.000289,K562,RIC-seq,cis_same_chromosome
K562_EP_0162,chr1,167829454,167850322,K562_SE_81,chr1,167900278,167911278,K562_MPT_1064,ENSG00000143164.11,DCAF6,protein_coding,12,0.000289,K562,RIC-seq,cis_same_chromosome
K562_EP_0163,chr19,1296079,1334221,K562_TE_10197,chr19,1428737,1463590,K562_MPT_6190,ENSG00000115266.7,APC2,protein_coding,12,0.000289,K562,RIC-seq,cis_same_chromosome
K562_EP_0164,chr3,49275367,49286503,K562_TE_14691,chr3,49165453,49175551,K562_MPT_9068,ENSG00000172037.9,LAMB2,protein_coding,12,0.000289,K562,RIC-seq,cis_same_chromosome
K562_EP_0165,chr1,26330287,26431935,K562_SE_21,chr1,26432664,26443340,K562_MPT_252,ENSG00000175087.5,PDIK1L,protein_coding,12,0.000289,K562,RIC-seq,cis_same_chromosome
K562_EP_0166,chr6,27710750,27769347,K562_SE_584,chr6,27769853,27811440,K562_MPT_10912,ENSG00000182611.3,HIST1H2AJ,protein_coding,12,0.00029,K562,RIC-seq,cis_same_chromosome
K562_EP_0167,chr6,20409590,20477001,K562_SE_576,chr6,42708834,42719558,K562_MPT_11091,ENSG00000124659.5,TBCC,protein_coding,10,0.000393,K562,KARR-seq,cis_same_chromosome
K562_EP_0168,chr1,26989411,27048025,K562_SE_24,chr1,173827386,173843094,K562_MPT_1095,ENSG00000270084.1,GAS5-AS1,lncRNA,10,0.000397,K562,KARR-seq,cis_same_chromosome
K562_EP_0169,chr19,44405524,44406354,K562_TE_10715,chr19,44400663,44411153,K562_MPT_6772,ENSG00000267058.1,RP11-15A1.3,lncRNA,9,0.000397,K562,KARR-seq,cis_same_chromosome
K562_EP_0170,chr2,201254609,201274054,K562_TE_12534,chr2,95820082,95836562,K562_MPT_7465,ENSG00000144026.7,ZNF514,protein_coding,9,0.000397,K562,KARR-seq,cis_same_chromosome
K562_EP_0171,chr9,127320803,127333850,K562_TE_22437,chr9,37899107,37909130,K562_MPT_12825,ENSG00000122696.8,SLC25A51,protein_coding,9,0.000397,K562,KARR-seq,cis_same_chromosome
K562_EP_0172,chr3,151992874,152011414,K562_TE_15325,chr3,47818407,47828407,K562_MPT_9045,ENSG00000173473.6,SMARCC1,protein_coding,9,0.000397,K562,KARR-seq,cis_same_chromosome
K562_EP_0173,chr1,61755333,61801045,K562_TE_875,chr1,53681289,53691335,K562_MPT_528,ENSG00000259818.1,RP5-1024G6.7,lncRNA,9,0.000397,K562,KARR-seq,cis_same_chromosome
K562_EP_0174,chr16,2703822,2737802,K562_TE_7877,chr16,1344167,1368996,K562_MPT_4613,ENSG00000260710.1,RP11-616M22.7,lncRNA,9,0.000397,K562,KARR-seq,cis_same_chromosome
K562_EP_0175,chr1,33446463,33490292,K562_TE_499,chr1,162462041,162472633,K562_MPT_1039,ENSG00000152332.11,UHMK1,protein_coding,9,0.000397,K562,KARR-seq,cis_same_chromosome
K562_EP_0176,chrX,45629799,45631307,K562_TE_22897,chrX,118103581,118115295,K562_MPT_13586,ENSG00000175556.12,LONRF3,protein_coding,9,0.000397,K562,KARR-seq,cis_same_chromosome
K562_EP_0177,chr9,132617858,132658432,K562_SE_733,chr9,139733867,139751819,K562_MPT_13234,ENSG00000177943.9,MAMDC4,protein_coding,9,0.000397,K562,KARR-seq,cis_same_chromosome
K562_EP_0178,chr1,8448048,8470262,K562_TE_105,chr1,184001611,184011863,K562_MPT_1142,ENSG00000198756.6,COLGALT2,protein_coding,9,0.000397,K562,KARR-seq,cis_same_chromosome
K562_EP_0179,chr9,140181607,140211514,K562_TE_22635,chr9,140185173,140201703,K562_MPT_13248,ENSG00000198435.2,NRARP,protein_coding,9,0.000397,K562,KARR-seq,cis_same_chromosome
K562_EP_0180,chr11,93867527,93886332,K562_TE_4371,chr11,73877029,73887388,K562_MPT_2447,ENSG00000214517.4,PPME1,protein_coding,9,0.000397,K562,KARR-seq,cis_same_chromosome
K562_EP_0181,chr16,11165694,11266246,K562_TE_7960,chr16,31186431,31199606,K562_MPT_4879,ENSG00000089280.14,FUS,protein_coding,9,0.000397,K562,KARR-seq,cis_same_chromosome
K562_EP_0182,chr5,139544820,139621746,K562_SE_548,chr5,151128456,151157093,K562_MPT_10618,ENSG00000177556.7,ATOX1,protein_coding,9,0.000397,K562,KARR-seq,cis_same_chromosome
K562_EP_0183,chr2,114652692,114668245,K562_TE_11964,chr2,196516471,196527173,K562_MPT_7793,ENSG00000196950.9,SLC39A10,protein_coding,9,0.000397,K562,KARR-seq,cis_same_chromosome
K562_EP_0184,chr9,100691379,100765772,K562_SE_721,chr9,6408323,6426031,K562_MPT_12735,ENSG00000147854.12,UHRF2,protein_coding,9,0.000397,K562,KARR-seq,cis_same_chromosome
K562_EP_0185,chr8,106466498,106480686,K562_TE_21462,chr8,110337163,110351614,K562_MPT_12574,ENSG00000120533.8,ENY2,protein_coding,9,0.000397,K562,KARR-seq,cis_same_chromosome
K562_EP_0186,chr1,40493565,40543607,K562_SE_36,chr1,173827386,173843094,K562_MPT_1095,ENSG00000270084.1,GAS5-AS1,lncRNA,9,0.000563,K562,KARR-seq,cis_same_chromosome
K562_EP_0187,chr6,68585750,68609380,K562_SE_605,chr6,109411022,109421765,K562_MPT_11268,ENSG00000080546.9,SESN1,protein_coding,9,0.00108,K562,KARR-seq,cis_same_chromosome
K562_EP_0188,chr7,102124202,102169318,K562_TE_20205,chr7,102227891,102241184,K562_MPT_11949,ENSG00000270249.1,RP11-514P8.7,protein_coding,11,0.00115,K562,RIC-seq,cis_same_chromosome
K562_EP_0189,chr9,4748724,4769797,K562_TE_21752,chr9,4736227,4747043,K562_MPT_12724,ENSG00000147853.12,AK3,protein_coding,11,0.00115,K562,RIC-seq,cis_same_chromosome
K562_EP_0190,chr16,29063568,29087247,K562_TE_8202,chr16,15182865,15193268,K562_MPT_4732,ENSG00000260735.1,RP11-72I8.1,lncRNA,11,0.00115,K562,RIC-seq,cis_same_chromosome
K562_EP_0191,chr1,147545170,147551265,K562_TE_1391,chr1,145605884,145616036,K562_MPT_826,ENSG00000186141.4,POLR3C,protein_coding,11,0.00115,K562,RIC-seq,cis_same_chromosome
K562_EP_0192,chr7,30328483,30370643,K562_TE_19671,chr7,100071855,100089547,K562_MPT_11918,ENSG00000266372.1,AC092849.1,miRNA,11,0.00115,K562,RIC-seq,cis_same_chromosome
K562_EP_0193,chr6,34672948,34714813,K562_TE_18387,chr6,34720183,34730331,K562_MPT_11026,ENSG00000124562.5,SNRPC,protein_coding,11,0.00115,K562,RIC-seq,cis_same_chromosome
K562_EP_0194,chr2,131962319,131968883,K562_TE_12057,chr2,132280406,132299561,K562_MPT_7636,ENSG00000224679.1,MED15P4,pseudogene,11,0.00115,K562,RIC-seq,cis_same_chromosome
K562_EP_0195,chr14,23317388,23335276,K562_TE_6369,chr14,23332027,23357431,K562_MPT_3702,ENSG00000139890.5,REM2,protein_coding,11,0.00115,K562,RIC-seq,cis_same_chromosome
K562_EP_0196,chr10,65169356,65199015,K562_TE_2911,chr10,65276123,65286123,K562_MPT_1657,ENSG00000165476.8,REEP3,protein_coding,11,0.00115,K562,RIC-seq,cis_same_chromosome
K562_EP_0197,chr11,68049357,68070552,K562_TE_4125,chr11,68034415,68044457,K562_MPT_2396,ENSG00000171067.6,C11orf24,protein_coding,11,0.00115,K562,RIC-seq,cis_same_chromosome
K562_EP_0198,chr5,64783478,64785137,K562_TE_17096,chr5,64772704,64782747,K562_MPT_10281,ENSG00000049192.10,ADAMTS6,protein_coding,11,0.00115,K562,RIC-seq,cis_same_chromosome
K562_EP_0199,chr11,85802540,85930107,K562_SE_187,chr11,85774822,85785924,K562_MPT_2511,ENSG00000073921.13,PICALM,protein_coding,11,0.00142,K562,RIC-seq,cis_same_chromosome
K562_EP_0200,chr3,112383842,112418611,K562_TE_14987,chr3,139057861,139073213,K562_MPT_9371,ENSG00000175110.7,MRPS22,protein_coding,8,0.00148,K562,KARR-seq,cis_same_chromosome
K562_EP_0201,chr16,23953392,23990968,K562_TE_8141,chr16,1655045,1669641,K562_MPT_4619,ENSG00000187535.9,IFT140,protein_coding,8,0.00148,K562,KARR-seq,cis_same_chromosome
K562_EP_0202,chr1,21587301,21606995,K562_TE_288,chr1,2453035,2466684,K562_MPT_54,ENSG00000197921.5,HES5,protein_coding,8,0.00148,K562,KARR-seq,cis_same_chromosome
K562_EP_0203,chr2,24005620,24038481,K562_TE_11142,chr2,203125439,203135439,K562_MPT_7835,ENSG00000055044.6,NOP58,protein_coding,8,0.00148,K562,KARR-seq,cis_same_chromosome
K562_EP_0204,chr16,9141030,9205126,K562_SE_264,chr16,2474395,2484395,K562_MPT_4635,ENSG00000162063.8,CCNF,protein_coding,8,0.00148,K562,KARR-seq,cis_same_chromosome
K562_EP_0205,chr19,15938687,15956027,K562_SE_336,chr19,47725199,47741023,K562_MPT_6848,ENSG00000105327.11,BBC3,protein_coding,8,0.00148,K562,KARR-seq,cis_same_chromosome
K562_EP_0206,chr2,10451246,10550475,K562_SE_354,chr2,233557015,233567062,K562_MPT_7942,ENSG00000204120.10,GIGYF2,protein_coding,8,0.00148,K562,KARR-seq,cis_same_chromosome
K562_EP_0207,chr19,48993189,49006240,K562_TE_10807,chr19,51217707,51231780,K562_MPT_6919,ENSG00000105472.8,CLEC11A,protein_coding,8,0.00148,K562,KARR-seq,cis_same_chromosome
K562_EP_0208,chr1,167604829,167657298,K562_TE_1669,chr1,213219589,213229604,K562_MPT_1269,ENSG00000136643.7,RPS6KC1,protein_coding,8,0.00148,K562,KARR-seq,cis_same_chromosome
K562_EP_0209,chr2,201254609,201274054,K562_TE_12534,chr2,55269022,55282964,K562_MPT_7279,ENSG00000115310.13,RTN4,protein_coding,8,0.00148,K562,KARR-seq,cis_same_chromosome
K562_EP_0210,chr20,29518179,29537518,K562_TE_13068,chr20,25837213,25853786,K562_MPT_8100,ENSG00000175170.10,FAM182B,protein_coding,8,0.00148,K562,KARR-seq,cis_same_chromosome
K562_EP_0211,chr19,18373695,18386596,K562_TE_10496,chr19,11872907,11882907,K562_MPT_6395,ENSG00000197044.6,ZNF441,protein_coding,8,0.00148,K562,KARR-seq,cis_same_chromosome
K562_EP_0212,chr3,11328700,11333877,K562_TE_14346,chr3,171752418,171763345,K562_MPT_9473,ENSG00000075420.8,FNDC3B,protein_coding,8,0.00148,K562,KARR-seq,cis_same_chromosome
K562_EP_0213,chr6,26166188,26176688,K562_TE_18260,chr6,2956561,2977090,K562_MPT_10767,ENSG00000124570.13,SERPINB6,protein_coding,8,0.00148,K562,KARR-seq,cis_same_chromosome
K562_EP_0214,chr17,6814340,6882186,K562_TE_8753,chr17,72859754,72883834,K562_MPT_5804,ENSG00000172782.7,FADS6,protein_coding,8,0.00156,K562,KARR-seq,cis_same_chromosome
K562_EP_0215,chr4,123926,126110,K562_TE_15725,chr4,201399,211399,K562_MPT_9620,ENSG00000198155.5,ZNF876P,pseudogene,10,0.00196,K562,RIC-seq,cis_same_chromosome
K562_EP_0216,chr15,95456155,95460965,K562_TE_7770,chr15,95393703,95405240,K562_MPT_4560,ENSG00000270017.1,CTD-2576F9.2,lncRNA,10,0.00196,K562,RIC-seq,cis_same_chromosome
K562_EP_0217,chr19,51899215,51930735,K562_TE_10868,chr19,51886209,51902742,K562_MPT_6933,ENSG00000262874.1,CTD-2616J11.4,protein_coding,10,0.00196,K562,RIC-seq,cis_same_chromosome
K562_EP_0218,chr16,15004489,15007072,K562_TE_8015,chr16,2176852,2191130,K562_MPT_4629,ENSG00000200344.1,Y_RNA,misc_RNA,10,0.00196,K562,RIC-seq,cis_same_chromosome
K562_EP_0219,chr16,30804803,30826623,K562_TE_8235,chr16,30784770,30803523,K562_MPT_4867,ENSG00000262026.1,RP11-2C24.6,lncRNA,10,0.00196,K562,RIC-seq,cis_same_chromosome
K562_EP_0220,chr1,10437700,10448674,K562_TE_147,chr1,10453649,10464689,K562_MPT_112,ENSG00000142657.16,PGD,protein_coding,10,0.00196,K562,RIC-seq,cis_same_chromosome
K562_EP_0221,chr19,4622755,4634227,K562_TE_10264,chr19,4634530,4645029,K562_MPT_6273,ENSG00000185361.4,TNFAIP8L1,protein_coding,10,0.00196,K562,RIC-seq,cis_same_chromosome
K562_EP_0222,chr19,41319100,41350333,K562_SE_344,chr19,41625760,41645627,K562_MPT_6734,ENSG00000268529.1,CYP2T3P,pseudogene,10,0.00196,K562,RIC-seq,cis_same_chromosome
K562_EP_0223,chr11,57240770,57261969,K562_TE_3946,chr11,57223022,57233339,K562_MPT_2220,ENSG00000186907.3,RTN4RL2,protein_coding,10,0.00196,K562,RIC-seq,cis_same_chromosome
K562_EP_0224,chr22,21958340,21979130,K562_TE_13828,chr22,21979325,22001550,K562_MPT_8589,ENSG00000128228.4,SDF2L1,protein_coding,10,0.0024,K562,RIC-seq,cis_same_chromosome
K562_EP_0225,chr11,65235059,65278329,K562_SE_179,chr11,118950593,118986767,K562_MPT_2630,ENSG00000256269.2,HMBS,protein_coding,17,0.00254,K562,RIC-seq,cis_same_chromosome
K562_EP_0226,chr15,55510158,55589862,K562_SE_243,chr15,55685466,55705746,K562_MPT_4291,ENSG00000261652.2,C15orf65,protein_coding,10,0.00256,K562,RIC-seq,cis_same_chromosome
K562_EP_0227,chr10,80838127,80960447,K562_SE_148,chr10,17491329,17501329,K562_MPT_1510,ENSG00000148488.11,ST8SIA6,protein_coding,8,0.0026,K562,KARR-seq,cis_same_chromosome
K562_EP_0228,chr16,85548387,85639758,K562_SE_284,chr16,85386069,85396069,K562_MPT_5117,ENSG00000261567.1,RP11-680G10.1,protein_coding,8,0.00273,K562,KARR-seq,cis_same_chromosome
K562_EP_0229,chr12,46822934,46879214,K562_TE_4999,chr12,54373542,54431637,K562_MPT_3008,ENSG00000250133.2,HOXC-AS2,lncRNA,7,0.00372,K562,KARR-seq,cis_same_chromosome
K562_EP_0230,chr3,15082131,15098135,K562_TE_14396,chr3,128574369,128603472,K562_MPT_9314,ENSG00000250796.1,RP11-723O4.3,pseudogene,7,0.00375,K562,KARR-seq,cis_same_chromosome
K562_EP_0231,chr20,3952819,4115469,K562_SE_397,chr20,3757095,3782078,K562_MPT_8031,ENSG00000125817.7,CENPB,protein_coding,7,0.00376,K562,KARR-seq,cis_same_chromosome
K562_EP_0232,chr1,35646569,35652759,K562_TE_519,chr1,207920402,207930468,K562_MPT_1239,ENSG00000117335.14,CD46,protein_coding,7,0.00377,K562,KARR-seq,cis_same_chromosome
K562_EP_0233,chr19,28942803,29111036,K562_SE_341,chr19,47283043,47296851,K562_MPT_6840,ENSG00000105281.8,SLC1A5,protein_coding,9,0.00397,K562,KARR-seq,cis_same_chromosome
K562_EP_0234,chr10,75609056,75654682,K562_TE_3018,chr10,75629219,75639343,K562_MPT_1721,ENSG00000148660.16,CAMK2G,protein_coding,7,0.00397,K562,KARR-seq,cis_same_chromosome
K562_EP_0235,chr2,200296297,200312162,K562_TE_12519,chr2,158109110,158119110,K562_MPT_7672,ENSG00000136542.4,GALNT5,protein_coding,7,0.00397,K562,KARR-seq,cis_same_chromosome
K562_EP_0236,chr7,29682587,29730623,K562_TE_19660,chr7,150749297,150764721,K562_MPT_12168,ENSG00000164889.8,SLC4A2,protein_coding,7,0.00397,K562,KARR-seq,cis_same_chromosome
K562_EP_0237,chr1,224003589,224028500,K562_TE_2175,chr1,38450659,38462134,K562_MPT_398,ENSG00000183431.7,SF3A3,protein_coding,7,0.00397,K562,KARR-seq,cis_same_chromosome
K562_EP_0238,chr19,55978585,55979916,K562_TE_10922,chr19,55966398,55978710,K562_MPT_7012,ENSG00000063241.3,ISOC2,protein_coding,7,0.00402,K562,KARR-seq,cis_same_chromosome
K562_EP_0239,chr11,65235059,65278329,K562_SE_179,chr11,117964758,117974758,K562_MPT_2609,ENSG00000137648.12,TMPRSS4,protein_coding,8,0.00466,K562,KARR-seq,cis_same_chromosome
K562_EP_0240,chr11,65235059,65278329,K562_SE_179,chr11,10310754,10331924,K562_MPT_2061,ENSG00000148926.5,ADM,protein_coding,8,0.00468,K562,KARR-seq,cis_same_chromosome
K562_EP_0241,chr6,86384334,86390564,K562_SE_609,chr6,149862174,149872174,K562_MPT_11412,ENSG00000131013.3,PPIL4,protein_coding,7,0.00491,K562,KARR-seq,cis_same_chromosome
K562_EP_0242,chr16,89505998,89551616,K562_TE_8654,chr16,30532910,30554552,K562_MPT_4859,ENSG00000235560.3,AC002310.12,lncRNA,7,0.00513,K562,KARR-seq,cis_same_chromosome
K562_EP_0243,chr6,148017072,148034957,K562_TE_19152,chr6,43585541,43617783,K562_MPT_11110,ENSG00000172432.14,GTPBP2,protein_coding,7,0.00566,K562,KARR-seq,cis_same_chromosome
K562_EP_0244,chr16,12851714,12867485,K562_TE_7990,chr16,85640015,85651958,K562_MPT_5120,ENSG00000131149.13,GSE1,protein_coding,7,0.00598,K562,KARR-seq,cis_same_chromosome
K562_EP_0245,chr11,65235059,65278329,K562_SE_179,chr11,34447427,34465472,K562_MPT_2150,ENSG00000121691.4,CAT,protein_coding,9,0.00673,K562,KARR-seq,cis_same_chromosome
K562_EP_0246,chr16,88509252,88598161,K562_SE_287,chr16,58653690,58668790,K562_MPT_4976,ENSG00000125107.12,CNOT1,protein_coding,7,0.00682,K562,KARR-seq,cis_same_chromosome
K562_EP_0247,chr16,23853484,23934208,K562_SE_269,chr16,15656840,15666840,K562_MPT_4735,ENSG00000166780.6,C16orf45,protein_coding,7,0.00706,K562,KARR-seq,cis_same_chromosome
K562_EP_0248,chr1,150576644,150613992,K562_SE_71,chr1,76246879,76267567,K562_MPT_602,ENSG00000207241.1,SNORD45A,snoRNA,7,0.00721,K562,KARR-seq,cis_same_chromosome
K562_EP_0249,chr11,65235059,65278329,K562_SE_179,chr11,82606017,82617784,K562_MPT_2498,ENSG00000137509.6,PRCP,protein_coding,10,0.00863,K562,KARR-seq,cis_same_chromosome
K562_EP_0250,chr11,65235059,65278329,K562_SE_179,chr11,28124795,28136859,K562_MPT_2124,ENSG00000169519.15,METTL15,protein_coding,9,0.00863,K562,KARR-seq,cis_same_chromosome
K562_EP_0251,chr11,65167965,65217131,K562_SE_178,chr11,68223186,68233281,K562_MPT_2398,ENSG00000110075.10,PPP6R3,protein_coding,8,0.00863,K562,KARR-seq,cis_same_chromosome
K562_EP_0252,chr6,68585750,68609380,K562_SE_605,chr6,159234043,159245444,K562_MPT_11453,ENSG00000233893.1,EZR-AS1,lncRNA,7,0.00863,K562,KARR-seq,cis_same_chromosome
K562_EP_0253,chr1,227486268,227499736,K562_TE_2226,chr1,151113933,151124104,K562_MPT_894,ENSG00000143434.11,SEMA6C,protein_coding,6,0.00863,K562,KARR-seq,cis_same_chromosome
K562_EP_0254,chr1,54738490,54778001,K562_TE_818,chr1,36858493,36873460,K562_MPT_384,ENSG00000181817.5,LSM10,protein_coding,6,0.00863,K562,KARR-seq,cis_same_chromosome
K562_EP_0255,chr16,81462833,81519190,K562_SE_278,chr16,48392793,48404812,K562_MPT_4917,ENSG00000196470.7,SIAH1,protein_coding,6,0.00863,K562,KARR-seq,cis_same_chromosome
K562_EP_0256,chr16,2703822,2737802,K562_TE_7877,chr16,2716406,2737541,K562_MPT_4641,ENSG00000167977.4,KCTD5,protein_coding,6,0.00863,K562,KARR-seq,cis_same_chromosome
K562_EP_0257,chr15,64489461,64540799,K562_TE_7412,chr15,41619685,41630111,K562_MPT_4204,ENSG00000137804.8,NUSAP1,protein_coding,6,0.00863,K562,KARR-seq,cis_same_chromosome
K562_EP_0258,chr1,21346460,21357035,K562_SE_16,chr1,180467089,180477089,K562_MPT_1123,ENSG00000135847.5,ACBD6,protein_coding,6,0.00863,K562,KARR-seq,cis_same_chromosome
K562_EP_0259,chr19,53104164,53105802,K562_TE_10882,chr19,53068526,53078917,K562_MPT_6958,ENSG00000167562.7,ZNF701,protein_coding,6,0.00863,K562,KARR-seq,cis_same_chromosome
K562_EP_0260,chr6,137037362,137108659,K562_SE_617,chr6,153299153,153309885,K562_MPT_11435,ENSG00000112029.5,FBXO5,protein_coding,6,0.00863,K562,KARR-seq,cis_same_chromosome
K562_EP_0261,chr6,7235173,7262603,K562_TE_18077,chr6,44209824,44243480,K562_MPT_11117,ENSG00000146232.10,NFKBIE,protein_coding,6,0.00863,K562,KARR-seq,cis_same_chromosome
K562_EP_0262,chr10,72982102,73030508,K562_TE_2963,chr10,75527049,75550420,K562_MPT_1719,ENSG00000196968.6,FUT11,protein_coding,6,0.00863,K562,KARR-seq,cis_same_chromosome
K562_EP_0263,chr1,114995516,115010957,K562_TE_1261,chr1,207813519,207823579,K562_MPT_1238,ENSG00000197721.12,CR1L,protein_coding,6,0.00863,K562,KARR-seq,cis_same_chromosome
K562_EP_0264,chr3,136335245,136446485,K562_TE_15197,chr3,186277134,186293467,K562_MPT_9540,ENSG00000090520.6,DNAJB11,protein_coding,6,0.00863,K562,KARR-seq,cis_same_chromosome
K562_EP_0265,chr2,38904689,38936285,K562_TE_11318,chr2,58463437,58473507,K562_MPT_7293,ENSG00000273063.1,RP11-334G22.1,lncRNA,6,0.00863,K562,KARR-seq,cis_same_chromosome
K562_EP_0266,chr3,58309178,58313567,K562_TE_14782,chr3,58286989,58297037,K562_MPT_9138,ENSG00000163684.7,RPP14,protein_coding,6,0.00863,K562,KARR-seq,cis_same_chromosome
K562_EP_0267,chr2,198714946,198759771,K562_TE_12512,chr2,170585356,170603003,K562_MPT_7704,ENSG00000213160.5,KLHL23,protein_coding,6,0.00863,K562,KARR-seq,cis_same_chromosome
K562_EP_0268,chr1,183947333,183975389,K562_TE_1829,chr1,36390716,36401859,K562_MPT_376,ENSG00000271914.1,RP4-789D17.5,lncRNA,6,0.00863,K562,KARR-seq,cis_same_chromosome
K562_EP_0269,chr7,132661790,132701997,K562_TE_20490,chr7,91565181,91575240,K562_MPT_11862,ENSG00000127914.12,AKAP9,protein_coding,6,0.00863,K562,KARR-seq,cis_same_chromosome
K562_EP_0270,chr4,151690384,151706183,K562_TE_16585,chr4,142242161,142258772,K562_MPT_10029,ENSG00000248810.1,RP11-362F19.1,lncRNA,6,0.00863,K562,KARR-seq,cis_same_chromosome
K562_EP_0271,chr19,44267646,44280229,K562_TE_10713,chr19,44280409,44290409,K562_MPT_6769,ENSG00000104783.7,KCNN4,protein_coding,6,0.00863,K562,KARR-seq,cis_same_chromosome
K562_EP_0272,chr2,16795020,16835334,K562_TE_11098,chr2,86415231,86431586,K562_MPT_7439,ENSG00000132313.10,MRPL35,protein_coding,6,0.00863,K562,KARR-seq,cis_same_chromosome
K562_EP_0273,chr10,104338959,104395513,K562_TE_3286,chr10,106083682,106103162,K562_MPT_1877,ENSG00000148841.11,ITPRIP,protein_coding,6,0.00863,K562,KARR-seq,cis_same_chromosome
K562_EP_0274,chr1,26330287,26431935,K562_SE_21,chr1,26319112,26337707,K562_MPT_250,ENSG00000158006.9,PAFAH2,protein_coding,6,0.00863,K562,KARR-seq,cis_same_chromosome
K562_EP_0275,chr1,19495707,19508118,K562_TE_254,chr1,154923580,154966017,K562_MPT_940,ENSG00000160688.14,FLAD1,protein_coding,6,0.00863,K562,KARR-seq,cis_same_chromosome
K562_EP_0276,chr8,131314547,131342987,K562_TE_21629,chr8,124403705,124417822,K562_MPT_12595,ENSG00000254294.1,IMPDH1P6,pseudogene,6,0.00863,K562,KARR-seq,cis_same_chromosome
K562_EP_0277,chr17,30854047,30864759,K562_TE_9003,chr17,7102726,7174485,K562_MPT_5236,ENSG00000200344.1,Y_RNA,misc_RNA,6,0.00863,K562,KARR-seq,cis_same_chromosome
K562_EP_0278,chr1,143197322,143221901,K562_TE_1333,chr1,40033090,40047462,K562_MPT_412,ENSG00000090621.9,PABPC4,protein_coding,6,0.00863,K562,KARR-seq,cis_same_chromosome
K562_EP_0279,chr7,101482129,101596250,K562_SE_657,chr7,102784520,102797772,K562_MPT_11956,ENSG00000236848.2,RP11-401L13.5,pseudogene,6,0.00863,K562,KARR-seq,cis_same_chromosome
K562_EP_0280,chr11,36111629,36148220,K562_SE_169,chr11,120202787,120212946,K562_MPT_2643,ENSG00000196914.4,ARHGEF12,protein_coding,6,0.00863,K562,KARR-seq,cis_same_chromosome
K562_EP_0281,chr1,78130891,78138156,K562_TE_989,chr1,16265923,16275923,K562_MPT_152,ENSG00000116809.7,ZBTB17,protein_coding,6,0.00863,K562,KARR-seq,cis_same_chromosome
K562_EP_0282,chr9,37185390,37210348,K562_TE_21899,chr9,139367141,139382947,K562_MPT_13225,ENSG00000196366.1,C9orf163,protein_coding,6,0.00863,K562,KARR-seq,cis_same_chromosome
K562_EP_0283,chr9,123645291,123700750,K562_SE_729,chr9,123625900,123644606,K562_MPT_13064,ENSG00000119403.9,PHF19,protein_coding,6,0.00863,K562,KARR-seq,cis_same_chromosome
K562_EP_0284,chr12,46613102,46624234,K562_TE_4996,chr12,54773244,54790082,K562_MPT_3019,ENSG00000161642.13,ZNF385A,protein_coding,6,0.00863,K562,KARR-seq,cis_same_chromosome
K562_EP_0285,chr6,29609148,29618395,K562_TE_18309,chr6,29590815,29609120,K562_MPT_10939,ENSG00000235238.1,SUMO2P1,pseudogene,6,0.00863,K562,KARR-seq,cis_same_chromosome
K562_EP_0286,chr11,64091066,64102948,K562_TE_4046,chr11,64102695,64116646,K562_MPT_2300,ENSG00000168071.17,CCDC88B,protein_coding,6,0.00863,K562,KARR-seq,cis_same_chromosome
K562_EP_0287,chr1,51728853,51731868,K562_TE_757,chr1,111677249,111687848,K562_MPT_736,ENSG00000156171.10,DRAM2,protein_coding,6,0.00863,K562,KARR-seq,cis_same_chromosome
K562_EP_0288,chr11,118312507,118340499,K562_TE_4553,chr11,62594513,62614281,K562_MPT_2275,ENSG00000162236.7,STX5,protein_coding,6,0.00863,K562,KARR-seq,cis_same_chromosome
K562_EP_0289,chr10,32185914,32202388,K562_TE_2716,chr10,25005795,25017597,K562_MPT_1526,ENSG00000107863.12,ARHGAP21,protein_coding,6,0.00863,K562,KARR-seq,cis_same_chromosome
K562_EP_0290,chr1,143117650,143141282,K562_TE_1330,chr1,38466177,38483451,K562_MPT_399,ENSG00000183386.5,FHL3,protein_coding,6,0.00863,K562,KARR-seq,cis_same_chromosome
K562_EP_0291,chr1,65804472,65818434,K562_TE_909,chr1,179841934,179857024,K562_MPT_1119,ENSG00000169905.8,TOR1AIP2,protein_coding,6,0.00863,K562,KARR-seq,cis_same_chromosome
K562_EP_0292,chr10,112369819,112441110,K562_TE_3341,chr10,73965495,73985510,K562_MPT_1703,ENSG00000200344.1,Y_RNA,misc_RNA,6,0.00863,K562,KARR-seq,cis_same_chromosome
K562_EP_0293,chr1,9736839,9773165,K562_TE_134,chr1,151579558,151590839,K562_MPT_906,ENSG00000143376.8,SNX27,protein_coding,6,0.00863,K562,KARR-seq,cis_same_chromosome
K562_EP_0294,chr3,14479781,14500264,K562_TE_14386,chr3,15242466,15252750,K562_MPT_8923,ENSG00000131375.5,CAPN7,protein_coding,6,0.00863,K562,KARR-seq,cis_same_chromosome
K562_EP_0295,chr1,161359070,161484100,K562_SE_76,chr1,153890451,153900451,K562_MPT_925,ENSG00000143614.7,GATAD2B,protein_coding,6,0.00863,K562,KARR-seq,cis_same_chromosome
K562_EP_0296,chr11,63534374,63546351,K562_TE_4035,chr11,63575860,63591419,K562_MPT_2285,ENSG00000168005.4,C11orf84,protein_coding,6,0.00863,K562,KARR-seq,cis_same_chromosome
K562_EP_0297,chr1,167867801,167898403,K562_TE_1671,chr1,205714404,205724404,K562_MPT_1216,ENSG00000069275.12,NUCKS1,protein_coding,6,0.00863,K562,KARR-seq,cis_same_chromosome
K562_EP_0298,chr9,127109781,127109980,K562_TE_22430,chr9,136237914,136248284,K562_MPT_13202,ENSG00000148248.9,SURF4,protein_coding,6,0.00863,K562,KARR-seq,cis_same_chromosome
K562_EP_0299,chr1,22212524,22297321,K562_SE_19,chr1,193021545,193043362,K562_MPT_1158,ENSG00000238754.1,snoU109,snoRNA,6,0.00863,K562,KARR-seq,cis_same_chromosome
K562_EP_0300,chr3,6548808,6584670,K562_TE_14302,chr3,52183420,52193706,K562_MPT_9103,ENSG00000164087.3,POC1A,protein_coding,6,0.00863,K562,KARR-seq,cis_same_chromosome
K562_EP_0301,chr19,18757870,18771777,K562_TE_10503,chr19,1806623,1828199,K562_MPT_6201,ENSG00000130270.12,ATP8B3,protein_coding,6,0.00863,K562,KARR-seq,cis_same_chromosome
K562_EP_0302,chr2,198773865,198819349,K562_SE_391,chr2,8972730,8982760,K562_MPT_7087,ENSG00000134313.10,KIDINS220,protein_coding,6,0.00863,K562,KARR-seq,cis_same_chromosome
K562_EP_0303,chr12,49790842,49822966,K562_TE_5049,chr12,49444107,49458557,K562_MPT_2931,ENSG00000167548.10,KMT2D,protein_coding,6,0.00863,K562,KARR-seq,cis_same_chromosome
K562_EP_0304,chr1,67401088,67420708,K562_TE_924,chr1,183435864,183447067,K562_MPT_1140,ENSG00000116698.16,SMG7,protein_coding,6,0.00863,K562,KARR-seq,cis_same_chromosome
K562_EP_0305,chr3,171649912,171699258,K562_SE_494,chr3,65578410,65588561,K562_MPT_9151,ENSG00000151276.19,MAGI1,protein_coding,6,0.00863,K562,KARR-seq,cis_same_chromosome
K562_EP_0306,chr2,159338674,159367342,K562_TE_12216,chr2,26246481,26261979,K562_MPT_7156,ENSG00000084733.6,RAB10,protein_coding,6,0.00863,K562,KARR-seq,cis_same_chromosome
K562_EP_0307,chr15,63487249,63539151,K562_TE_7392,chr15,91532725,91543859,K562_MPT_4553,ENSG00000198901.9,PRC1,protein_coding,6,0.00863,K562,KARR-seq,cis_same_chromosome
K562_EP_0308,chr12,118725281,118786082,K562_TE_5662,chr12,48201834,48231915,K562_MPT_2914,ENSG00000257488.1,RP5-1057I20.2,lncRNA,6,0.00863,K562,KARR-seq,cis_same_chromosome
K562_EP_0309,chr6,36444653,36446984,K562_TE_18424,chr6,43585541,43617783,K562_MPT_11110,ENSG00000172432.14,GTPBP2,protein_coding,6,0.00863,K562,KARR-seq,cis_same_chromosome
K562_EP_0310,chr2,223687638,223754598,K562_TE_12718,chr2,65278506,65288599,K562_MPT_7329,ENSG00000011523.9,CEP68,protein_coding,6,0.00863,K562,KARR-seq,cis_same_chromosome
K562_EP_0311,chr16,14491236,14499477,K562_TE_8002,chr16,9051469,9063371,K562_MPT_4693,ENSG00000260979.1,RP11-77H9.8,lncRNA,6,0.00863,K562,KARR-seq,cis_same_chromosome
K562_EP_0312,chr5,139044176,139051707,K562_SE_546,chr5,884814,898757,K562_MPT_10148,ENSG00000071539.9,TRIP13,protein_coding,6,0.00863,K562,KARR-seq,cis_same_chromosome
K562_EP_0313,chr9,80421666,80458930,K562_TE_22059,chr9,139771364,139788987,K562_MPT_13236,ENSG00000266507.1,MIR4479,miRNA,6,0.00863,K562,KARR-seq,cis_same_chromosome
K562_EP_0314,chr16,85548387,85639758,K562_SE_284,chr16,75651681,75662198,K562_MPT_5080,ENSG00000065457.6,ADAT1,protein_coding,6,0.00863,K562,KARR-seq,cis_same_chromosome
K562_EP_0315,chr1,167829454,167850322,K562_SE_81,chr1,38406981,38417729,K562_MPT_397,ENSG00000204084.8,INPP5B,protein_coding,6,0.00863,K562,KARR-seq,cis_same_chromosome
K562_EP_0316,chr1,41692510,41702725,K562_TE_628,chr1,155899164,155909190,K562_MPT_959,ENSG00000132680.6,KIAA0907,protein_coding,6,0.00863,K562,KARR-seq,cis_same_chromosome
K562_EP_0317,chr2,11460078,11467032,K562_TE_11042,chr2,105649441,105659954,K562_MPT_7520,ENSG00000224509.1,AC010884.1,lncRNA,6,0.00863,K562,KARR-seq,cis_same_chromosome
K562_EP_0318,chr17,16331212,16347829,K562_SE_293,chr17,2491504,2502040,K562_MPT_5197,ENSG00000007168.8,PAFAH1B1,protein_coding,6,0.00863,K562,KARR-seq,cis_same_chromosome
K562_EP_0319,chr15,85152803,85192098,K562_TE_7691,chr15,75866630,75876630,K562_MPT_4424,ENSG00000169410.5,PTPN9,protein_coding,6,0.00863,K562,KARR-seq,cis_same_chromosome
K562_EP_0320,chr1,16104375,16163662,K562_SE_9,chr1,54513865,54524807,K562_MPT_535,ENSG00000116205.6,TCEANC2,protein_coding,6,0.00863,K562,KARR-seq,cis_same_chromosome
K562_EP_0321,chr15,45360335,45384118,K562_TE_7242,chr15,75634296,75645740,K562_MPT_4420,ENSG00000140398.9,NEIL1,protein_coding,6,0.00863,K562,KARR-seq,cis_same_chromosome
K562_EP_0322,chr22,35604301,35637609,K562_TE_14017,chr22,50955954,50976009,K562_MPT_8849,ENSG00000177989.9,ODF3B,protein_coding,6,0.00863,K562,KARR-seq,cis_same_chromosome
K562_EP_0323,chr6,147532768,147547718,K562_TE_19148,chr6,26280737,26290762,K562_MPT_10882,ENSG00000158406.2,HIST1H4H,protein_coding,6,0.00863,K562,KARR-seq,cis_same_chromosome
K562_EP_0324,chr6,28632682,28871154,K562_SE_587,chr6,154746629,154760207,K562_MPT_11438,ENSG00000153721.13,CNKSR3,protein_coding,6,0.00863,K562,KARR-seq,cis_same_chromosome
K562_EP_0325,chr1,8772242,8783488,K562_TE_115,chr1,90281427,90292480,K562_MPT_646,ENSG00000171492.10,LRRC8D,protein_coding,6,0.00863,K562,KARR-seq,cis_same_chromosome
K562_EP_0326,chr1,61569740,61673375,K562_SE_45,chr1,226182032,226192032,K562_MPT_1315,ENSG00000143751.9,SDE2,protein_coding,6,0.00863,K562,KARR-seq,cis_same_chromosome
K562_EP_0327,chr16,81462833,81519190,K562_SE_278,chr16,2241526,2278717,K562_MPT_4631,ENSG00000167965.13,MLST8,protein_coding,6,0.00863,K562,KARR-seq,cis_same_chromosome
K562_EP_0328,chr1,65932715,66006608,K562_SE_48,chr1,114466814,114478350,K562_MPT_758,ENSG00000235527.2,RP5-1073O3.7,lncRNA,6,0.00863,K562,KARR-seq,cis_same_chromosome
K562_EP_0329,chr7,102608372,102634363,K562_SE_658,chr7,100459760,100499222,K562_MPT_11930,ENSG00000087077.7,TRIP6,protein_coding,6,0.00863,K562,KARR-seq,cis_same_chromosome
K562_EP_0330,chr17,20769482,20780745,K562_TE_8907,chr17,78511003,78524268,K562_MPT_5896,ENSG00000141564.9,RPTOR,protein_coding,6,0.00863,K562,KARR-seq,cis_same_chromosome
K562_EP_0331,chr6,29921029,29945749,K562_SE_589,chr6,31684456,31717323,K562_MPT_10979,ENSG00000213719.4,CLIC1,protein_coding,6,0.00863,K562,KARR-seq,cis_same_chromosome
K562_EP_0332,chr1,43388136,43495314,K562_SE_38,chr1,6756862,6766984,K562_MPT_81,ENSG00000007923.11,DNAJC11,protein_coding,6,0.00863,K562,KARR-seq,cis_same_chromosome
K562_EP_0333,chr6,34237593,34354985,K562_SE_593,chr6,49425904,49436091,K562_MPT_11127,ENSG00000031691.6,CENPQ,protein_coding,6,0.00863,K562,KARR-seq,cis_same_chromosome
K562_EP_0334,chr2,198894123,198928263,K562_TE_12514,chr2,201975827,202002707,K562_MPT_7825,ENSG00000003402.15,CFLAR,protein_coding,6,0.00863,K562,KARR-seq,cis_same_chromosome
K562_EP_0335,chr12,124474867,124492736,K562_TE_5770,chr12,109017463,109034625,K562_MPT_3234,ENSG00000257221.1,RP11-689B22.2,lncRNA,6,0.00863,K562,KARR-seq,cis_same_chromosome
K562_EP_0336,chr19,18757870,18771777,K562_TE_10503,chr19,18422069,18439084,K562_MPT_6520,ENSG00000130520.6,LSM4,protein_coding,6,0.00863,K562,KARR-seq,cis_same_chromosome
K562_EP_0337,chr9,111860286,111945753,K562_SE_726,chr9,115090123,115100947,K562_MPT_13035,ENSG00000119314.11,PTBP3,protein_coding,6,0.00863,K562,KARR-seq,cis_same_chromosome
K562_EP_0338,chr22,23528183,23591207,K562_SE_441,chr22,24399704,24412868,K562_MPT_8614,ENSG00000099991.12,CABIN1,protein_coding,6,0.00863,K562,KARR-seq,cis_same_chromosome
K562_EP_0339,chr1,93240106,93252654,K562_TE_1083,chr1,144984309,145000082,K562_MPT_812,ENSG00000268172.1,AL590452.1,protein_coding,6,0.00863,K562,KARR-seq,cis_same_chromosome
K562_EP_0340,chr6,158249402,158288821,K562_SE_630,chr6,42891938,42901982,K562_MPT_11094,ENSG00000137161.12,CNPY3,protein_coding,6,0.00863,K562,KARR-seq,cis_same_chromosome
K562_EP_0341,chr10,52069110,52199776,K562_SE_135,chr10,98583521,98597737,K562_MPT_1808,ENSG00000196233.7,LCOR,protein_coding,6,0.00863,K562,KARR-seq,cis_same_chromosome
K562_EP_0342,chr17,68055359,68062100,K562_TE_9528,chr17,48222877,48232877,K562_MPT_5656,ENSG00000108819.9,PPP1R9B,protein_coding,6,0.00863,K562,KARR-seq,cis_same_chromosome
K562_EP_0343,chr7,100737832,100783289,K562_SE_656,chr7,123168002,123179718,K562_MPT_12023,ENSG00000164675.6,IQUB,protein_coding,6,0.00863,K562,KARR-seq,cis_same_chromosome
K562_EP_0344,chr16,19707484,19720134,K562_TE_8081,chr16,2795811,2808444,K562_MPT_4643,ENSG00000167978.12,SRRM2,protein_coding,6,0.00863,K562,KARR-seq,cis_same_chromosome
K562_EP_0345,chr7,66100418,66121422,K562_TE_19913,chr7,157123075,157137515,K562_MPT_12200,ENSG00000105993.10,DNAJB6,protein_coding,6,0.00863,K562,KARR-seq,cis_same_chromosome
K562_EP_0346,chr1,147993383,148000822,K562_TE_1398,chr1,148755504,148772102,K562_MPT_854,ENSG00000237343.1,RP11-763B22.4,lncRNA,6,0.00863,K562,KARR-seq,cis_same_chromosome
K562_EP_0347,chr17,64397174,64418217,K562_TE_9472,chr17,79912686,79929465,K562_MPT_5917,ENSG00000185269.7,NOTUM,protein_coding,6,0.00863,K562,KARR-seq,cis_same_chromosome
K562_EP_0348,chr8,100046228,100061442,K562_TE_21390,chr8,101955390,101975111,K562_MPT_12543,ENSG00000242315.2,RN7SL685P,misc_RNA,6,0.00863,K562,KARR-seq,cis_same_chromosome
K562_EP_0349,chr4,39321543,39328808,K562_TE_15963,chr4,174245845,174261276,K562_MPT_10093,ENSG00000164104.7,HMGB2,protein_coding,6,0.00863,K562,KARR-seq,cis_same_chromosome
K562_EP_0350,chr19,45600681,45641649,K562_TE_10728,chr19,51009345,51022947,K562_MPT_6916,ENSG00000161677.7,JOSD2,protein_coding,6,0.00863,K562,KARR-seq,cis_same_chromosome
K562_EP_0351,chr2,74189295,74311354,K562_SE_371,chr2,17930040,17940427,K562_MPT_7122,ENSG00000178295.10,GEN1,protein_coding,6,0.00863,K562,KARR-seq,cis_same_chromosome
K562_EP_0352,chr3,47511799,47546177,K562_TE_14663,chr3,184027283,184043452,K562_MPT_9523,ENSG00000114867.15,EIF4G1,protein_coding,6,0.00863,K562,KARR-seq,cis_same_chromosome
K562_EP_0353,chr19,14501570,14516812,K562_TE_10426,chr19,35640633,35659938,K562_MPT_6623,ENSG00000089327.10,FXYD5,protein_coding,6,0.00863,K562,KARR-seq,cis_same_chromosome
K562_EP_0354,chr11,78057964,78112641,K562_TE_4288,chr11,67245512,67261807,K562_MPT_2384,ENSG00000110711.5,AIP,protein_coding,6,0.00864,K562,KARR-seq,cis_same_chromosome
K562_EP_0355,chr3,5178778,5210443,K562_TE_14292,chr3,5015801,5026646,K562_MPT_8863,ENSG00000235831.2,BHLHE40-AS1,lncRNA,6,0.00867,K562,KARR-seq,cis_same_chromosome
K562_EP_0356,chr7,1892585,1924742,K562_SE_637,chr7,100419737,100430121,K562_MPT_11928,ENSG00000196411.5,EPHB4,protein_coding,6,0.00867,K562,KARR-seq,cis_same_chromosome
K562_EP_0357,chr2,198714946,198759771,K562_TE_12512,chr2,74721494,74740707,K562_MPT_7410,ENSG00000179528.11,LBX2,protein_coding,6,0.00867,K562,KARR-seq,cis_same_chromosome
K562_EP_0358,chr5,149123110,149132001,K562_TE_17738,chr5,36871861,36890308,K562_MPT_10217,ENSG00000164190.12,NIPBL,protein_coding,6,0.00872,K562,KARR-seq,cis_same_chromosome
K562_EP_0359,chr1,16104375,16163662,K562_SE_9,chr1,46764280,46774303,K562_MPT_492,ENSG00000173660.7,UQCRH,protein_coding,6,0.00885,K562,KARR-seq,cis_same_chromosome
K562_EP_0360,chr20,31193112,31290878,K562_SE_402,chr20,61552821,61562855,K562_MPT_8343,ENSG00000101191.12,DIDO1,protein_coding,6,0.00885,K562,KARR-seq,cis_same_chromosome
K562_EP_0361,chr1,54817343,54863669,K562_SE_43,chr1,53681289,53691335,K562_MPT_528,ENSG00000259818.1,RP5-1024G6.7,lncRNA,6,0.00885,K562,KARR-seq,cis_same_chromosome
K562_EP_0362,chr7,101482129,101596250,K562_SE_657,chr7,158657137,158667137,K562_MPT_12206,ENSG00000126870.11,WDR60,protein_coding,6,0.0089,K562,KARR-seq,cis_same_chromosome
K562_EP_0363,chr16,89381699,89456073,K562_TE_8652,chr16,88864621,88883352,K562_MPT_5143,ENSG00000167513.4,CDT1,protein_coding,6,0.00891,K562,KARR-seq,cis_same_chromosome
K562_EP_0364,chr12,50696875,50705975,K562_TE_5069,chr12,50672267,50683545,K562_MPT_2958,ENSG00000050405.9,LIMA1,protein_coding,9,0.00943,K562,RIC-seq,cis_same_chromosome
K562_EP_0365,chr7,14041834,14045343,K562_TE_19519,chr7,14045388,14055388,K562_MPT_11578,ENSG00000200344.1,Y_RNA,misc_RNA,9,0.00943,K562,RIC-seq,cis_same_chromosome
K562_EP_0366,chr1,160330265,160330967,K562_TE_1591,chr1,160331857,160341857,K562_MPT_1009,ENSG00000171786.5,NHLH1,protein_coding,9,0.00943,K562,RIC-seq,cis_same_chromosome
K562_EP_0367,chr13,27816336,27817863,K562_TE_5916,chr13,27820446,27834538,K562_MPT_3465,ENSG00000207500.1,SNORD102,snoRNA,9,0.00943,K562,RIC-seq,cis_same_chromosome
K562_EP_0368,chr11,18392683,18406482,K562_TE_3747,chr11,18410935,18423101,K562_MPT_2102,ENSG00000134333.9,LDHA,protein_coding,9,0.00943,K562,RIC-seq,cis_same_chromosome
K562_EP_0369,chr7,149318586,149325562,K562_TE_20655,chr7,149189824,149199908,K562_MPT_12154,ENSG00000181220.11,ZNF746,protein_coding,9,0.00943,K562,RIC-seq,cis_same_chromosome
K562_EP_0370,chr1,173383045,173408746,K562_TE_1731,chr1,173441405,173451405,K562_MPT_1090,ENSG00000117592.8,PRDX6,protein_coding,9,0.00943,K562,RIC-seq,cis_same_chromosome
K562_EP_0371,chr8,103674976,103714753,K562_TE_21442,chr8,103661603,103673130,K562_MPT_12553,ENSG00000155090.10,KLF10,protein_coding,9,0.00943,K562,RIC-seq,cis_same_chromosome
K562_EP_0372,chr16,67294785,67304011,K562_TE_8419,chr16,67306413,67318499,K562_MPT_4997,ENSG00000196155.8,PLEKHG4,protein_coding,9,0.00943,K562,RIC-seq,cis_same_chromosome
K562_EP_0373,chr1,150576644,150613992,K562_SE_71,chr1,150547006,150557066,K562_MPT_883,ENSG00000143384.8,MCL1,protein_coding,9,0.00948,K562,RIC-seq,cis_same_chromosome
K562_EP_0374,chr1,28897644,28917048,K562_TE_432,chr1,184015811,184025880,K562_MPT_1143,ENSG00000198860.7,TSEN15,protein_coding,6,0.00969,K562,KARR-seq,cis_same_chromosome
K562_EP_0375,chr19,28942803,29111036,K562_SE_341,chr19,30150963,30162781,K562_MPT_6590,ENSG00000166289.5,PLEKHF1,protein_coding,6,0.00977,K562,KARR-seq,cis_same_chromosome
K562_EP_0376,chr1,89996110,90030257,K562_SE_50,chr1,149977624,149987625,K562_MPT_872,ENSG00000163113.10,OTUD7B,protein_coding,9,0.00979,K562,RIC-seq,cis_same_chromosome
K562_EP_0377,chr1,19929760,19940167,K562_TE_263,chr1,76246879,76267567,K562_MPT_602,ENSG00000207241.1,SNORD45A,snoRNA,6,0.00982,K562,KARR-seq,cis_same_chromosome
K562_EP_0378,chr16,53095216,53128564,K562_TE_8323,chr16,4388762,4410608,K562_MPT_4673,ENSG00000217930.3,PAM16,protein_coding,6,0.00999,K562,KARR-seq,cis_same_chromosome
K562_EP_0379,chr1,230208360,230327626,K562_SE_104,chr1,249145142,249158363,K562_MPT_1434,ENSG00000227237.1,AL672294.1,lncRNA,6,0.0101,K562,KARR-seq,cis_same_chromosome
K562_EP_0380,chr12,127627679,127650399,K562_SE_215,chr12,127645672,127655672,K562_MPT_3390,ENSG00000239776.2,AC079949.1,miRNA,9,0.0102,K562,RIC-seq,cis_same_chromosome
K562_EP_0381,chr11,65235059,65278329,K562_SE_179,chr11,65808046,65825615,K562_MPT_2347,ENSG00000239166.1,snoU13,snoRNA,7,0.0102,K562,KARR-seq,cis_same_chromosome
K562_EP_0382,chr11,65235059,65278329,K562_SE_179,chr11,47864865,47875107,K562_MPT_2211,ENSG00000030066.9,NUP160,protein_coding,7,0.0102,K562,KARR-seq,cis_same_chromosome
K562_EP_0383,chr3,45082598,45261279,K562_SE_464,chr3,14161358,14171440,K562_MPT_8914,ENSG00000163528.8,CHCHD4,protein_coding,6,0.0102,K562,KARR-seq,cis_same_chromosome
K562_EP_0384,chr1,28897644,28917048,K562_TE_432,chr1,36390716,36401859,K562_MPT_376,ENSG00000271914.1,RP4-789D17.5,lncRNA,6,0.0102,K562,KARR-seq,cis_same_chromosome
K562_EP_0385,chr5,10360480,10376856,K562_TE_16849,chr5,179038925,179066785,K562_MPT_10725,ENSG00000169045.13,HNRNPH1,protein_coding,6,0.0102,K562,KARR-seq,cis_same_chromosome
K562_EP_0386,chr1,167829454,167850322,K562_SE_81,chr1,173827386,173843094,K562_MPT_1095,ENSG00000270084.1,GAS5-AS1,lncRNA,6,0.0102,K562,KARR-seq,cis_same_chromosome
K562_EP_0387,chr10,75715341,75838968,K562_SE_145,chr10,5926535,5941349,K562_MPT_1460,ENSG00000134452.15,FBXO18,protein_coding,6,0.0102,K562,KARR-seq,cis_same_chromosome
K562_EP_0388,chr6,13654863,13682199,K562_SE_564,chr6,27769853,27811440,K562_MPT_10912,ENSG00000197914.2,HIST1H4K,protein_coding,6,0.0102,K562,KARR-seq,cis_same_chromosome
K562_EP_0389,chr1,142804945,142848352,K562_TE_1329,chr1,155934520,155953890,K562_MPT_960,ENSG00000273002.1,RP11-336K24.12,lncRNA,6,0.0103,K562,KARR-seq,cis_same_chromosome
K562_EP_0390,chr4,145023980,145052566,K562_TE_16561,chr4,144821712,144838484,K562_MPT_10035,ENSG00000251600.1,RP11-673E1.1,lncRNA,9,0.0104,K562,RIC-seq,cis_same_chromosome
K562_EP_0391,chr6,68585750,68609380,K562_SE_605,chr6,42708834,42719558,K562_MPT_11091,ENSG00000124659.5,TBCC,protein_coding,7,0.0107,K562,KARR-seq,cis_same_chromosome
K562_EP_0392,chr11,65235059,65278329,K562_SE_179,chr11,59572773,59583345,K562_MPT_2238,ENSG00000166902.4,MRPL16,protein_coding,10,0.0112,K562,KARR-seq,cis_same_chromosome
K562_EP_0393,chr6,68585750,68609380,K562_SE_605,chr6,33234653,33249917,K562_MPT_10999,ENSG00000223501.4,VPS52,protein_coding,9,0.0112,K562,KARR-seq,cis_same_chromosome
K562_EP_0394,chr7,102608372,102634363,K562_SE_658,chr7,120711632,120728867,K562_MPT_12018,ENSG00000106034.13,CPED1,protein_coding,6,0.0112,K562,KARR-seq,cis_same_chromosome
K562_EP_0395,chr11,65167965,65217131,K562_SE_178,chr11,44112099,44122773,K562_MPT_2167,ENSG00000151348.9,EXT2,protein_coding,6,0.0112,K562,KARR-seq,cis_same_chromosome
K562_EP_0396,chr11,65167965,65217131,K562_SE_178,chr11,67178557,67200972,K562_MPT_2381,ENSG00000172531.10,PPP1CA,protein_coding,6,0.0112,K562,KARR-seq,cis_same_chromosome
K562_EP_0397,chr5,135415815,135424581,K562_TE_17596,chr5,179038925,179066785,K562_MPT_10725,ENSG00000169045.13,HNRNPH1,protein_coding,6,0.0112,K562,KARR-seq,cis_same_chromosome
K562_EP_0398,chr2,27220765,27245234,K562_SE_359,chr2,219428014,219438598,K562_MPT_7887,ENSG00000135913.6,USP37,protein_coding,5,0.0112,K562,KARR-seq,cis_same_chromosome
K562_EP_0399,chr2,66692457,66723949,K562_TE_11575,chr2,157181633,157203860,K562_MPT_7669,ENSG00000153234.9,NR4A2,protein_coding,5,0.0112,K562,KARR-seq,cis_same_chromosome
K562_EP_0400,chr1,155791235,155820632,K562_TE_1527,chr1,153926052,153973108,K562_MPT_927,ENSG00000143570.13,SLC39A1,protein_coding,5,0.0112,K562,KARR-seq,cis_same_chromosome
K562_EP_0401,chr2,145188334,145270092,K562_SE_382,chr2,42583289,42593356,K562_MPT_7234,ENSG00000115944.10,COX7A2L,protein_coding,5,0.0112,K562,KARR-seq,cis_same_chromosome
K562_EP_0402,chr3,42042833,42103721,K562_TE_14587,chr3,47818407,47828407,K562_MPT_9045,ENSG00000173473.6,SMARCC1,protein_coding,5,0.0112,K562,KARR-seq,cis_same_chromosome
K562_EP_0403,chr6,111844966,111937208,K562_TE_18894,chr6,30021524,30040983,K562_MPT_10942,ENSG00000204619.3,PPP1R11,protein_coding,5,0.0112,K562,KARR-seq,cis_same_chromosome
K562_EP_0404,chr11,85802540,85930107,K562_SE_187,chr11,34122149,34134756,K562_MPT_2148,ENSG00000135372.4,NAT10,protein_coding,5,0.0112,K562,KARR-seq,cis_same_chromosome
K562_EP_0405,chr6,143516552,143522207,K562_TE_19117,chr6,2837094,2847240,K562_MPT_10763,ENSG00000021355.8,SERPINB1,protein_coding,5,0.0112,K562,KARR-seq,cis_same_chromosome
K562_EP_0406,chr3,45082598,45261279,K562_SE_464,chr3,52438799,52453539,K562_MPT_9109,ENSG00000163930.5,BAP1,protein_coding,5,0.0112,K562,KARR-seq,cis_same_chromosome
K562_EP_0407,chr5,126297433,126361662,K562_SE_542,chr5,139481067,139498708,K562_MPT_10550,ENSG00000245146.2,LINC01024,lncRNA,5,0.0112,K562,KARR-seq,cis_same_chromosome
K562_EP_0408,chr16,75543571,75551342,K562_TE_8524,chr16,75488915,75504395,K562_MPT_5076,ENSG00000261476.1,RP11-77K12.3,lncRNA,5,0.0112,K562,KARR-seq,cis_same_chromosome
K562_EP_0409,chr16,85548387,85639758,K562_SE_284,chr16,30001615,30017292,K562_MPT_4843,ENSG00000149929.11,HIRIP3,protein_coding,5,0.0112,K562,KARR-seq,cis_same_chromosome
K562_EP_0410,chr17,29055422,29060133,K562_TE_8980,chr17,30259037,30269086,K562_MPT_5420,ENSG00000178691.6,SUZ12,protein_coding,5,0.0112,K562,KARR-seq,cis_same_chromosome
K562_EP_0411,chr19,44267646,44280229,K562_TE_10713,chr19,42767689,42778376,K562_MPT_6754,ENSG00000079432.3,CIC,protein_coding,5,0.0112,K562,KARR-seq,cis_same_chromosome
K562_EP_0412,chr1,59431900,59445876,K562_TE_853,chr1,65715145,65725145,K562_MPT_572,ENSG00000116675.11,DNAJC6,protein_coding,5,0.0112,K562,KARR-seq,cis_same_chromosome
K562_EP_0413,chr1,12551402,12665350,K562_SE_5,chr1,24962722,24980417,K562_MPT_236,ENSG00000133226.12,SRRM1,protein_coding,5,0.0112,K562,KARR-seq,cis_same_chromosome
K562_EP_0414,chr1,61569740,61673375,K562_SE_45,chr1,65715145,65725145,K562_MPT_572,ENSG00000116675.11,DNAJC6,protein_coding,5,0.0112,K562,KARR-seq,cis_same_chromosome
K562_EP_0415,chr6,39152989,39191777,K562_SE_598,chr6,31574133,31595856,K562_MPT_10975,ENSG00000200816.1,SNORA38,snoRNA,5,0.0112,K562,KARR-seq,cis_same_chromosome
K562_EP_0416,chr5,1097124,1118905,K562_TE_16810,chr5,1107150,1117150,K562_MPT_10149,ENSG00000113504.15,SLC12A7,protein_coding,5,0.0112,K562,KARR-seq,cis_same_chromosome
K562_EP_0417,chr21,9950593,9969001,K562_SE_420,chr21,47643682,47654438,K562_MPT_8513,ENSG00000215424.5,MCM3AP-AS1,lncRNA,5,0.0112,K562,KARR-seq,cis_same_chromosome
K562_EP_0418,chr16,24747738,24764635,K562_TE_8154,chr16,89763048,89792952,K562_MPT_5158,ENSG00000158805.7,ZNF276,protein_coding,5,0.0112,K562,KARR-seq,cis_same_chromosome
K562_EP_0419,chr8,59553919,59565445,K562_TE_21146,chr8,54929708,54940089,K562_MPT_12395,ENSG00000187735.8,TCEA1,protein_coding,5,0.0112,K562,KARR-seq,cis_same_chromosome
K562_EP_0420,chr2,70255394,70265748,K562_TE_11619,chr2,145270115,145283621,K562_MPT_7656,ENSG00000238057.4,ZEB2-AS1,lncRNA,5,0.0112,K562,KARR-seq,cis_same_chromosome
K562_EP_0421,chr17,40392872,40475968,K562_SE_305,chr17,7291801,7316960,K562_MPT_5243,ENSG00000169992.5,NLGN2,protein_coding,5,0.0112,K562,KARR-seq,cis_same_chromosome
K562_EP_0422,chr12,57653378,57681877,K562_TE_5185,chr12,57903933,57948827,K562_MPT_3069,ENSG00000175203.11,DCTN2,protein_coding,5,0.0112,K562,KARR-seq,cis_same_chromosome
K562_EP_0423,chr7,30328483,30370643,K562_TE_19671,chr7,6409154,6419170,K562_MPT_11547,ENSG00000136238.13,RAC1,protein_coding,5,0.0112,K562,KARR-seq,cis_same_chromosome
K562_EP_0424,chr1,61692483,61739474,K562_TE_874,chr1,1238269,1265621,K562_MPT_28,ENSG00000240731.1,RP5-890O3.9,lncRNA,5,0.0112,K562,KARR-seq,cis_same_chromosome
K562_EP_0425,chr7,36146826,36152865,K562_TE_19719,chr7,36187758,36197877,K562_MPT_11661,ENSG00000122547.6,EEPD1,protein_coding,5,0.0112,K562,KARR-seq,cis_same_chromosome
K562_EP_0426,chr16,88509252,88598161,K562_SE_287,chr16,88514725,88524725,K562_MPT_5134,ENSG00000179588.4,ZFPM1,protein_coding,5,0.0112,K562,KARR-seq,cis_same_chromosome
K562_EP_0427,chr7,140184473,140218192,K562_TE_20598,chr7,140173303,140184369,K562_MPT_12112,ENSG00000133606.6,MKRN1,protein_coding,5,0.0112,K562,KARR-seq,cis_same_chromosome
K562_EP_0428,chr5,10360480,10376856,K562_TE_16849,chr5,61596989,61612640,K562_MPT_10278,ENSG00000068796.12,KIF2A,protein_coding,5,0.0112,K562,KARR-seq,cis_same_chromosome
K562_EP_0429,chr9,111860286,111945753,K562_SE_726,chr9,127353087,127366859,K562_MPT_13090,ENSG00000231744.1,RP11-164H5.1,pseudogene,5,0.0112,K562,KARR-seq,cis_same_chromosome
K562_EP_0430,chr1,89996110,90030257,K562_SE_50,chr1,26555691,26565693,K562_MPT_255,ENSG00000130695.9,CEP85,protein_coding,5,0.0112,K562,KARR-seq,cis_same_chromosome
K562_EP_0431,chr6,157875968,157957226,K562_SE_629,chr6,150034170,150044392,K562_MPT_11415,ENSG00000131023.8,LATS1,protein_coding,5,0.0112,K562,KARR-seq,cis_same_chromosome
K562_EP_0432,chr1,27424992,27473215,K562_TE_401,chr1,184718701,184729047,K562_MPT_1145,ENSG00000116406.14,EDEM3,protein_coding,5,0.0112,K562,KARR-seq,cis_same_chromosome
K562_EP_0433,chr17,27119671,27129901,K562_TE_8946,chr17,27176956,27193984,K562_MPT_5392,ENSG00000264066.3,MIR144,lncRNA,5,0.0112,K562,KARR-seq,cis_same_chromosome
K562_EP_0434,chr17,57905311,57931090,K562_SE_315,chr17,45721768,45739291,K562_MPT_5621,ENSG00000108424.5,KPNB1,protein_coding,5,0.0112,K562,KARR-seq,cis_same_chromosome
K562_EP_0435,chr17,3847566,3911178,K562_TE_8716,chr17,56397811,56419719,K562_MPT_5701,ENSG00000264399.1,MIR4736,miRNA,5,0.0112,K562,KARR-seq,cis_same_chromosome
K562_EP_0436,chr16,23853484,23934208,K562_SE_269,chr16,2716406,2737541,K562_MPT_4641,ENSG00000167977.4,KCTD5,protein_coding,5,0.0112,K562,KARR-seq,cis_same_chromosome
K562_EP_0437,chr1,246294272,246388032,K562_SE_112,chr1,19531746,19541995,K562_MPT_182,ENSG00000127481.10,UBR4,protein_coding,5,0.0112,K562,KARR-seq,cis_same_chromosome
K562_EP_0438,chr12,122580754,122606921,K562_TE_5725,chr12,122102560,122112560,K562_MPT_3337,ENSG00000139714.8,MORN3,protein_coding,5,0.0112,K562,KARR-seq,cis_same_chromosome
K562_EP_0439,chr4,79684477,79738669,K562_TE_16199,chr4,100862883,100876680,K562_MPT_9926,ENSG00000164031.12,DNAJB14,protein_coding,5,0.0112,K562,KARR-seq,cis_same_chromosome
K562_EP_0440,chr5,139486451,139489097,K562_TE_17643,chr5,139481067,139498708,K562_MPT_10550,ENSG00000245146.2,LINC01024,lncRNA,5,0.0112,K562,KARR-seq,cis_same_chromosome
K562_EP_0441,chr19,46858085,46859357,K562_TE_10750,chr19,1391466,1418900,K562_MPT_6189,ENSG00000248015.2,AC005329.7,lncRNA,5,0.0112,K562,KARR-seq,cis_same_chromosome
K562_EP_0442,chr22,24013519,24027990,K562_TE_13861,chr22,24984030,25008631,K562_MPT_8618,ENSG00000100031.14,GGT1,protein_coding,5,0.0112,K562,KARR-seq,cis_same_chromosome
K562_EP_0443,chr5,118609801,118678797,K562_SE_538,chr5,175869629,175883763,K562_MPT_10689,ENSG00000221373.1,AC010297.1,miRNA,5,0.0112,K562,KARR-seq,cis_same_chromosome
K562_EP_0444,chr17,64397174,64418217,K562_TE_9472,chr17,62328451,62345661,K562_MPT_5756,ENSG00000136478.3,TEX2,protein_coding,3,0.0112,K562,KARR-seq,cis_same_chromosome
K562_EP_0445,chrX,86780940,86782673,K562_TE_23054,chrX,86767752,86777817,K562_MPT_13529,ENSG00000102271.9,KLHL4,protein_coding,3,0.0112,K562,KARR-seq,cis_same_chromosome
K562_EP_0446,chr6,4906494,4943216,K562_TE_18049,chr6,17982694,17992854,K562_MPT_10848,ENSG00000137177.14,KIF13A,protein_coding,3,0.0112,K562,KARR-seq,cis_same_chromosome
K562_EP_0447,chr1,29462900,29499182,K562_TE_446,chr1,28759682,28769682,K562_MPT_304,ENSG00000204138.8,PHACTR4,protein_coding,3,0.0112,K562,KARR-seq,cis_same_chromosome
K562_EP_0448,chr5,149389031,149407916,K562_TE_17743,chr5,607325,617405,K562_MPT_10146,ENSG00000112877.6,CEP72,protein_coding,3,0.0112,K562,KARR-seq,cis_same_chromosome
K562_EP_0449,chr1,142702008,142725718,K562_TE_1328,chr1,61537946,61559084,K562_MPT_557,ENSG00000263380.1,AC096534.1,miRNA,3,0.0112,K562,KARR-seq,cis_same_chromosome
K562_EP_0450,chr1,28769596,28777411,K562_TE_428,chr1,33111161,33122088,K562_MPT_345,ENSG00000162521.14,RBBP4,protein_coding,3,0.0112,K562,KARR-seq,cis_same_chromosome
K562_EP_0451,chr7,100292203,100296793,K562_TE_20172,chr7,100282071,100292071,K562_MPT_11926,ENSG00000146830.9,GIGYF1,protein_coding,3,0.0112,K562,KARR-seq,cis_same_chromosome
K562_EP_0452,chr19,55509612,55538287,K562_TE_10910,chr19,55715824,55733050,K562_MPT_7002,ENSG00000267649.1,CTD-2587H24.10,lncRNA,3,0.0112,K562,KARR-seq,cis_same_chromosome
K562_EP_0453,chr11,71448404,71461289,K562_TE_4169,chr11,66881740,66892158,K562_MPT_2373,ENSG00000173120.10,KDM2A,protein_coding,3,0.0112,K562,KARR-seq,cis_same_chromosome
K562_EP_0454,chrX,48562561,48655638,K562_SE_743,chrX,48548945,48560149,K562_MPT_13398,ENSG00000101945.12,SUV39H1,protein_coding,3,0.0112,K562,KARR-seq,cis_same_chromosome
K562_EP_0455,chr17,47095597,47106011,K562_TE_9248,chr17,79510524,79525987,K562_MPT_5909,ENSG00000185504.12,C17orf70,protein_coding,3,0.0112,K562,KARR-seq,cis_same_chromosome
K562_EP_0456,chr19,45354842,45360319,K562_TE_10724,chr19,10759520,10771172,K562_MPT_6370,ENSG00000129351.13,ILF3,protein_coding,3,0.0112,K562,KARR-seq,cis_same_chromosome
K562_EP_0457,chr6,158033123,158057277,K562_TE_19246,chr6,166791486,166801677,K562_MPT_11472,ENSG00000261420.1,RP1-168L15.5,lncRNA,3,0.0112,K562,KARR-seq,cis_same_chromosome
K562_EP_0458,chr1,197963264,197965202,K562_TE_1910,chr1,6046526,6057771,K562_MPT_67,ENSG00000131697.13,NPHP4,protein_coding,3,0.0112,K562,KARR-seq,cis_same_chromosome
K562_EP_0459,chr19,53123895,53130613,K562_TE_10883,chr19,57917532,57929741,K562_MPT_7034,ENSG00000186272.8,ZNF17,protein_coding,3,0.0112,K562,KARR-seq,cis_same_chromosome
K562_EP_0460,chr12,110994462,111016408,K562_TE_5573,chr12,109085178,109101851,K562_MPT_3235,ENSG00000110880.6,CORO1C,protein_coding,3,0.0112,K562,KARR-seq,cis_same_chromosome
K562_EP_0461,chr14,103909679,103922913,K562_TE_6958,chr14,92501403,92512240,K562_MPT_3997,ENSG00000100815.8,TRIP11,protein_coding,3,0.0112,K562,KARR-seq,cis_same_chromosome
K562_EP_0462,chr15,63651775,63667073,K562_TE_7395,chr15,63677335,63687429,K562_MPT_4328,ENSG00000259459.1,RP11-321G12.1,lncRNA,3,0.0112,K562,KARR-seq,cis_same_chromosome
K562_EP_0463,chr1,111421726,111441927,K562_SE_55,chr1,228286163,228302013,K562_MPT_1334,ENSG00000162910.14,MRPL55,protein_coding,3,0.0112,K562,KARR-seq,cis_same_chromosome
K562_EP_0464,chr9,35337153,35341369,K562_TE_21872,chr9,134607925,134620461,K562_MPT_13187,ENSG00000107263.14,RAPGEF1,protein_coding,3,0.0112,K562,KARR-seq,cis_same_chromosome
K562_EP_0465,chr19,34861144,34862369,K562_TE_10588,chr19,58854117,58879805,K562_MPT_7061,ENSG00000268230.1,CTD-2619J13.8,lncRNA,3,0.0112,K562,KARR-seq,cis_same_chromosome
K562_EP_0466,chr5,174943835,174945714,K562_TE_17900,chr5,149374884,149385730,K562_MPT_10593,ENSG00000113716.8,HMGXB3,protein_coding,3,0.0112,K562,KARR-seq,cis_same_chromosome
K562_EP_0467,chr16,89904001,89914658,K562_TE_8661,chr16,84173043,84183922,K562_MPT_5104,ENSG00000154099.13,DNAAF1,protein_coding,3,0.0112,K562,KARR-seq,cis_same_chromosome
K562_EP_0468,chr5,10261576,10331898,K562_SE_527,chr5,132195477,132207338,K562_MPT_10496,ENSG00000164404.4,GDF9,protein_coding,3,0.0112,K562,KARR-seq,cis_same_chromosome
K562_EP_0469,chr3,4753839,4814516,K562_SE_448,chr3,183727192,183740803,K562_MPT_9515,ENSG00000114770.12,ABCC5,protein_coding,3,0.0112,K562,KARR-seq,cis_same_chromosome
K562_EP_0470,chr7,73974319,73984174,K562_TE_19980,chr7,77161592,77172386,K562_MPT_11840,ENSG00000127947.11,PTPN12,protein_coding,3,0.0112,K562,KARR-seq,cis_same_chromosome
K562_EP_0471,chr1,224003589,224028500,K562_TE_2175,chr1,46044518,46054737,K562_MPT_485,ENSG00000132780.12,NASP,protein_coding,3,0.0112,K562,KARR-seq,cis_same_chromosome
K562_EP_0472,chr7,23228867,23231221,K562_TE_19584,chr7,99053152,99075535,K562_MPT_11901,ENSG00000106246.13,PTCD1,protein_coding,3,0.0112,K562,KARR-seq,cis_same_chromosome
K562_EP_0473,chr1,100899897,100909504,K562_TE_1142,chr1,24301784,24311846,K562_MPT_231,ENSG00000188529.10,SRSF10,protein_coding,3,0.0112,K562,KARR-seq,cis_same_chromosome
K562_EP_0474,chr1,966288,976091,K562_TE_17,chr1,53013654,53025490,K562_MPT_520,ENSG00000134744.9,ZCCHC11,protein_coding,3,0.0112,K562,KARR-seq,cis_same_chromosome
K562_EP_0475,chr10,103476756,103490290,K562_TE_3277,chr10,5850350,5861292,K562_MPT_1458,ENSG00000272764.1,RP11-318E3.9,lncRNA,3,0.0112,K562,KARR-seq,cis_same_chromosome
K562_EP_0476,chr10,81134552,81176377,K562_TE_3064,chr10,76863891,76876467,K562_MPT_1727,ENSG00000079393.16,DUSP13,protein_coding,3,0.0112,K562,KARR-seq,cis_same_chromosome
K562_EP_0477,chr10,6506832,6530294,K562_TE_2487,chr10,81959247,81972965,K562_MPT_1744,ENSG00000122359.13,ANXA11,protein_coding,3,0.0112,K562,KARR-seq,cis_same_chromosome
K562_EP_0478,chr1,207977786,208061237,K562_SE_95,chr1,28874597,28884597,K562_MPT_306,ENSG00000180098.5,TRNAU1AP,protein_coding,3,0.0112,K562,KARR-seq,cis_same_chromosome
K562_EP_0479,chr19,19553596,19601338,K562_SE_339,chr19,3040728,3068105,K562_MPT_6237,ENSG00000065717.10,TLE2,protein_coding,3,0.0112,K562,KARR-seq,cis_same_chromosome
K562_EP_0480,chr19,2203996,2211952,K562_TE_10214,chr19,4491330,4501330,K562_MPT_6270,ENSG00000167674.10,HDGFRP2,protein_coding,3,0.0112,K562,KARR-seq,cis_same_chromosome
K562_EP_0481,chr1,23762434,23778585,K562_TE_324,chr1,71508281,71519538,K562_MPT_595,ENSG00000235079.1,ZRANB2-AS1,lncRNA,3,0.0112,K562,KARR-seq,cis_same_chromosome
K562_EP_0482,chr17,16289716,16311781,K562_TE_8832,chr17,7377844,7392939,K562_MPT_5246,ENSG00000181222.10,POLR2A,protein_coding,3,0.0112,K562,KARR-seq,cis_same_chromosome
K562_EP_0483,chr1,15347376,15358552,K562_TE_201,chr1,151337317,151350209,K562_MPT_901,ENSG00000143416.16,SELENBP1,protein_coding,3,0.0112,K562,KARR-seq,cis_same_chromosome
K562_EP_0484,chr1,65781781,65789793,K562_TE_908,chr1,38320292,38331369,K562_MPT_395,ENSG00000230955.1,RP11-109P14.10,lncRNA,3,0.0112,K562,KARR-seq,cis_same_chromosome
K562_EP_0485,chr18,23834980,23836362,K562_TE_9892,chr18,9609285,9623070,K562_MPT_5984,ENSG00000263627.1,RP11-692N5.1,lncRNA,3,0.0112,K562,KARR-seq,cis_same_chromosome
K562_EP_0486,chr11,70152208,70159813,K562_TE_4157,chr11,32909724,32919724,K562_MPT_2135,ENSG00000060749.10,QSER1,protein_coding,3,0.0112,K562,KARR-seq,cis_same_chromosome
K562_EP_0487,chr3,138444829,138446582,K562_TE_15212,chr3,171752418,171763345,K562_MPT_9473,ENSG00000075420.8,FNDC3B,protein_coding,3,0.0112,K562,KARR-seq,cis_same_chromosome
K562_EP_0488,chr6,28574822,28586472,K562_SE_586,chr6,127582755,127593033,K562_MPT_11338,ENSG00000118518.11,RNF146,protein_coding,3,0.0112,K562,KARR-seq,cis_same_chromosome
K562_EP_0489,chr1,8821930,8825150,K562_TE_116,chr1,235286252,235297251,K562_MPT_1375,ENSG00000207181.1,SNORA14B,snoRNA,3,0.0112,K562,KARR-seq,cis_same_chromosome
K562_EP_0490,chr1,112167750,112182587,K562_TE_1223,chr1,156552747,156576282,K562_MPT_976,ENSG00000163382.7,APOA1BP,protein_coding,3,0.0112,K562,KARR-seq,cis_same_chromosome
K562_EP_0491,chr6,28129229,28137018,K562_TE_18291,chr6,5080720,5090720,K562_MPT_10787,ENSG00000219607.2,PPP1R3G,protein_coding,3,0.0112,K562,KARR-seq,cis_same_chromosome
K562_EP_0492,chr2,25029030,25042483,K562_TE_11157,chr2,220017343,220030575,K562_MPT_7892,ENSG00000187736.8,NHEJ1,protein_coding,3,0.0112,K562,KARR-seq,cis_same_chromosome
K562_EP_0493,chr4,40204872,40250619,K562_SE_510,chr4,185742188,185752972,K562_MPT_10121,ENSG00000151726.9,ACSL1,protein_coding,3,0.0112,K562,KARR-seq,cis_same_chromosome
K562_EP_0494,chr16,30411761,30413509,K562_TE_8225,chr16,30413618,30424352,K562_MPT_4854,ENSG00000179965.7,ZNF771,protein_coding,3,0.0112,K562,KARR-seq,cis_same_chromosome
K562_EP_0495,chr3,45672167,45710716,K562_TE_14636,chr3,100206463,100216504,K562_MPT_9207,ENSG00000181458.6,TMEM45A,protein_coding,3,0.0112,K562,KARR-seq,cis_same_chromosome
K562_EP_0496,chr7,104865491,104902540,K562_TE_20250,chr7,20252013,20264062,K562_MPT_11588,ENSG00000233834.2,AC005083.1,lncRNA,3,0.0112,K562,KARR-seq,cis_same_chromosome
K562_EP_0497,chr16,87495349,87519781,K562_TE_8621,chr16,30001615,30017292,K562_MPT_4843,ENSG00000149929.11,HIRIP3,protein_coding,3,0.0112,K562,KARR-seq,cis_same_chromosome
K562_EP_0498,chr6,135530300,135536432,K562_TE_19055,chr6,80336000,80346000,K562_MPT_11188,ENSG00000198478.6,SH3BGRL2,protein_coding,3,0.0112,K562,KARR-seq,cis_same_chromosome
K562_EP_0499,chr1,25844071,25896975,K562_TE_374,chr1,246347420,246362029,K562_MPT_1411,ENSG00000202184.1,RNU6-1283P,snRNA,3,0.0112,K562,KARR-seq,cis_same_chromosome
K562_EP_0500,chr20,33892876,33932992,K562_TE_13139,chr20,35782307,35799715,K562_MPT_8182,ENSG00000101353.10,MROH8,protein_coding,3,0.0112,K562,KARR-seq,cis_same_chromosome
K562_EP_0501,chr1,12487695,12534511,K562_SE_4,chr1,65608232,65625163,K562_MPT_571,ENSG00000231622.1,RP4-700A9.1,pseudogene,3,0.0112,K562,KARR-seq,cis_same_chromosome
K562_EP_0502,chr3,151992874,152011414,K562_TE_15325,chr3,197015819,197031171,K562_MPT_9606,ENSG00000265850.1,MIR4797,miRNA,3,0.0112,K562,KARR-seq,cis_same_chromosome
K562_EP_0503,chr5,139013078,139019050,K562_TE_17639,chr5,154130135,154141734,K562_MPT_10623,ENSG00000155506.12,LARP1,protein_coding,3,0.0112,K562,KARR-seq,cis_same_chromosome
K562_EP_0504,chr16,85005811,85028834,K562_TE_8593,chr16,2374725,2397980,K562_MPT_4634,ENSG00000238098.4,ABCA17P,pseudogene,3,0.0112,K562,KARR-seq,cis_same_chromosome
K562_EP_0505,chr19,49600928,49610186,K562_TE_10819,chr19,49215100,49227978,K562_MPT_6875,ENSG00000176909.7,MAMSTR,protein_coding,3,0.0112,K562,KARR-seq,cis_same_chromosome
K562_EP_0506,chr3,186654509,186678245,K562_TE_15615,chr3,57255549,57266902,K562_MPT_9130,ENSG00000157500.6,APPL1,protein_coding,3,0.0112,K562,KARR-seq,cis_same_chromosome
K562_EP_0507,chr7,77130224,77193261,K562_TE_20037,chr7,135657064,135667101,K562_MPT_12091,ENSG00000105887.10,MTPN,protein_coding,3,0.0112,K562,KARR-seq,cis_same_chromosome
K562_EP_0508,chr2,70289720,70306836,K562_TE_11620,chr2,132243809,132255649,K562_MPT_7635,ENSG00000152117.13,AC093838.4,pseudogene,3,0.0112,K562,KARR-seq,cis_same_chromosome
K562_EP_0509,chr7,127020646,127024148,K562_TE_20413,chr7,100266154,100278761,K562_MPT_11925,ENSG00000172354.5,GNB2,protein_coding,3,0.0112,K562,KARR-seq,cis_same_chromosome
K562_EP_0510,chr1,8650684,8653387,K562_TE_111,chr1,204480511,204499647,K562_MPT_1205,ENSG00000198625.8,MDM4,protein_coding,3,0.0112,K562,KARR-seq,cis_same_chromosome
K562_EP_0511,chr1,27347522,27404689,K562_TE_400,chr1,26864603,26877343,K562_MPT_264,ENSG00000117676.9,RPS6KA1,protein_coding,3,0.0112,K562,KARR-seq,cis_same_chromosome
K562_EP_0512,chr8,54918327,54927581,K562_TE_21121,chr8,48915960,48926011,K562_MPT_12388,ENSG00000169139.7,UBE2V2,protein_coding,3,0.0112,K562,KARR-seq,cis_same_chromosome
K562_EP_0513,chr6,83715910,83716496,K562_TE_18696,chr6,20397398,20409034,K562_MPT_10855,ENSG00000112242.10,E2F3,protein_coding,3,0.0112,K562,KARR-seq,cis_same_chromosome
K562_EP_0514,chr1,235246582,235287340,K562_TE_2314,chr1,25553977,25563984,K562_MPT_238,ENSG00000117614.5,SYF2,protein_coding,3,0.0112,K562,KARR-seq,cis_same_chromosome
K562_EP_0515,chr9,132874093,132913703,K562_TE_22537,chr9,132592554,132602757,K562_MPT_13170,ENSG00000136819.10,C9orf78,protein_coding,3,0.0112,K562,KARR-seq,cis_same_chromosome
K562_EP_0516,chr6,4906494,4943216,K562_TE_18049,chr6,43538812,43549111,K562_MPT_11109,ENSG00000170734.7,POLH,protein_coding,3,0.0112,K562,KARR-seq,cis_same_chromosome
K562_EP_0517,chr11,117030595,117044970,K562_TE_4536,chr11,46311677,46321677,K562_MPT_2185,ENSG00000157613.6,CREB3L1,protein_coding,3,0.0112,K562,KARR-seq,cis_same_chromosome
K562_EP_0518,chr9,126013567,126023040,K562_TE_22411,chr9,73024540,73034540,K562_MPT_12882,ENSG00000119138.3,KLF9,protein_coding,3,0.0112,K562,KARR-seq,cis_same_chromosome
K562_EP_0519,chr2,27197423,27205635,K562_TE_11194,chr2,101613177,101624201,K562_MPT_7506,ENSG00000223947.1,AC016738.4,lncRNA,3,0.0112,K562,KARR-seq,cis_same_chromosome
K562_EP_0520,chr1,51997530,52049537,K562_TE_763,chr1,156732292,156742346,K562_MPT_983,ENSG00000143294.10,PRCC,protein_coding,3,0.0112,K562,KARR-seq,cis_same_chromosome
K562_EP_0521,chr10,126254164,126261628,K562_TE_3447,chr10,75168816,75178825,K562_MPT_1714,ENSG00000138279.11,ANXA7,protein_coding,3,0.0112,K562,KARR-seq,cis_same_chromosome
K562_EP_0522,chr1,12203889,12281299,K562_TE_179,chr1,112157399,112167769,K562_MPT_740,ENSG00000116473.10,RAP1A,protein_coding,3,0.0112,K562,KARR-seq,cis_same_chromosome
K562_EP_0523,chr17,29055422,29060133,K562_TE_8980,chr17,53494285,53504353,K562_MPT_5683,ENSG00000108960.3,MMD,protein_coding,3,0.0112,K562,KARR-seq,cis_same_chromosome
K562_EP_0524,chr3,141726747,141741810,K562_TE_15249,chr3,33830637,33845115,K562_MPT_8968,ENSG00000271643.1,RP11-10C24.3,lncRNA,3,0.0112,K562,KARR-seq,cis_same_chromosome
K562_EP_0525,chr1,55606407,55614648,K562_TE_830,chr1,249127479,249138353,K562_MPT_1433,ENSG00000171161.8,ZNF672,protein_coding,3,0.0112,K562,KARR-seq,cis_same_chromosome
K562_EP_0526,chr2,158146764,158160556,K562_TE_12198,chr2,15696454,15709294,K562_MPT_7116,ENSG00000234022.1,AC008278.2,lncRNA,3,0.0112,K562,KARR-seq,cis_same_chromosome
K562_EP_0527,chr2,24005620,24038481,K562_TE_11142,chr2,20096402,20106786,K562_MPT_7128,ENSG00000183891.5,TTC32,protein_coding,3,0.0112,K562,KARR-seq,cis_same_chromosome
K562_EP_0528,chr10,134357923,134396706,K562_TE_3485,chr10,104398897,104409644,K562_MPT_1859,ENSG00000272933.1,RP11-47A8.5,lncRNA,3,0.0112,K562,KARR-seq,cis_same_chromosome
K562_EP_0529,chr2,109164609,109191105,K562_TE_11898,chr2,65352235,65362240,K562_MPT_7330,ENSG00000138069.12,RAB1A,protein_coding,3,0.0112,K562,KARR-seq,cis_same_chromosome
K562_EP_0530,chr7,98684854,98731718,K562_TE_20136,chr7,158492457,158502520,K562_MPT_12202,ENSG00000146918.15,NCAPG2,protein_coding,3,0.0112,K562,KARR-seq,cis_same_chromosome
K562_EP_0531,chr6,26515143,26533743,K562_SE_579,chr6,116417012,116427014,K562_MPT_11295,ENSG00000178425.9,NT5DC1,protein_coding,3,0.0112,K562,KARR-seq,cis_same_chromosome
K562_EP_0532,chr17,75158896,75161687,K562_TE_9612,chr17,31185061,31195061,K562_MPT_5428,ENSG00000176658.12,MYO1D,protein_coding,3,0.0112,K562,KARR-seq,cis_same_chromosome
K562_EP_0533,chr17,61706832,61712656,K562_TE_9431,chr17,37803742,37814378,K562_MPT_5486,ENSG00000131748.11,STARD3,protein_coding,3,0.0112,K562,KARR-seq,cis_same_chromosome
K562_EP_0534,chr4,6827179,6858127,K562_TE_15807,chr4,2789750,2805291,K562_MPT_9658,ENSG00000087266.11,SH3BP2,protein_coding,3,0.0112,K562,KARR-seq,cis_same_chromosome
K562_EP_0535,chr1,39850033,39868414,K562_SE_35,chr1,156090951,156101594,K562_MPT_966,ENSG00000160789.15,LMNA,protein_coding,3,0.0112,K562,KARR-seq,cis_same_chromosome
K562_EP_0536,chr11,14672359,14709308,K562_TE_3700,chr11,3904317,3919120,K562_MPT_2013,ENSG00000230593.2,AC090804.1,pseudogene,3,0.0112,K562,KARR-seq,cis_same_chromosome
K562_EP_0537,chr1,51687912,51712304,K562_TE_756,chr1,229689442,229699442,K562_MPT_1347,ENSG00000135776.4,ABCB10,protein_coding,3,0.0112,K562,KARR-seq,cis_same_chromosome
K562_EP_0538,chr8,52782583,52803407,K562_TE_21110,chr8,15392732,15402792,K562_MPT_12257,ENSG00000104723.16,TUSC3,protein_coding,3,0.0112,K562,KARR-seq,cis_same_chromosome
K562_EP_0539,chr13,96397790,96408762,K562_TE_6208,chr13,49545048,49556020,K562_MPT_3543,ENSG00000102531.12,FNDC3A,protein_coding,3,0.0112,K562,KARR-seq,cis_same_chromosome
K562_EP_0540,chr1,151864135,151919194,K562_TE_1464,chr1,39664918,39677184,K562_MPT_409,ENSG00000127603.19,MACF1,protein_coding,3,0.0112,K562,KARR-seq,cis_same_chromosome
K562_EP_0541,chr15,75925594,75927027,K562_TE_7563,chr15,75912134,75947097,K562_MPT_4425,ENSG00000260235.1,CTD-2026K11.3,lncRNA,3,0.0112,K562,KARR-seq,cis_same_chromosome
K562_EP_0542,chr22,40160977,40277899,K562_SE_445,chr22,24231191,24246117,K562_MPT_8611,ENSG00000240972.1,MIF,protein_coding,3,0.0112,K562,KARR-seq,cis_same_chromosome
K562_EP_0543,chr1,197714213,197718408,K562_TE_1902,chr1,40500905,40511554,K562_MPT_422,ENSG00000131236.12,CAP1,protein_coding,3,0.0112,K562,KARR-seq,cis_same_chromosome
K562_EP_0544,chr1,228276332,228277790,K562_TE_2239,chr1,36330409,36353810,K562_MPT_375,ENSG00000271164.1,RP4-789D17.4,pseudogene,3,0.0112,K562,KARR-seq,cis_same_chromosome
K562_EP_0545,chr10,45960673,45968282,K562_SE_132,chr10,124908793,124919375,K562_MPT_1927,ENSG00000154473.13,BUB3,protein_coding,3,0.0112,K562,KARR-seq,cis_same_chromosome
K562_EP_0546,chr11,566227,571495,K562_TE_3510,chr11,47265179,47298795,K562_MPT_2201,ENSG00000025434.14,NR1H3,protein_coding,3,0.0112,K562,KARR-seq,cis_same_chromosome
K562_EP_0547,chr9,94618470,94683542,K562_SE_719,chr9,115507736,115518118,K562_MPT_13039,ENSG00000148158.12,SNX30,protein_coding,3,0.0112,K562,KARR-seq,cis_same_chromosome
K562_EP_0548,chr11,1356809,1357953,K562_TE_3521,chr11,108088211,108105331,K562_MPT_2570,ENSG00000200344.1,Y_RNA,misc_RNA,3,0.0112,K562,KARR-seq,cis_same_chromosome
K562_EP_0549,chr6,143516552,143522207,K562_TE_19117,chr6,3148296,3162760,K562_MPT_10774,ENSG00000228170.1,RP1-40E16.11,lncRNA,3,0.0112,K562,KARR-seq,cis_same_chromosome
K562_EP_0550,chr1,244602793,244609755,K562_TE_2375,chr1,229756717,229766981,K562_MPT_1348,ENSG00000135801.5,TAF5L,protein_coding,3,0.0112,K562,KARR-seq,cis_same_chromosome
K562_EP_0551,chr1,9736839,9773165,K562_TE_134,chr1,207920402,207930468,K562_MPT_1239,ENSG00000117335.14,CD46,protein_coding,3,0.0112,K562,KARR-seq,cis_same_chromosome
K562_EP_0552,chr9,114821347,114858734,K562_SE_727,chr9,139576848,139586875,K562_MPT_13228,ENSG00000169692.8,AGPAT2,protein_coding,3,0.0112,K562,KARR-seq,cis_same_chromosome
K562_EP_0553,chr6,26923826,26925594,K562_TE_18271,chr6,13675312,13692180,K562_MPT_10829,ENSG00000252966.1,RNU7-91P,snRNA,3,0.0112,K562,KARR-seq,cis_same_chromosome
K562_EP_0554,chr1,143366394,143389965,K562_TE_1335,chr1,24093887,24132260,K562_MPT_226,ENSG00000011009.6,LYPLA2,protein_coding,3,0.0112,K562,KARR-seq,cis_same_chromosome
K562_EP_0555,chr16,30885604,30894756,K562_TE_8237,chr16,414803,456882,K562_MPT_4601,ENSG00000236829.5,Z97634.3,pseudogene,3,0.0112,K562,KARR-seq,cis_same_chromosome
K562_EP_0556,chr1,40279908,40326415,K562_TE_601,chr1,45951815,45970725,K562_MPT_482,ENSG00000132763.10,MMACHC,protein_coding,3,0.0112,K562,KARR-seq,cis_same_chromosome
K562_EP_0557,chr1,206721556,206764381,K562_TE_2035,chr1,41277937,41287937,K562_MPT_437,ENSG00000117013.10,KCNQ4,protein_coding,3,0.0112,K562,KARR-seq,cis_same_chromosome
K562_EP_0558,chr15,34724258,34730545,K562_TE_7095,chr15,91068157,91078300,K562_MPT_4544,ENSG00000140577.11,CRTC3,protein_coding,3,0.0112,K562,KARR-seq,cis_same_chromosome
K562_EP_0559,chr1,223947957,223984264,K562_SE_101,chr1,52077547,52087781,K562_MPT_511,ENSG00000117859.14,OSBPL9,protein_coding,3,0.0112,K562,KARR-seq,cis_same_chromosome
K562_EP_0560,chr1,169114597,169129585,K562_TE_1689,chr1,22374120,22384790,K562_MPT_213,ENSG00000070831.11,CDC42,protein_coding,3,0.0112,K562,KARR-seq,cis_same_chromosome
K562_EP_0561,chr1,145134689,145159656,K562_TE_1354,chr1,29058133,29068477,K562_MPT_310,ENSG00000198492.10,YTHDF2,protein_coding,3,0.0112,K562,KARR-seq,cis_same_chromosome
K562_EP_0562,chr1,167682717,167728465,K562_SE_80,chr1,21107776,21118816,K562_MPT_199,ENSG00000127483.13,HP1BP3,protein_coding,3,0.0112,K562,KARR-seq,cis_same_chromosome
K562_EP_0563,chr1,54817343,54863669,K562_SE_43,chr1,228739885,228793183,K562_MPT_1343,ENSG00000199910.1,RNA5S10,rRNA,3,0.0112,K562,KARR-seq,cis_same_chromosome
K562_EP_0564,chr1,228600,266237,K562_TE_2,chr1,155652758,155663893,K562_MPT_955,ENSG00000132676.11,DAP3,protein_coding,3,0.0112,K562,KARR-seq,cis_same_chromosome
K562_EP_0565,chr11,36111629,36148220,K562_SE_169,chr11,134118142,134128455,K562_MPT_2689,ENSG00000151498.7,ACAD8,protein_coding,3,0.0112,K562,KARR-seq,cis_same_chromosome
K562_EP_0566,chr6,108543576,108562757,K562_TE_18845,chr6,31457658,31470922,K562_MPT_10972,ENSG00000200344.1,Y_RNA,misc_RNA,3,0.0112,K562,KARR-seq,cis_same_chromosome
K562_EP_0567,chr1,231369687,231370409,K562_TE_2285,chr1,26600667,26611613,K562_MPT_256,ENSG00000142669.9,SH3BGRL3,protein_coding,3,0.0112,K562,KARR-seq,cis_same_chromosome
K562_EP_0568,chr6,27866722,27879998,K562_TE_18284,chr6,3434652,3450247,K562_MPT_10778,ENSG00000137266.10,SLC22A23,protein_coding,3,0.0112,K562,KARR-seq,cis_same_chromosome
K562_EP_0569,chr7,77130224,77193261,K562_TE_20037,chr7,116649942,116665331,K562_MPT_12008,ENSG00000004866.14,ST7,protein_coding,3,0.0112,K562,KARR-seq,cis_same_chromosome
K562_EP_0570,chr22,40302297,40427613,K562_SE_446,chr22,50242490,50252490,K562_MPT_8838,ENSG00000100426.6,ZBED4,protein_coding,3,0.0112,K562,KARR-seq,cis_same_chromosome
K562_EP_0571,chr6,26414261,26428080,K562_TE_18263,chr6,26435700,26445786,K562_MPT_10889,ENSG00000111801.11,BTN3A3,protein_coding,3,0.0112,K562,KARR-seq,cis_same_chromosome
K562_EP_0572,chr12,74678119,74688044,K562_TE_5308,chr12,125047010,125057010,K562_MPT_3378,ENSG00000196498.9,NCOR2,protein_coding,3,0.0112,K562,KARR-seq,cis_same_chromosome
K562_EP_0573,chr2,45770371,45770642,K562_TE_11381,chr2,131094798,131105843,K562_MPT_7623,ENSG00000136718.5,IMP4,protein_coding,3,0.0112,K562,KARR-seq,cis_same_chromosome
K562_EP_0574,chr9,95498346,95519387,K562_TE_22141,chr9,126025843,126035855,K562_MPT_13081,ENSG00000165209.14,STRBP,protein_coding,3,0.0112,K562,KARR-seq,cis_same_chromosome
K562_EP_0575,chr17,20825600,20838060,K562_TE_8909,chr17,27134242,27144453,K562_MPT_5390,ENSG00000173065.9,FAM222B,protein_coding,3,0.0112,K562,KARR-seq,cis_same_chromosome
K562_EP_0576,chr1,27069570,27076962,K562_TE_395,chr1,155526821,155541097,K562_MPT_953,ENSG00000235919.3,ASH1L-AS1,lncRNA,3,0.0112,K562,KARR-seq,cis_same_chromosome
K562_EP_0577,chr3,44501786,44514067,K562_TE_14624,chr3,32606745,32617366,K562_MPT_8958,ENSG00000144635.4,DYNC1LI1,protein_coding,3,0.0112,K562,KARR-seq,cis_same_chromosome
K562_EP_0578,chr1,143117650,143141282,K562_TE_1330,chr1,173986435,173996647,K562_MPT_1096,ENSG00000135870.7,RC3H1,protein_coding,3,0.0112,K562,KARR-seq,cis_same_chromosome
K562_EP_0579,chr18,9055014,9096310,K562_TE_9789,chr18,9097628,9109080,K562_MPT_5979,ENSG00000265257.1,RP11-21J18.1,lncRNA,3,0.0112,K562,KARR-seq,cis_same_chromosome
K562_EP_0580,chr17,26380045,26454449,K562_TE_8935,chr17,55358205,55368205,K562_MPT_5693,ENSG00000153944.6,MSI2,protein_coding,3,0.0112,K562,KARR-seq,cis_same_chromosome
K562_EP_0581,chr19,39623116,39653870,K562_TE_10653,chr19,40591142,40601845,K562_MPT_6711,ENSG00000197782.10,ZNF780A,protein_coding,3,0.0112,K562,KARR-seq,cis_same_chromosome
K562_EP_0582,chr2,157256069,157262167,K562_TE_12187,chr2,219141931,219162309,K562_MPT_7883,ENSG00000135926.8,TMBIM1,protein_coding,3,0.0112,K562,KARR-seq,cis_same_chromosome
K562_EP_0583,chr14,105280717,105294061,K562_TE_6972,chr14,55028815,55039637,K562_MPT_3825,ENSG00000020577.9,SAMD4A,protein_coding,3,0.0112,K562,KARR-seq,cis_same_chromosome
K562_EP_0584,chr7,98684854,98731718,K562_TE_20136,chr7,140081707,140091707,K562_MPT_12110,ENSG00000202472.1,RNA5SP248,rRNA,3,0.0112,K562,KARR-seq,cis_same_chromosome
K562_EP_0585,chr6,138167626,138195667,K562_TE_19082,chr6,35431185,35441185,K562_MPT_11033,ENSG00000198755.6,RPL10A,protein_coding,3,0.0112,K562,KARR-seq,cis_same_chromosome
K562_EP_0586,chr5,149389031,149407916,K562_TE_17743,chr5,118599387,118609449,K562_MPT_10452,ENSG00000145779.7,TNFAIP8,protein_coding,3,0.0112,K562,KARR-seq,cis_same_chromosome
K562_EP_0587,chr17,79546459,79548871,K562_TE_9698,chr17,4262748,4274923,K562_MPT_5211,ENSG00000132388.8,UBE2G1,protein_coding,3,0.0112,K562,KARR-seq,cis_same_chromosome
K562_EP_0588,chr15,72528663,72531058,K562_TE_7517,chr15,72509872,72529164,K562_MPT_4385,ENSG00000067225.13,PKM,protein_coding,3,0.0112,K562,KARR-seq,cis_same_chromosome
K562_EP_0589,chr1,33178114,33199481,K562_TE_493,chr1,33163361,33174197,K562_MPT_346,ENSG00000162520.10,SYNC,protein_coding,3,0.0112,K562,KARR-seq,cis_same_chromosome
K562_EP_0590,chr9,20683670,20693256,K562_TE_21819,chr9,124127483,124142519,K562_MPT_13070,ENSG00000148175.8,STOM,protein_coding,3,0.0112,K562,KARR-seq,cis_same_chromosome
K562_EP_0591,chr1,8842073,8889894,K562_SE_2,chr1,31877412,31891660,K562_MPT_325,ENSG00000168528.7,SERINC2,protein_coding,3,0.0112,K562,KARR-seq,cis_same_chromosome
K562_EP_0592,chr2,65233126,65234389,K562_TE_11558,chr2,27574113,27585055,K562_MPT_7172,ENSG00000115207.9,GTF3C2,protein_coding,3,0.0112,K562,KARR-seq,cis_same_chromosome
K562_EP_0593,chr17,25646765,25708689,K562_SE_295,chr17,62328451,62345661,K562_MPT_5756,ENSG00000136478.3,TEX2,protein_coding,3,0.0112,K562,KARR-seq,cis_same_chromosome
K562_EP_0594,chr6,52402389,52423401,K562_TE_18577,chr6,30288911,30302359,K562_MPT_10946,ENSG00000248167.3,TRIM39-RPP21,protein_coding,3,0.0112,K562,KARR-seq,cis_same_chromosome
K562_EP_0595,chr17,38582022,38647262,K562_TE_9107,chr17,44265166,44278424,K562_MPT_5601,ENSG00000120071.8,KANSL1,protein_coding,3,0.0112,K562,KARR-seq,cis_same_chromosome
K562_EP_0596,chr19,14458957,14486868,K562_TE_10425,chr19,54682517,54718286,K562_MPT_6990,ENSG00000170889.9,RPS9,protein_coding,3,0.0112,K562,KARR-seq,cis_same_chromosome
K562_EP_0597,chr1,179177637,179188182,K562_TE_1772,chr1,25066848,25076848,K562_MPT_237,ENSG00000169504.10,CLIC4,protein_coding,3,0.0112,K562,KARR-seq,cis_same_chromosome
K562_EP_0598,chr19,15938687,15956027,K562_SE_336,chr19,46229162,46241509,K562_MPT_6822,ENSG00000177051.5,FBXO46,protein_coding,3,0.0112,K562,KARR-seq,cis_same_chromosome
K562_EP_0599,chr2,69809230,69861767,K562_TE_11609,chr2,113332161,113351617,K562_MPT_7562,ENSG00000200344.1,Y_RNA,misc_RNA,3,0.0112,K562,KARR-seq,cis_same_chromosome
K562_EP_0600,chr8,126175328,126206246,K562_TE_21571,chr8,99048954,99066084,K562_MPT_12528,ENSG00000245970.2,KB-1208A12.3,lncRNA,3,0.0112,K562,KARR-seq,cis_same_chromosome
K562_EP_0601,chr1,113228698,113240045,K562_TE_1234,chr1,205086143,205096143,K562_MPT_1207,ENSG00000117222.9,RBBP5,protein_coding,3,0.0112,K562,KARR-seq,cis_same_chromosome
K562_EP_0602,chr1,11898939,11911558,K562_TE_171,chr1,24301784,24311846,K562_MPT_231,ENSG00000188529.10,SRSF10,protein_coding,3,0.0112,K562,KARR-seq,cis_same_chromosome
K562_EP_0603,chr17,37037691,37057893,K562_TE_9070,chr17,36897881,36916653,K562_MPT_5473,ENSG00000252278.1,RNU6-866P,snRNA,3,0.0112,K562,KARR-seq,cis_same_chromosome
K562_EP_0604,chr1,207843376,207871226,K562_TE_2058,chr1,247237057,247247057,K562_MPT_1419,ENSG00000135747.7,ZNF670,protein_coding,3,0.0112,K562,KARR-seq,cis_same_chromosome
K562_EP_0605,chr12,12932537,12983668,K562_TE_4810,chr12,57903933,57948827,K562_MPT_3069,ENSG00000175203.11,DCTN2,protein_coding,3,0.0112,K562,KARR-seq,cis_same_chromosome
K562_EP_0606,chr4,155360950,155406743,K562_SE_523,chr4,48777265,48787316,K562_MPT_9782,ENSG00000075539.9,FRYL,protein_coding,3,0.0112,K562,KARR-seq,cis_same_chromosome
K562_EP_0607,chr10,89638363,89640262,K562_TE_3128,chr10,4863446,4873488,K562_MPT_1448,ENSG00000165568.13,AKR1E2,protein_coding,3,0.0112,K562,KARR-seq,cis_same_chromosome
K562_EP_0608,chr1,39380359,39389646,K562_TE_582,chr1,10453649,10464689,K562_MPT_112,ENSG00000142657.16,PGD,protein_coding,3,0.0112,K562,KARR-seq,cis_same_chromosome
K562_EP_0609,chr6,109693375,109695993,K562_TE_18869,chr6,126126281,126141364,K562_MPT_11331,ENSG00000111912.14,NCOA7,protein_coding,3,0.0112,K562,KARR-seq,cis_same_chromosome
K562_EP_0610,chr5,135415815,135424581,K562_TE_17596,chr5,177535444,177545444,K562_MPT_10711,ENSG00000145911.5,N4BP3,protein_coding,3,0.0112,K562,KARR-seq,cis_same_chromosome
K562_EP_0611,chr5,150843574,150845520,K562_TE_17771,chr5,79941855,79955802,K562_MPT_10358,ENSG00000228716.2,DHFR,protein_coding,3,0.0112,K562,KARR-seq,cis_same_chromosome
K562_EP_0612,chr11,3441706,3445112,K562_TE_3552,chr11,71493556,71503564,K562_MPT_2419,ENSG00000158483.11,FAM86C1,protein_coding,3,0.0112,K562,KARR-seq,cis_same_chromosome
K562_EP_0613,chr8,106336583,106447158,K562_SE_696,chr8,143818829,143828829,K562_MPT_12660,ENSG00000126233.1,SLURP1,protein_coding,3,0.0112,K562,KARR-seq,cis_same_chromosome
K562_EP_0614,chr17,7370209,7371126,K562_TE_8760,chr17,27905890,27926072,K562_MPT_5402,ENSG00000264647.1,RP11-68I3.7,lncRNA,3,0.0112,K562,KARR-seq,cis_same_chromosome
K562_EP_0615,chr2,198714946,198759771,K562_TE_12512,chr2,84681604,84691604,K562_MPT_7422,ENSG00000163541.7,SUCLG1,protein_coding,3,0.0112,K562,KARR-seq,cis_same_chromosome
K562_EP_0616,chr1,36700668,36723932,K562_TE_543,chr1,55500221,55510895,K562_MPT_546,ENSG00000169174.9,PCSK9,protein_coding,3,0.0112,K562,KARR-seq,cis_same_chromosome
K562_EP_0617,chr17,38480142,38491681,K562_TE_9105,chr17,38511907,38529204,K562_MPT_5504,ENSG00000266208.1,CTD-2267D19.3,protein_coding,3,0.0112,K562,KARR-seq,cis_same_chromosome
K562_EP_0618,chr1,151282823,151287303,K562_TE_1448,chr1,32393621,32413177,K562_MPT_332,ENSG00000184007.13,PTP4A2,protein_coding,3,0.0112,K562,KARR-seq,cis_same_chromosome
K562_EP_0619,chr9,126582526,126599660,K562_TE_22422,chr9,86531342,86541342,K562_MPT_12905,ENSG00000165115.10,KIF27,protein_coding,3,0.0112,K562,KARR-seq,cis_same_chromosome
K562_EP_0620,chr1,27823323,27901393,K562_SE_25,chr1,154575682,154590067,K562_MPT_936,ENSG00000268141.1,AL606500.1,protein_coding,3,0.0112,K562,KARR-seq,cis_same_chromosome
K562_EP_0621,chr1,174113216,174141803,K562_TE_1745,chr1,27049199,27059199,K562_MPT_267,ENSG00000117713.13,ARID1A,protein_coding,3,0.0112,K562,KARR-seq,cis_same_chromosome
K562_EP_0622,chr1,45162613,45199312,K562_SE_39,chr1,87374809,87385357,K562_MPT_632,ENSG00000153936.12,HS2ST1,protein_coding,3,0.0112,K562,KARR-seq,cis_same_chromosome
K562_EP_0623,chr1,22179640,22194604,K562_TE_301,chr1,23484197,23509301,K562_MPT_216,ENSG00000252578.1,RNU6-135P,snRNA,3,0.0112,K562,KARR-seq,cis_same_chromosome
K562_EP_0624,chr6,26129900,26134276,K562_TE_18259,chr6,30869655,30887159,K562_MPT_10964,ENSG00000137411.12,VARS2,protein_coding,3,0.0112,K562,KARR-seq,cis_same_chromosome
K562_EP_0625,chr22,21845384,21889457,K562_SE_437,chr22,41935449,41945610,K562_MPT_8781,ENSG00000100413.12,POLR3H,protein_coding,3,0.0112,K562,KARR-seq,cis_same_chromosome
K562_EP_0626,chr1,111458493,111473076,K562_TE_1212,chr1,65767204,65780228,K562_MPT_573,ENSG00000116675.11,DNAJC6,protein_coding,3,0.0112,K562,KARR-seq,cis_same_chromosome
K562_EP_0627,chr1,52200460,52218772,K562_TE_767,chr1,24735215,24751038,K562_MPT_234,ENSG00000001460.13,STPG1,protein_coding,3,0.0112,K562,KARR-seq,cis_same_chromosome
K562_EP_0628,chr1,32370486,32397588,K562_TE_476,chr1,101355220,101366810,K562_MPT_691,ENSG00000162694.9,EXTL2,protein_coding,3,0.0112,K562,KARR-seq,cis_same_chromosome
K562_EP_0629,chr9,37290422,37309519,K562_TE_21901,chr9,5624025,5634327,K562_MPT_12732,ENSG00000107036.7,KIAA1432,protein_coding,3,0.0112,K562,KARR-seq,cis_same_chromosome
K562_EP_0630,chr1,234623411,234694605,K562_SE_107,chr1,235319535,235329772,K562_MPT_1376,ENSG00000188739.10,RBM34,protein_coding,3,0.0112,K562,KARR-seq,cis_same_chromosome
K562_EP_0631,chr1,211756531,211841033,K562_SE_96,chr1,212777012,212787257,K562_MPT_1262,ENSG00000162772.12,ATF3,protein_coding,3,0.0112,K562,KARR-seq,cis_same_chromosome
K562_EP_0632,chr12,63118843,63125453,K562_TE_5208,chr12,104318885,104329203,K562_MPT_3202,ENSG00000214198.3,RP11-642P15.1,pseudogene,3,0.0112,K562,KARR-seq,cis_same_chromosome
K562_EP_0633,chr11,46442681,46473142,K562_TE_3902,chr11,77700712,77710724,K562_MPT_2485,ENSG00000149262.12,INTS4,protein_coding,3,0.0112,K562,KARR-seq,cis_same_chromosome
K562_EP_0634,chr1,21346460,21357035,K562_SE_16,chr1,154595440,154605474,K562_MPT_937,ENSG00000160710.11,ADAR,protein_coding,3,0.0112,K562,KARR-seq,cis_same_chromosome
K562_EP_0635,chr12,105060893,105066143,K562_TE_5507,chr12,123709993,123723302,K562_MPT_3361,ENSG00000130921.3,C12orf65,protein_coding,3,0.0112,K562,KARR-seq,cis_same_chromosome
K562_EP_0636,chr1,165801944,165840770,K562_TE_1644,chr1,145570233,145581024,K562_MPT_824,ENSG00000131788.11,PIAS3,protein_coding,3,0.0112,K562,KARR-seq,cis_same_chromosome
K562_EP_0637,chr1,246734373,246761217,K562_SE_113,chr1,33214622,33224622,K562_MPT_349,ENSG00000162522.6,KIAA1522,protein_coding,3,0.0112,K562,KARR-seq,cis_same_chromosome
K562_EP_0638,chr15,25661482,25675808,K562_TE_7019,chr15,41236067,41251404,K562_MPT_4200,ENSG00000259405.1,ISCA1P4,pseudogene,3,0.0112,K562,KARR-seq,cis_same_chromosome
K562_EP_0639,chr1,180884340,180910996,K562_TE_1797,chr1,42795636,42809047,K562_MPT_444,ENSG00000198815.4,FOXJ3,protein_coding,3,0.0112,K562,KARR-seq,cis_same_chromosome
K562_EP_0640,chr7,100219321,100225085,K562_TE_20171,chr7,75672271,75682479,K562_MPT_11830,ENSG00000127952.12,STYXL1,protein_coding,3,0.0112,K562,KARR-seq,cis_same_chromosome
K562_EP_0641,chr1,65804472,65818434,K562_TE_909,chr1,87374809,87385357,K562_MPT_632,ENSG00000153936.12,HS2ST1,protein_coding,3,0.0112,K562,KARR-seq,cis_same_chromosome
K562_EP_0642,chr6,43837350,44064227,K562_SE_602,chr6,31457658,31470922,K562_MPT_10972,ENSG00000200344.1,Y_RNA,misc_RNA,3,0.0112,K562,KARR-seq,cis_same_chromosome
K562_EP_0643,chr7,44056873,44079075,K562_TE_19783,chr7,102307048,102317076,K562_MPT_11951,ENSG00000228049.5,POLR2J2,protein_coding,3,0.0112,K562,KARR-seq,cis_same_chromosome
K562_EP_0644,chr15,73877204,73904698,K562_TE_7530,chr15,102183515,102197594,K562_MPT_4586,ENSG00000252614.1,RNU6-807P,snRNA,3,0.0112,K562,KARR-seq,cis_same_chromosome
K562_EP_0645,chrX,48995279,49013513,K562_SE_745,chrX,38655685,38668136,K562_MPT_13344,ENSG00000238123.1,MID1IP1-AS1,lncRNA,3,0.0112,K562,KARR-seq,cis_same_chromosome
K562_EP_0646,chr1,110423603,110445365,K562_TE_1197,chr1,110447864,110458608,K562_MPT_727,ENSG00000184371.9,CSF1,protein_coding,3,0.0112,K562,KARR-seq,cis_same_chromosome
K562_EP_0647,chr12,7268607,7275690,K562_TE_4742,chr12,58120612,58181601,K562_MPT_3073,ENSG00000123297.12,TSFM,protein_coding,3,0.0112,K562,KARR-seq,cis_same_chromosome
K562_EP_0648,chr15,29058996,29083807,K562_TE_7045,chr15,23126927,23136927,K562_MPT_4107,ENSG00000259480.1,RP11-26F2.1,pseudogene,3,0.0112,K562,KARR-seq,cis_same_chromosome
K562_EP_0649,chr2,223437214,223438643,K562_TE_12712,chr2,43448748,43461712,K562_MPT_7238,ENSG00000152518.5,ZFP36L2,protein_coding,3,0.0112,K562,KARR-seq,cis_same_chromosome
K562_EP_0650,chr7,127422022,127463787,K562_TE_20416,chr7,106296342,106306442,K562_MPT_11977,ENSG00000253276.1,CCDC71L,protein_coding,3,0.0112,K562,KARR-seq,cis_same_chromosome
K562_EP_0651,chr19,943629,963454,K562_TE_10189,chr19,45452264,45463815,K562_MPT_6802,ENSG00000104853.11,CLPTM1,protein_coding,3,0.0112,K562,KARR-seq,cis_same_chromosome
K562_EP_0652,chr8,52782583,52803407,K562_TE_21110,chr8,86124931,86137650,K562_MPT_12478,ENSG00000176731.7,C8orf59,protein_coding,3,0.0112,K562,KARR-seq,cis_same_chromosome
K562_EP_0653,chr19,4051311,4059958,K562_TE_10253,chr19,45837445,45853658,K562_MPT_6810,ENSG00000268341.1,L47234.1,protein_coding,3,0.0112,K562,KARR-seq,cis_same_chromosome
K562_EP_0654,chr15,35285450,35295896,K562_TE_7104,chr15,35275426,35285488,K562_MPT_4159,ENSG00000198146.4,ZNF770,protein_coding,3,0.0112,K562,KARR-seq,cis_same_chromosome
K562_EP_0655,chr2,158119474,158127985,K562_SE_385,chr2,242636455,242646461,K562_MPT_7985,ENSG00000168395.10,ING5,protein_coding,3,0.0112,K562,KARR-seq,cis_same_chromosome
K562_EP_0656,chr2,97545950,97626315,K562_SE_375,chr2,182751390,182761923,K562_MPT_7764,ENSG00000138434.12,SSFA2,protein_coding,3,0.0112,K562,KARR-seq,cis_same_chromosome
K562_EP_0657,chr4,53577019,53581975,K562_TE_16017,chr4,56207276,56223575,K562_MPT_9798,ENSG00000251111.2,FCF1P8,pseudogene,3,0.0112,K562,KARR-seq,cis_same_chromosome
K562_EP_0658,chr7,132567444,132577567,K562_TE_20489,chr7,115845547,115855603,K562_MPT_12000,ENSG00000135269.13,TES,protein_coding,3,0.0112,K562,KARR-seq,cis_same_chromosome
K562_EP_0659,chr1,32566195,32610476,K562_TE_479,chr1,32568639,32578889,K562_MPT_335,ENSG00000025800.9,KPNA6,protein_coding,3,0.0112,K562,KARR-seq,cis_same_chromosome
K562_EP_0660,chr22,20969329,20970145,K562_TE_13812,chr22,19999331,20013678,K562_MPT_8553,ENSG00000099889.9,ARVCF,protein_coding,3,0.0112,K562,KARR-seq,cis_same_chromosome
K562_EP_0661,chr1,207843376,207871226,K562_TE_2058,chr1,8478726,8490698,K562_MPT_90,ENSG00000142599.13,RERE,protein_coding,3,0.0112,K562,KARR-seq,cis_same_chromosome
K562_EP_0662,chr1,22212524,22297321,K562_SE_19,chr1,145465387,145482085,K562_MPT_821,ENSG00000181039.7,ANKRD34A,protein_coding,3,0.0112,K562,KARR-seq,cis_same_chromosome
K562_EP_0663,chr1,55644512,55675407,K562_TE_831,chr1,44492032,44521865,K562_MPT_465,ENSG00000230615.2,RP5-1198O20.4,lncRNA,3,0.0112,K562,KARR-seq,cis_same_chromosome
K562_EP_0664,chr11,12257574,12312466,K562_TE_3668,chr11,3813688,3824202,K562_MPT_2008,ENSG00000110713.11,NUP98,protein_coding,3,0.0112,K562,KARR-seq,cis_same_chromosome
K562_EP_0665,chr6,13290126,13322181,K562_TE_18130,chr6,34634733,34644733,K562_MPT_11023,ENSG00000196821.5,C6orf106,protein_coding,3,0.0112,K562,KARR-seq,cis_same_chromosome
K562_EP_0666,chr12,125288872,125292576,K562_TE_5786,chr12,125047010,125057010,K562_MPT_3378,ENSG00000196498.9,NCOR2,protein_coding,3,0.0112,K562,KARR-seq,cis_same_chromosome
K562_EP_0667,chr1,26330287,26431935,K562_SE_21,chr1,35725083,35739634,K562_MPT_368,ENSG00000146463.7,ZMYM4,protein_coding,3,0.0112,K562,KARR-seq,cis_same_chromosome
K562_EP_0668,chr3,186533151,186550760,K562_TE_15614,chr3,88101459,88113424,K562_MPT_9189,ENSG00000163320.6,CGGBP1,protein_coding,3,0.0112,K562,KARR-seq,cis_same_chromosome
K562_EP_0669,chr19,15387467,15415672,K562_TE_10441,chr19,16730472,16746563,K562_MPT_6479,ENSG00000269427.1,CTC-429P9.1,lncRNA,3,0.0112,K562,KARR-seq,cis_same_chromosome
K562_EP_0670,chr3,151894697,151979564,K562_SE_487,chr3,43726605,43738086,K562_MPT_9013,ENSG00000160746.8,ANO10,protein_coding,3,0.0112,K562,KARR-seq,cis_same_chromosome
K562_EP_0671,chr1,198618622,198652209,K562_TE_1923,chr1,27108963,27120419,K562_MPT_269,ENSG00000060642.6,PIGV,protein_coding,3,0.0112,K562,KARR-seq,cis_same_chromosome
K562_EP_0672,chr22,28766098,28775532,K562_TE_13927,chr22,41859729,41870134,K562_MPT_8780,ENSG00000100410.3,PHF5A,protein_coding,3,0.0112,K562,KARR-seq,cis_same_chromosome
K562_EP_0673,chr9,96344229,96363089,K562_TE_22152,chr9,100949922,100959922,K562_MPT_12987,ENSG00000106789.8,CORO2A,protein_coding,3,0.0112,K562,KARR-seq,cis_same_chromosome
K562_EP_0674,chr11,75203193,75228771,K562_TE_4239,chr11,5286388,5296388,K562_MPT_2028,ENSG00000213931.1,HBE1,protein_coding,3,0.0112,K562,KARR-seq,cis_same_chromosome
K562_EP_0675,chr2,234776461,234777135,K562_TE_12810,chr2,234758120,234768212,K562_MPT_7950,ENSG00000123485.7,HJURP,protein_coding,3,0.0112,K562,KARR-seq,cis_same_chromosome
K562_EP_0676,chr1,78170434,78172381,K562_TE_990,chr1,78143343,78154104,K562_MPT_607,ENSG00000036549.8,ZZZ3,protein_coding,3,0.0112,K562,KARR-seq,cis_same_chromosome
K562_EP_0677,chr7,77528235,77547413,K562_TE_20044,chr7,43793279,43811889,K562_MPT_11691,ENSG00000229497.1,AC005189.6,pseudogene,3,0.0112,K562,KARR-seq,cis_same_chromosome
K562_EP_0678,chr1,27917940,27958418,K562_TE_410,chr1,27925102,27935143,K562_MPT_286,ENSG00000126705.9,AHDC1,protein_coding,3,0.0112,K562,KARR-seq,cis_same_chromosome
K562_EP_0679,chr6,41008497,41033819,K562_TE_18475,chr6,43390104,43404489,K562_MPT_11105,ENSG00000124574.10,ABCC10,protein_coding,3,0.0112,K562,KARR-seq,cis_same_chromosome
K562_EP_0680,chr3,15052270,15053495,K562_TE_14395,chr3,141452046,141462139,K562_MPT_9380,ENSG00000114125.9,RNF7,protein_coding,3,0.0112,K562,KARR-seq,cis_same_chromosome
K562_EP_0681,chr10,49662314,49726855,K562_SE_133,chr10,104173901,104185598,K562_MPT_1855,ENSG00000107872.8,FBXL15,protein_coding,3,0.0112,K562,KARR-seq,cis_same_chromosome
K562_EP_0682,chr9,139569409,139574707,K562_TE_22622,chr9,139933544,139988633,K562_MPT_13240,ENSG00000231864.2,RP11-229P13.23,lncRNA,3,0.0112,K562,KARR-seq,cis_same_chromosome
K562_EP_0683,chr1,45075091,45105248,K562_TE_689,chr1,11981480,11999810,K562_MPT_129,ENSG00000083444.12,PLOD1,protein_coding,3,0.0112,K562,KARR-seq,cis_same_chromosome
K562_EP_0684,chr17,57759908,57773182,K562_TE_9388,chr17,40163716,40178394,K562_MPT_5523,ENSG00000168256.13,NKIRAS2,protein_coding,3,0.0112,K562,KARR-seq,cis_same_chromosome
K562_EP_0685,chr6,155072954,155083718,K562_TE_19213,chr6,31908427,31955150,K562_MPT_10987,ENSG00000243649.4,CFB,protein_coding,3,0.0112,K562,KARR-seq,cis_same_chromosome
K562_EP_0686,chr3,9510173,9512192,K562_TE_14319,chr3,195992412,196002412,K562_MPT_9588,ENSG00000161217.7,PCYT1A,protein_coding,3,0.0112,K562,KARR-seq,cis_same_chromosome
K562_EP_0687,chr1,183884799,183926869,K562_TE_1828,chr1,25732930,25762411,K562_MPT_242,ENSG00000204178.5,TMEM57,protein_coding,3,0.0112,K562,KARR-seq,cis_same_chromosome
K562_EP_0688,chr8,54918327,54927581,K562_TE_21121,chr8,98651407,98662021,K562_MPT_12523,ENSG00000147649.5,MTDH,protein_coding,3,0.0112,K562,KARR-seq,cis_same_chromosome
K562_EP_0689,chr1,246148100,246176033,K562_TE_2394,chr1,23665755,23675829,K562_MPT_217,ENSG00000125944.14,HNRNPR,protein_coding,3,0.0112,K562,KARR-seq,cis_same_chromosome
K562_EP_0690,chr8,55121773,55125374,K562_TE_21127,chr8,124775696,124785697,K562_MPT_12598,ENSG00000176853.11,FAM91A1,protein_coding,3,0.0112,K562,KARR-seq,cis_same_chromosome
K562_EP_0691,chr8,23329772,23410744,K562_SE_681,chr8,23381318,23391573,K562_MPT_12302,ENSG00000147454.9,SLC25A37,protein_coding,3,0.0112,K562,KARR-seq,cis_same_chromosome
K562_EP_0692,chr1,16353475,16359810,K562_TE_219,chr1,16370284,16383818,K562_MPT_155,ENSG00000184908.13,CLCNKB,protein_coding,3,0.0112,K562,KARR-seq,cis_same_chromosome
K562_EP_0693,chr17,8431663,8437754,K562_TE_8777,chr17,17718265,17731932,K562_MPT_5317,ENSG00000072310.12,SREBF1,protein_coding,3,0.0112,K562,KARR-seq,cis_same_chromosome
K562_EP_0694,chr4,8474104,8489007,K562_TE_15828,chr4,38660817,38671504,K562_MPT_9748,ENSG00000196355.2,AC021860.1,protein_coding,3,0.0112,K562,KARR-seq,cis_same_chromosome
K562_EP_0695,chr6,116945306,116953663,K562_TE_18921,chr6,147518603,147532110,K562_MPT_11407,ENSG00000233452.2,STXBP5-AS1,lncRNA,3,0.0112,K562,KARR-seq,cis_same_chromosome
K562_EP_0696,chr13,96350565,96360533,K562_TE_6207,chr13,27820446,27834538,K562_MPT_3465,ENSG00000200235.1,SNORA27,snoRNA,3,0.0112,K562,KARR-seq,cis_same_chromosome
K562_EP_0697,chr17,33373872,33379040,K562_TE_9024,chr17,47836493,47846529,K562_MPT_5651,ENSG00000121104.3,FAM117A,protein_coding,3,0.0112,K562,KARR-seq,cis_same_chromosome
K562_EP_0698,chrX,39849476,39879138,K562_TE_22845,chrX,106354996,106367057,K562_MPT_13562,ENSG00000089682.12,RBM41,protein_coding,3,0.0112,K562,KARR-seq,cis_same_chromosome
K562_EP_0699,chrX,138223591,138233346,K562_TE_23301,chrX,117475036,117485106,K562_MPT_13582,ENSG00000131725.9,WDR44,protein_coding,3,0.0112,K562,KARR-seq,cis_same_chromosome
K562_EP_0700,chr1,178971454,179031189,K562_SE_83,chr1,33440543,33450548,K562_MPT_354,ENSG00000217644.4,RP4-803A2.1,pseudogene,3,0.0112,K562,KARR-seq,cis_same_chromosome
K562_EP_0701,chr3,197798551,197836316,K562_TE_15721,chr3,169894516,169904537,K562_MPT_9463,ENSG00000173889.11,PHC3,protein_coding,3,0.0112,K562,KARR-seq,cis_same_chromosome
K562_EP_0702,chr15,27698947,27714434,K562_TE_7027,chr15,90723152,90749768,K562_MPT_4539,ENSG00000185033.10,SEMA4B,protein_coding,3,0.0112,K562,KARR-seq,cis_same_chromosome
K562_EP_0703,chr19,3423238,3435804,K562_TE_10240,chr19,3964826,3976121,K562_MPT_6256,ENSG00000167657.7,DAPK3,protein_coding,3,0.0112,K562,KARR-seq,cis_same_chromosome
K562_EP_0704,chr6,119536939,119551664,K562_TE_18950,chr6,151353110,151366107,K562_MPT_11427,ENSG00000221469.1,AL133260.1,miRNA,3,0.0112,K562,KARR-seq,cis_same_chromosome
K562_EP_0705,chr8,97949861,97962838,K562_TE_21356,chr8,144669339,144705218,K562_MPT_12674,ENSG00000179886.4,TIGD5,protein_coding,3,0.0112,K562,KARR-seq,cis_same_chromosome
K562_EP_0706,chr7,65904693,65927328,K562_TE_19908,chr7,65950046,65963773,K562_MPT_11768,ENSG00000244510.1,GS1-124K5.7,pseudogene,3,0.0112,K562,KARR-seq,cis_same_chromosome
K562_EP_0707,chr12,122580754,122606921,K562_TE_5725,chr12,66519482,66529548,K562_MPT_3095,ENSG00000139233.2,LLPH,protein_coding,3,0.0112,K562,KARR-seq,cis_same_chromosome
K562_EP_0708,chr7,647474,676632,K562_TE_19373,chr7,138907574,138921231,K562_MPT_12102,ENSG00000228360.1,RP11-365F18.1,pseudogene,3,0.0112,K562,KARR-seq,cis_same_chromosome
K562_EP_0709,chr1,29228335,29233211,K562_TE_440,chr1,224616807,224629735,K562_MPT_1307,ENSG00000162923.10,WDR26,protein_coding,3,0.0112,K562,KARR-seq,cis_same_chromosome
K562_EP_0710,chr3,171033595,171073159,K562_TE_15459,chr3,139102119,139113718,K562_MPT_9372,ENSG00000252245.1,RNU6-736P,snRNA,3,0.0112,K562,KARR-seq,cis_same_chromosome
K562_EP_0711,chr17,29780777,29799671,K562_TE_8989,chr17,79510524,79525987,K562_MPT_5909,ENSG00000185504.12,C17orf70,protein_coding,3,0.0112,K562,KARR-seq,cis_same_chromosome
K562_EP_0712,chr1,153848160,153862170,K562_TE_1486,chr1,32474430,32484597,K562_MPT_333,ENSG00000121774.13,KHDRBS1,protein_coding,3,0.0112,K562,KARR-seq,cis_same_chromosome
K562_EP_0713,chr1,53204606,53218522,K562_TE_788,chr1,54350452,54364884,K562_MPT_533,ENSG00000211452.6,DIO1,protein_coding,3,0.0112,K562,KARR-seq,cis_same_chromosome
K562_EP_0714,chr11,66934632,66945535,K562_TE_4103,chr11,85774822,85785924,K562_MPT_2511,ENSG00000073921.13,PICALM,protein_coding,3,0.0112,K562,KARR-seq,cis_same_chromosome
K562_EP_0715,chr1,150576644,150613992,K562_SE_71,chr1,94878933,94889035,K562_MPT_672,ENSG00000117528.7,ABCD3,protein_coding,3,0.0112,K562,KARR-seq,cis_same_chromosome
K562_EP_0716,chr7,120799714,120801518,K562_TE_20384,chr7,99864574,99874855,K562_MPT_11915,ENSG00000239521.3,GATS,pseudogene,3,0.0112,K562,KARR-seq,cis_same_chromosome
K562_EP_0717,chr1,206721556,206764381,K562_TE_2035,chr1,851396,866118,K562_MPT_17,ENSG00000223764.2,RP11-54O7.3,lncRNA,3,0.0112,K562,KARR-seq,cis_same_chromosome
K562_EP_0718,chr1,14982127,14987821,K562_TE_193,chr1,6252817,6274449,K562_MPT_68,ENSG00000116251.5,RPL22,protein_coding,3,0.0112,K562,KARR-seq,cis_same_chromosome
K562_EP_0719,chr11,27392310,27452256,K562_TE_3773,chr11,64638138,64665921,K562_MPT_2310,ENSG00000207648.1,MIR192,miRNA,3,0.0112,K562,KARR-seq,cis_same_chromosome
K562_EP_0720,chr1,143449745,143468119,K562_SE_62,chr1,113610727,113620831,K562_MPT_753,ENSG00000238198.1,RP11-31F15.2,lncRNA,3,0.0112,K562,KARR-seq,cis_same_chromosome
K562_EP_0721,chr1,201448775,201458834,K562_TE_1943,chr1,182355539,182366341,K562_MPT_1133,ENSG00000135821.12,GLUL,protein_coding,3,0.0112,K562,KARR-seq,cis_same_chromosome
K562_EP_0722,chr11,100537472,100537668,K562_TE_4424,chr11,118950593,118986767,K562_MPT_2630,ENSG00000172269.12,DPAGT1,protein_coding,3,0.0112,K562,KARR-seq,cis_same_chromosome
K562_EP_0723,chr7,135595500,135679681,K562_SE_667,chr7,55428141,55438141,K562_MPT_11728,ENSG00000132434.5,LANCL2,protein_coding,3,0.0112,K562,KARR-seq,cis_same_chromosome
K562_EP_0724,chr22,31985525,32012504,K562_TE_13992,chr22,17556591,17570849,K562_MPT_8524,ENSG00000177663.9,IL17RA,protein_coding,3,0.0112,K562,KARR-seq,cis_same_chromosome
K562_EP_0725,chr1,227486268,227499736,K562_TE_2226,chr1,117597112,117607925,K562_MPT_776,ENSG00000116830.7,TTF2,protein_coding,3,0.0112,K562,KARR-seq,cis_same_chromosome
K562_EP_0726,chr1,32810683,32812532,K562_TE_484,chr1,32796980,32806980,K562_MPT_341,ENSG00000175130.6,MARCKSL1,protein_coding,3,0.0112,K562,KARR-seq,cis_same_chromosome
K562_EP_0727,chr3,24544640,24564061,K562_TE_14467,chr3,195794690,195814060,K562_MPT_9585,ENSG00000072274.8,TFRC,protein_coding,3,0.0112,K562,KARR-seq,cis_same_chromosome
K562_EP_0728,chr10,50340120,50390405,K562_SE_134,chr10,127580005,127590180,K562_MPT_1936,ENSG00000089876.7,DHX32,protein_coding,3,0.0112,K562,KARR-seq,cis_same_chromosome
K562_EP_0729,chr6,35613993,35649387,K562_TE_18406,chr6,133114661,133124701,K562_MPT_11352,ENSG00000146409.6,SLC18B1,protein_coding,3,0.0112,K562,KARR-seq,cis_same_chromosome
K562_EP_0730,chr4,87933401,87964832,K562_TE_16271,chr4,80988717,80999626,K562_MPT_9870,ENSG00000163297.12,ANTXR2,protein_coding,3,0.0112,K562,KARR-seq,cis_same_chromosome
K562_EP_0731,chr7,137613403,137699756,K562_SE_668,chr7,4775490,4785490,K562_MPT_11525,ENSG00000164916.9,FOXK1,protein_coding,3,0.0112,K562,KARR-seq,cis_same_chromosome
K562_EP_0732,chr10,104481629,104498986,K562_TE_3289,chr10,102738474,102764610,K562_MPT_1839,ENSG00000095539.11,SEMA4G,protein_coding,3,0.0112,K562,KARR-seq,cis_same_chromosome
K562_EP_0733,chr1,51883705,51908088,K562_TE_759,chr1,151025234,151037125,K562_MPT_892,ENSG00000213190.2,MLLT11,protein_coding,3,0.0112,K562,KARR-seq,cis_same_chromosome
K562_EP_0734,chr1,44692622,44707806,K562_TE_682,chr1,155526821,155541097,K562_MPT_953,ENSG00000235919.3,ASH1L-AS1,lncRNA,3,0.0112,K562,KARR-seq,cis_same_chromosome
K562_EP_0735,chr19,28942803,29111036,K562_SE_341,chr19,18106941,18123977,K562_MPT_6509,ENSG00000105643.5,ARRDC2,protein_coding,6,0.0113,K562,KARR-seq,cis_same_chromosome
K562_EP_0736,chr1,207843376,207871226,K562_TE_2058,chr1,32660987,32679695,K562_MPT_337,ENSG00000224066.1,RP4-622L5.7,lncRNA,3,0.0116,K562,KARR-seq,cis_same_chromosome
K562_EP_0737,chr8,130546590,130605033,K562_SE_702,chr8,144669339,144705218,K562_MPT_12674,ENSG00000179886.4,TIGD5,protein_coding,7,0.0118,K562,KARR-seq,cis_same_chromosome
K562_EP_0738,chr1,90329507,90423245,K562_SE_51,chr1,167594330,167604911,K562_MPT_1060,ENSG00000198771.6,RCSD1,protein_coding,5,0.0118,K562,KARR-seq,cis_same_chromosome
K562_EP_0739,chr8,130452382,130513523,K562_TE_21615,chr8,37751972,37771259,K562_MPT_12347,ENSG00000241032.2,RN7SL709P,misc_RNA,5,0.0118,K562,KARR-seq,cis_same_chromosome
K562_EP_0740,chr1,198618622,198652209,K562_TE_1923,chr1,25732930,25762411,K562_MPT_242,ENSG00000204178.5,TMEM57,protein_coding,3,0.0122,K562,KARR-seq,cis_same_chromosome
K562_EP_0741,chr17,6814340,6882186,K562_TE_8753,chr17,75077798,75092901,K562_MPT_5853,ENSG00000203316.1,AC015815.3,pseudogene,3,0.0122,K562,KARR-seq,cis_same_chromosome
K562_EP_0742,chr9,140376274,140389298,K562_TE_22641,chr9,44985314,45009879,K562_MPT_12846,ENSG00000235659.1,RP11-374M1.5,lncRNA,3,0.0122,K562,KARR-seq,cis_same_chromosome
K562_EP_0743,chr8,135278,175624,K562_TE_20753,chr8,41650140,41665867,K562_MPT_12367,ENSG00000200344.1,Y_RNA,misc_RNA,3,0.0122,K562,KARR-seq,cis_same_chromosome
K562_EP_0744,chr2,55314458,55403421,K562_SE_365,chr2,27250822,27265743,K562_MPT_7164,ENSG00000119777.14,TMEM214,protein_coding,3,0.0122,K562,KARR-seq,cis_same_chromosome
K562_EP_0745,chr9,127450836,127487668,K562_TE_22440,chr9,115244127,115254484,K562_MPT_13037,ENSG00000165185.10,KIAA1958,protein_coding,3,0.0122,K562,KARR-seq,cis_same_chromosome
K562_EP_0746,chr11,5383351,5392390,K562_TE_3581,chr11,33752954,33762991,K562_MPT_2142,ENSG00000085063.10,CD59,protein_coding,3,0.0122,K562,KARR-seq,cis_same_chromosome
K562_EP_0747,chr4,206429,207231,K562_TE_15726,chr4,44850,58210,K562_MPT_9618,ENSG00000248302.2,Z95704.4,pseudogene,3,0.0122,K562,KARR-seq,cis_same_chromosome
K562_EP_0748,chr6,4906494,4943216,K562_TE_18049,chr6,49599552,49609552,K562_MPT_11128,ENSG00000112077.11,RHAG,protein_coding,3,0.0122,K562,KARR-seq,cis_same_chromosome
K562_EP_0749,chr11,65235059,65278329,K562_SE_179,chr11,95514969,95533706,K562_MPT_2546,ENSG00000077458.8,FAM76B,protein_coding,13,0.0129,K562,KARR-seq,cis_same_chromosome
K562_EP_0750,chr1,246117602,246125545,K562_TE_2393,chr1,928431,960503,K562_MPT_20,ENSG00000224969.1,RP11-54O7.11,lncRNA,3,0.0129,K562,KARR-seq,cis_same_chromosome
K562_EP_0751,chr10,17428438,17488066,K562_SE_124,chr10,73599551,73616126,K562_MPT_1701,ENSG00000197746.9,PSAP,protein_coding,3,0.0129,K562,KARR-seq,cis_same_chromosome
K562_EP_0752,chr7,157138114,157161220,K562_TE_20727,chr7,126985182,126995182,K562_MPT_12030,ENSG00000224138.1,AC000123.4,lncRNA,3,0.0129,K562,KARR-seq,cis_same_chromosome
K562_EP_0753,chr12,110994462,111016408,K562_TE_5573,chr12,93766484,93777430,K562_MPT_3161,ENSG00000173598.9,NUDT4,protein_coding,3,0.0137,K562,KARR-seq,cis_same_chromosome
K562_EP_0754,chr8,56797452,56843556,K562_TE_21135,chr8,17008538,17025308,K562_MPT_12260,ENSG00000104219.8,ZDHHC2,protein_coding,3,0.0137,K562,KARR-seq,cis_same_chromosome
K562_EP_0755,chr11,65235059,65278329,K562_SE_179,chr11,93447769,93484651,K562_MPT_2530,ENSG00000200344.1,Y_RNA,misc_RNA,47,0.0138,K562,KARR-seq,cis_same_chromosome
K562_EP_0756,chr16,23853484,23934208,K562_SE_269,chr16,85640015,85651958,K562_MPT_5120,ENSG00000131149.13,GSE1,protein_coding,9,0.0138,K562,KARR-seq,cis_same_chromosome
K562_EP_0757,chr16,23853484,23934208,K562_SE_269,chr16,88846619,88856619,K562_MPT_5142,ENSG00000103335.15,PIEZO1,protein_coding,6,0.0138,K562,KARR-seq,cis_same_chromosome
K562_EP_0758,chr11,65235059,65278329,K562_SE_179,chr11,114265752,114276396,K562_MPT_2598,ENSG00000076053.6,RBM7,protein_coding,6,0.0138,K562,KARR-seq,cis_same_chromosome
K562_EP_0759,chr1,230208360,230327626,K562_SE_104,chr1,173827386,173843094,K562_MPT_1095,ENSG00000270084.1,GAS5-AS1,lncRNA,6,0.0138,K562,KARR-seq,cis_same_chromosome
K562_EP_0760,chr6,68585750,68609380,K562_SE_605,chr6,31908427,31955150,K562_MPT_10987,ENSG00000243649.4,CFB,protein_coding,6,0.0138,K562,KARR-seq,cis_same_chromosome
K562_EP_0761,chr11,65235059,65278329,K562_SE_179,chr11,33032410,33042710,K562_MPT_2136,ENSG00000121690.5,DEPDC7,protein_coding,5,0.0138,K562,KARR-seq,cis_same_chromosome
K562_EP_0762,chr6,68585750,68609380,K562_SE_605,chr6,97340757,97350757,K562_MPT_11230,ENSG00000123545.5,NDUFAF4,protein_coding,5,0.0138,K562,KARR-seq,cis_same_chromosome
K562_EP_0763,chr6,135667856,135669400,K562_TE_19056,chr6,167406400,167417896,K562_MPT_11476,ENSG00000227598.1,RP1-167A14.2,lncRNA,4,0.0138,K562,KARR-seq,cis_same_chromosome
K562_EP_0764,chr17,2526989,2539601,K562_TE_8706,chr17,76137434,76147935,K562_MPT_5866,ENSG00000187997.7,C17orf99,protein_coding,4,0.0138,K562,KARR-seq,cis_same_chromosome
K562_EP_0765,chr14,55140833,55211802,K562_SE_228,chr14,21847140,21857451,K562_MPT_3690,ENSG00000092201.5,SUPT16H,protein_coding,4,0.0138,K562,KARR-seq,cis_same_chromosome
K562_EP_0766,chr7,132661790,132701997,K562_TE_20490,chr7,120711632,120728867,K562_MPT_12018,ENSG00000106034.13,CPED1,protein_coding,4,0.0138,K562,KARR-seq,cis_same_chromosome
K562_EP_0767,chr1,167604829,167657298,K562_TE_1669,chr1,116910290,116931718,K562_MPT_769,ENSG00000163399.11,ATP1A1,protein_coding,4,0.0138,K562,KARR-seq,cis_same_chromosome
K562_EP_0768,chr1,100899897,100909504,K562_TE_1142,chr1,173827386,173843094,K562_MPT_1095,ENSG00000270084.1,GAS5-AS1,lncRNA,4,0.0138,K562,KARR-seq,cis_same_chromosome
K562_EP_0769,chrX,109379561,109445287,K562_TE_23114,chrX,53706114,53718673,K562_MPT_13443,ENSG00000086758.11,HUWE1,protein_coding,4,0.0138,K562,KARR-seq,cis_same_chromosome
K562_EP_0770,chr2,168793675,168821083,K562_SE_387,chr2,20096402,20106786,K562_MPT_7128,ENSG00000183891.5,TTC32,protein_coding,4,0.0138,K562,KARR-seq,cis_same_chromosome
K562_EP_0771,chr8,141624555,141639813,K562_TE_21665,chr8,82628476,82638535,K562_MPT_12473,ENSG00000104231.6,ZFAND1,protein_coding,4,0.0138,K562,KARR-seq,cis_same_chromosome
K562_EP_0772,chr1,65724685,65762997,K562_SE_47,chr1,246347420,246362029,K562_MPT_1411,ENSG00000202184.1,RNU6-1283P,snRNA,4,0.0138,K562,KARR-seq,cis_same_chromosome
K562_EP_0773,chr1,993258,1027535,K562_TE_18,chr1,41148260,41162962,K562_MPT_433,ENSG00000066136.15,NFYC,protein_coding,4,0.0138,K562,KARR-seq,cis_same_chromosome
K562_EP_0774,chr1,169295472,169332009,K562_TE_1693,chr1,29503410,29513499,K562_MPT_315,ENSG00000116350.11,SRSF4,protein_coding,4,0.0138,K562,KARR-seq,cis_same_chromosome
K562_EP_0775,chr18,12315860,12327992,K562_TE_9823,chr18,19316281,19326281,K562_MPT_6020,ENSG00000101752.7,MIB1,protein_coding,4,0.0138,K562,KARR-seq,cis_same_chromosome
K562_EP_0776,chr10,52286005,52379131,K562_SE_136,chr10,88712620,88723413,K562_MPT_1753,ENSG00000173267.9,SNCG,protein_coding,4,0.0138,K562,KARR-seq,cis_same_chromosome
K562_EP_0777,chr3,171781031,171825665,K562_TE_15473,chr3,172463472,172477321,K562_MPT_9477,ENSG00000114346.9,ECT2,protein_coding,4,0.0138,K562,KARR-seq,cis_same_chromosome
K562_EP_0778,chr15,101677084,101742061,K562_TE_7828,chr15,76624065,76639404,K562_MPT_4434,ENSG00000259514.1,RP11-685G9.2,lncRNA,4,0.0138,K562,KARR-seq,cis_same_chromosome
K562_EP_0779,chr1,12551402,12665350,K562_SE_5,chr1,224028632,224038674,K562_MPT_1300,ENSG00000143514.12,TP53BP2,protein_coding,4,0.0138,K562,KARR-seq,cis_same_chromosome
K562_EP_0780,chr1,167682717,167728465,K562_SE_80,chr1,201793213,201803687,K562_MPT_1180,ENSG00000231871.1,IPO9-AS1,lncRNA,4,0.0138,K562,KARR-seq,cis_same_chromosome
K562_EP_0781,chr1,23365984,23376580,K562_TE_316,chr1,90294252,90313982,K562_MPT_647,ENSG00000171492.10,LRRC8D,protein_coding,4,0.0138,K562,KARR-seq,cis_same_chromosome
K562_EP_0782,chr1,40279908,40326415,K562_TE_601,chr1,223895034,223905034,K562_MPT_1299,ENSG00000162909.13,CAPN2,protein_coding,4,0.0138,K562,KARR-seq,cis_same_chromosome
K562_EP_0783,chr3,186654509,186678245,K562_TE_15615,chr3,11308995,11323905,K562_MPT_8896,ENSG00000197548.8,ATG7,protein_coding,4,0.0138,K562,KARR-seq,cis_same_chromosome
K562_EP_0784,chr22,47484645,47488952,K562_TE_14242,chr22,42461834,42492406,K562_MPT_8789,ENSG00000270083.1,RP1-257I20.14,lncRNA,4,0.0138,K562,KARR-seq,cis_same_chromosome
K562_EP_0785,chr19,45600681,45641649,K562_TE_10728,chr19,11660609,11675263,K562_MPT_6390,ENSG00000130165.6,ELOF1,protein_coding,4,0.0138,K562,KARR-seq,cis_same_chromosome
K562_EP_0786,chr1,27823323,27901393,K562_SE_25,chr1,149894483,149913791,K562_MPT_871,ENSG00000014914.15,MTMR11,protein_coding,4,0.0138,K562,KARR-seq,cis_same_chromosome
K562_EP_0787,chr1,227486268,227499736,K562_TE_2226,chr1,84759049,84773716,K562_MPT_617,ENSG00000203943.4,SAMD13,protein_coding,4,0.0138,K562,KARR-seq,cis_same_chromosome
K562_EP_0788,chr1,206822526,206911221,K562_SE_91,chr1,52338691,52349477,K562_MPT_513,ENSG00000078618.15,NRD1,protein_coding,4,0.0138,K562,KARR-seq,cis_same_chromosome
K562_EP_0789,chr1,31617317,31655578,K562_SE_30,chr1,40358417,40372928,K562_MPT_420,ENSG00000116990.9,MYCL,protein_coding,4,0.0138,K562,KARR-seq,cis_same_chromosome
K562_EP_0790,chr6,157848802,157855109,K562_TE_19245,chr6,35222248,35232551,K562_MPT_11029,ENSG00000065029.10,ZNF76,protein_coding,4,0.0138,K562,KARR-seq,cis_same_chromosome
K562_EP_0791,chr6,7195029,7219836,K562_SE_562,chr6,143994102,144004205,K562_MPT_11389,ENSG00000112419.10,PHACTR2,protein_coding,4,0.0138,K562,KARR-seq,cis_same_chromosome
K562_EP_0792,chr11,12257574,12312466,K562_TE_3668,chr11,766427,786645,K562_MPT_1976,ENSG00000255284.1,AP006621.5,protein_coding,4,0.0138,K562,KARR-seq,cis_same_chromosome
K562_EP_0793,chr3,185446626,185493242,K562_TE_15595,chr3,50321070,50346547,K562_MPT_9090,ENSG00000114378.12,HYAL1,protein_coding,4,0.0138,K562,KARR-seq,cis_same_chromosome
K562_EP_0794,chr1,8842073,8889894,K562_SE_2,chr1,52185568,52200706,K562_MPT_512,ENSG00000212624.1,SNORA26,snoRNA,4,0.0138,K562,KARR-seq,cis_same_chromosome
K562_EP_0795,chr19,4974924,4992290,K562_TE_10274,chr19,14576594,14595669,K562_MPT_6452,ENSG00000160951.3,PTGER1,protein_coding,4,0.0138,K562,KARR-seq,cis_same_chromosome
K562_EP_0796,chr6,26129900,26134276,K562_TE_18259,chr6,44089651,44107770,K562_MPT_11115,ENSG00000180992.5,MRPL14,protein_coding,4,0.0138,K562,KARR-seq,cis_same_chromosome
K562_EP_0797,chr16,21510171,21577629,K562_SE_267,chr16,58525812,58554417,K562_MPT_4975,ENSG00000200556.1,RNU6-103P,snRNA,4,0.0138,K562,KARR-seq,cis_same_chromosome
K562_EP_0798,chr3,45082598,45261279,K562_SE_464,chr3,155566280,155577218,K562_MPT_9426,ENSG00000169359.9,SLC33A1,protein_coding,4,0.0138,K562,KARR-seq,cis_same_chromosome
K562_EP_0799,chr1,33446463,33490292,K562_TE_499,chr1,19224022,19243486,K562_MPT_179,ENSG00000169991.6,IFFO2,protein_coding,4,0.0138,K562,KARR-seq,cis_same_chromosome
K562_EP_0800,chr16,88938381,88973032,K562_TE_8642,chr16,88765025,88777997,K562_MPT_5141,ENSG00000158717.6,RNF166,protein_coding,4,0.0138,K562,KARR-seq,cis_same_chromosome
K562_EP_0801,chr9,132329711,132365608,K562_TE_22527,chr9,132366163,132376163,K562_MPT_13163,ENSG00000148335.10,NTMT1,protein_coding,4,0.0138,K562,KARR-seq,cis_same_chromosome
K562_EP_0802,chr16,23853484,23934208,K562_SE_269,chr16,1751184,1761194,K562_MPT_4621,ENSG00000138834.8,MAPK8IP3,protein_coding,4,0.0138,K562,KARR-seq,cis_same_chromosome
K562_EP_0803,chr1,113630378,113634955,K562_TE_1242,chr1,8933066,8944308,K562_MPT_96,ENSG00000236269.1,ENO1-IT1,lncRNA,4,0.0138,K562,KARR-seq,cis_same_chromosome
K562_EP_0804,chr8,61636482,61681180,K562_TE_21168,chr8,98651407,98662021,K562_MPT_12523,ENSG00000147649.5,MTDH,protein_coding,4,0.0138,K562,KARR-seq,cis_same_chromosome
K562_EP_0805,chr15,88125985,88248068,K562_SE_253,chr15,69740123,69765375,K562_MPT_4381,ENSG00000259215.1,RP11-253M7.4,lncRNA,4,0.0138,K562,KARR-seq,cis_same_chromosome
K562_EP_0806,chr6,27710750,27769347,K562_SE_584,chr6,2760648,2774007,K562_MPT_10762,ENSG00000124535.11,WRNIP1,protein_coding,4,0.0138,K562,KARR-seq,cis_same_chromosome
K562_EP_0807,chr12,123624753,123627980,K562_TE_5750,chr12,111829639,111848752,K562_MPT_3265,ENSG00000257595.2,RP3-473L9.4,lncRNA,4,0.0138,K562,KARR-seq,cis_same_chromosome
K562_EP_0808,chr6,20810506,20820565,K562_TE_18223,chr6,69339216,69350259,K562_MPT_11164,ENSG00000135298.9,BAI3,protein_coding,4,0.0138,K562,KARR-seq,cis_same_chromosome
K562_EP_0809,chr1,65781781,65789793,K562_TE_908,chr1,11858302,11871977,K562_MPT_126,ENSG00000177000.6,MTHFR,protein_coding,4,0.0138,K562,KARR-seq,cis_same_chromosome
K562_EP_0810,chr2,198833398,198870516,K562_TE_12513,chr2,97529325,97541494,K562_MPT_7484,ENSG00000168758.6,SEMA4C,protein_coding,4,0.0138,K562,KARR-seq,cis_same_chromosome
K562_EP_0811,chr17,16331212,16347829,K562_SE_293,chr17,26984109,26994216,K562_MPT_5388,ENSG00000109111.10,SUPT6H,protein_coding,4,0.0138,K562,KARR-seq,cis_same_chromosome
K562_EP_0812,chr12,104856215,104889173,K562_SE_207,chr12,54373542,54431637,K562_MPT_3008,ENSG00000250133.2,HOXC-AS2,lncRNA,4,0.0138,K562,KARR-seq,cis_same_chromosome
K562_EP_0813,chr1,39577549,39596253,K562_TE_588,chr1,150332126,150342187,K562_MPT_879,ENSG00000163125.11,RPRD2,protein_coding,4,0.0138,K562,KARR-seq,cis_same_chromosome
K562_EP_0814,chr16,81462833,81519190,K562_SE_278,chr16,30070493,30092546,K562_MPT_4846,ENSG00000149925.12,ALDOA,protein_coding,4,0.0138,K562,KARR-seq,cis_same_chromosome
K562_EP_0815,chr1,201483351,201486361,K562_TE_1944,chr1,113610727,113620831,K562_MPT_753,ENSG00000238198.1,RP11-31F15.2,lncRNA,4,0.0138,K562,KARR-seq,cis_same_chromosome
K562_EP_0816,chr7,99019674,99020656,K562_TE_20142,chr7,99053152,99075535,K562_MPT_11901,ENSG00000106246.13,PTCD1,protein_coding,4,0.0138,K562,KARR-seq,cis_same_chromosome
K562_EP_0817,chr12,31459803,31471216,K562_TE_4927,chr12,1678823,1688823,K562_MPT_2709,ENSG00000111186.8,WNT5B,protein_coding,4,0.0138,K562,KARR-seq,cis_same_chromosome
K562_EP_0818,chr1,109900408,109930177,K562_TE_1189,chr1,213021622,213037258,K562_MPT_1266,ENSG00000236317.1,RP11-348H3.5,pseudogene,4,0.0138,K562,KARR-seq,cis_same_chromosome
K562_EP_0819,chr16,23953392,23990968,K562_TE_8141,chr16,25264252,25274252,K562_MPT_4797,ENSG00000155592.11,ZKSCAN2,protein_coding,4,0.0138,K562,KARR-seq,cis_same_chromosome
K562_EP_0820,chr6,28632682,28871154,K562_SE_587,chr6,125618083,125628282,K562_MPT_11328,ENSG00000111906.13,HDDC2,protein_coding,4,0.0138,K562,KARR-seq,cis_same_chromosome
K562_EP_0821,chr2,149473620,149478208,K562_TE_12158,chr2,27003865,27013936,K562_MPT_7161,ENSG00000115163.10,CENPA,protein_coding,4,0.0138,K562,KARR-seq,cis_same_chromosome
K562_EP_0822,chr7,119541305,119549080,K562_TE_20377,chr7,148818078,148828508,K562_MPT_12145,ENSG00000204947.4,ZNF425,protein_coding,4,0.0138,K562,KARR-seq,cis_same_chromosome
K562_EP_0823,chr5,131079177,131110063,K562_TE_17532,chr5,139772029,139786506,K562_MPT_10555,ENSG00000131503.16,ANKHD1,protein_coding,4,0.0138,K562,KARR-seq,cis_same_chromosome
K562_EP_0824,chr17,34206845,34248222,K562_TE_9033,chr17,40415605,40433725,K562_MPT_5527,ENSG00000236194.2,AC003104.1,lncRNA,4,0.0138,K562,KARR-seq,cis_same_chromosome
K562_EP_0825,chr7,156633117,156659291,K562_TE_20717,chr7,97591386,97606566,K562_MPT_11889,ENSG00000243554.1,AC004967.7,pseudogene,4,0.0138,K562,KARR-seq,cis_same_chromosome
K562_EP_0826,chr22,21194469,21240469,K562_SE_436,chr22,46654219,46668905,K562_MPT_8829,ENSG00000075234.12,TTC38,protein_coding,4,0.0138,K562,KARR-seq,cis_same_chromosome
K562_EP_0827,chr2,114566273,114616963,K562_TE_11962,chr2,145270115,145283621,K562_MPT_7656,ENSG00000238057.4,ZEB2-AS1,lncRNA,4,0.0138,K562,KARR-seq,cis_same_chromosome
K562_EP_0828,chr16,9141030,9205126,K562_SE_264,chr16,81059375,81079130,K562_MPT_5090,ENSG00000260213.1,RP11-303E16.3,lncRNA,4,0.0138,K562,KARR-seq,cis_same_chromosome
K562_EP_0829,chr6,43837350,44064227,K562_SE_602,chr6,31574133,31595856,K562_MPT_10975,ENSG00000200816.1,SNORA38,snoRNA,4,0.0138,K562,KARR-seq,cis_same_chromosome
K562_EP_0830,chr1,27424992,27473215,K562_TE_401,chr1,37935012,37952291,K562_MPT_387,ENSG00000233621.1,RP11-422J8.1,lncRNA,4,0.0138,K562,KARR-seq,cis_same_chromosome
K562_EP_0831,chr19,1824425,1876827,K562_SE_332,chr19,1870015,1890546,K562_MPT_6203,ENSG00000261526.1,CTB-31O20.2,lncRNA,4,0.0138,K562,KARR-seq,cis_same_chromosome
K562_EP_0832,chr8,61597654,61621604,K562_TE_21167,chr8,93884865,93894865,K562_MPT_12499,ENSG00000248858.3,RP11-100L22.2,lncRNA,4,0.0138,K562,KARR-seq,cis_same_chromosome
K562_EP_0833,chr9,130301445,130325295,K562_TE_22477,chr9,45436542,45446542,K562_MPT_12847,ENSG00000268578.1,AL354718.1,protein_coding,4,0.0138,K562,KARR-seq,cis_same_chromosome
K562_EP_0834,chr15,55510158,55589862,K562_SE_243,chr15,96860874,96881490,K562_MPT_4563,ENSG00000222651.1,MIR1469,miRNA,4,0.0138,K562,KARR-seq,cis_same_chromosome
K562_EP_0835,chr17,16331212,16347829,K562_SE_293,chr17,29416443,29427468,K562_MPT_5415,ENSG00000265444.1,MIR4733,miRNA,4,0.0138,K562,KARR-seq,cis_same_chromosome
K562_EP_0836,chr12,104856215,104889173,K562_SE_207,chr12,123863320,123879589,K562_MPT_3365,ENSG00000183955.8,SETD8,protein_coding,4,0.0138,K562,KARR-seq,cis_same_chromosome
K562_EP_0837,chr1,167486251,167518719,K562_SE_79,chr1,100226349,100236349,K562_MPT_682,ENSG00000156869.8,FRRS1,protein_coding,4,0.0138,K562,KARR-seq,cis_same_chromosome
K562_EP_0838,chr7,101482129,101596250,K562_SE_657,chr7,5562817,5575340,K562_MPT_11535,ENSG00000263900.1,AC006483.1,miRNA,4,0.0138,K562,KARR-seq,cis_same_chromosome
K562_EP_0839,chr6,69421489,69471356,K562_TE_18636,chr6,43134037,43154923,K562_MPT_11100,ENSG00000112659.9,CUL9,protein_coding,4,0.0138,K562,KARR-seq,cis_same_chromosome
K562_EP_0840,chr1,51997530,52049537,K562_TE_763,chr1,160155285,160183659,K562_MPT_1005,ENSG00000227741.1,RP11-536C5.7,lncRNA,4,0.0138,K562,KARR-seq,cis_same_chromosome
K562_EP_0841,chr1,51975322,51978877,K562_TE_762,chr1,184015811,184025880,K562_MPT_1143,ENSG00000198860.7,TSEN15,protein_coding,4,0.0138,K562,KARR-seq,cis_same_chromosome
K562_EP_0842,chr10,35630893,35721029,K562_SE_130,chr10,75483338,75509158,K562_MPT_1718,ENSG00000235316.1,DUSP8P5,pseudogene,4,0.0138,K562,KARR-seq,cis_same_chromosome
K562_EP_0843,chr7,102608372,102634363,K562_SE_658,chr7,23505086,23515086,K562_MPT_11607,ENSG00000136231.9,IGF2BP3,protein_coding,4,0.0138,K562,KARR-seq,cis_same_chromosome
K562_EP_0844,chr7,92238266,92271962,K562_TE_20088,chr7,24952699,24962712,K562_MPT_11615,ENSG00000070882.8,OSBPL3,protein_coding,4,0.0138,K562,KARR-seq,cis_same_chromosome
K562_EP_0845,chr5,777614,784466,K562_TE_16803,chr5,688510,698510,K562_MPT_10147,ENSG00000171368.10,TPPP,protein_coding,4,0.0138,K562,KARR-seq,cis_same_chromosome
K562_EP_0846,chr1,150576644,150613992,K562_SE_71,chr1,11791141,11801232,K562_MPT_124,ENSG00000177674.11,AGTRAP,protein_coding,4,0.0138,K562,KARR-seq,cis_same_chromosome
K562_EP_0847,chr1,8959460,8971585,K562_TE_119,chr1,32382442,32392442,K562_MPT_331,ENSG00000269967.1,RP11-84A19.4,lncRNA,4,0.0138,K562,KARR-seq,cis_same_chromosome
K562_EP_0848,chr17,27189103,27218538,K562_SE_298,chr17,45292396,45303008,K562_MPT_5616,ENSG00000239166.1,snoU13,snoRNA,4,0.0138,K562,KARR-seq,cis_same_chromosome
K562_EP_0849,chr17,44155283,44237935,K562_SE_309,chr17,54986388,54996399,K562_MPT_5687,ENSG00000121060.10,TRIM25,protein_coding,4,0.0138,K562,KARR-seq,cis_same_chromosome
K562_EP_0850,chr7,101482129,101596250,K562_SE_657,chr7,44145330,44170472,K562_MPT_11699,ENSG00000264652.1,MIR4649,miRNA,4,0.0138,K562,KARR-seq,cis_same_chromosome
K562_EP_0851,chr1,55644512,55675407,K562_TE_831,chr1,201910715,201929619,K562_MPT_1182,ENSG00000134375.6,TIMM17A,protein_coding,4,0.0138,K562,KARR-seq,cis_same_chromosome
K562_EP_0852,chr1,202499865,202527086,K562_SE_89,chr1,6252817,6274449,K562_MPT_68,ENSG00000116251.5,RPL22,protein_coding,4,0.0138,K562,KARR-seq,cis_same_chromosome
K562_EP_0853,chr3,156292204,156362465,K562_SE_490,chr3,50292735,50317065,K562_MPT_9089,ENSG00000012171.13,SEMA3B,lncRNA,4,0.0138,K562,KARR-seq,cis_same_chromosome
K562_EP_0854,chr3,15328916,15368013,K562_TE_14402,chr3,195794690,195814060,K562_MPT_9585,ENSG00000072274.8,TFRC,protein_coding,4,0.0138,K562,KARR-seq,cis_same_chromosome
K562_EP_0855,chr7,158696683,158703822,K562_TE_20744,chr7,86776598,86786947,K562_MPT_11847,ENSG00000135164.14,DMTF1,protein_coding,4,0.0138,K562,KARR-seq,cis_same_chromosome
K562_EP_0856,chr14,103092326,103134232,K562_TE_6939,chr14,105482397,105492485,K562_MPT_4081,ENSG00000170779.10,CDCA4,protein_coding,4,0.0138,K562,KARR-seq,cis_same_chromosome
K562_EP_0857,chr20,31142167,31167232,K562_TE_13095,chr20,31164765,31180281,K562_MPT_8124,ENSG00000197183.8,C20orf112,protein_coding,4,0.0138,K562,KARR-seq,cis_same_chromosome
K562_EP_0858,chr6,69421489,69471356,K562_TE_18636,chr6,10833728,10843764,K562_MPT_10811,ENSG00000111837.7,MAK,protein_coding,4,0.0138,K562,KARR-seq,cis_same_chromosome
K562_EP_0859,chr19,18580941,18626337,K562_TE_10500,chr19,47999006,48009006,K562_MPT_6855,ENSG00000105402.3,NAPA,protein_coding,4,0.0138,K562,KARR-seq,cis_same_chromosome
K562_EP_0860,chr17,25646765,25708689,K562_SE_295,chr17,40415605,40433725,K562_MPT_5527,ENSG00000236194.2,AC003104.1,lncRNA,4,0.0138,K562,KARR-seq,cis_same_chromosome
K562_EP_0861,chr19,28916738,28927201,K562_TE_10543,chr19,50827503,50842818,K562_MPT_6912,ENSG00000131401.7,NAPSB,pseudogene,4,0.0138,K562,KARR-seq,cis_same_chromosome
K562_EP_0862,chr11,5285418,5325755,K562_SE_160,chr11,62427650,62451562,K562_MPT_2270,ENSG00000162191.9,UBXN1,protein_coding,4,0.0138,K562,KARR-seq,cis_same_chromosome
K562_EP_0863,chr2,43357008,43450320,K562_SE_363,chr2,64866746,64886047,K562_MPT_7325,ENSG00000179833.4,SERTAD2,protein_coding,4,0.0138,K562,KARR-seq,cis_same_chromosome
K562_EP_0864,chr17,3847566,3911178,K562_TE_8716,chr17,73770367,73786567,K562_MPT_5829,ENSG00000263565.1,MIR4738,miRNA,4,0.0138,K562,KARR-seq,cis_same_chromosome
K562_EP_0865,chr17,76783685,76784208,K562_TE_9647,chr17,76773354,76783379,K562_MPT_5878,ENSG00000108669.12,CYTH1,protein_coding,4,0.0138,K562,KARR-seq,cis_same_chromosome
K562_EP_0866,chr6,151695023,151701868,K562_TE_19192,chr6,30288911,30302359,K562_MPT_10946,ENSG00000248167.3,TRIM39-RPP21,protein_coding,4,0.0138,K562,KARR-seq,cis_same_chromosome
K562_EP_0867,chr20,48278631,48324320,K562_SE_410,chr20,49302916,49313065,K562_MPT_8278,ENSG00000042062.7,FAM65C,protein_coding,4,0.0138,K562,KARR-seq,cis_same_chromosome
K562_EP_0868,chr1,110305120,110407631,K562_SE_54,chr1,155031207,155041237,K562_MPT_944,ENSG00000243364.3,EFNA4,protein_coding,4,0.0138,K562,KARR-seq,cis_same_chromosome
K562_EP_0869,chr16,85398912,85455925,K562_SE_283,chr16,85199882,85209882,K562_MPT_5115,ENSG00000262601.1,CTC-786C10.1,protein_coding,4,0.0138,K562,KARR-seq,cis_same_chromosome
K562_EP_0870,chr1,52648586,52671057,K562_TE_776,chr1,173827386,173843094,K562_MPT_1095,ENSG00000270084.1,GAS5-AS1,lncRNA,4,0.0138,K562,KARR-seq,cis_same_chromosome
K562_EP_0871,chr19,55509612,55538287,K562_TE_10910,chr19,58811715,58825396,K562_MPT_7059,ENSG00000142396.6,ERVK3-1,lncRNA,4,0.0138,K562,KARR-seq,cis_same_chromosome
K562_EP_0872,chr1,12130987,12146384,K562_TE_177,chr1,33810486,33825810,K562_MPT_359,ENSG00000233246.1,RP11-415J8.5,lncRNA,4,0.0138,K562,KARR-seq,cis_same_chromosome
K562_EP_0873,chr1,110305120,110407631,K562_SE_54,chr1,110447864,110458608,K562_MPT_727,ENSG00000184371.9,CSF1,protein_coding,4,0.0138,K562,KARR-seq,cis_same_chromosome
K562_EP_0874,chr15,93456310,93465301,K562_TE_7766,chr15,44998675,45008715,K562_MPT_4242,ENSG00000166710.13,B2M,protein_coding,4,0.0138,K562,KARR-seq,cis_same_chromosome
K562_EP_0875,chr1,110888902,110893598,K562_TE_1205,chr1,47794469,47804586,K562_MPT_502,ENSG00000162368.9,CMPK1,protein_coding,4,0.0138,K562,KARR-seq,cis_same_chromosome
K562_EP_0876,chr6,17829558,17909260,K562_SE_575,chr6,37132979,37142979,K562_MPT_11054,ENSG00000137193.9,PIM1,protein_coding,4,0.0138,K562,KARR-seq,cis_same_chromosome
K562_EP_0877,chr11,5262812,5265426,K562_TE_3579,chr11,78123825,78134394,K562_MPT_2493,ENSG00000033327.8,GAB2,protein_coding,4,0.0138,K562,KARR-seq,cis_same_chromosome
K562_EP_0878,chr19,53935202,53936072,K562_TE_10894,chr19,53863946,53873982,K562_MPT_6979,ENSG00000203326.5,ZNF525,protein_coding,4,0.0138,K562,KARR-seq,cis_same_chromosome
K562_EP_0879,chr1,24753858,24790650,K562_TE_348,chr1,27148201,27163511,K562_MPT_270,ENSG00000204160.7,ZDHHC18,protein_coding,4,0.0138,K562,KARR-seq,cis_same_chromosome
K562_EP_0880,chr12,74563940,74567399,K562_TE_5306,chr12,69628317,69638422,K562_MPT_3109,ENSG00000111605.12,CPSF6,protein_coding,4,0.0138,K562,KARR-seq,cis_same_chromosome
K562_EP_0881,chr19,47310018,47344194,K562_TE_10761,chr19,53188739,53198749,K562_MPT_6962,ENSG00000167766.14,ZNF83,protein_coding,4,0.0138,K562,KARR-seq,cis_same_chromosome
K562_EP_0882,chr6,20409590,20477001,K562_SE_576,chr6,34754857,34764964,K562_MPT_11027,ENSG00000065060.12,UHRF1BP1,protein_coding,4,0.0138,K562,KARR-seq,cis_same_chromosome
K562_EP_0883,chr1,29297986,29324965,K562_TE_441,chr1,36102445,36112445,K562_MPT_370,ENSG00000126067.7,PSMB2,protein_coding,4,0.0138,K562,KARR-seq,cis_same_chromosome
K562_EP_0884,chr1,161498964,161542042,K562_SE_77,chr1,234737754,234750271,K562_MPT_1369,ENSG00000168264.6,IRF2BP2,protein_coding,4,0.0138,K562,KARR-seq,cis_same_chromosome
K562_EP_0885,chr1,25844071,25896975,K562_TE_374,chr1,155934520,155953890,K562_MPT_960,ENSG00000273002.1,RP11-336K24.12,lncRNA,4,0.0138,K562,KARR-seq,cis_same_chromosome
K562_EP_0886,chr6,119572494,119605680,K562_TE_18951,chr6,12002903,12020820,K562_MPT_10821,ENSG00000095951.12,HIVEP1,protein_coding,4,0.0138,K562,KARR-seq,cis_same_chromosome
K562_EP_0887,chr19,19553596,19601338,K562_SE_339,chr19,1870015,1890546,K562_MPT_6203,ENSG00000261526.1,CTB-31O20.2,lncRNA,4,0.0138,K562,KARR-seq,cis_same_chromosome
K562_EP_0888,chr19,50803261,50820078,K562_TE_10848,chr19,18538010,18559469,K562_MPT_6526,ENSG00000256989.1,AC010335.1,pseudogene,4,0.0138,K562,KARR-seq,cis_same_chromosome
K562_EP_0889,chr17,73695658,73703245,K562_TE_9577,chr17,40756382,40767641,K562_MPT_5536,ENSG00000141699.6,FAM134C,protein_coding,4,0.0138,K562,KARR-seq,cis_same_chromosome
K562_EP_0890,chr17,16331212,16347829,K562_SE_293,chr17,57178829,57189282,K562_MPT_5709,ENSG00000108395.9,TRIM37,protein_coding,4,0.0138,K562,KARR-seq,cis_same_chromosome
K562_EP_0891,chr7,16385942,16417085,K562_TE_19524,chr7,97876239,97886563,K562_MPT_11891,ENSG00000205356.5,TECPR1,protein_coding,4,0.0138,K562,KARR-seq,cis_same_chromosome
K562_EP_0892,chr9,94618470,94683542,K562_SE_719,chr9,130917539,130927539,K562_MPT_13126,ENSG00000171159.4,C9orf16,protein_coding,4,0.0138,K562,KARR-seq,cis_same_chromosome
K562_EP_0893,chr2,136702392,136720690,K562_TE_12088,chr2,85127749,85137749,K562_MPT_7424,ENSG00000034510.4,TMSB10,protein_coding,4,0.0138,K562,KARR-seq,cis_same_chromosome
K562_EP_0894,chr10,101467611,101473533,K562_TE_3253,chr10,94328833,94338833,K562_MPT_1781,ENSG00000119912.11,IDE,protein_coding,4,0.0138,K562,KARR-seq,cis_same_chromosome
K562_EP_0895,chr3,172023462,172042125,K562_TE_15478,chr3,65578410,65588561,K562_MPT_9151,ENSG00000151276.19,MAGI1,protein_coding,4,0.0138,K562,KARR-seq,cis_same_chromosome
K562_EP_0896,chr2,158119474,158127985,K562_SE_385,chr2,160563529,160574018,K562_MPT_7680,ENSG00000226266.2,AC009961.3,lncRNA,4,0.0138,K562,KARR-seq,cis_same_chromosome
K562_EP_0897,chr6,26066371,26075125,K562_TE_18258,chr6,33234653,33249917,K562_MPT_10999,ENSG00000223501.4,VPS52,protein_coding,4,0.0138,K562,KARR-seq,cis_same_chromosome
K562_EP_0898,chr2,74189295,74311354,K562_SE_371,chr2,20246789,20256895,K562_MPT_7131,ENSG00000068697.6,LAPTM4A,protein_coding,4,0.0138,K562,KARR-seq,cis_same_chromosome
K562_EP_0899,chr20,30248381,30302816,K562_SE_401,chr20,48765174,48775335,K562_MPT_8267,ENSG00000240849.6,TMEM189,protein_coding,4,0.0138,K562,KARR-seq,cis_same_chromosome
K562_EP_0900,chr1,29251885,29278142,K562_SE_27,chr1,38466177,38483451,K562_MPT_399,ENSG00000183386.5,FHL3,protein_coding,4,0.0138,K562,KARR-seq,cis_same_chromosome
K562_EP_0901,chr1,5945055,5953748,K562_TE_65,chr1,24093887,24132260,K562_MPT_226,ENSG00000011009.6,LYPLA2,protein_coding,4,0.0138,K562,KARR-seq,cis_same_chromosome
K562_EP_0902,chr3,57768475,57806724,K562_TE_14773,chr3,14984012,14994931,K562_MPT_8920,ENSG00000225733.1,FGD5-AS1,lncRNA,4,0.0138,K562,KARR-seq,cis_same_chromosome
K562_EP_0903,chr15,59302801,59303917,K562_TE_7373,chr15,56530464,56541207,K562_MPT_4297,ENSG00000181827.10,RFX7,protein_coding,4,0.0138,K562,KARR-seq,cis_same_chromosome
K562_EP_0904,chr1,85138160,85190563,K562_TE_1013,chr1,15245626,15261296,K562_MPT_142,ENSG00000189337.11,KAZN,protein_coding,4,0.0138,K562,KARR-seq,cis_same_chromosome
K562_EP_0905,chr1,46743191,46755012,K562_TE_727,chr1,85150972,85161486,K562_MPT_621,ENSG00000117155.12,SSX2IP,protein_coding,4,0.0138,K562,KARR-seq,cis_same_chromosome
K562_EP_0906,chr4,104177230,104178813,K562_TE_16350,chr4,186120155,186136233,K562_MPT_10125,ENSG00000109762.11,SNX25,protein_coding,4,0.0138,K562,KARR-seq,cis_same_chromosome
K562_EP_0907,chr6,111783974,111799224,K562_TE_18892,chr6,147518603,147532110,K562_MPT_11407,ENSG00000233452.2,STXBP5-AS1,lncRNA,4,0.0138,K562,KARR-seq,cis_same_chromosome
K562_EP_0908,chr6,16245298,16278427,K562_SE_574,chr6,5255966,5266759,K562_MPT_10788,ENSG00000145982.7,FARS2,protein_coding,4,0.0138,K562,KARR-seq,cis_same_chromosome
K562_EP_0909,chr10,101412876,101427519,K562_TE_3251,chr10,101414263,101424263,K562_MPT_1827,ENSG00000198018.6,ENTPD7,protein_coding,4,0.0138,K562,KARR-seq,cis_same_chromosome
K562_EP_0910,chr11,73094439,73115251,K562_TE_4200,chr11,67028881,67038952,K562_MPT_2375,ENSG00000173020.6,ADRBK1,protein_coding,4,0.0138,K562,KARR-seq,cis_same_chromosome
K562_EP_0911,chr7,102608372,102634363,K562_SE_658,chr7,127978924,127989135,K562_MPT_12036,ENSG00000106344.4,RBM28,protein_coding,4,0.0138,K562,KARR-seq,cis_same_chromosome
K562_EP_0912,chr18,53398186,53430066,K562_TE_10049,chr18,1402179,1413345,K562_MPT_5957,ENSG00000132204.9,LINC00470,lncRNA,4,0.0138,K562,KARR-seq,cis_same_chromosome
K562_EP_0913,chr7,5008084,5022757,K562_TE_19422,chr7,5816251,5826370,K562_MPT_11538,ENSG00000011275.14,RNF216,protein_coding,4,0.0138,K562,KARR-seq,cis_same_chromosome
K562_EP_0914,chr22,17066736,17097786,K562_SE_431,chr22,19430214,19440755,K562_MPT_8543,ENSG00000242259.4,C22orf39,protein_coding,4,0.0138,K562,KARR-seq,cis_same_chromosome
K562_EP_0915,chr8,134545805,134564771,K562_TE_21649,chr8,144906196,144931240,K562_MPT_12681,ENSG00000185189.11,NRBP2,protein_coding,4,0.0138,K562,KARR-seq,cis_same_chromosome
K562_EP_0916,chr1,2186545,2222861,K562_TE_42,chr1,2314776,2330444,K562_MPT_52,ENSG00000157916.14,RER1,protein_coding,4,0.0138,K562,KARR-seq,cis_same_chromosome
K562_EP_0917,chr1,27122871,27133461,K562_TE_397,chr1,33637151,33652267,K562_MPT_357,ENSG00000116525.9,TRIM62,protein_coding,4,0.0138,K562,KARR-seq,cis_same_chromosome
K562_EP_0918,chr1,12060863,12072998,K562_TE_175,chr1,114442450,114452823,K562_MPT_757,ENSG00000118655.4,DCLRE1B,protein_coding,4,0.0138,K562,KARR-seq,cis_same_chromosome
K562_EP_0919,chrX,129883813,129906845,K562_TE_23241,chrX,119373743,119389610,K562_MPT_13601,ENSG00000177485.6,ZBTB33,protein_coding,4,0.0138,K562,KARR-seq,cis_same_chromosome
K562_EP_0920,chr14,102392599,102424526,K562_SE_237,chr14,102425865,102440938,K562_MPT_4047,ENSG00000259013.2,RP11-1017G21.3,pseudogene,4,0.0138,K562,KARR-seq,cis_same_chromosome
K562_EP_0921,chr16,23953392,23990968,K562_TE_8141,chr16,88864621,88883352,K562_MPT_5143,ENSG00000167513.4,CDT1,protein_coding,4,0.0138,K562,KARR-seq,cis_same_chromosome
K562_EP_0922,chr5,139544820,139621746,K562_SE_548,chr5,140992981,141003622,K562_MPT_10563,ENSG00000131504.11,DIAPH1,protein_coding,4,0.0138,K562,KARR-seq,cis_same_chromosome
K562_EP_0923,chr1,8842073,8889894,K562_SE_2,chr1,242006269,242017253,K562_MPT_1394,ENSG00000174371.12,EXO1,protein_coding,4,0.0138,K562,KARR-seq,cis_same_chromosome
K562_EP_0924,chr3,6548808,6584670,K562_TE_14302,chr3,25700788,25711430,K562_MPT_8949,ENSG00000264219.1,MIR4442,miRNA,4,0.0138,K562,KARR-seq,cis_same_chromosome
K562_EP_0925,chr17,37037691,37057893,K562_TE_9070,chr17,7102726,7174485,K562_MPT_5236,ENSG00000200344.1,Y_RNA,misc_RNA,4,0.0138,K562,KARR-seq,cis_same_chromosome
K562_EP_0926,chr17,74435699,74444151,K562_TE_9598,chr17,38460444,38479537,K562_MPT_5502,ENSG00000131759.13,RARA,protein_coding,4,0.0138,K562,KARR-seq,cis_same_chromosome
K562_EP_0927,chr6,153603463,153603773,K562_TE_19199,chr6,109799440,109814109,K562_MPT_11275,ENSG00000223537.2,RP5-919F19.5,lncRNA,4,0.0138,K562,KARR-seq,cis_same_chromosome
K562_EP_0928,chr1,109111296,109142436,K562_TE_1173,chr1,8933066,8944308,K562_MPT_96,ENSG00000236269.1,ENO1-IT1,lncRNA,4,0.0138,K562,KARR-seq,cis_same_chromosome
K562_EP_0929,chr17,43656816,43679227,K562_TE_9190,chr17,65816640,65827258,K562_MPT_5776,ENSG00000171634.12,BPTF,protein_coding,4,0.0138,K562,KARR-seq,cis_same_chromosome
K562_EP_0930,chr1,211534273,211557212,K562_TE_2084,chr1,155087966,155120747,K562_MPT_946,ENSG00000200344.1,Y_RNA,misc_RNA,4,0.0138,K562,KARR-seq,cis_same_chromosome
K562_EP_0931,chr16,31711816,31713349,K562_TE_8254,chr16,23507226,23526815,K562_MPT_4782,ENSG00000103365.11,GGA2,protein_coding,4,0.0138,K562,KARR-seq,cis_same_chromosome
K562_EP_0932,chr6,16135149,16137913,K562_TE_18181,chr6,44089651,44107770,K562_MPT_11115,ENSG00000180992.5,MRPL14,protein_coding,4,0.0138,K562,KARR-seq,cis_same_chromosome
K562_EP_0933,chr1,206822526,206911221,K562_SE_91,chr1,150547006,150557066,K562_MPT_883,ENSG00000143384.8,MCL1,protein_coding,4,0.0138,K562,KARR-seq,cis_same_chromosome
K562_EP_0934,chr10,22086924,22100431,K562_TE_2622,chr10,105149158,105161405,K562_MPT_1868,ENSG00000221767.1,MIR1307,miRNA,4,0.0138,K562,KARR-seq,cis_same_chromosome
K562_EP_0935,chr14,102172819,102186151,K562_SE_236,chr14,24696558,24716880,K562_MPT_3731,ENSG00000092330.11,TINF2,protein_coding,4,0.0138,K562,KARR-seq,cis_same_chromosome
K562_EP_0936,chr11,5505203,5522246,K562_TE_3585,chr11,65618944,65646063,K562_MPT_2340,ENSG00000172638.8,EFEMP2,protein_coding,4,0.0138,K562,KARR-seq,cis_same_chromosome
K562_EP_0937,chr2,27220765,27245234,K562_SE_359,chr2,27627449,27637554,K562_MPT_7174,ENSG00000115241.9,PPM1G,protein_coding,4,0.0138,K562,KARR-seq,cis_same_chromosome
K562_EP_0938,chr3,6548808,6584670,K562_TE_14302,chr3,194348652,194363393,K562_MPT_9567,ENSG00000145014.13,TMEM44,protein_coding,4,0.0138,K562,KARR-seq,cis_same_chromosome
K562_EP_0939,chr1,246294272,246388032,K562_SE_112,chr1,155013594,155028828,K562_MPT_943,ENSG00000143537.9,ADAM15,protein_coding,4,0.0138,K562,KARR-seq,cis_same_chromosome
K562_EP_0940,chr8,30897052,30905597,K562_TE_20989,chr8,33419643,33429643,K562_MPT_12337,ENSG00000133874.1,RNF122,protein_coding,4,0.0138,K562,KARR-seq,cis_same_chromosome
K562_EP_0941,chr1,1250607,1255279,K562_TE_23,chr1,29503410,29513499,K562_MPT_315,ENSG00000116350.11,SRSF4,protein_coding,4,0.0138,K562,KARR-seq,cis_same_chromosome
K562_EP_0942,chr5,10689205,10739844,K562_SE_528,chr5,28920707,28932136,K562_MPT_10194,ENSG00000226400.2,CTD-2269E23.2,pseudogene,4,0.0138,K562,KARR-seq,cis_same_chromosome
K562_EP_0943,chr1,117457403,117477982,K562_TE_1284,chr1,78465238,78475538,K562_MPT_612,ENSG00000162616.8,DNAJB4,protein_coding,4,0.0138,K562,KARR-seq,cis_same_chromosome
K562_EP_0944,chr1,184913105,184924063,K562_TE_1835,chr1,45236109,45251387,K562_MPT_473,ENSG00000207421.1,SNORD38B,snoRNA,4,0.0138,K562,KARR-seq,cis_same_chromosome
K562_EP_0945,chr6,108823211,108832170,K562_TE_18851,chr6,32127360,32170355,K562_MPT_10992,ENSG00000204310.6,AGPAT1,protein_coding,4,0.0138,K562,KARR-seq,cis_same_chromosome
K562_EP_0946,chr1,29297986,29324965,K562_TE_441,chr1,162526098,162540827,K562_MPT_1040,ENSG00000259788.1,RP11-359K18.3,lncRNA,4,0.0138,K562,KARR-seq,cis_same_chromosome
K562_EP_0947,chr9,135989613,136030463,K562_TE_22584,chr9,131097925,131109432,K562_MPT_13133,ENSG00000167114.8,SLC27A4,protein_coding,3,0.0138,K562,KARR-seq,cis_same_chromosome
K562_EP_0948,chr6,147532768,147547718,K562_TE_19148,chr6,42842373,42852671,K562_MPT_11093,ENSG00000146223.10,RPL7L1,protein_coding,3,0.0138,K562,KARR-seq,cis_same_chromosome
K562_EP_0949,chr6,111731827,111746034,K562_TE_18891,chr6,43732950,43747090,K562_MPT_11113,ENSG00000272114.1,RP1-261G23.7,lncRNA,3,0.0138,K562,KARR-seq,cis_same_chromosome
K562_EP_0950,chr1,12203889,12281299,K562_TE_179,chr1,149853232,149864466,K562_MPT_870,ENSG00000184270.3,HIST2H2AB,protein_coding,3,0.0138,K562,KARR-seq,cis_same_chromosome
K562_EP_0951,chr5,118692767,118775476,K562_TE_17462,chr5,43478938,43489174,K562_MPT_10244,ENSG00000249492.1,RP11-159F24.3,lncRNA,3,0.0138,K562,KARR-seq,cis_same_chromosome
K562_EP_0952,chr1,90329507,90423245,K562_SE_51,chr1,26624507,26638480,K562_MPT_257,ENSG00000158062.16,UBXN11,protein_coding,3,0.0138,K562,KARR-seq,cis_same_chromosome
K562_EP_0953,chr22,21958340,21979130,K562_TE_13828,chr22,19969616,19983317,K562_MPT_8552,ENSG00000099889.9,ARVCF,protein_coding,3,0.0138,K562,KARR-seq,cis_same_chromosome
K562_EP_0954,chr6,157309079,157343748,K562_TE_19233,chr6,49599552,49609552,K562_MPT_11128,ENSG00000112077.11,RHAG,protein_coding,3,0.0138,K562,KARR-seq,cis_same_chromosome
K562_EP_0955,chr20,54991986,55023801,K562_SE_417,chr20,34352789,34364948,K562_MPT_8164,ENSG00000222152.1,RNU6-1166P,snRNA,3,0.0138,K562,KARR-seq,cis_same_chromosome
K562_EP_0956,chr1,247086907,247089673,K562_TE_2410,chr1,150516884,150544336,K562_MPT_882,ENSG00000143382.9,ADAMTSL4,protein_coding,3,0.0138,K562,KARR-seq,cis_same_chromosome
K562_EP_0957,chrX,13292451,13322252,K562_TE_22728,chrX,48320880,48341380,K562_MPT_13390,ENSG00000068438.10,FTSJ1,protein_coding,3,0.0138,K562,KARR-seq,cis_same_chromosome
K562_EP_0958,chr6,144068328,144078939,K562_TE_19123,chr6,44209824,44243480,K562_MPT_11117,ENSG00000146232.10,NFKBIE,protein_coding,3,0.0138,K562,KARR-seq,cis_same_chromosome
K562_EP_0959,chr1,65349691,65427295,K562_TE_899,chr1,230197956,230208018,K562_MPT_1349,ENSG00000143641.8,GALNT2,protein_coding,3,0.0138,K562,KARR-seq,cis_same_chromosome
K562_EP_0960,chr1,54676619,54697327,K562_TE_817,chr1,12222060,12232060,K562_MPT_135,ENSG00000028137.12,TNFRSF1B,protein_coding,3,0.0138,K562,KARR-seq,cis_same_chromosome
K562_EP_0961,chr1,246226309,246255137,K562_TE_2396,chr1,27092720,27104455,K562_MPT_268,ENSG00000117713.13,ARID1A,protein_coding,3,0.0138,K562,KARR-seq,cis_same_chromosome
K562_EP_0962,chr1,61569740,61673375,K562_SE_45,chr1,54866177,54886929,K562_MPT_538,ENSG00000232245.1,RP4-705F19.1,lncRNA,3,0.0138,K562,KARR-seq,cis_same_chromosome
K562_EP_0963,chr6,34783722,34807926,K562_TE_18389,chr6,37781994,37792718,K562_MPT_11061,ENSG00000225945.1,RP3-441A12.1,lncRNA,3,0.0138,K562,KARR-seq,cis_same_chromosome
K562_EP_0964,chr1,44323856,44350933,K562_TE_673,chr1,78143343,78154104,K562_MPT_607,ENSG00000036549.8,ZZZ3,protein_coding,3,0.0138,K562,KARR-seq,cis_same_chromosome
K562_EP_0965,chr3,186701451,186735054,K562_TE_15616,chr3,160161725,160175386,K562_MPT_9448,ENSG00000213186.3,TRIM59,protein_coding,3,0.0138,K562,KARR-seq,cis_same_chromosome
K562_EP_0966,chr16,89505998,89551616,K562_TE_8654,chr16,4845553,4859787,K562_MPT_4681,ENSG00000067836.8,ROGDI,protein_coding,3,0.0138,K562,KARR-seq,cis_same_chromosome
K562_EP_0967,chr1,65724685,65762997,K562_SE_47,chr1,27092720,27104455,K562_MPT_268,ENSG00000117713.13,ARID1A,protein_coding,3,0.0138,K562,KARR-seq,cis_same_chromosome
K562_EP_0968,chr1,32566195,32610476,K562_TE_479,chr1,153637708,153656113,K562_MPT_922,ENSG00000143621.12,ILF2,protein_coding,3,0.0138,K562,KARR-seq,cis_same_chromosome
K562_EP_0969,chr1,183990850,184014467,K562_SE_87,chr1,32474430,32484597,K562_MPT_333,ENSG00000121774.13,KHDRBS1,protein_coding,3,0.0138,K562,KARR-seq,cis_same_chromosome
K562_EP_0970,chr19,39623116,39653870,K562_TE_10653,chr19,12878494,12922394,K562_MPT_6419,ENSG00000095066.7,HOOK2,protein_coding,3,0.0138,K562,KARR-seq,cis_same_chromosome
K562_EP_0971,chr2,114324385,114371144,K562_SE_380,chr2,203125439,203135439,K562_MPT_7835,ENSG00000055044.6,NOP58,protein_coding,3,0.0138,K562,KARR-seq,cis_same_chromosome
K562_EP_0972,chr2,12570173,12597592,K562_TE_11068,chr2,232318068,232334305,K562_MPT_7932,ENSG00000115053.11,NCL,protein_coding,3,0.0138,K562,KARR-seq,cis_same_chromosome
K562_EP_0973,chr1,87399417,87470657,K562_TE_1026,chr1,16169359,16179642,K562_MPT_151,ENSG00000179743.2,RP11-169K16.9,lncRNA,3,0.0138,K562,KARR-seq,cis_same_chromosome
K562_EP_0974,chr6,119572494,119605680,K562_TE_18951,chr6,108876038,108887069,K562_MPT_11264,ENSG00000118689.10,FOXO3,protein_coding,3,0.0138,K562,KARR-seq,cis_same_chromosome
K562_EP_0975,chr19,4908165,4938756,K562_TE_10272,chr19,47773142,47783142,K562_MPT_6850,ENSG00000257704.2,PRR24,protein_coding,3,0.0138,K562,KARR-seq,cis_same_chromosome
K562_EP_0976,chr1,246267724,246281298,K562_TE_2397,chr1,53013654,53025490,K562_MPT_520,ENSG00000134744.9,ZCCHC11,protein_coding,3,0.0138,K562,KARR-seq,cis_same_chromosome
K562_EP_0977,chr11,68103089,68115767,K562_TE_4126,chr11,62642894,62657649,K562_MPT_2277,ENSG00000168003.12,SLC3A2,protein_coding,3,0.0138,K562,KARR-seq,cis_same_chromosome
K562_EP_0978,chr1,182199423,182333142,K562_SE_86,chr1,8872524,8882702,K562_MPT_94,ENSG00000142599.13,RERE,protein_coding,3,0.0138,K562,KARR-seq,cis_same_chromosome
K562_EP_0979,chr6,7195029,7219836,K562_SE_562,chr6,34634733,34644733,K562_MPT_11023,ENSG00000196821.5,C6orf106,protein_coding,3,0.0138,K562,KARR-seq,cis_same_chromosome
K562_EP_0980,chr1,118014558,118034725,K562_TE_1295,chr1,155934520,155953890,K562_MPT_960,ENSG00000273002.1,RP11-336K24.12,lncRNA,3,0.0138,K562,KARR-seq,cis_same_chromosome
K562_EP_0981,chr1,207977786,208061237,K562_SE_95,chr1,161470220,161480220,K562_MPT_1024,ENSG00000143226.9,FCGR2A,protein_coding,3,0.0138,K562,KARR-seq,cis_same_chromosome
K562_EP_0982,chr1,89996110,90030257,K562_SE_50,chr1,6668745,6679667,K562_MPT_79,ENSG00000116273.5,PHF13,protein_coding,3,0.0138,K562,KARR-seq,cis_same_chromosome
K562_EP_0983,chr17,25772495,25943699,K562_SE_296,chr17,76137434,76147935,K562_MPT_5866,ENSG00000187997.7,C17orf99,protein_coding,3,0.0138,K562,KARR-seq,cis_same_chromosome
K562_EP_0984,chr6,34569067,34598665,K562_TE_18385,chr6,26280737,26290762,K562_MPT_10882,ENSG00000158406.2,HIST1H4H,protein_coding,3,0.0138,K562,KARR-seq,cis_same_chromosome
K562_EP_0985,chr6,30558045,30567727,K562_TE_18318,chr6,42744765,42754765,K562_MPT_11092,ENSG00000112624.8,GLTSCR1L,protein_coding,3,0.0138,K562,KARR-seq,cis_same_chromosome
K562_EP_0986,chr6,34647409,34649387,K562_TE_18386,chr6,147518603,147532110,K562_MPT_11407,ENSG00000233452.2,STXBP5-AS1,lncRNA,3,0.0138,K562,KARR-seq,cis_same_chromosome
K562_EP_0987,chr2,12415631,12466782,K562_SE_355,chr2,242442747,242454145,K562_MPT_7981,ENSG00000115694.10,STK25,protein_coding,3,0.0138,K562,KARR-seq,cis_same_chromosome
K562_EP_0988,chr6,69396203,69405959,K562_TE_18635,chr6,10882064,10892064,K562_MPT_10812,ENSG00000153157.8,SYCP2L,protein_coding,3,0.0138,K562,KARR-seq,cis_same_chromosome
K562_EP_0989,chr19,19553596,19601338,K562_SE_339,chr19,44268129,44278979,K562_MPT_6768,ENSG00000104783.7,KCNN4,protein_coding,3,0.0138,K562,KARR-seq,cis_same_chromosome
K562_EP_0990,chrX,11290563,11437956,K562_SE_739,chrX,133925304,133946267,K562_MPT_13639,ENSG00000156500.10,FAM122C,protein_coding,3,0.0138,K562,KARR-seq,cis_same_chromosome
K562_EP_0991,chr11,724540,763097,K562_TE_3515,chr11,61729638,61740453,K562_MPT_2261,ENSG00000167996.11,FTH1,protein_coding,3,0.0138,K562,KARR-seq,cis_same_chromosome
K562_EP_0992,chrX,39926369,40029585,K562_SE_742,chrX,131152293,131162636,K562_MPT_13633,ENSG00000134602.11,MST4,protein_coding,3,0.0138,K562,KARR-seq,cis_same_chromosome
K562_EP_0993,chr2,39625068,39659357,K562_TE_11328,chr2,130881795,130907707,K562_MPT_7619,ENSG00000223760.4,MED15P9,pseudogene,3,0.0138,K562,KARR-seq,cis_same_chromosome
K562_EP_0994,chr1,246148100,246176033,K562_TE_2394,chr1,26864603,26877343,K562_MPT_264,ENSG00000117676.9,RPS6KA1,protein_coding,3,0.0138,K562,KARR-seq,cis_same_chromosome
K562_EP_0995,chr1,67401088,67420708,K562_TE_924,chr1,29503410,29513499,K562_MPT_315,ENSG00000116350.11,SRSF4,protein_coding,3,0.0138,K562,KARR-seq,cis_same_chromosome
K562_EP_0996,chr2,198894123,198928263,K562_TE_12514,chr2,170585356,170603003,K562_MPT_7704,ENSG00000213160.5,KLHL23,protein_coding,3,0.0138,K562,KARR-seq,cis_same_chromosome
K562_EP_0997,chr5,53545021,53626040,K562_SE_532,chr5,43308326,43318614,K562_MPT_10242,ENSG00000112972.10,HMGCS1,protein_coding,3,0.0138,K562,KARR-seq,cis_same_chromosome
K562_EP_0998,chr20,31193112,31290878,K562_SE_402,chr20,52187566,52204636,K562_MPT_8293,ENSG00000171940.9,ZNF217,protein_coding,3,0.0138,K562,KARR-seq,cis_same_chromosome
K562_EP_0999,chr1,150576644,150613992,K562_SE_71,chr1,78439745,78450868,K562_MPT_611,ENSG00000162613.12,FUBP1,protein_coding,3,0.0138,K562,KARR-seq,cis_same_chromosome
K562_EP_1000,chr6,36062287,36068429,K562_TE_18415,chr6,31790512,31809853,K562_MPT_10984,ENSG00000204388.5,HSPA1B,protein_coding,3,0.0138,K562,KARR-seq,cis_same_chromosome
K562_EP_1001,chr2,74189295,74311354,K562_SE_371,chr2,122402052,122412676,K562_MPT_7599,ENSG00000236859.2,AC018737.1,lncRNA,3,0.0138,K562,KARR-seq,cis_same_chromosome
K562_EP_1002,chr19,50223099,50231952,K562_TE_10834,chr19,13025090,13085296,K562_MPT_6422,ENSG00000179218.9,CALR,protein_coding,3,0.0138,K562,KARR-seq,cis_same_chromosome
K562_EP_1003,chr3,171853314,171878431,K562_TE_15474,chr3,56712045,56722265,K562_MPT_9124,ENSG00000163946.9,FAM208A,protein_coding,3,0.0138,K562,KARR-seq,cis_same_chromosome
K562_EP_1004,chr1,39577549,39596253,K562_TE_588,chr1,182355539,182366341,K562_MPT_1133,ENSG00000135821.12,GLUL,protein_coding,3,0.0138,K562,KARR-seq,cis_same_chromosome
K562_EP_1005,chr19,4799977,4816393,K562_TE_10269,chr19,56141382,56171431,K562_MPT_7018,ENSG00000171425.5,ZNF581,protein_coding,3,0.0138,K562,KARR-seq,cis_same_chromosome
K562_EP_1006,chr8,126270829,126327886,K562_TE_21573,chr8,141640645,141650718,K562_MPT_12645,ENSG00000123908.7,AGO2,protein_coding,3,0.0138,K562,KARR-seq,cis_same_chromosome
K562_EP_1007,chr7,120621793,120694187,K562_SE_662,chr7,86683831,86694015,K562_MPT_11845,ENSG00000164659.10,KIAA1324L,protein_coding,3,0.0138,K562,KARR-seq,cis_same_chromosome
K562_EP_1008,chr9,46112543,46126893,K562_TE_21953,chr9,44985314,45009879,K562_MPT_12846,ENSG00000235659.1,RP11-374M1.5,lncRNA,3,0.0138,K562,KARR-seq,cis_same_chromosome
K562_EP_1009,chr1,180783712,180791556,K562_TE_1794,chr1,173827386,173843094,K562_MPT_1095,ENSG00000270084.1,GAS5-AS1,lncRNA,3,0.0138,K562,KARR-seq,cis_same_chromosome
K562_EP_1010,chrX,11257371,11276677,K562_TE_22710,chrX,73159159,73173808,K562_MPT_13507,ENSG00000225470.2,JPX,lncRNA,3,0.0138,K562,KARR-seq,cis_same_chromosome
K562_EP_1011,chr15,64489461,64540799,K562_TE_7412,chr15,91468410,91483515,K562_MPT_4551,ENSG00000224441.1,AC068831.3,lncRNA,3,0.0138,K562,KARR-seq,cis_same_chromosome
K562_EP_1012,chr2,97545950,97626315,K562_SE_375,chr2,113234731,113244731,K562_MPT_7560,ENSG00000114999.7,TTL,protein_coding,3,0.0138,K562,KARR-seq,cis_same_chromosome
K562_EP_1013,chr7,95916818,95945902,K562_TE_20114,chr7,100282071,100292071,K562_MPT_11926,ENSG00000146830.9,GIGYF1,protein_coding,3,0.0138,K562,KARR-seq,cis_same_chromosome
K562_EP_1014,chr10,61624138,61659731,K562_TE_2874,chr10,4863446,4873488,K562_MPT_1448,ENSG00000165568.13,AKR1E2,protein_coding,3,0.0138,K562,KARR-seq,cis_same_chromosome
K562_EP_1015,chr1,246226309,246255137,K562_TE_2396,chr1,65876499,65891403,K562_MPT_574,ENSG00000116678.14,LEPR,protein_coding,3,0.0138,K562,KARR-seq,cis_same_chromosome
K562_EP_1016,chr1,178971454,179031189,K562_SE_83,chr1,26180903,26191104,K562_MPT_247,ENSG00000127423.6,AUNIP,protein_coding,3,0.0138,K562,KARR-seq,cis_same_chromosome
K562_EP_1017,chr8,91291355,91300171,K562_TE_21289,chr8,96141032,96151304,K562_MPT_12516,ENSG00000175895.3,PLEKHF2,protein_coding,3,0.0138,K562,KARR-seq,cis_same_chromosome
K562_EP_1018,chr7,148543453,148572852,K562_TE_20642,chr7,2680166,2700726,K562_MPT_11519,ENSG00000136295.10,TTYH3,protein_coding,3,0.0138,K562,KARR-seq,cis_same_chromosome
K562_EP_1019,chr1,61692483,61739474,K562_TE_874,chr1,31840923,31854697,K562_MPT_324,ENSG00000121769.3,FABP3,protein_coding,3,0.0138,K562,KARR-seq,cis_same_chromosome
K562_EP_1020,chr17,55406397,55463691,K562_TE_9343,chr17,38460444,38479537,K562_MPT_5502,ENSG00000131759.13,RARA,protein_coding,3,0.0138,K562,KARR-seq,cis_same_chromosome
K562_EP_1021,chr1,19667704,19674645,K562_TE_258,chr1,11858302,11871977,K562_MPT_126,ENSG00000177000.6,MTHFR,protein_coding,3,0.0138,K562,KARR-seq,cis_same_chromosome
K562_EP_1022,chr15,66880235,66981717,K562_SE_249,chr15,96860874,96881490,K562_MPT_4563,ENSG00000222651.1,MIR1469,miRNA,5,0.0142,K562,KARR-seq,cis_same_chromosome
K562_EP_1023,chr7,76177805,76239287,K562_TE_20032,chr7,2797774,2807774,K562_MPT_11520,ENSG00000146535.9,GNA12,protein_coding,3,0.0142,K562,KARR-seq,cis_same_chromosome
K562_EP_1024,chr6,68585750,68609380,K562_SE_605,chr6,13481415,13492894,K562_MPT_10826,ENSG00000145990.6,GFOD1,protein_coding,5,0.0144,K562,KARR-seq,cis_same_chromosome
K562_EP_1025,chr6,147532768,147547718,K562_TE_19148,chr6,20397398,20409034,K562_MPT_10855,ENSG00000112242.10,E2F3,protein_coding,4,0.0145,K562,KARR-seq,cis_same_chromosome
K562_EP_1026,chr14,55140833,55211802,K562_SE_228,chr14,23762999,23782150,K562_MPT_3716,ENSG00000258643.1,BCL2L2-PABPN1,protein_coding,3,0.0154,K562,KARR-seq,cis_same_chromosome
K562_EP_1027,chr3,171033595,171073159,K562_TE_15459,chr3,72491069,72501069,K562_MPT_9173,ENSG00000163602.9,RYBP,protein_coding,3,0.0154,K562,KARR-seq,cis_same_chromosome
K562_EP_1028,chr9,139619943,139624993,K562_TE_22624,chr9,125662494,125680609,K562_MPT_13079,ENSG00000186130.4,ZBTB6,protein_coding,3,0.0154,K562,KARR-seq,cis_same_chromosome
K562_EP_1029,chr11,33879660,33934760,K562_TE_3804,chr11,34122149,34134756,K562_MPT_2148,ENSG00000135372.4,NAT10,protein_coding,3,0.0154,K562,KARR-seq,cis_same_chromosome
K562_EP_1030,chr1,61569740,61673375,K562_SE_45,chr1,22374120,22384790,K562_MPT_213,ENSG00000070831.11,CDC42,protein_coding,4,0.0158,K562,KARR-seq,cis_same_chromosome
K562_EP_1031,chr11,12257574,12312466,K562_TE_3668,chr11,5521834,5536215,K562_MPT_2030,ENSG00000175520.8,UBQLN3,protein_coding,4,0.0158,K562,KARR-seq,cis_same_chromosome
K562_EP_1032,chr6,15253980,15391637,K562_SE_569,chr6,167355151,167375672,K562_MPT_11475,ENSG00000197146.2,AL133458.1,pseudogene,4,0.0158,K562,KARR-seq,cis_same_chromosome
K562_EP_1033,chr2,240178209,240251049,K562_SE_395,chr2,26982156,26992157,K562_MPT_7160,ENSG00000213699.4,SLC35F6,protein_coding,3,0.0158,K562,KARR-seq,cis_same_chromosome
K562_EP_1034,chr11,3870376,3916781,K562_TE_3560,chr11,62642894,62657649,K562_MPT_2277,ENSG00000168003.12,SLC3A2,protein_coding,3,0.0158,K562,KARR-seq,cis_same_chromosome
K562_EP_1035,chr1,230208360,230327626,K562_SE_104,chr1,110522308,110532308,K562_MPT_728,ENSG00000168710.13,AHCYL1,protein_coding,3,0.0158,K562,KARR-seq,cis_same_chromosome
K562_EP_1036,chr6,16245298,16278427,K562_SE_574,chr6,35222248,35232551,K562_MPT_11029,ENSG00000065029.10,ZNF76,protein_coding,3,0.0158,K562,KARR-seq,cis_same_chromosome
K562_EP_1037,chr9,134278293,134294871,K562_TE_22563,chr9,139680807,139714988,K562_MPT_13233,ENSG00000213212.3,NCLP1,pseudogene,3,0.0158,K562,KARR-seq,cis_same_chromosome
K562_EP_1038,chr1,61569740,61673375,K562_SE_45,chr1,889670,913892,K562_MPT_19,ENSG00000188976.6,NOC2L,protein_coding,4,0.0159,K562,KARR-seq,cis_same_chromosome
K562_EP_1039,chr11,65167965,65217131,K562_SE_178,chr11,74806636,74816636,K562_MPT_2457,ENSG00000137491.10,SLCO2B1,protein_coding,6,0.0161,K562,KARR-seq,cis_same_chromosome
K562_EP_1040,chr1,28897644,28917048,K562_TE_432,chr1,32474430,32484597,K562_MPT_333,ENSG00000121774.13,KHDRBS1,protein_coding,4,0.0163,K562,KARR-seq,cis_same_chromosome
K562_EP_1041,chr11,65235059,65278329,K562_SE_179,chr11,34122149,34134756,K562_MPT_2148,ENSG00000135372.4,NAT10,protein_coding,21,0.0164,K562,KARR-seq,cis_same_chromosome
K562_EP_1042,chr9,101874143,101903051,K562_TE_22248,chr9,136019721,136029721,K562_MPT_13198,ENSG00000160271.10,RALGDS,protein_coding,3,0.0164,K562,KARR-seq,cis_same_chromosome
K562_EP_1043,chr6,157807419,157831422,K562_TE_19244,chr6,31614697,31642944,K562_MPT_10976,ENSG00000200344.1,Y_RNA,misc_RNA,3,0.0164,K562,KARR-seq,cis_same_chromosome
K562_EP_1044,chr11,96027561,96070888,K562_SE_190,chr11,71924582,71944893,K562_MPT_2427,ENSG00000165457.9,FOLR2,protein_coding,3,0.0164,K562,KARR-seq,cis_same_chromosome
K562_EP_1045,chr6,68585750,68609380,K562_SE_605,chr6,43732950,43747090,K562_MPT_11113,ENSG00000272114.1,RP1-261G23.7,lncRNA,8,0.0166,K562,KARR-seq,cis_same_chromosome
K562_EP_1046,chr11,65235059,65278329,K562_SE_179,chr11,387614,414977,K562_MPT_1965,ENSG00000184363.5,PKP3,protein_coding,8,0.0166,K562,KARR-seq,cis_same_chromosome
K562_EP_1047,chr5,53545021,53626040,K562_SE_532,chr5,137872400,137887992,K562_MPT_10533,ENSG00000120705.8,ETF1,protein_coding,4,0.0166,K562,KARR-seq,cis_same_chromosome
K562_EP_1048,chr3,6548808,6584670,K562_TE_14302,chr3,52552294,52575621,K562_MPT_9111,ENSG00000010327.6,STAB1,protein_coding,4,0.0166,K562,KARR-seq,cis_same_chromosome
K562_EP_1049,chr19,28942803,29111036,K562_SE_341,chr19,50077535,50099900,K562_MPT_6899,ENSG00000126464.9,PRR12,protein_coding,4,0.0166,K562,KARR-seq,cis_same_chromosome
K562_EP_1050,chr5,10689205,10739844,K562_SE_528,chr5,90674176,90684176,K562_MPT_10384,ENSG00000113369.4,ARRDC3,protein_coding,3,0.0166,K562,KARR-seq,cis_same_chromosome
K562_EP_1051,chr19,55509612,55538287,K562_TE_10910,chr19,18524674,18535913,K562_MPT_6525,ENSG00000130511.11,SSBP4,protein_coding,3,0.0166,K562,KARR-seq,cis_same_chromosome
K562_EP_1052,chr3,176855948,176909086,K562_TE_15500,chr3,182692939,182708741,K562_MPT_9504,ENSG00000043093.9,DCUN1D1,protein_coding,3,0.0166,K562,KARR-seq,cis_same_chromosome
K562_EP_1053,chr3,176855948,176909086,K562_TE_15500,chr3,56712045,56722265,K562_MPT_9124,ENSG00000163946.9,FAM208A,protein_coding,3,0.0166,K562,KARR-seq,cis_same_chromosome
K562_EP_1054,chr6,28574822,28586472,K562_SE_586,chr6,30579082,30599663,K562_MPT_10954,ENSG00000222894.1,AL662800.1,miRNA,3,0.0166,K562,KARR-seq,cis_same_chromosome
K562_EP_1055,chr1,155791235,155820632,K562_TE_1527,chr1,6252817,6274449,K562_MPT_68,ENSG00000116251.5,RPL22,protein_coding,3,0.0166,K562,KARR-seq,cis_same_chromosome
K562_EP_1056,chr6,4781409,4817806,K562_TE_18047,chr6,119665901,119675926,K562_MPT_11317,ENSG00000111885.5,MAN1A1,protein_coding,3,0.0166,K562,KARR-seq,cis_same_chromosome
K562_EP_1057,chr9,136112608,136160631,K562_SE_735,chr9,4845291,4864260,K562_MPT_12726,ENSG00000228165.1,RP11-125K10.5,lncRNA,3,0.0166,K562,KARR-seq,cis_same_chromosome
K562_EP_1058,chr19,28942803,29111036,K562_SE_341,chr19,58233983,58243992,K562_MPT_7047,ENSG00000083814.8,ZNF671,protein_coding,3,0.0166,K562,KARR-seq,cis_same_chromosome
K562_EP_1059,chr14,55140833,55211802,K562_SE_228,chr14,24012663,24042279,K562_MPT_3720,ENSG00000136367.12,ZFHX2,protein_coding,3,0.0166,K562,KARR-seq,cis_same_chromosome
K562_EP_1060,chr11,85802540,85930107,K562_SE_187,chr11,62594513,62614281,K562_MPT_2275,ENSG00000162236.7,STX5,protein_coding,3,0.0166,K562,KARR-seq,cis_same_chromosome
K562_EP_1061,chr1,993258,1027535,K562_TE_18,chr1,173827386,173843094,K562_MPT_1095,ENSG00000270084.1,GAS5-AS1,lncRNA,3,0.0166,K562,KARR-seq,cis_same_chromosome
K562_EP_1062,chr6,147171445,147272129,K562_SE_624,chr6,8092544,8107811,K562_MPT_10804,ENSG00000124802.7,EEF1E1,protein_coding,3,0.0166,K562,KARR-seq,cis_same_chromosome
K562_EP_1063,chr2,55225058,55267805,K562_TE_11460,chr2,131871464,131883515,K562_MPT_7630,ENSG00000115762.12,PLEKHB2,protein_coding,3,0.0166,K562,KARR-seq,cis_same_chromosome
K562_EP_1064,chr1,246038111,246043497,K562_TE_2392,chr1,150516884,150544336,K562_MPT_882,ENSG00000143382.9,ADAMTSL4,protein_coding,3,0.0166,K562,KARR-seq,cis_same_chromosome
K562_EP_1065,chr7,76177805,76239287,K562_TE_20032,chr7,72931602,72941608,K562_MPT_11792,ENSG00000009954.6,BAZ1B,protein_coding,3,0.0166,K562,KARR-seq,cis_same_chromosome
K562_EP_1066,chr17,27443219,27495950,K562_TE_8952,chr17,3814794,3824794,K562_MPT_5205,ENSG00000108405.3,P2RX1,protein_coding,3,0.0166,K562,KARR-seq,cis_same_chromosome
K562_EP_1067,chr17,40666935,40683287,K562_TE_9135,chr17,7102726,7174485,K562_MPT_5236,ENSG00000200344.1,Y_RNA,misc_RNA,3,0.0166,K562,KARR-seq,cis_same_chromosome
K562_EP_1068,chr6,147532768,147547718,K562_TE_19148,chr6,36848630,36858640,K562_MPT_11051,ENSG00000198663.12,C6orf89,protein_coding,3,0.0166,K562,KARR-seq,cis_same_chromosome
K562_EP_1069,chr4,2569385,2620033,K562_TE_15760,chr4,83289303,83300656,K562_MPT_9876,ENSG00000272677.1,RP11-127B20.3,lncRNA,3,0.0166,K562,KARR-seq,cis_same_chromosome
K562_EP_1070,chr17,64326920,64382795,K562_TE_9471,chr17,17735131,17745325,K562_MPT_5318,ENSG00000072310.12,SREBF1,protein_coding,3,0.0166,K562,KARR-seq,cis_same_chromosome
K562_EP_1071,chr1,143449745,143468119,K562_SE_62,chr1,11981480,11999810,K562_MPT_129,ENSG00000083444.12,PLOD1,protein_coding,3,0.0166,K562,KARR-seq,cis_same_chromosome
K562_EP_1072,chr18,75695246,75705676,K562_TE_10150,chr18,11897754,11919343,K562_MPT_5994,ENSG00000267079.1,RP11-820I16.1,lncRNA,3,0.0166,K562,KARR-seq,cis_same_chromosome
K562_EP_1073,chr3,171853314,171878431,K562_TE_15474,chr3,43726605,43738086,K562_MPT_9013,ENSG00000160746.8,ANO10,protein_coding,3,0.0166,K562,KARR-seq,cis_same_chromosome
K562_EP_1074,chr1,202119704,202124223,K562_TE_1955,chr1,173827386,173843094,K562_MPT_1095,ENSG00000270084.1,GAS5-AS1,lncRNA,3,0.0166,K562,KARR-seq,cis_same_chromosome
K562_EP_1075,chr17,40392872,40475968,K562_SE_305,chr17,37002912,37016567,K562_MPT_5476,ENSG00000244086.1,RPS20P35,pseudogene,3,0.0166,K562,KARR-seq,cis_same_chromosome
K562_EP_1076,chr4,184094671,184104970,K562_TE_16729,chr4,44850,58210,K562_MPT_9618,ENSG00000248302.2,Z95704.4,pseudogene,3,0.0166,K562,KARR-seq,cis_same_chromosome
K562_EP_1077,chr1,246294272,246388032,K562_SE_112,chr1,89985395,89995462,K562_MPT_643,ENSG00000197147.8,LRRC8B,protein_coding,3,0.0166,K562,KARR-seq,cis_same_chromosome
K562_EP_1078,chr1,54676619,54697327,K562_TE_817,chr1,151025234,151037125,K562_MPT_892,ENSG00000213190.2,MLLT11,protein_coding,3,0.0166,K562,KARR-seq,cis_same_chromosome
K562_EP_1079,chr6,148017072,148034957,K562_TE_19152,chr6,35431185,35441185,K562_MPT_11033,ENSG00000198755.6,RPL10A,protein_coding,3,0.0166,K562,KARR-seq,cis_same_chromosome
K562_EP_1080,chr2,168701147,168710637,K562_TE_12247,chr2,201975827,202002707,K562_MPT_7825,ENSG00000003402.15,CFLAR,protein_coding,3,0.0166,K562,KARR-seq,cis_same_chromosome
K562_EP_1081,chr16,88825907,88843302,K562_SE_288,chr16,88700001,88722560,K562_MPT_5138,ENSG00000051523.6,CYBA,protein_coding,3,0.0166,K562,KARR-seq,cis_same_chromosome
K562_EP_1082,chr2,26262600,26299360,K562_SE_357,chr2,178115738,178134859,K562_MPT_7747,ENSG00000265396.1,MIR3128,miRNA,3,0.0166,K562,KARR-seq,cis_same_chromosome
K562_EP_1083,chr17,74551794,74583449,K562_SE_318,chr17,37348955,37362385,K562_MPT_5481,ENSG00000067191.11,CACNB1,protein_coding,3,0.0166,K562,KARR-seq,cis_same_chromosome
K562_EP_1084,chr2,74189295,74311354,K562_SE_371,chr2,232318068,232334305,K562_MPT_7932,ENSG00000115053.11,NCL,protein_coding,3,0.0166,K562,KARR-seq,cis_same_chromosome
K562_EP_1085,chr17,80483691,80517730,K562_TE_9710,chr17,73883230,73910899,K562_MPT_5832,ENSG00000141569.6,TRIM65,protein_coding,3,0.0166,K562,KARR-seq,cis_same_chromosome
K562_EP_1086,chr1,183990850,184014467,K562_SE_87,chr1,11858302,11871977,K562_MPT_126,ENSG00000177000.6,MTHFR,protein_coding,3,0.0166,K562,KARR-seq,cis_same_chromosome
K562_EP_1087,chr1,16104375,16163662,K562_SE_9,chr1,27643651,27656820,K562_MPT_279,ENSG00000241547.1,RP11-4K3__A.5,pseudogene,3,0.0166,K562,KARR-seq,cis_same_chromosome
K562_EP_1088,chr1,90329507,90423245,K562_SE_51,chr1,1683707,1695081,K562_MPT_42,ENSG00000008130.11,NADK,protein_coding,3,0.0166,K562,KARR-seq,cis_same_chromosome
K562_EP_1089,chr17,20769482,20780745,K562_TE_8907,chr17,79975734,80000907,K562_MPT_5919,ENSG00000169750.4,RAC3,protein_coding,3,0.0166,K562,KARR-seq,cis_same_chromosome
K562_EP_1090,chr11,36111629,36148220,K562_SE_169,chr11,3389821,3409692,K562_MPT_2003,ENSG00000263365.1,AC123788.1,miRNA,3,0.0166,K562,KARR-seq,cis_same_chromosome
K562_EP_1091,chr1,31485878,31504712,K562_TE_461,chr1,28827455,28850207,K562_MPT_305,ENSG00000200087.1,SNORA73B,snoRNA,3,0.0166,K562,KARR-seq,cis_same_chromosome
K562_EP_1092,chr9,27457005,27484177,K562_TE_21826,chr9,139549873,139570054,K562_MPT_13227,ENSG00000199161.1,MIR126,miRNA,3,0.0166,K562,KARR-seq,cis_same_chromosome
K562_EP_1093,chr15,55510158,55589862,K562_SE_243,chr15,76624065,76639404,K562_MPT_4434,ENSG00000259514.1,RP11-685G9.2,lncRNA,3,0.0166,K562,KARR-seq,cis_same_chromosome
K562_EP_1094,chr1,167829454,167850322,K562_SE_81,chr1,6626001,6645148,K562_MPT_77,ENSG00000173662.15,TAS1R1,protein_coding,3,0.0166,K562,KARR-seq,cis_same_chromosome
K562_EP_1095,chr1,15093392,15127998,K562_SE_7,chr1,207813519,207823579,K562_MPT_1238,ENSG00000197721.12,CR1L,protein_coding,3,0.0166,K562,KARR-seq,cis_same_chromosome
K562_EP_1096,chrX,109379561,109445287,K562_TE_23114,chrX,109240863,109251343,K562_MPT_13573,ENSG00000157600.7,TMEM164,protein_coding,3,0.0166,K562,KARR-seq,cis_same_chromosome
K562_EP_1097,chr6,70467790,70496019,K562_TE_18642,chr6,147518603,147532110,K562_MPT_11407,ENSG00000233452.2,STXBP5-AS1,lncRNA,3,0.0166,K562,KARR-seq,cis_same_chromosome
K562_EP_1098,chr6,147532768,147547718,K562_TE_19148,chr6,33276989,33295791,K562_MPT_11001,ENSG00000236104.2,ZBTB22,protein_coding,3,0.0166,K562,KARR-seq,cis_same_chromosome
K562_EP_1099,chr17,6814340,6882186,K562_TE_8753,chr17,79625142,79638785,K562_MPT_5911,ENSG00000185298.8,CCDC137,protein_coding,3,0.0166,K562,KARR-seq,cis_same_chromosome
K562_EP_1100,chr16,81535530,81593308,K562_TE_8560,chr16,68106243,68128446,K562_MPT_5016,ENSG00000200344.1,Y_RNA,misc_RNA,3,0.0166,K562,KARR-seq,cis_same_chromosome
K562_EP_1101,chr12,93754564,93822435,K562_TE_5413,chr12,57076946,57087159,K562_MPT_3051,ENSG00000110958.11,PTGES3,protein_coding,3,0.0166,K562,KARR-seq,cis_same_chromosome
K562_EP_1102,chr19,39126319,39184375,K562_SE_343,chr19,39331139,39347978,K562_MPT_6686,ENSG00000269688.1,AC008982.2,lncRNA,3,0.0166,K562,KARR-seq,cis_same_chromosome
K562_EP_1103,chr6,41959442,42010899,K562_SE_599,chr6,135497453,135522133,K562_MPT_11361,ENSG00000236703.1,MYB-AS1,lncRNA,3,0.0166,K562,KARR-seq,cis_same_chromosome
K562_EP_1104,chr7,139661169,139680740,K562_TE_20587,chr7,107526415,107536619,K562_MPT_11986,ENSG00000091140.8,DLD,protein_coding,3,0.0166,K562,KARR-seq,cis_same_chromosome
K562_EP_1105,chr1,8904567,8932599,K562_TE_117,chr1,17760057,17771220,K562_MPT_178,ENSG00000179051.9,RCC2,protein_coding,3,0.0166,K562,KARR-seq,cis_same_chromosome
K562_EP_1106,chr20,45924291,45970176,K562_SE_408,chr20,383142,395528,K562_MPT_8000,ENSG00000125826.15,RBCK1,protein_coding,3,0.0166,K562,KARR-seq,cis_same_chromosome
K562_EP_1107,chr2,87738949,87854483,K562_SE_373,chr2,39658778,39669572,K562_MPT_7229,ENSG00000011566.10,MAP4K3,protein_coding,3,0.0166,K562,KARR-seq,cis_same_chromosome
K562_EP_1108,chr8,105525683,105558717,K562_TE_21450,chr8,144669339,144705218,K562_MPT_12674,ENSG00000179886.4,TIGD5,protein_coding,3,0.0166,K562,KARR-seq,cis_same_chromosome
K562_EP_1109,chr1,33446463,33490292,K562_TE_499,chr1,193021545,193043362,K562_MPT_1158,ENSG00000238754.1,snoU109,snoRNA,3,0.0166,K562,KARR-seq,cis_same_chromosome
K562_EP_1110,chr1,65724685,65762997,K562_SE_47,chr1,109930979,109945573,K562_MPT_713,ENSG00000134243.7,SORT1,protein_coding,3,0.0166,K562,KARR-seq,cis_same_chromosome
K562_EP_1111,chr1,90329507,90423245,K562_SE_51,chr1,27208016,27231957,K562_MPT_272,ENSG00000142751.10,GPN2,protein_coding,3,0.0166,K562,KARR-seq,cis_same_chromosome
K562_EP_1112,chr1,67401088,67420708,K562_TE_924,chr1,6252817,6274449,K562_MPT_68,ENSG00000116251.5,RPL22,protein_coding,3,0.0166,K562,KARR-seq,cis_same_chromosome
K562_EP_1113,chr11,36111629,36148220,K562_SE_169,chr11,282305,304526,K562_MPT_1962,ENSG00000206013.2,IFITM5,protein_coding,3,0.0166,K562,KARR-seq,cis_same_chromosome
K562_EP_1114,chr1,156791541,156898075,K562_TE_1551,chr1,29503410,29513499,K562_MPT_315,ENSG00000116350.11,SRSF4,protein_coding,3,0.0166,K562,KARR-seq,cis_same_chromosome
K562_EP_1115,chr1,230208360,230327626,K562_SE_104,chr1,151422533,151436941,K562_MPT_903,ENSG00000143442.17,POGZ,protein_coding,3,0.0166,K562,KARR-seq,cis_same_chromosome
K562_EP_1116,chr7,75939934,76044649,K562_SE_653,chr7,99053152,99075535,K562_MPT_11901,ENSG00000106246.13,PTCD1,protein_coding,3,0.0166,K562,KARR-seq,cis_same_chromosome
K562_EP_1117,chr2,55225058,55267805,K562_TE_11460,chr2,27429620,27445276,K562_MPT_7168,ENSG00000138085.12,ATRAID,protein_coding,3,0.0166,K562,KARR-seq,cis_same_chromosome
K562_EP_1118,chr1,33446463,33490292,K562_TE_499,chr1,149853232,149864466,K562_MPT_870,ENSG00000184270.3,HIST2H2AB,protein_coding,3,0.0166,K562,KARR-seq,cis_same_chromosome
K562_EP_1119,chr12,69014477,69024236,K562_TE_5254,chr12,123863320,123879589,K562_MPT_3365,ENSG00000183955.8,SETD8,protein_coding,3,0.0166,K562,KARR-seq,cis_same_chromosome
K562_EP_1120,chr1,109626153,109650176,K562_TE_1184,chr1,54513865,54524807,K562_MPT_535,ENSG00000116205.6,TCEANC2,protein_coding,3,0.0166,K562,KARR-seq,cis_same_chromosome
K562_EP_1121,chr1,246734373,246761217,K562_SE_113,chr1,6252817,6274449,K562_MPT_68,ENSG00000116251.5,RPL22,protein_coding,3,0.0166,K562,KARR-seq,cis_same_chromosome
K562_EP_1122,chr2,87738949,87854483,K562_SE_373,chr2,203125439,203135439,K562_MPT_7835,ENSG00000055044.6,NOP58,protein_coding,3,0.0166,K562,KARR-seq,cis_same_chromosome
K562_EP_1123,chr12,93754564,93822435,K562_TE_5413,chr12,49653539,49672089,K562_MPT_2938,ENSG00000167553.10,TUBA1C,protein_coding,3,0.0166,K562,KARR-seq,cis_same_chromosome
K562_EP_1124,chr2,10451246,10550475,K562_SE_354,chr2,217357912,217368863,K562_MPT_7876,ENSG00000197756.5,RPL37A,protein_coding,3,0.0166,K562,KARR-seq,cis_same_chromosome
K562_EP_1125,chr7,106584969,106759452,K562_SE_661,chr7,149406872,149423041,K562_MPT_12156,ENSG00000133619.13,KRBA1,protein_coding,3,0.0166,K562,KARR-seq,cis_same_chromosome
K562_EP_1126,chr22,20045072,20060430,K562_SE_434,chr22,19999331,20013678,K562_MPT_8553,ENSG00000099889.9,ARVCF,protein_coding,3,0.0166,K562,KARR-seq,cis_same_chromosome
K562_EP_1127,chr17,3847566,3911178,K562_TE_8716,chr17,27134242,27144453,K562_MPT_5390,ENSG00000173065.9,FAM222B,protein_coding,3,0.0166,K562,KARR-seq,cis_same_chromosome
K562_EP_1128,chr2,10451246,10550475,K562_SE_354,chr2,85817848,85848317,K562_MPT_7436,ENSG00000168894.5,RNF181,protein_coding,3,0.0166,K562,KARR-seq,cis_same_chromosome
K562_EP_1129,chr6,56969081,56981112,K562_TE_18609,chr6,27769853,27811440,K562_MPT_10912,ENSG00000197914.2,HIST1H4K,protein_coding,3,0.0166,K562,KARR-seq,cis_same_chromosome
K562_EP_1130,chr6,147532768,147547718,K562_TE_19148,chr6,42971851,42994383,K562_MPT_11096,ENSG00000124541.6,RRP36,protein_coding,3,0.0166,K562,KARR-seq,cis_same_chromosome
K562_EP_1131,chr9,127450836,127487668,K562_TE_22440,chr9,136034282,136044332,K562_MPT_13199,ENSG00000160271.10,RALGDS,protein_coding,3,0.0166,K562,KARR-seq,cis_same_chromosome
K562_EP_1132,chr22,23528183,23591207,K562_SE_441,chr22,25955117,25965816,K562_MPT_8626,ENSG00000100077.10,ADRBK2,protein_coding,3,0.0166,K562,KARR-seq,cis_same_chromosome
K562_EP_1133,chr1,27753546,27787982,K562_TE_408,chr1,24093887,24132260,K562_MPT_226,ENSG00000011009.6,LYPLA2,protein_coding,3,0.0166,K562,KARR-seq,cis_same_chromosome
K562_EP_1134,chr9,136112608,136160631,K562_SE_735,chr9,140343944,140358786,K562_MPT_13251,ENSG00000165802.15,NSMF,protein_coding,3,0.0166,K562,KARR-seq,cis_same_chromosome
K562_EP_1135,chr18,9733561,9966563,K562_SE_328,chr18,9128420,9142561,K562_MPT_5980,ENSG00000266053.2,RP11-143J12.2,lncRNA,3,0.0166,K562,KARR-seq,cis_same_chromosome
K562_EP_1136,chr17,27144641,27164081,K562_TE_8947,chr17,46698835,46729385,K562_MPT_5636,ENSG00000210741.1,MIR196A1,miRNA,3,0.0166,K562,KARR-seq,cis_same_chromosome
K562_EP_1137,chr1,19929760,19940167,K562_TE_263,chr1,6626001,6645148,K562_MPT_77,ENSG00000173662.15,TAS1R1,protein_coding,3,0.0166,K562,KARR-seq,cis_same_chromosome
K562_EP_1138,chrX,153311772,153349307,K562_TE_23386,chrX,11440893,11450893,K562_MPT_13282,ENSG00000047648.17,ARHGAP6,protein_coding,3,0.0166,K562,KARR-seq,cis_same_chromosome
K562_EP_1139,chr3,48963348,48973671,K562_TE_14687,chr3,12876949,12888087,K562_MPT_8907,ENSG00000207496.1,SNORA7A,snoRNA,3,0.0166,K562,KARR-seq,cis_same_chromosome
K562_EP_1140,chr6,37269118,37283425,K562_TE_18437,chr6,37132979,37142979,K562_MPT_11054,ENSG00000137193.9,PIM1,protein_coding,3,0.0166,K562,KARR-seq,cis_same_chromosome
K562_EP_1141,chr6,147171445,147272129,K562_SE_624,chr6,151353110,151366107,K562_MPT_11427,ENSG00000221469.1,AL133260.1,miRNA,3,0.0166,K562,KARR-seq,cis_same_chromosome
K562_EP_1142,chr16,9141030,9205126,K562_SE_264,chr16,58653690,58668790,K562_MPT_4976,ENSG00000125107.12,CNOT1,protein_coding,3,0.0166,K562,KARR-seq,cis_same_chromosome
K562_EP_1143,chr6,148017072,148034957,K562_TE_19152,chr6,16124356,16134402,K562_MPT_10842,ENSG00000007944.10,MYLIP,protein_coding,3,0.0166,K562,KARR-seq,cis_same_chromosome
K562_EP_1144,chr19,39126319,39184375,K562_SE_343,chr19,41851816,41875078,K562_MPT_6740,ENSG00000105329.5,TGFB1,protein_coding,3,0.0166,K562,KARR-seq,cis_same_chromosome
K562_EP_1145,chr3,4753839,4814516,K562_SE_448,chr3,52552294,52575621,K562_MPT_9111,ENSG00000010327.6,STAB1,protein_coding,3,0.0166,K562,KARR-seq,cis_same_chromosome
K562_EP_1146,chr1,8842073,8889894,K562_SE_2,chr1,235286252,235297251,K562_MPT_1375,ENSG00000207181.1,SNORA14B,snoRNA,3,0.0166,K562,KARR-seq,cis_same_chromosome
K562_EP_1147,chr1,29462900,29499182,K562_TE_446,chr1,85150972,85161486,K562_MPT_621,ENSG00000117155.12,SSX2IP,protein_coding,3,0.0166,K562,KARR-seq,cis_same_chromosome
K562_EP_1148,chr11,12997187,13020705,K562_TE_3681,chr11,67130108,67146648,K562_MPT_2379,ENSG00000256514.1,AP003419.11,lncRNA,3,0.0166,K562,KARR-seq,cis_same_chromosome
K562_EP_1149,chr12,25043466,25109549,K562_TE_4877,chr12,7008897,7042476,K562_MPT_2753,ENSG00000111676.10,ATN1,protein_coding,3,0.0166,K562,KARR-seq,cis_same_chromosome
K562_EP_1150,chr11,5474831,5483144,K562_TE_3584,chr11,61094858,61116393,K562_MPT_2247,ENSG00000167986.9,DDB1,protein_coding,3,0.0166,K562,KARR-seq,cis_same_chromosome
K562_EP_1151,chr1,16104375,16163662,K562_SE_9,chr1,25732930,25762411,K562_MPT_242,ENSG00000204178.5,TMEM57,protein_coding,3,0.0166,K562,KARR-seq,cis_same_chromosome
K562_EP_1152,chr6,34783722,34807926,K562_TE_18389,chr6,26211872,26222165,K562_MPT_10878,ENSG00000168274.3,HIST1H2AE,protein_coding,3,0.0166,K562,KARR-seq,cis_same_chromosome
K562_EP_1153,chr11,95944717,96013925,K562_SE_189,chr11,63732942,63747092,K562_MPT_2291,ENSG00000176340.3,COX8A,protein_coding,3,0.0166,K562,KARR-seq,cis_same_chromosome
K562_EP_1154,chr18,9733561,9966563,K562_SE_328,chr18,43673251,43689368,K562_MPT_6069,ENSG00000152234.11,ATP5A1,protein_coding,3,0.0166,K562,KARR-seq,cis_same_chromosome
K562_EP_1155,chr1,54676619,54697327,K562_TE_817,chr1,2110314,2135427,K562_MPT_49,ENSG00000269554.1,AL590822.2,protein_coding,3,0.0166,K562,KARR-seq,cis_same_chromosome
K562_EP_1156,chr18,75695246,75705676,K562_TE_10150,chr18,71809999,71820758,K562_MPT_6129,ENSG00000141665.7,FBXO15,protein_coding,3,0.0166,K562,KARR-seq,cis_same_chromosome
K562_EP_1157,chr22,21926886,21944438,K562_TE_13827,chr22,19461454,19472461,K562_MPT_8544,ENSG00000070010.14,UFD1L,protein_coding,3,0.0166,K562,KARR-seq,cis_same_chromosome
K562_EP_1158,chr17,16331212,16347829,K562_SE_293,chr17,42457688,42471873,K562_MPT_5575,ENSG00000005961.13,ITGA2B,protein_coding,3,0.0166,K562,KARR-seq,cis_same_chromosome
K562_EP_1159,chr16,81535530,81593308,K562_TE_8560,chr16,87412363,87431401,K562_MPT_5127,ENSG00000140941.8,MAP1LC3B,protein_coding,3,0.0168,K562,KARR-seq,cis_same_chromosome
K562_EP_1160,chr6,69421489,69471356,K562_TE_18636,chr6,42744765,42754765,K562_MPT_11092,ENSG00000112624.8,GLTSCR1L,protein_coding,3,0.0168,K562,KARR-seq,cis_same_chromosome
K562_EP_1161,chr7,120621793,120694187,K562_SE_662,chr7,99092887,99107573,K562_MPT_11902,ENSG00000160908.14,ZNF394,protein_coding,3,0.0168,K562,KARR-seq,cis_same_chromosome
K562_EP_1162,chr16,85548387,85639758,K562_SE_284,chr16,15656840,15666840,K562_MPT_4735,ENSG00000166780.6,C16orf45,protein_coding,4,0.0171,K562,KARR-seq,cis_same_chromosome
K562_EP_1163,chr6,155072954,155083718,K562_TE_19213,chr6,27095327,27120405,K562_MPT_10900,ENSG00000198339.3,HIST1H4I,protein_coding,3,0.0171,K562,KARR-seq,cis_same_chromosome
K562_EP_1164,chr16,85210066,85383708,K562_SE_282,chr16,1999727,2052655,K562_MPT_4626,ENSG00000269205.1,AC005606.1,protein_coding,3,0.0171,K562,KARR-seq,cis_same_chromosome
K562_EP_1165,chr1,12551402,12665350,K562_SE_5,chr1,109751540,109761604,K562_MPT_709,ENSG00000031698.8,SARS,protein_coding,3,0.0171,K562,KARR-seq,cis_same_chromosome
K562_EP_1166,chr10,35630893,35721029,K562_SE_130,chr10,4863446,4873488,K562_MPT_1448,ENSG00000165568.13,AKR1E2,protein_coding,3,0.0171,K562,KARR-seq,cis_same_chromosome
K562_EP_1167,chr6,86384334,86390564,K562_SE_609,chr6,34199650,34211568,K562_MPT_11014,ENSG00000137309.15,HMGA1,protein_coding,3,0.0171,K562,KARR-seq,cis_same_chromosome
K562_EP_1168,chr1,230208360,230327626,K562_SE_104,chr1,235485665,235497344,K562_MPT_1378,ENSG00000054267.16,ARID4B,protein_coding,3,0.0171,K562,KARR-seq,cis_same_chromosome
K562_EP_1169,chr1,33446463,33490292,K562_TE_499,chr1,144984309,145000082,K562_MPT_812,ENSG00000268172.1,AL590452.1,protein_coding,3,0.0171,K562,KARR-seq,cis_same_chromosome
K562_EP_1170,chr6,69421489,69471356,K562_TE_18636,chr6,31503313,31521204,K562_MPT_10973,ENSG00000204498.6,NFKBIL1,protein_coding,3,0.0171,K562,KARR-seq,cis_same_chromosome
K562_EP_1171,chr2,87738949,87854483,K562_SE_373,chr2,20545382,20558477,K562_MPT_7133,ENSG00000252216.1,AC007041.1,miRNA,3,0.0171,K562,KARR-seq,cis_same_chromosome
K562_EP_1172,chr17,25772495,25943699,K562_SE_296,chr17,25616022,25626372,K562_MPT_5367,ENSG00000263583.1,MIR4522,miRNA,3,0.0171,K562,KARR-seq,cis_same_chromosome
K562_EP_1173,chr6,28574822,28586472,K562_SE_586,chr6,26119138,26129431,K562_MPT_10875,ENSG00000180573.8,HIST1H2AC,protein_coding,3,0.0171,K562,KARR-seq,cis_same_chromosome
K562_EP_1174,chr11,65167965,65217131,K562_SE_178,chr11,65846444,65856444,K562_MPT_2349,ENSG00000175115.7,PACS1,protein_coding,4,0.0179,K562,KARR-seq,cis_same_chromosome
K562_EP_1175,chr8,91171169,91256982,K562_SE_690,chr8,126958394,126968493,K562_MPT_12613,ENSG00000245164.2,LINC00861,lncRNA,5,0.018,K562,KARR-seq,cis_same_chromosome
K562_EP_1176,chr11,65235059,65278329,K562_SE_179,chr11,77295680,77305680,K562_MPT_2482,ENSG00000178301.3,AQP11,protein_coding,5,0.0181,K562,KARR-seq,cis_same_chromosome
K562_EP_1177,chr7,22686756,22758622,K562_SE_644,chr7,50339324,50353318,K562_MPT_11720,ENSG00000185811.12,IKZF1,protein_coding,3,0.0188,K562,KARR-seq,cis_same_chromosome
K562_EP_1178,chr12,116553715,116655574,K562_TE_5637,chr12,57903933,57948827,K562_MPT_3069,ENSG00000175203.11,DCTN2,protein_coding,5,0.0193,K562,KARR-seq,cis_same_chromosome
K562_EP_1179,chr15,88125985,88248068,K562_SE_253,chr15,30912976,30923879,K562_MPT_4134,ENSG00000247728.2,RP11-932O9.7,lncRNA,4,0.0194,K562,KARR-seq,cis_same_chromosome
K562_EP_1180,chr8,56755883,56781883,K562_SE_686,chr8,56787372,56797394,K562_MPT_12401,ENSG00000254087.3,LYN,protein_coding,8,0.0198,K562,RIC-seq,cis_same_chromosome
K562_EP_1181,chr12,110684427,110711281,K562_TE_5567,chr12,110713561,110724486,K562_MPT_3252,ENSG00000174437.12,ATP2A2,protein_coding,8,0.0198,K562,RIC-seq,cis_same_chromosome
K562_EP_1182,chr11,88147343,88168332,K562_TE_4341,chr11,88065901,88075955,K562_MPT_2521,ENSG00000109861.11,CTSC,protein_coding,8,0.0198,K562,RIC-seq,cis_same_chromosome
K562_EP_1183,chr2,132398162,132440632,K562_TE_12063,chr2,132389598,132399598,K562_MPT_7637,ENSG00000224559.2,LINC01087,lncRNA,8,0.0198,K562,RIC-seq,cis_same_chromosome
K562_EP_1184,chr1,167867801,167898403,K562_TE_1671,chr1,167900278,167911278,K562_MPT_1064,ENSG00000143164.11,DCAF6,protein_coding,8,0.0198,K562,RIC-seq,cis_same_chromosome
K562_EP_1185,chr2,55852943,55857988,K562_TE_11473,chr2,55839723,55850044,K562_MPT_7287,ENSG00000138041.11,SMEK2,protein_coding,8,0.0198,K562,RIC-seq,cis_same_chromosome
K562_EP_1186,chr5,138874972,138904598,K562_TE_17636,chr5,138847108,138867375,K562_MPT_10544,ENSG00000184584.8,TMEM173,protein_coding,8,0.0198,K562,RIC-seq,cis_same_chromosome
K562_EP_1187,chr3,110222950,110250196,K562_TE_14981,chr3,110243429,110253429,K562_MPT_9232,ENSG00000240895.1,RP11-119D18.1,lncRNA,8,0.0198,K562,RIC-seq,cis_same_chromosome
K562_EP_1188,chr11,88081977,88097313,K562_TE_4340,chr11,88065901,88075955,K562_MPT_2521,ENSG00000109861.11,CTSC,protein_coding,8,0.0198,K562,RIC-seq,cis_same_chromosome
K562_EP_1189,chr7,119565538,119571659,K562_TE_20378,chr7,119542429,119552429,K562_MPT_12012,ENSG00000225546.1,RP11-328J2.1,lncRNA,8,0.0198,K562,RIC-seq,cis_same_chromosome
K562_EP_1190,chr1,36876972,36886860,K562_TE_548,chr1,36858493,36873460,K562_MPT_384,ENSG00000222821.1,RNU4-27P,snRNA,8,0.0198,K562,RIC-seq,cis_same_chromosome
K562_EP_1191,chr7,91200909,91212566,K562_TE_20078,chr7,91181163,91191163,K562_MPT_11860,ENSG00000235450.1,RP11-142A5.1,lncRNA,8,0.0198,K562,RIC-seq,cis_same_chromosome
K562_EP_1192,chr7,156692987,156696409,K562_TE_20719,chr7,156680681,156690924,K562_MPT_12195,ENSG00000105983.15,LMBR1,protein_coding,8,0.0198,K562,RIC-seq,cis_same_chromosome
K562_EP_1193,chr7,101482129,101596250,K562_SE_657,chr7,56163352,56179269,K562_MPT_11736,ENSG00000239166.1,snoU13,snoRNA,3,0.0203,K562,KARR-seq,cis_same_chromosome
K562_EP_1194,chr11,65235059,65278329,K562_SE_179,chr11,66104592,66120421,K562_MPT_2353,ENSG00000174684.6,B3GNT1,protein_coding,6,0.0208,K562,KARR-seq,cis_same_chromosome
K562_EP_1195,chr1,1778063,1816128,K562_TE_33,chr1,46764280,46774303,K562_MPT_492,ENSG00000173660.7,UQCRH,protein_coding,3,0.021,K562,KARR-seq,cis_same_chromosome
K562_EP_1196,chrX,48562561,48655638,K562_SE_743,chrX,48529985,48547168,K562_MPT_13397,ENSG00000015285.6,WAS,protein_coding,8,0.0213,K562,RIC-seq,cis_same_chromosome
K562_EP_1197,chr7,153105705,153129442,K562_SE_673,chr7,23566595,23576660,K562_MPT_11609,ENSG00000164548.6,TRA2A,protein_coding,3,0.0216,K562,KARR-seq,cis_same_chromosome
K562_EP_1198,chr22,20045072,20060430,K562_SE_434,chr22,20051685,20078581,K562_MPT_8554,ENSG00000266567.1,MIR3618,miRNA,8,0.0218,K562,RIC-seq,cis_same_chromosome
K562_EP_1199,chr1,167604829,167657298,K562_TE_1669,chr1,52185568,52200706,K562_MPT_512,ENSG00000212624.1,SNORA26,snoRNA,3,0.0224,K562,KARR-seq,cis_same_chromosome
K562_EP_1200,chr11,65235059,65278329,K562_SE_179,chr11,282305,304526,K562_MPT_1962,ENSG00000206013.2,IFITM5,protein_coding,25,0.0229,K562,KARR-seq,cis_same_chromosome
K562_EP_1201,chr6,147171445,147272129,K562_SE_624,chr6,147518603,147532110,K562_MPT_11407,ENSG00000233452.2,STXBP5-AS1,lncRNA,8,0.0239,K562,RIC-seq,cis_same_chromosome
K562_EP_1202,chr16,88509252,88598161,K562_SE_287,chr16,89038401,89055440,K562_MPT_5146,ENSG00000129993.10,CBFA2T3,protein_coding,5,0.0242,K562,KARR-seq,cis_same_chromosome
K562_EP_1203,chr11,47499208,47556925,K562_TE_3922,chr11,93447769,93484651,K562_MPT_2530,ENSG00000200344.1,Y_RNA,misc_RNA,3,0.0248,K562,KARR-seq,cis_same_chromosome
K562_EP_1204,chr11,65235059,65278329,K562_SE_179,chr11,11857970,11868613,K562_MPT_2069,ENSG00000170242.13,USP47,protein_coding,8,0.0257,K562,KARR-seq,cis_same_chromosome
K562_EP_1205,chr16,81462833,81519190,K562_SE_278,chr16,701194,782739,K562_MPT_4607,ENSG00000103269.9,RHBDL1,protein_coding,4,0.0263,K562,KARR-seq,cis_same_chromosome
K562_EP_1206,chr6,7086614,7181133,K562_SE_561,chr6,26119138,26129431,K562_MPT_10875,ENSG00000180573.8,HIST1H2AC,protein_coding,4,0.0266,K562,KARR-seq,cis_same_chromosome
K562_EP_1207,chr11,65235059,65278329,K562_SE_179,chr11,8003437,8013888,K562_MPT_2046,ENSG00000175390.8,EIF3F,protein_coding,6,0.0272,K562,KARR-seq,cis_same_chromosome
K562_EP_1208,chr1,8842073,8889894,K562_SE_2,chr1,11858302,11871977,K562_MPT_126,ENSG00000177000.6,MTHFR,protein_coding,3,0.0273,K562,KARR-seq,cis_same_chromosome
K562_EP_1209,chr16,89381699,89456073,K562_TE_8652,chr16,85199882,85209882,K562_MPT_5115,ENSG00000262601.1,CTC-786C10.1,protein_coding,4,0.0276,K562,KARR-seq,cis_same_chromosome
K562_EP_1210,chr6,68585750,68609380,K562_SE_605,chr6,37781994,37792718,K562_MPT_11061,ENSG00000225945.1,RP3-441A12.1,lncRNA,6,0.0278,K562,KARR-seq,cis_same_chromosome
K562_EP_1211,chr8,128806089,129118955,K562_SE_701,chr8,109255897,109265994,K562_MPT_12571,ENSG00000104408.5,EIF3E,protein_coding,4,0.0287,K562,KARR-seq,cis_same_chromosome
K562_EP_1212,chr6,68585750,68609380,K562_SE_605,chr6,125618083,125628282,K562_MPT_11328,ENSG00000111906.13,HDDC2,protein_coding,4,0.0298,K562,KARR-seq,cis_same_chromosome
K562_EP_1213,chr6,39152989,39191777,K562_SE_598,chr6,27095327,27120405,K562_MPT_10900,ENSG00000198339.3,HIST1H4I,protein_coding,4,0.0299,K562,KARR-seq,cis_same_chromosome
K562_EP_1214,chr4,6626855,6635572,K562_TE_15803,chr4,6636818,6647418,K562_MPT_9680,ENSG00000179010.10,MRFAP1,protein_coding,7,0.03,K562,RIC-seq,cis_same_chromosome
K562_EP_1215,chr6,127670017,127670396,K562_TE_19006,chr6,127658552,127669754,K562_MPT_11339,ENSG00000093144.14,ECHDC1,protein_coding,7,0.03,K562,RIC-seq,cis_same_chromosome
K562_EP_1216,chr1,162508881,162524034,K562_TE_1626,chr1,162755513,162765579,K562_MPT_1041,ENSG00000132196.9,HSD17B7,protein_coding,7,0.03,K562,RIC-seq,cis_same_chromosome
K562_EP_1217,chr7,75731040,75750721,K562_TE_20024,chr7,75798051,75808627,K562_MPT_11831,ENSG00000228829.1,AC005077.5,pseudogene,7,0.03,K562,RIC-seq,cis_same_chromosome
K562_EP_1218,chr7,44056873,44079075,K562_TE_19783,chr7,102227891,102241184,K562_MPT_11949,ENSG00000270249.1,RP11-514P8.7,protein_coding,7,0.03,K562,RIC-seq,cis_same_chromosome
K562_EP_1219,chr3,45082598,45261279,K562_SE_464,chr3,39443180,39457545,K562_MPT_8992,ENSG00000206760.1,SNORA6,snoRNA,4,0.0302,K562,KARR-seq,cis_same_chromosome
K562_EP_1220,chr11,65235059,65278329,K562_SE_179,chr11,67792928,67815835,K562_MPT_2393,ENSG00000110719.5,TCIRG1,protein_coding,13,0.0303,K562,KARR-seq,cis_same_chromosome
K562_EP_1221,chr11,65167965,65217131,K562_SE_178,chr11,6490090,6507731,K562_MPT_2038,ENSG00000110171.14,TRIM3,protein_coding,4,0.0303,K562,KARR-seq,cis_same_chromosome
K562_EP_1222,chr11,65167965,65217131,K562_SE_178,chr11,61648803,61664523,K562_MPT_2258,ENSG00000221968.4,FADS3,protein_coding,4,0.0303,K562,KARR-seq,cis_same_chromosome
K562_EP_1223,chr11,65235059,65278329,K562_SE_179,chr11,94295474,94305857,K562_MPT_2536,ENSG00000134627.7,PIWIL4,protein_coding,4,0.0304,K562,KARR-seq,cis_same_chromosome
K562_EP_1224,chr17,6814340,6882186,K562_TE_8753,chr17,40434565,40445561,K562_MPT_5528,ENSG00000126561.12,STAT5A,protein_coding,4,0.0311,K562,KARR-seq,cis_same_chromosome
K562_EP_1225,chr11,65057938,65070125,K562_TE_4067,chr11,65077289,65089691,K562_MPT_2323,ENSG00000149798.3,CDC42EP2,protein_coding,7,0.0317,K562,RIC-seq,cis_same_chromosome
K562_EP_1226,chr10,43911141,43926993,K562_TE_2771,chr10,43927282,43937606,K562_MPT_1587,ENSG00000243660.5,ZNF487,protein_coding,7,0.0317,K562,RIC-seq,cis_same_chromosome
K562_EP_1227,chr20,47900668,47920027,K562_TE_13310,chr20,47889578,47902220,K562_MPT_8258,ENSG00000177410.8,ZFAS1,lncRNA,7,0.0317,K562,RIC-seq,cis_same_chromosome
K562_EP_1228,chr2,113550760,113572291,K562_TE_11941,chr2,113537167,113547167,K562_MPT_7566,ENSG00000115008.5,IL1A,protein_coding,7,0.0317,K562,RIC-seq,cis_same_chromosome
K562_EP_1229,chr1,25564270,25567335,K562_TE_365,chr1,25568945,25579328,K562_MPT_239,ENSG00000117616.13,C1orf63,protein_coding,7,0.0317,K562,RIC-seq,cis_same_chromosome
K562_EP_1230,chr10,104197824,104202025,K562_TE_3283,chr10,104204574,104226170,K562_MPT_1857,ENSG00000269609.1,RP11-18I14.10,lncRNA,7,0.0317,K562,RIC-seq,cis_same_chromosome
K562_EP_1231,chr3,195678273,195688333,K562_TE_15671,chr3,195361861,195371861,K562_MPT_9577,ENSG00000272792.1,RP11-141C7.4,lncRNA,7,0.0317,K562,RIC-seq,cis_same_chromosome
K562_EP_1232,chr20,47458073,47504728,K562_TE_13301,chr20,47439420,47449420,K562_MPT_8253,ENSG00000124126.9,PREX1,protein_coding,7,0.0317,K562,RIC-seq,cis_same_chromosome
K562_EP_1233,chr1,184736625,184759557,K562_TE_1832,chr1,184718701,184729047,K562_MPT_1145,ENSG00000116406.14,EDEM3,protein_coding,7,0.0317,K562,RIC-seq,cis_same_chromosome
K562_EP_1234,chr14,91729680,91736460,K562_TE_6832,chr14,91715224,91729643,K562_MPT_3993,ENSG00000260810.1,CTD-2547L24.4,lncRNA,7,0.0317,K562,RIC-seq,cis_same_chromosome
K562_EP_1235,chr1,155188108,155201456,K562_SE_72,chr1,155154748,155219490,K562_MPT_948,ENSG00000160766.10,GBAP1,pseudogene,7,0.0317,K562,RIC-seq,cis_same_chromosome
K562_EP_1236,chr3,128943894,128959459,K562_TE_15122,chr3,128963449,128973449,K562_MPT_9319,ENSG00000181789.10,COPG1,protein_coding,7,0.0317,K562,RIC-seq,cis_same_chromosome
K562_EP_1237,chr21,15334427,15352773,K562_TE_13465,chr21,15431646,15448192,K562_MPT_8376,ENSG00000249493.1,ANKRD20A18P,pseudogene,7,0.0317,K562,RIC-seq,cis_same_chromosome
K562_EP_1238,chr10,65263274,65265798,K562_TE_2913,chr10,65276123,65286123,K562_MPT_1657,ENSG00000165476.8,REEP3,protein_coding,7,0.0317,K562,RIC-seq,cis_same_chromosome
K562_EP_1239,chr19,3371575,3397344,K562_TE_10239,chr19,42922355,42936578,K562_MPT_6758,ENSG00000268605.1,CTB-50E14.4,lncRNA,7,0.0317,K562,RIC-seq,cis_same_chromosome
K562_EP_1240,chr1,36834424,36843991,K562_SE_32,chr1,36846485,36856497,K562_MPT_383,ENSG00000196182.6,STK40,protein_coding,7,0.0317,K562,RIC-seq,cis_same_chromosome
K562_EP_1241,chr17,78985628,78998105,K562_TE_9683,chr17,78960398,78982135,K562_MPT_5897,ENSG00000263218.2,CTD-2561B21.7,lncRNA,7,0.0317,K562,RIC-seq,cis_same_chromosome
K562_EP_1242,chrX,151254532,151255340,K562_TE_23344,chrX,151138143,151148151,K562_MPT_13682,ENSG00000102287.12,GABRE,protein_coding,7,0.0317,K562,RIC-seq,cis_same_chromosome
K562_EP_1243,chr1,1778063,1816128,K562_TE_33,chr1,149977624,149987625,K562_MPT_872,ENSG00000163113.10,OTUD7B,protein_coding,7,0.0317,K562,RIC-seq,cis_same_chromosome
K562_EP_1244,chr19,28942803,29111036,K562_SE_341,chr19,39331139,39347978,K562_MPT_6686,ENSG00000269688.1,AC008982.2,lncRNA,4,0.032,K562,KARR-seq,cis_same_chromosome
K562_EP_1245,chr6,68585750,68609380,K562_SE_605,chr6,33394508,33411108,K562_MPT_11005,ENSG00000197283.8,SYNGAP1,protein_coding,4,0.0321,K562,KARR-seq,cis_same_chromosome
K562_EP_1246,chr1,28897644,28917048,K562_TE_432,chr1,889670,913892,K562_MPT_19,ENSG00000188976.6,NOC2L,protein_coding,4,0.0324,K562,KARR-seq,cis_same_chromosome
K562_EP_1247,chr11,65235059,65278329,K562_SE_179,chr11,61602769,61619063,K562_MPT_2257,ENSG00000134824.9,FADS2,protein_coding,6,0.0329,K562,KARR-seq,cis_same_chromosome
K562_EP_1248,chr11,65167965,65217131,K562_SE_178,chr11,33886362,33896362,K562_MPT_2144,ENSG00000135363.7,LMO2,protein_coding,6,0.0352,K562,KARR-seq,cis_same_chromosome
K562_EP_1249,chr6,68585750,68609380,K562_SE_605,chr6,33162378,33181272,K562_MPT_10997,ENSG00000199036.1,MIR219-1,miRNA,4,0.0371,K562,KARR-seq,cis_same_chromosome
K562_EP_1250,chr11,65167965,65217131,K562_SE_178,chr11,74452159,74469629,K562_MPT_2454,ENSG00000166439.5,RNF169,protein_coding,5,0.0376,K562,KARR-seq,cis_same_chromosome
K562_EP_1251,chr7,76177805,76239287,K562_TE_20032,chr7,75108605,75120548,K562_MPT_11823,ENSG00000135213.8,POM121C,protein_coding,7,0.039,K562,RIC-seq,cis_same_chromosome
K562_EP_1252,chr6,68585750,68609380,K562_SE_605,chr6,35883824,35894119,K562_MPT_11039,ENSG00000096063.10,SRPK1,protein_coding,4,0.0395,K562,KARR-seq,cis_same_chromosome
K562_EP_1253,chr16,89505998,89551616,K562_TE_8654,chr16,4388762,4410608,K562_MPT_4673,ENSG00000217930.3,PAM16,protein_coding,4,0.0398,K562,KARR-seq,cis_same_chromosome
K562_EP_1254,chr6,3324052,3423284,K562_SE_558,chr6,147518603,147532110,K562_MPT_11407,ENSG00000233452.2,STXBP5-AS1,lncRNA,3,0.04,K562,KARR-seq,cis_same_chromosome
K562_EP_1255,chr12,116553715,116655574,K562_TE_5637,chr12,109085178,109101851,K562_MPT_3235,ENSG00000110880.6,CORO1C,protein_coding,3,0.0401,K562,KARR-seq,cis_same_chromosome
K562_EP_1256,chr11,65235059,65278329,K562_SE_179,chr11,108088211,108105331,K562_MPT_2570,ENSG00000200344.1,Y_RNA,misc_RNA,13,0.0413,K562,KARR-seq,cis_same_chromosome
K562_EP_1257,chr6,68585750,68609380,K562_SE_605,chr6,30579082,30599663,K562_MPT_10954,ENSG00000222894.1,AL662800.1,miRNA,6,0.0414,K562,KARR-seq,cis_same_chromosome
K562_EP_1258,chr6,68585750,68609380,K562_SE_605,chr6,30518865,30530057,K562_MPT_10952,ENSG00000204576.7,PRR3,protein_coding,4,0.0435,K562,KARR-seq,cis_same_chromosome
K562_EP_1259,chr16,88509252,88598161,K562_SE_287,chr16,4388762,4410608,K562_MPT_4673,ENSG00000217930.3,PAM16,protein_coding,4,0.0438,K562,KARR-seq,cis_same_chromosome
K562_EP_1260,chr1,28897644,28917048,K562_TE_432,chr1,223895034,223905034,K562_MPT_1299,ENSG00000162909.13,CAPN2,protein_coding,3,0.0442,K562,KARR-seq,cis_same_chromosome
K562_EP_1261,chr11,65235059,65278329,K562_SE_179,chr11,43375482,43385846,K562_MPT_2160,ENSG00000254907.1,RP11-484D2.2,lncRNA,5,0.0445,K562,KARR-seq,cis_same_chromosome
K562_EP_1262,chr6,13654863,13682199,K562_SE_564,chr6,27853570,27870344,K562_MPT_10914,ENSG00000233224.1,HIST1H2AM,protein_coding,3,0.0462,K562,KARR-seq,cis_same_chromosome
K562_EP_1263,chr1,246294272,246388032,K562_SE_112,chr1,24301784,24311846,K562_MPT_231,ENSG00000188529.10,SRSF10,protein_coding,3,0.047,K562,KARR-seq,cis_same_chromosome
K562_EP_1264,chr22,17066736,17097786,K562_SE_431,chr7,152127884,152144628,K562_MPT_12180,ENSG00000055609.13,KMT2C,protein_coding,539,0.0,K562,RIC-seq,trans_cross_chromosome
K562_EP_1265,chr9,68446876,68456536,K562_TE_21980,chr20,29606857,29616879,K562_MPT_8106,ENSG00000149531.10,FRG1B,protein_coding,415,0.0,K562,RIC-seq,trans_cross_chromosome
K562_EP_1266,chr7,102608372,102634363,K562_SE_658,chr15,69108225,69118234,K562_MPT_4377,ENSG00000140350.11,ANP32A,protein_coding,384,0.0,K562,RIC-seq,trans_cross_chromosome
K562_EP_1267,chr2,133094911,133105350,K562_TE_12065,chr19,44855826,44865834,K562_MPT_6787,ENSG00000062370.12,ZNF112,protein_coding,208,0.0,K562,RIC-seq,trans_cross_chromosome
K562_EP_1268,chr7,22686756,22758622,K562_SE_644,chr2,46721870,46731870,K562_MPT_7252,ENSG00000253515.1,RP11-417F21.2,lncRNA,143,8.85e-182,K562,RIC-seq,trans_cross_chromosome
K562_EP_1269,chr7,100101344,100169966,K562_TE_20170,chr4,44850,58210,K562_MPT_9618,ENSG00000197701.7,ZNF595,protein_coding,138,2.1500000000000002e-169,K562,RIC-seq,trans_cross_chromosome
K562_EP_1270,chr11,46002970,46039116,K562_SE_171,chr4,44850,58210,K562_MPT_9618,ENSG00000197701.7,ZNF595,protein_coding,115,1.25e-118,K562,RIC-seq,trans_cross_chromosome
K562_EP_1271,chr3,195413396,195443188,K562_TE_15665,chr2,79735126,79746748,K562_MPT_7419,ENSG00000066032.14,CTNNA2,protein_coding,99,2.5499999999999997e-89,K562,RIC-seq,trans_cross_chromosome
K562_EP_1272,chr11,85732139,85775705,K562_TE_4317,chr1,24013269,24024099,K562_MPT_224,ENSG00000142676.8,RPL11,protein_coding,81,2.73e-61,K562,RIC-seq,trans_cross_chromosome
K562_EP_1273,chr22,17517756,17518854,K562_TE_13760,chr21,11164720,11174788,K562_MPT_8371,ENSG00000271308.1,AP003900.6,lncRNA,80,2.13e-58,K562,RIC-seq,trans_cross_chromosome
K562_EP_1274,chr2,26074322,26090773,K562_TE_11172,chr4,44850,58210,K562_MPT_9618,ENSG00000197701.7,ZNF595,protein_coding,76,6.739999999999999e-54,K562,RIC-seq,trans_cross_chromosome
K562_EP_1275,chr11,127611,131154,K562_TE_3500,chr1,128566,145339,K562_MPT_5,ENSG00000237683.5,AL627309.1,protein_coding,68,6.8700000000000015e-44,K562,RIC-seq,trans_cross_chromosome
K562_EP_1276,chr20,52654849,52675137,K562_TE_13370,chr19,41094072,41124822,K562_MPT_6724,ENSG00000266164.1,RN7SL758P,misc_RNA,53,1.32e-27,K562,RIC-seq,trans_cross_chromosome
K562_EP_1277,chr15,40833823,40852230,K562_TE_7161,chr2,207018918,207031952,K562_MPT_7849,ENSG00000207406.1,SNORA41,snoRNA,50,8.73e-25,K562,RIC-seq,trans_cross_chromosome
K562_EP_1278,chr8,47525980,47531034,K562_TE_21081,chr7,97494289,97506854,K562_MPT_11888,ENSG00000226744.1,AC079781.5,pseudogene,46,5.84e-21,K562,RIC-seq,trans_cross_chromosome
K562_EP_1279,chr9,68725067,68734935,K562_TE_21982,chr20,29606857,29616879,K562_MPT_8106,ENSG00000149531.10,FRG1B,protein_coding,42,2.44e-17,K562,RIC-seq,trans_cross_chromosome
K562_EP_1280,chr11,65235059,65278329,K562_SE_179,chr5,179038925,179066785,K562_MPT_10725,ENSG00000169045.13,HNRNPH1,protein_coding,53,4.95e-16,K562,RIC-seq,trans_cross_chromosome
K562_EP_1281,chr8,130546590,130605033,K562_SE_702,chr12,53710365,53723542,K562_MPT_2998,ENSG00000094914.8,AAAS,protein_coding,46,1.18e-15,K562,KARR-seq,trans_cross_chromosome
K562_EP_1282,chr4,6661684,6680625,K562_TE_15804,chr12,9908497,9918497,K562_MPT_2781,ENSG00000110848.4,CD69,protein_coding,39,1.75e-15,K562,RIC-seq,trans_cross_chromosome
K562_EP_1283,chr3,197945525,197948398,K562_TE_15722,chr1,128566,145339,K562_MPT_5,ENSG00000237683.5,AL627309.1,protein_coding,39,1.86e-15,K562,RIC-seq,trans_cross_chromosome
K562_EP_1284,chr18,756567,807069,K562_TE_9733,chr6,154826793,154836793,K562_MPT_11439,ENSG00000153721.13,CNKSR3,protein_coding,38,1.02e-14,K562,RIC-seq,trans_cross_chromosome
K562_EP_1285,chr9,69064284,69073348,K562_TE_21985,chr20,29606857,29616879,K562_MPT_8106,ENSG00000149531.10,FRG1B,protein_coding,37,6.37e-14,K562,RIC-seq,trans_cross_chromosome
K562_EP_1286,chr1,44215053,44249975,K562_TE_670,chr19,53188739,53198749,K562_MPT_6962,ENSG00000167766.14,ZNF83,protein_coding,35,3.64e-13,K562,KARR-seq,trans_cross_chromosome
K562_EP_1287,chr4,87862867,87899182,K562_TE_16269,chr14,105185523,105201071,K562_MPT_4074,ENSG00000185100.6,ADSSL1,protein_coding,31,6.97e-12,K562,KARR-seq,trans_cross_chromosome
K562_EP_1288,chr1,36700668,36723932,K562_TE_543,chr21,47643682,47654438,K562_MPT_8513,ENSG00000215424.5,MCM3AP-AS1,lncRNA,30,7.52e-12,K562,KARR-seq,trans_cross_chromosome
K562_EP_1289,chr7,128152174,128182652,K562_TE_20431,chr17,60550200,60563482,K562_MPT_5734,ENSG00000146872.13,TLK2,protein_coding,33,3.26e-11,K562,RIC-seq,trans_cross_chromosome
K562_EP_1290,chrX,133666293,133703814,K562_TE_23265,chr16,71511039,71528254,K562_MPT_5049,ENSG00000157429.11,ZNF19,protein_coding,28,6.18e-11,K562,KARR-seq,trans_cross_chromosome
K562_EP_1291,chr10,135451071,135464930,K562_TE_3496,chr4,190954554,190967497,K562_MPT_10139,ENSG00000250053.1,RARRES2P4,pseudogene,32,1.08e-10,K562,RIC-seq,trans_cross_chromosome
K562_EP_1292,chr6,15551873,15629523,K562_SE_570,chr16,90031199,90044056,K562_MPT_5164,ENSG00000177946.4,CENPBD1,protein_coding,31,3.15e-10,K562,RIC-seq,trans_cross_chromosome
K562_EP_1293,chr9,98251249,98262570,K562_TE_22187,chr5,154130135,154141734,K562_MPT_10623,ENSG00000155506.12,LARP1,protein_coding,24,9.21e-10,K562,KARR-seq,trans_cross_chromosome
K562_EP_1294,chr17,21514140,21518182,K562_TE_8921,chr20,26109834,26119834,K562_MPT_8103,ENSG00000230440.1,RP13-329D4.3,lncRNA,30,1.02e-09,K562,RIC-seq,trans_cross_chromosome
K562_EP_1295,chr20,45924291,45970176,K562_SE_408,chr7,45138839,45156646,K562_MPT_11714,ENSG00000136270.9,TBRG4,protein_coding,23,2.1e-09,K562,KARR-seq,trans_cross_chromosome
K562_EP_1296,chr22,19958250,19963739,K562_TE_13798,chr1,167900278,167911278,K562_MPT_1064,ENSG00000143158.6,MPC2,protein_coding,23,2.38e-09,K562,KARR-seq,trans_cross_chromosome
K562_EP_1297,chr6,68585750,68609380,K562_SE_605,chr17,26893546,26911424,K562_MPT_5385,ENSG00000087111.16,PIGS,protein_coding,28,3.93e-09,K562,KARR-seq,trans_cross_chromosome
K562_EP_1298,chr3,15082131,15098135,K562_TE_14396,chr1,27015622,27027895,K562_MPT_266,ENSG00000260063.1,RP5-968P14.2,lncRNA,22,1.62e-08,K562,KARR-seq,trans_cross_chromosome
K562_EP_1299,chr17,15859224,15888052,K562_TE_8824,chr19,18737718,18752867,K562_MPT_6531,ENSG00000167487.7,KLHL26,protein_coding,22,1.73e-08,K562,KARR-seq,trans_cross_chromosome
K562_EP_1300,chr19,49600928,49610186,K562_TE_10819,chr5,77067085,77077185,K562_MPT_10343,ENSG00000171530.9,TBCA,protein_coding,21,1.86e-08,K562,KARR-seq,trans_cross_chromosome
K562_EP_1301,chr15,69089651,69107634,K562_TE_7489,chr19,5785276,5796249,K562_MPT_6286,ENSG00000141994.11,DUS3L,protein_coding,21,1.89e-08,K562,KARR-seq,trans_cross_chromosome
K562_EP_1302,chr19,47390480,47437298,K562_TE_10763,chr8,120840103,120850103,K562_MPT_12586,ENSG00000064313.7,TAF2,protein_coding,21,1.95e-08,K562,KARR-seq,trans_cross_chromosome
K562_EP_1303,chr7,128152174,128182652,K562_TE_20431,chr17,32361891,32371891,K562_MPT_5435,ENSG00000226049.3,TLK2P1,pseudogene,21,1.95e-08,K562,KARR-seq,trans_cross_chromosome
K562_EP_1304,chr11,68103089,68115767,K562_TE_4126,chr2,43814559,43828185,K562_MPT_7239,ENSG00000115970.14,THADA,protein_coding,21,1.95e-08,K562,KARR-seq,trans_cross_chromosome
K562_EP_1305,chr8,130452382,130513523,K562_TE_21615,chr12,57903933,57948827,K562_MPT_3069,ENSG00000175203.11,DCTN2,protein_coding,26,2.45e-08,K562,KARR-seq,trans_cross_chromosome
K562_EP_1306,chr8,23127421,23134385,K562_TE_20907,chr1,1238269,1265621,K562_MPT_28,ENSG00000224051.2,GLTPD1,protein_coding,27,3.55e-08,K562,RIC-seq,trans_cross_chromosome
K562_EP_1307,chr6,68585750,68609380,K562_SE_605,chr20,54962187,54972707,K562_MPT_8301,ENSG00000087586.13,AURKA,protein_coding,23,5.23e-08,K562,KARR-seq,trans_cross_chromosome
K562_EP_1308,chr5,95033036,95077466,K562_SE_537,chr15,89076913,89094906,K562_MPT_4519,ENSG00000221391.1,AC013489.1,miRNA,23,6.83e-08,K562,RIC-seq,trans_cross_chromosome
K562_EP_1309,chr15,69264573,69290639,K562_TE_7491,chr9,100740643,100754938,K562_MPT_12982,ENSG00000236896.1,RP11-535C21.3,lncRNA,23,6.83e-08,K562,RIC-seq,trans_cross_chromosome
K562_EP_1310,chr18,14179103,14185353,K562_TE_9843,chr21,15431646,15448192,K562_MPT_8376,ENSG00000249493.1,ANKRD20A18P,pseudogene,21,8.89e-08,K562,RIC-seq,trans_cross_chromosome
K562_EP_1311,chr3,186654509,186678245,K562_TE_15615,chr14,69653137,69663809,K562_MPT_3897,ENSG00000081177.14,EXD2,protein_coding,21,8.89e-08,K562,RIC-seq,trans_cross_chromosome
K562_EP_1312,chr22,21194469,21240469,K562_SE_436,chr7,75926861,75937894,K562_MPT_11833,ENSG00000106211.8,HSPB1,protein_coding,22,9.58e-08,K562,RIC-seq,trans_cross_chromosome
K562_EP_1313,chr17,20769482,20780745,K562_TE_8907,chr20,26109834,26119834,K562_MPT_8103,ENSG00000230440.1,RP13-329D4.3,lncRNA,22,1.08e-07,K562,RIC-seq,trans_cross_chromosome
K562_EP_1314,chr9,68446876,68456536,K562_TE_21980,chr4,190855896,190867056,K562_MPT_10137,ENSG00000245685.2,AF146191.4,lncRNA,22,1.12e-07,K562,RIC-seq,trans_cross_chromosome
K562_EP_1315,chr4,87933401,87964832,K562_TE_16271,chr8,41904505,41914508,K562_MPT_12369,ENSG00000083168.5,KAT6A,protein_coding,20,1.22e-07,K562,KARR-seq,trans_cross_chromosome
K562_EP_1316,chr7,148543453,148572852,K562_TE_20642,chr19,12802395,12812457,K562_MPT_6416,ENSG00000132004.8,FBXW9,protein_coding,20,1.29e-07,K562,KARR-seq,trans_cross_chromosome
K562_EP_1317,chr2,198833398,198870516,K562_TE_12513,chr21,40711463,40726573,K562_MPT_8460,ENSG00000200344.1,Y_RNA,misc_RNA,20,1.31e-07,K562,KARR-seq,trans_cross_chromosome
K562_EP_1318,chr1,246294272,246388032,K562_SE_112,chr11,120202787,120212946,K562_MPT_2643,ENSG00000196914.4,ARHGEF12,protein_coding,20,1.61e-07,K562,KARR-seq,trans_cross_chromosome
K562_EP_1319,chr6,68585750,68609380,K562_SE_605,chr19,39133310,39143378,K562_MPT_6682,ENSG00000130402.7,ACTN4,protein_coding,28,1.85e-07,K562,KARR-seq,trans_cross_chromosome
K562_EP_1320,chr11,65167965,65217131,K562_SE_178,chr17,38591169,38604713,K562_MPT_5506,ENSG00000240125.1,RP11-58O9.1,pseudogene,20,1.94e-07,K562,KARR-seq,trans_cross_chromosome
K562_EP_1321,chr6,68585750,68609380,K562_SE_605,chr4,129202942,129219088,K562_MPT_10002,ENSG00000164040.12,PGRMC2,protein_coding,20,1.99e-07,K562,KARR-seq,trans_cross_chromosome
K562_EP_1322,chr11,642576,642981,K562_TE_3513,chr17,44891126,44901126,K562_MPT_5608,ENSG00000108379.5,WNT3,protein_coding,20,2.45e-07,K562,RIC-seq,trans_cross_chromosome
K562_EP_1323,chr1,109111296,109142436,K562_TE_1173,chr19,55846221,55856254,K562_MPT_7007,ENSG00000133247.9,SUV420H2,protein_coding,20,2.45e-07,K562,RIC-seq,trans_cross_chromosome
K562_EP_1324,chr16,46607350,46618051,K562_TE_8272,chr9,68403924,68420308,K562_MPT_12863,ENSG00000207277.1,RNA5SP284,rRNA,24,2.65e-07,K562,RIC-seq,trans_cross_chromosome
K562_EP_1325,chr9,132617858,132658432,K562_SE_733,chr2,219182896,219204426,K562_MPT_7884,ENSG00000239166.1,snoU13,snoRNA,25,2.99e-07,K562,RIC-seq,trans_cross_chromosome
K562_EP_1326,chr6,7195029,7219836,K562_SE_562,chr5,162925120,162937620,K562_MPT_10651,ENSG00000038274.12,MAT2B,protein_coding,25,2.99e-07,K562,RIC-seq,trans_cross_chromosome
K562_EP_1327,chr11,116829093,116842047,K562_TE_4529,chr1,228286163,228302013,K562_MPT_1334,ENSG00000162910.14,MRPL55,protein_coding,19,4.52e-07,K562,RIC-seq,trans_cross_chromosome
K562_EP_1328,chr6,147477377,147518540,K562_SE_625,chr2,153568887,153579495,K562_MPT_7668,ENSG00000177917.6,ARL6IP6,protein_coding,19,4.52e-07,K562,RIC-seq,trans_cross_chromosome
K562_EP_1329,chr19,244452,252821,K562_TE_10172,chr16,56553,77910,K562_MPT_4593,ENSG00000233614.5,DDX11L10,pseudogene,19,4.52e-07,K562,RIC-seq,trans_cross_chromosome
K562_EP_1330,chr10,99407223,99434005,K562_TE_3226,chr13,93874095,93884095,K562_MPT_3602,ENSG00000183098.6,GPC6,protein_coding,19,4.52e-07,K562,RIC-seq,trans_cross_chromosome
K562_EP_1331,chr4,79684477,79738669,K562_TE_16199,chr8,126958394,126968493,K562_MPT_12613,ENSG00000245164.2,LINC00861,lncRNA,21,5.61e-07,K562,KARR-seq,trans_cross_chromosome
K562_EP_1332,chr6,137037362,137108659,K562_SE_617,chr3,5015801,5026646,K562_MPT_8863,ENSG00000235831.2,BHLHE40-AS1,lncRNA,19,7.54e-07,K562,KARR-seq,trans_cross_chromosome
K562_EP_1333,chr11,46442681,46473142,K562_TE_3902,chr6,34387998,34398902,K562_MPT_11019,ENSG00000270800.1,RPS10-NUDT3,protein_coding,19,7.61e-07,K562,KARR-seq,trans_cross_chromosome
K562_EP_1334,chr9,132874093,132913703,K562_TE_22537,chr19,19508412,19521603,K562_MPT_6545,ENSG00000167491.13,GATAD2A,protein_coding,19,8.14e-07,K562,KARR-seq,trans_cross_chromosome
K562_EP_1335,chr17,59251635,59253437,K562_TE_9409,chr8,101157812,101176096,K562_MPT_12535,ENSG00000200344.1,Y_RNA,misc_RNA,18,9.52e-07,K562,RIC-seq,trans_cross_chromosome
K562_EP_1336,chr4,3046976,3049770,K562_TE_15768,chr7,99797896,99826566,K562_MPT_11913,ENSG00000222482.1,AC005071.1,miRNA,18,9.52e-07,K562,RIC-seq,trans_cross_chromosome
K562_EP_1337,chr3,10212717,10241542,K562_TE_14332,chr16,183334,193669,K562_MPT_4596,ENSG00000103148.11,NPRL3,protein_coding,18,9.52e-07,K562,RIC-seq,trans_cross_chromosome
K562_EP_1338,chr3,69737032,69748485,K562_TE_14830,chr12,57903933,57948827,K562_MPT_3069,ENSG00000175203.11,DCTN2,protein_coding,18,9.54e-07,K562,RIC-seq,trans_cross_chromosome
K562_EP_1339,chr1,51997530,52049537,K562_TE_763,chr2,37379175,37389208,K562_MPT_7211,ENSG00000055332.12,EIF2AK2,protein_coding,18,9.99e-07,K562,RIC-seq,trans_cross_chromosome
K562_EP_1340,chr11,77962511,78043618,K562_SE_186,chr20,30097231,30107324,K562_MPT_8108,ENSG00000101294.12,HM13,protein_coding,18,1.02e-06,K562,RIC-seq,trans_cross_chromosome
K562_EP_1341,chr14,81764795,81773174,K562_TE_6792,chr3,186495994,186514639,K562_MPT_9544,ENSG00000156976.10,EIF4A2,protein_coding,18,1.25e-06,K562,KARR-seq,trans_cross_chromosome
K562_EP_1342,chr15,80386162,80397988,K562_TE_7625,chr22,20094398,20124471,K562_MPT_8555,ENSG00000099904.11,ZDHHC8,protein_coding,18,1.38e-06,K562,KARR-seq,trans_cross_chromosome
K562_EP_1343,chr3,60228803,60294909,K562_SE_470,chr13,27820446,27834538,K562_MPT_3465,ENSG00000200235.1,SNORA27,snoRNA,18,1.38e-06,K562,KARR-seq,trans_cross_chromosome
K562_EP_1344,chr9,95248655,95268384,K562_TE_22135,chr6,37132979,37142979,K562_MPT_11054,ENSG00000137193.9,PIM1,protein_coding,18,1.38e-06,K562,KARR-seq,trans_cross_chromosome
K562_EP_1345,chr3,42042833,42103721,K562_TE_14587,chr11,71634449,71645128,K562_MPT_2421,ENSG00000137522.13,RNF121,protein_coding,18,1.38e-06,K562,KARR-seq,trans_cross_chromosome
K562_EP_1346,chr6,147171445,147272129,K562_SE_624,chr15,78825023,78841987,K562_MPT_4454,ENSG00000268838.1,AC027228.1,protein_coding,18,1.38e-06,K562,KARR-seq,trans_cross_chromosome
K562_EP_1347,chr8,96074459,96130471,K562_SE_691,chr21,46288606,46298752,K562_MPT_8498,ENSG00000183255.7,PTTG1IP,protein_coding,18,1.38e-06,K562,KARR-seq,trans_cross_chromosome
K562_EP_1348,chr8,21765506,21829522,K562_SE_680,chr11,742329,752428,K562_MPT_1975,ENSG00000177156.6,TALDO1,protein_coding,18,1.38e-06,K562,KARR-seq,trans_cross_chromosome
K562_EP_1349,chr19,18580941,18626337,K562_TE_10500,chr7,1057662,1073661,K562_MPT_11498,ENSG00000146540.10,C7orf50,protein_coding,18,1.38e-06,K562,KARR-seq,trans_cross_chromosome
K562_EP_1350,chr17,74551794,74583449,K562_SE_318,chr19,50426959,50441321,K562_MPT_6907,ENSG00000169136.4,ATF5,protein_coding,18,1.65e-06,K562,KARR-seq,trans_cross_chromosome
K562_EP_1351,chr2,198773865,198819349,K562_SE_391,chr17,25616022,25626372,K562_MPT_5367,ENSG00000263583.1,MIR4522,miRNA,18,1.65e-06,K562,KARR-seq,trans_cross_chromosome
K562_EP_1352,chr10,11916377,11968192,K562_SE_121,chr9,33812565,33823793,K562_MPT_12779,ENSG00000235481.2,RP11-133O22.6,lncRNA,18,1.65e-06,K562,KARR-seq,trans_cross_chromosome
K562_EP_1353,chr12,116553715,116655574,K562_TE_5637,chr10,6617201,6633186,K562_MPT_1468,ENSG00000065675.10,PRKCQ,protein_coding,18,1.67e-06,K562,KARR-seq,trans_cross_chromosome
K562_EP_1354,chr1,65349691,65427295,K562_TE_899,chr2,145270115,145283621,K562_MPT_7656,ENSG00000238057.4,ZEB2-AS1,lncRNA,18,1.76e-06,K562,KARR-seq,trans_cross_chromosome
K562_EP_1355,chr11,65235059,65278329,K562_SE_179,chr7,35729176,35740181,K562_MPT_11657,ENSG00000271122.1,RP11-379H18.1,lncRNA,21,2.28e-06,K562,KARR-seq,trans_cross_chromosome
K562_EP_1356,chr17,31110747,31179005,K562_TE_9008,chr11,32909724,32919724,K562_MPT_2135,ENSG00000060749.10,QSER1,protein_coding,17,3.13e-06,K562,RIC-seq,trans_cross_chromosome
K562_EP_1357,chr9,67282032,67302685,K562_TE_21972,chr6,151353110,151366107,K562_MPT_11427,ENSG00000221469.1,AL133260.1,miRNA,17,3.13e-06,K562,RIC-seq,trans_cross_chromosome
K562_EP_1358,chr6,43837350,44064227,K562_SE_602,chr12,53830389,53853644,K562_MPT_3002,ENSG00000205352.6,PRR13,protein_coding,17,3.13e-06,K562,RIC-seq,trans_cross_chromosome
K562_EP_1359,chr1,150576644,150613992,K562_SE_71,chr9,140435200,140450651,K562_MPT_13253,ENSG00000130653.11,PNPLA7,protein_coding,17,3.13e-06,K562,RIC-seq,trans_cross_chromosome
K562_EP_1360,chr11,642576,642981,K562_TE_3513,chr12,52289349,52314232,K562_MPT_2978,ENSG00000139567.8,ACVRL1,protein_coding,17,3.13e-06,K562,RIC-seq,trans_cross_chromosome
K562_EP_1361,chr19,197602,201334,K562_TE_10171,chr1,128566,145339,K562_MPT_5,ENSG00000237683.5,AL627309.1,protein_coding,17,3.4e-06,K562,RIC-seq,trans_cross_chromosome
K562_EP_1362,chr2,168701147,168710637,K562_TE_12247,chr1,161714560,161724560,K562_MPT_1033,ENSG00000081721.7,DUSP12,protein_coding,17,4.45e-06,K562,KARR-seq,trans_cross_chromosome
K562_EP_1363,chr19,12751229,12763321,K562_TE_10396,chr9,138359095,138381238,K562_MPT_13214,ENSG00000225361.3,PPP1R26-AS1,lncRNA,17,4.45e-06,K562,KARR-seq,trans_cross_chromosome
K562_EP_1364,chr1,224003589,224028500,K562_TE_2175,chr9,100390857,100403333,K562_MPT_12977,ENSG00000136925.10,TSTD2,protein_coding,17,4.45e-06,K562,KARR-seq,trans_cross_chromosome
K562_EP_1365,chr3,11674634,11679818,K562_TE_14352,chr19,45676485,45687927,K562_MPT_6808,ENSG00000007255.6,TRAPPC6A,protein_coding,17,4.45e-06,K562,KARR-seq,trans_cross_chromosome
K562_EP_1366,chr16,23853484,23934208,K562_SE_269,chr19,56141382,56171431,K562_MPT_7018,ENSG00000171425.5,ZNF581,protein_coding,20,4.54e-06,K562,KARR-seq,trans_cross_chromosome
K562_EP_1367,chr6,68585750,68609380,K562_SE_605,chr8,126958394,126968493,K562_MPT_12613,ENSG00000245164.2,LINC00861,lncRNA,59,4.68e-06,K562,KARR-seq,trans_cross_chromosome
K562_EP_1368,chr17,44155283,44237935,K562_SE_309,chr20,54928971,54939165,K562_MPT_8300,ENSG00000124098.9,FAM210B,protein_coding,17,4.88e-06,K562,KARR-seq,trans_cross_chromosome
K562_EP_1369,chr2,109208963,109258586,K562_SE_377,chr17,79812091,79834282,K562_MPT_5915,ENSG00000185624.10,P4HB,protein_coding,17,4.89e-06,K562,KARR-seq,trans_cross_chromosome
K562_EP_1370,chr17,75158896,75161687,K562_TE_9612,chr5,16460901,16470901,K562_MPT_10184,ENSG00000173545.4,ZNF622,protein_coding,16,5.07e-06,K562,RIC-seq,trans_cross_chromosome
K562_EP_1371,chr16,85210066,85383708,K562_SE_282,chr20,32245090,32267323,K562_MPT_8133,ENSG00000271803.1,RP1-63M2.5,lncRNA,17,5.32e-06,K562,KARR-seq,trans_cross_chromosome
K562_EP_1372,chr6,3021307,3063968,K562_SE_556,chr1,26851258,26862819,K562_MPT_263,ENSG00000117676.9,RPS6KA1,protein_coding,16,5.7e-06,K562,RIC-seq,trans_cross_chromosome
K562_EP_1373,chr11,65235059,65278329,K562_SE_179,chr6,119665901,119675926,K562_MPT_11317,ENSG00000111885.5,MAN1A1,protein_coding,29,5.89e-06,K562,KARR-seq,trans_cross_chromosome
K562_EP_1374,chr6,68585750,68609380,K562_SE_605,chr1,144984309,145000082,K562_MPT_812,ENSG00000268172.1,AL590452.1,protein_coding,21,7.47e-06,K562,KARR-seq,trans_cross_chromosome
K562_EP_1375,chr10,81504479,81508005,K562_TE_3071,chr22,19945070,19956276,K562_MPT_8551,ENSG00000093010.7,COMT,protein_coding,16,7.47e-06,K562,KARR-seq,trans_cross_chromosome
K562_EP_1376,chr6,155589358,155595485,K562_TE_19221,chr5,180660195,180695635,K562_MPT_10749,ENSG00000233937.2,CTC-338M12.4,lncRNA,16,7.47e-06,K562,KARR-seq,trans_cross_chromosome
K562_EP_1377,chr7,127422022,127463787,K562_TE_20416,chr2,88986162,88996162,K562_MPT_7456,ENSG00000153574.8,RPIA,protein_coding,16,7.47e-06,K562,KARR-seq,trans_cross_chromosome
K562_EP_1378,chr9,139619943,139624993,K562_TE_22624,chr17,73447545,73460788,K562_MPT_5823,ENSG00000177728.10,KIAA0195,protein_coding,16,7.47e-06,K562,KARR-seq,trans_cross_chromosome
K562_EP_1379,chr22,20810345,20834367,K562_TE_13809,chr1,179841934,179857024,K562_MPT_1119,ENSG00000169905.8,TOR1AIP2,protein_coding,16,7.47e-06,K562,KARR-seq,trans_cross_chromosome
K562_EP_1380,chr5,175596818,175653145,K562_TE_17905,chr19,2734473,2745150,K562_MPT_6228,ENSG00000141873.6,SLC39A3,protein_coding,16,7.47e-06,K562,KARR-seq,trans_cross_chromosome
K562_EP_1381,chr6,108543576,108562757,K562_TE_18845,chr17,79843666,79905288,K562_MPT_5916,ENSG00000183979.7,NPB,protein_coding,16,7.47e-06,K562,KARR-seq,trans_cross_chromosome
K562_EP_1382,chr1,54676619,54697327,K562_TE_817,chr5,150395124,150411527,K562_MPT_10607,ENSG00000211445.7,GPX3,protein_coding,16,7.47e-06,K562,KARR-seq,trans_cross_chromosome
K562_EP_1383,chr4,40665,63940,K562_TE_15724,chr9,101012862,101022915,K562_MPT_12988,ENSG00000095383.15,TBC1D2,protein_coding,16,7.47e-06,K562,KARR-seq,trans_cross_chromosome
K562_EP_1384,chr3,138392645,138415675,K562_TE_15211,chr22,20872930,20883562,K562_MPT_8567,ENSG00000099917.13,MED15,protein_coding,16,7.47e-06,K562,KARR-seq,trans_cross_chromosome
K562_EP_1385,chr15,67006252,67016965,K562_TE_7452,chr17,2609492,2620957,K562_MPT_5198,ENSG00000132361.12,CLUH,protein_coding,16,7.47e-06,K562,KARR-seq,trans_cross_chromosome
K562_EP_1386,chr22,21276422,21308592,K562_TE_13818,chr19,54363017,54391913,K562_MPT_6985,ENSG00000126583.6,PRKCG,protein_coding,16,7.47e-06,K562,KARR-seq,trans_cross_chromosome
K562_EP_1387,chr10,49662314,49726855,K562_SE_133,chr2,113294492,113305042,K562_MPT_7561,ENSG00000125630.11,POLR1B,protein_coding,16,7.47e-06,K562,KARR-seq,trans_cross_chromosome
K562_EP_1388,chr8,130546590,130605033,K562_SE_702,chr1,117108648,117118661,K562_MPT_771,ENSG00000116815.11,CD58,protein_coding,15,7.47e-06,K562,KARR-seq,trans_cross_chromosome
K562_EP_1389,chr16,89470522,89481522,K562_TE_8653,chr1,113155839,113167040,K562_MPT_746,ENSG00000116489.8,CAPZA1,protein_coding,15,7.47e-06,K562,KARR-seq,trans_cross_chromosome
K562_EP_1390,chr16,89470522,89481522,K562_TE_8653,chr15,41947610,41966093,K562_MPT_4211,ENSG00000174197.12,MGA,protein_coding,15,7.47e-06,K562,KARR-seq,trans_cross_chromosome
K562_EP_1391,chr3,47026462,47031659,K562_SE_468,chr1,155934520,155953890,K562_MPT_960,ENSG00000273002.1,RP11-336K24.12,lncRNA,15,7.47e-06,K562,KARR-seq,trans_cross_chromosome
K562_EP_1392,chr10,49662314,49726855,K562_SE_133,chr3,14161358,14171440,K562_MPT_8914,ENSG00000163528.8,CHCHD4,protein_coding,15,7.47e-06,K562,KARR-seq,trans_cross_chromosome
K562_EP_1393,chr11,85802540,85930107,K562_SE_187,chr18,807239,818275,K562_MPT_5954,ENSG00000273355.1,RP11-672L10.6,lncRNA,15,7.47e-06,K562,KARR-seq,trans_cross_chromosome
K562_EP_1394,chr18,75695246,75705676,K562_TE_10150,chr6,36510247,36520247,K562_MPT_11045,ENSG00000112079.8,STK38,protein_coding,15,7.47e-06,K562,KARR-seq,trans_cross_chromosome
K562_EP_1395,chr14,55140833,55211802,K562_SE_228,chrX,20279760,20290523,K562_MPT_13314,ENSG00000177189.8,RPS6KA3,protein_coding,15,7.47e-06,K562,KARR-seq,trans_cross_chromosome
K562_EP_1396,chr4,68577201,68593459,K562_SE_513,chr1,150935201,150959493,K562_MPT_889,ENSG00000143412.5,ANXA9,protein_coding,15,7.47e-06,K562,KARR-seq,trans_cross_chromosome
K562_EP_1397,chr11,12997187,13020705,K562_TE_3681,chr14,24012663,24042279,K562_MPT_3720,ENSG00000136367.12,ZFHX2,protein_coding,15,7.47e-06,K562,KARR-seq,trans_cross_chromosome
K562_EP_1398,chr16,75042810,75164503,K562_SE_275,chrX,54461834,54471834,K562_MPT_13446,ENSG00000158526.7,TSR2,protein_coding,15,7.47e-06,K562,KARR-seq,trans_cross_chromosome
K562_EP_1399,chr11,85732139,85775705,K562_TE_4317,chr12,53394942,53410888,K562_MPT_2987,ENSG00000063046.13,EIF4B,protein_coding,15,7.47e-06,K562,KARR-seq,trans_cross_chromosome
K562_EP_1400,chr7,23501278,23516409,K562_TE_19589,chr6,27095327,27120405,K562_MPT_10900,ENSG00000198339.3,HIST1H4I,protein_coding,15,7.47e-06,K562,KARR-seq,trans_cross_chromosome
K562_EP_1401,chr8,10616769,10677423,K562_TE_20811,chr7,148839560,148854678,K562_MPT_12146,ENSG00000197024.4,ZNF398,protein_coding,15,7.47e-06,K562,KARR-seq,trans_cross_chromosome
K562_EP_1402,chr9,33352365,33377408,K562_TE_21844,chr6,32127360,32170355,K562_MPT_10992,ENSG00000204310.6,AGPAT1,protein_coding,15,7.47e-06,K562,KARR-seq,trans_cross_chromosome
K562_EP_1403,chr20,54991986,55023801,K562_SE_417,chr17,41556331,41566508,K562_MPT_5552,ENSG00000067596.6,DHX8,protein_coding,15,7.47e-06,K562,KARR-seq,trans_cross_chromosome
K562_EP_1404,chr12,104962151,105038733,K562_SE_208,chr17,1382951,1401106,K562_MPT_5182,ENSG00000197879.10,MYO1C,protein_coding,15,7.47e-06,K562,KARR-seq,trans_cross_chromosome
K562_EP_1405,chr1,52071709,52138059,K562_TE_764,chr6,111190973,111201778,K562_MPT_11279,ENSG00000123505.10,AMD1,protein_coding,15,7.47e-06,K562,KARR-seq,trans_cross_chromosome
K562_EP_1406,chr11,12147047,12244318,K562_SE_164,chr2,48536776,48546849,K562_MPT_7267,ENSG00000170802.11,FOXN2,protein_coding,15,7.47e-06,K562,KARR-seq,trans_cross_chromosome
K562_EP_1407,chr8,130546590,130605033,K562_SE_702,chr2,220374052,220386599,K562_MPT_7903,ENSG00000072182.8,ASIC4,protein_coding,17,7.5e-06,K562,KARR-seq,trans_cross_chromosome
K562_EP_1408,chr10,75715341,75838968,K562_SE_145,chr1,27811562,27821669,K562_MPT_284,ENSG00000158195.6,WASF2,protein_coding,16,7.58e-06,K562,KARR-seq,trans_cross_chromosome
K562_EP_1409,chr1,113167276,113187862,K562_TE_1232,chr19,40766174,40796443,K562_MPT_6715,ENSG00000105221.12,AKT2,protein_coding,16,7.64e-06,K562,KARR-seq,trans_cross_chromosome
K562_EP_1410,chr11,75024400,75056118,K562_TE_4233,chr6,33234653,33249917,K562_MPT_10999,ENSG00000223501.4,VPS52,protein_coding,16,7.64e-06,K562,KARR-seq,trans_cross_chromosome
K562_EP_1411,chr2,138815386,138830108,K562_TE_12094,chr16,15063448,15075620,K562_MPT_4729,ENSG00000179889.14,PDXDC1,protein_coding,16,7.76e-06,K562,KARR-seq,trans_cross_chromosome
K562_EP_1412,chr6,15253980,15391637,K562_SE_569,chr4,77865856,77876015,K562_MPT_9855,ENSG00000138758.7,SEPT11,protein_coding,15,8.72e-06,K562,KARR-seq,trans_cross_chromosome
K562_EP_1413,chr22,42204233,42261826,K562_TE_14167,chr1,144984309,145000082,K562_MPT_812,ENSG00000268172.1,AL590452.1,protein_coding,16,9.61e-06,K562,RIC-seq,trans_cross_chromosome
K562_EP_1414,chr3,14479781,14500264,K562_TE_14386,chr19,11195038,11206275,K562_MPT_6378,ENSG00000130164.7,LDLR,protein_coding,16,1.06e-05,K562,KARR-seq,trans_cross_chromosome
K562_EP_1415,chr18,756567,807069,K562_TE_9733,chr1,245021396,245033040,K562_MPT_1406,ENSG00000153187.12,HNRNPU,protein_coding,16,1.08e-05,K562,KARR-seq,trans_cross_chromosome
K562_EP_1416,chr2,171992468,172012441,K562_TE_12304,chr11,5521834,5536215,K562_MPT_2030,ENSG00000175520.8,UBQLN3,protein_coding,16,1.1e-05,K562,KARR-seq,trans_cross_chromosome
K562_EP_1417,chr19,28942803,29111036,K562_SE_341,chr17,56828230,56838230,K562_MPT_5708,ENSG00000175175.4,PPM1E,protein_coding,16,1.19e-05,K562,KARR-seq,trans_cross_chromosome
K562_EP_1418,chr6,15253980,15391637,K562_SE_569,chr7,26235366,26250988,K562_MPT_11622,ENSG00000122565.14,CBX3,protein_coding,16,1.21e-05,K562,KARR-seq,trans_cross_chromosome
K562_EP_1419,chr21,46847396,46859449,K562_TE_13729,chr17,76113829,76133488,K562_MPT_5865,ENSG00000167895.10,TMC8,protein_coding,14,1.21e-05,K562,KARR-seq,trans_cross_chromosome
K562_EP_1420,chr7,65214424,65236497,K562_SE_652,chr5,154130135,154141734,K562_MPT_10623,ENSG00000155506.12,LARP1,protein_coding,14,1.21e-05,K562,KARR-seq,trans_cross_chromosome
K562_EP_1421,chr22,39108113,39113221,K562_TE_14099,chr3,154032073,154047286,K562_MPT_9422,ENSG00000174953.9,DHX36,protein_coding,14,1.21e-05,K562,KARR-seq,trans_cross_chromosome
K562_EP_1422,chr12,118725281,118786082,K562_TE_5662,chr10,70656034,70666034,K562_MPT_1675,ENSG00000107625.8,DDX50,protein_coding,14,1.21e-05,K562,KARR-seq,trans_cross_chromosome
K562_EP_1423,chr3,14244645,14342792,K562_SE_455,chr7,64462031,64472031,K562_MPT_11752,ENSG00000213462.4,ERV3-1,protein_coding,14,1.21e-05,K562,KARR-seq,trans_cross_chromosome
K562_EP_1424,chr1,966288,976091,K562_TE_17,chr19,1391466,1418900,K562_MPT_6189,ENSG00000248015.2,AC005329.7,lncRNA,14,1.21e-05,K562,KARR-seq,trans_cross_chromosome
K562_EP_1425,chrX,11257371,11276677,K562_TE_22710,chr12,64998239,65009293,K562_MPT_3089,ENSG00000153179.7,RASSF3,protein_coding,14,1.21e-05,K562,KARR-seq,trans_cross_chromosome
K562_EP_1426,chr17,74551794,74583449,K562_SE_318,chr5,36143090,36160221,K562_MPT_10214,ENSG00000207756.1,MIR580,miRNA,14,1.21e-05,K562,KARR-seq,trans_cross_chromosome
K562_EP_1427,chr3,47756954,47764576,K562_TE_14666,chr1,228265361,228275851,K562_MPT_1333,ENSG00000143761.9,ARF1,protein_coding,14,1.21e-05,K562,KARR-seq,trans_cross_chromosome
K562_EP_1428,chr3,72476234,72511224,K562_TE_14861,chr19,17511457,17521954,K562_MPT_6493,ENSG00000269640.1,CTD-2521M24.9,lncRNA,14,1.21e-05,K562,KARR-seq,trans_cross_chromosome
K562_EP_1429,chr2,178192474,178203810,K562_TE_12371,chr19,42358988,42369839,K562_MPT_6748,ENSG00000105372.2,RPS19,protein_coding,14,1.21e-05,K562,KARR-seq,trans_cross_chromosome
K562_EP_1430,chr19,45600681,45641649,K562_TE_10728,chr11,94496508,94506537,K562_MPT_2538,ENSG00000166025.13,AMOTL1,protein_coding,14,1.21e-05,K562,KARR-seq,trans_cross_chromosome
K562_EP_1431,chr9,137226831,137261881,K562_TE_22596,chr6,29590815,29609120,K562_MPT_10939,ENSG00000235238.1,SUMO2P1,pseudogene,14,1.21e-05,K562,KARR-seq,trans_cross_chromosome
K562_EP_1432,chr1,12060863,12072998,K562_TE_175,chr5,68525668,68535944,K562_MPT_10299,ENSG00000134058.6,CDK7,protein_coding,14,1.21e-05,K562,KARR-seq,trans_cross_chromosome
K562_EP_1433,chr1,28769596,28777411,K562_TE_428,chr5,884814,898757,K562_MPT_10148,ENSG00000071539.9,TRIP13,protein_coding,14,1.21e-05,K562,KARR-seq,trans_cross_chromosome
K562_EP_1434,chr5,154141922,154167532,K562_TE_17799,chr1,6626001,6645148,K562_MPT_77,ENSG00000173662.15,TAS1R1,protein_coding,14,1.22e-05,K562,KARR-seq,trans_cross_chromosome
K562_EP_1435,chr5,10689205,10739844,K562_SE_528,chr1,151877113,151887284,K562_MPT_910,ENSG00000159445.8,THEM4,protein_coding,14,1.22e-05,K562,KARR-seq,trans_cross_chromosome
K562_EP_1436,chr3,138462446,138518985,K562_TE_15213,chr11,62489821,62501114,K562_MPT_2272,ENSG00000214753.2,HNRNPUL2,protein_coding,14,1.22e-05,K562,KARR-seq,trans_cross_chromosome
K562_EP_1437,chr16,23853484,23934208,K562_SE_269,chr20,35483276,35497089,K562_MPT_8178,ENSG00000149639.10,SOGA1,protein_coding,16,1.34e-05,K562,KARR-seq,trans_cross_chromosome
K562_EP_1438,chr11,65235059,65278329,K562_SE_179,chr1,161082891,161092908,K562_MPT_1017,ENSG00000158793.9,NIT1,protein_coding,22,1.65e-05,K562,KARR-seq,trans_cross_chromosome
K562_EP_1439,chr20,32587038,32676878,K562_TE_13113,chr19,2264485,2275290,K562_MPT_6215,ENSG00000167476.6,JSRP1,protein_coding,14,1.73e-05,K562,KARR-seq,trans_cross_chromosome
K562_EP_1440,chr11,65235059,65278329,K562_SE_179,chr2,61399553,61416847,K562_MPT_7303,ENSG00000173209.18,AHSA2,protein_coding,21,1.77e-05,K562,KARR-seq,trans_cross_chromosome
K562_EP_1441,chr8,126937450,126959759,K562_TE_21586,chr1,224616807,224629735,K562_MPT_1307,ENSG00000162923.10,WDR26,protein_coding,14,1.77e-05,K562,KARR-seq,trans_cross_chromosome
K562_EP_1442,chr21,38744669,38835594,K562_SE_428,chr11,67130108,67146648,K562_MPT_2379,ENSG00000256514.1,AP003419.11,lncRNA,14,1.97e-05,K562,KARR-seq,trans_cross_chromosome
K562_EP_1443,chr11,65235059,65278329,K562_SE_179,chr6,28906654,28916654,K562_MPT_10934,ENSG00000204709.4,C6orf100,protein_coding,26,2.1e-05,K562,KARR-seq,trans_cross_chromosome
K562_EP_1444,chr1,230208360,230327626,K562_SE_104,chr17,46040176,46053517,K562_MPT_5627,ENSG00000108465.10,CDK5RAP3,protein_coding,14,2.14e-05,K562,KARR-seq,trans_cross_chromosome
K562_EP_1445,chr7,106584969,106759452,K562_SE_661,chr12,46754090,46771650,K562_MPT_2904,ENSG00000134294.9,SLC38A2,protein_coding,14,2.43e-05,K562,KARR-seq,trans_cross_chromosome
K562_EP_1446,chrX,64892608,64942250,K562_TE_22977,chr11,65332744,65354370,K562_MPT_2333,ENSG00000176973.7,FAM89B,protein_coding,15,2.66e-05,K562,RIC-seq,trans_cross_chromosome
K562_EP_1447,chr6,68585750,68609380,K562_SE_605,chr16,89551726,89565201,K562_MPT_5152,ENSG00000261118.1,RP11-104N10.1,lncRNA,18,3.53e-05,K562,KARR-seq,trans_cross_chromosome
K562_EP_1448,chr8,130546590,130605033,K562_SE_702,chr10,102101147,102111881,K562_MPT_1834,ENSG00000099194.5,SCD,protein_coding,14,3.53e-05,K562,KARR-seq,trans_cross_chromosome
K562_EP_1449,chr21,39483580,39488307,K562_TE_13642,chr17,1152294,1162294,K562_MPT_5178,ENSG00000262213.1,AC144836.1,lncRNA,14,4.91e-05,K562,RIC-seq,trans_cross_chromosome
K562_EP_1450,chr5,179511558,179521767,K562_TE_17969,chr16,4388762,4410608,K562_MPT_4673,ENSG00000217930.3,PAM16,protein_coding,14,4.93e-05,K562,RIC-seq,trans_cross_chromosome
K562_EP_1451,chr6,41959442,42010899,K562_SE_599,chr1,144984309,145000082,K562_MPT_812,ENSG00000268172.1,AL590452.1,protein_coding,14,6.27e-05,K562,RIC-seq,trans_cross_chromosome
K562_EP_1452,chr16,85548387,85639758,K562_SE_284,chr20,30304001,30316792,K562_MPT_8113,ENSG00000268457.1,AL160175.1,protein_coding,14,6.43e-05,K562,KARR-seq,trans_cross_chromosome
K562_EP_1453,chr6,68585750,68609380,K562_SE_605,chr1,243411622,243424372,K562_MPT_1397,ENSG00000054282.11,SDCCAG8,protein_coding,14,6.6e-05,K562,KARR-seq,trans_cross_chromosome
K562_EP_1454,chr16,85548387,85639758,K562_SE_284,chr6,16756369,16769577,K562_MPT_10844,ENSG00000124788.13,ATXN1,protein_coding,14,6.85e-05,K562,RIC-seq,trans_cross_chromosome
K562_EP_1455,chr11,65235059,65278329,K562_SE_179,chr1,43307033,43321358,K562_MPT_450,ENSG00000228192.3,RP11-342M1.3,lncRNA,21,7.19e-05,K562,KARR-seq,trans_cross_chromosome
K562_EP_1456,chr11,65235059,65278329,K562_SE_179,chr14,52448937,52465444,K562_MPT_3812,ENSG00000087302.4,C14orf166,protein_coding,17,7.75e-05,K562,KARR-seq,trans_cross_chromosome
K562_EP_1457,chr1,142618438,142623892,K562_TE_1325,chr3,75829209,75839734,K562_MPT_9181,ENSG00000227124.4,ZNF717,protein_coding,13,0.000118,K562,RIC-seq,trans_cross_chromosome
K562_EP_1458,chr1,143928750,144054981,K562_TE_1340,chr15,23029370,23039427,K562_MPT_4104,ENSG00000140157.10,NIPA2,protein_coding,13,0.000118,K562,KARR-seq,trans_cross_chromosome
K562_EP_1459,chrX,138078295,138090287,K562_TE_23299,chr18,2562198,2576564,K562_MPT_5959,ENSG00000101574.10,METTL4,protein_coding,13,0.000118,K562,KARR-seq,trans_cross_chromosome
K562_EP_1460,chr5,139788378,139813185,K562_TE_17648,chr3,45012658,45022722,K562_MPT_9023,ENSG00000075914.8,EXOSC7,protein_coding,13,0.000118,K562,KARR-seq,trans_cross_chromosome
K562_EP_1461,chr15,64982530,64988967,K562_TE_7420,chr19,47611531,47622009,K562_MPT_6846,ENSG00000130749.5,ZC3H4,protein_coding,13,0.000118,K562,KARR-seq,trans_cross_chromosome
K562_EP_1462,chr6,126262274,126286469,K562_TE_18995,chr1,151025234,151037125,K562_MPT_892,ENSG00000213190.2,MLLT11,protein_coding,13,0.000118,K562,KARR-seq,trans_cross_chromosome
K562_EP_1463,chr10,126801223,126839727,K562_TE_3457,chr2,62110659,62120939,K562_MPT_7308,ENSG00000115484.10,CCT4,protein_coding,13,0.000119,K562,KARR-seq,trans_cross_chromosome
K562_EP_1464,chr7,32540416,32556043,K562_TE_19686,chr1,8933066,8944308,K562_MPT_96,ENSG00000236269.1,ENO1-IT1,lncRNA,13,0.000121,K562,KARR-seq,trans_cross_chromosome
K562_EP_1465,chr9,132617858,132658432,K562_SE_733,chr10,33239591,33257211,K562_MPT_1561,ENSG00000229656.2,RP11-462L8.1,lncRNA,13,0.000121,K562,KARR-seq,trans_cross_chromosome
K562_EP_1466,chr9,94618470,94683542,K562_SE_719,chr2,74677150,74715361,K562_MPT_7409,ENSG00000239779.2,WBP1,protein_coding,13,0.000126,K562,KARR-seq,trans_cross_chromosome
K562_EP_1467,chr2,55225058,55267805,K562_TE_11460,chr17,65357721,65367743,K562_MPT_5772,ENSG00000197170.5,PSMD12,protein_coding,13,0.000128,K562,KARR-seq,trans_cross_chromosome
K562_EP_1468,chr1,230208360,230327626,K562_SE_104,chr3,48714017,48728797,K562_MPT_9059,ENSG00000213672.3,NCKIPSD,protein_coding,13,0.000129,K562,KARR-seq,trans_cross_chromosome
K562_EP_1469,chr16,84740593,84788244,K562_TE_8588,chr3,51991908,52022553,K562_MPT_9100,ENSG00000114779.15,ABHD14B,protein_coding,13,0.000132,K562,KARR-seq,trans_cross_chromosome
K562_EP_1470,chr7,32540416,32556043,K562_TE_19686,chr12,49725971,49745821,K562_MPT_2941,ENSG00000186897.3,C1QL4,protein_coding,11,0.000132,K562,KARR-seq,trans_cross_chromosome
K562_EP_1471,chr6,147171445,147272129,K562_SE_624,chr8,146047849,146059427,K562_MPT_12703,ENSG00000147789.11,ZNF7,protein_coding,11,0.000132,K562,KARR-seq,trans_cross_chromosome
K562_EP_1472,chr10,75715341,75838968,K562_SE_145,chr8,30509522,30520768,K562_MPT_12329,ENSG00000197265.4,GTF2E2,protein_coding,11,0.000132,K562,KARR-seq,trans_cross_chromosome
K562_EP_1473,chr1,111421726,111441927,K562_SE_55,chr2,241521116,241535427,K562_MPT_7971,ENSG00000260942.1,CAPN10-AS1,lncRNA,11,0.000132,K562,KARR-seq,trans_cross_chromosome
K562_EP_1474,chr11,48007498,48041918,K562_TE_3928,chr16,31478380,31499323,K562_MPT_4885,ENSG00000140675.8,SLC5A2,protein_coding,11,0.000132,K562,KARR-seq,trans_cross_chromosome
K562_EP_1475,chr6,20688910,20712673,K562_TE_18221,chr1,40622045,40632045,K562_MPT_424,ENSG00000117000.8,RLF,protein_coding,11,0.000132,K562,KARR-seq,trans_cross_chromosome
K562_EP_1476,chr1,109626153,109650176,K562_TE_1184,chr17,40328099,40351520,K562_MPT_5526,ENSG00000167925.11,GHDC,protein_coding,11,0.000132,K562,KARR-seq,trans_cross_chromosome
K562_EP_1477,chr8,67830082,67847272,K562_SE_688,chrX,123089062,123102020,K562_MPT_13613,ENSG00000232412.1,RP1-315G1.3,lncRNA,11,0.000132,K562,KARR-seq,trans_cross_chromosome
K562_EP_1478,chr6,155072954,155083718,K562_TE_19213,chr18,701523,717676,K562_MPT_5952,ENSG00000132199.14,ENOSF1,protein_coding,11,0.000132,K562,KARR-seq,trans_cross_chromosome
K562_EP_1479,chr13,113353761,113395460,K562_TE_6288,chr11,47188108,47218093,K562_MPT_2199,ENSG00000243802.2,RP11-390K5.1,pseudogene,11,0.000132,K562,KARR-seq,trans_cross_chromosome
K562_EP_1480,chr3,186654509,186678245,K562_TE_15615,chr11,112125988,112168296,K562_MPT_2590,ENSG00000213234.4,ST13P10,pseudogene,11,0.000132,K562,KARR-seq,trans_cross_chromosome
K562_EP_1481,chr17,41392069,41411565,K562_SE_306,chr12,64793130,64808437,K562_MPT_3087,ENSG00000184575.7,XPOT,protein_coding,11,0.000132,K562,KARR-seq,trans_cross_chromosome
K562_EP_1482,chr22,17066736,17097786,K562_SE_431,chr2,70470586,70490551,K562_MPT_7367,ENSG00000116005.7,PCYOX1,protein_coding,11,0.000132,K562,KARR-seq,trans_cross_chromosome
K562_EP_1483,chr2,145188334,145270092,K562_SE_382,chr12,68037118,68050249,K562_MPT_3100,ENSG00000127334.10,DYRK2,protein_coding,11,0.000132,K562,KARR-seq,trans_cross_chromosome
K562_EP_1484,chr12,50925657,51019968,K562_SE_203,chr16,675932,696813,K562_MPT_4606,ENSG00000130731.11,C16orf13,protein_coding,11,0.000132,K562,KARR-seq,trans_cross_chromosome
K562_EP_1485,chr19,53424232,53441284,K562_SE_351,chr3,52268158,52287977,K562_MPT_9105,ENSG00000164088.13,PPM1M,protein_coding,11,0.000132,K562,KARR-seq,trans_cross_chromosome
K562_EP_1486,chr6,5269861,5303678,K562_TE_18059,chr19,9780720,9790776,K562_MPT_6346,ENSG00000171466.5,ZNF562,protein_coding,11,0.000132,K562,KARR-seq,trans_cross_chromosome
K562_EP_1487,chr5,134717410,134728991,K562_TE_17589,chr17,38204861,38233344,K562_MPT_5495,ENSG00000126351.8,THRA,protein_coding,11,0.000132,K562,KARR-seq,trans_cross_chromosome
K562_EP_1488,chr21,15292825,15296359,K562_TE_13463,chr17,60137643,60147643,K562_MPT_5732,ENSG00000108510.5,MED13,protein_coding,11,0.000132,K562,KARR-seq,trans_cross_chromosome
K562_EP_1489,chr12,80305724,80323141,K562_TE_5341,chr16,30361255,30399171,K562_MPT_4852,ENSG00000180035.6,ZNF48,protein_coding,11,0.000132,K562,KARR-seq,trans_cross_chromosome
K562_EP_1490,chr20,1357918,1364838,K562_TE_12915,chr9,139549873,139570054,K562_MPT_13227,ENSG00000199161.1,MIR126,miRNA,11,0.000132,K562,KARR-seq,trans_cross_chromosome
K562_EP_1491,chr1,54676619,54697327,K562_TE_817,chr11,65298736,65331401,K562_MPT_2332,ENSG00000168056.10,LTBP3,protein_coding,11,0.000132,K562,KARR-seq,trans_cross_chromosome
K562_EP_1492,chrX,48793317,48806606,K562_SE_744,chr2,174823947,174838079,K562_MPT_7729,ENSG00000271151.1,RP11-394I13.2,lncRNA,11,0.000132,K562,KARR-seq,trans_cross_chromosome
K562_EP_1493,chr15,34780752,34781779,K562_TE_7096,chr17,73173658,73184078,K562_MPT_5816,ENSG00000188612.7,SUMO2,protein_coding,11,0.000132,K562,KARR-seq,trans_cross_chromosome
K562_EP_1494,chr8,56901995,56936486,K562_TE_21137,chr16,28884726,28897928,K562_MPT_4821,ENSG00000196296.9,ATP2A1,protein_coding,11,0.000132,K562,KARR-seq,trans_cross_chromosome
K562_EP_1495,chr1,89996110,90030257,K562_SE_50,chr15,59392277,59402356,K562_MPT_4317,ENSG00000157456.3,CCNB2,protein_coding,11,0.000132,K562,KARR-seq,trans_cross_chromosome
K562_EP_1496,chr2,15671378,15696593,K562_TE_11091,chr19,19621494,19632039,K562_MPT_6546,ENSG00000186010.14,NDUFA13,protein_coding,11,0.000132,K562,KARR-seq,trans_cross_chromosome
K562_EP_1497,chr19,5943909,5969894,K562_TE_10292,chr22,29132771,29143410,K562_MPT_8638,ENSG00000183765.16,CHEK2,protein_coding,11,0.000132,K562,KARR-seq,trans_cross_chromosome
K562_EP_1498,chr7,110863639,110873030,K562_TE_20318,chr6,28968037,28978037,K562_MPT_10936,ENSG00000197935.6,ZNF311,protein_coding,11,0.000132,K562,KARR-seq,trans_cross_chromosome
K562_EP_1499,chr9,4799120,4902541,K562_SE_709,chr2,97529325,97541494,K562_MPT_7484,ENSG00000168758.6,SEMA4C,protein_coding,11,0.000132,K562,KARR-seq,trans_cross_chromosome
K562_EP_1500,chrX,138223591,138233346,K562_TE_23301,chr11,88065901,88075955,K562_MPT_2521,ENSG00000109861.11,CTSC,protein_coding,11,0.000132,K562,KARR-seq,trans_cross_chromosome
K562_EP_1501,chr9,44875058,44880467,K562_TE_21948,chr20,25837213,25853786,K562_MPT_8100,ENSG00000175170.10,FAM182B,protein_coding,11,0.000132,K562,KARR-seq,trans_cross_chromosome
K562_EP_1502,chr3,136335245,136446485,K562_TE_15197,chr6,30534153,30544219,K562_MPT_10953,ENSG00000204574.8,ABCF1,protein_coding,11,0.000132,K562,KARR-seq,trans_cross_chromosome
K562_EP_1503,chr20,56975923,57009005,K562_TE_13390,chr14,24719262,24745945,K562_MPT_3732,ENSG00000100949.10,RABGGTA,protein_coding,11,0.000132,K562,KARR-seq,trans_cross_chromosome
K562_EP_1504,chr10,131939197,131955931,K562_TE_3473,chr6,170857429,170868693,K562_MPT_11486,ENSG00000008018.8,PSMB1,protein_coding,11,0.000132,K562,KARR-seq,trans_cross_chromosome
K562_EP_1505,chr9,19276930,19283925,K562_TE_21810,chr12,49653539,49672089,K562_MPT_2938,ENSG00000167553.10,TUBA1C,protein_coding,11,0.000132,K562,KARR-seq,trans_cross_chromosome
K562_EP_1506,chr19,45600681,45641649,K562_TE_10728,chr1,53699171,53709282,K562_MPT_529,ENSG00000162385.6,MAGOH,protein_coding,11,0.000132,K562,KARR-seq,trans_cross_chromosome
K562_EP_1507,chr20,45924291,45970176,K562_SE_408,chr3,9877301,9890743,K562_MPT_8880,ENSG00000156990.10,RPUSD3,protein_coding,11,0.000132,K562,KARR-seq,trans_cross_chromosome
K562_EP_1508,chr3,195413396,195443188,K562_TE_15665,chr1,146709291,146719356,K562_MPT_836,ENSG00000131778.13,CHD1L,protein_coding,11,0.000132,K562,KARR-seq,trans_cross_chromosome
K562_EP_1509,chr1,78130891,78138156,K562_TE_989,chr16,8886505,8896724,K562_MPT_4691,ENSG00000184857.7,TMEM186,protein_coding,11,0.000132,K562,KARR-seq,trans_cross_chromosome
K562_EP_1510,chr5,154141922,154167532,K562_TE_17799,chr11,47188108,47218093,K562_MPT_2199,ENSG00000243802.2,RP11-390K5.1,pseudogene,11,0.000132,K562,KARR-seq,trans_cross_chromosome
K562_EP_1511,chr8,130452382,130513523,K562_TE_21615,chrX,130032178,130042208,K562_MPT_13630,ENSG00000165675.12,ENOX2,protein_coding,13,0.000133,K562,RIC-seq,trans_cross_chromosome
K562_EP_1512,chr2,87738949,87854483,K562_SE_373,chr19,19238210,19254322,K562_MPT_6539,ENSG00000064545.10,TMEM161A,protein_coding,11,0.000135,K562,KARR-seq,trans_cross_chromosome
K562_EP_1513,chr18,9733561,9966563,K562_SE_328,chr16,850443,860443,K562_MPT_4610,ENSG00000167945.1,PRR25,protein_coding,11,0.000138,K562,KARR-seq,trans_cross_chromosome
K562_EP_1514,chr12,46144928,46168371,K562_TE_4992,chr6,26178958,26209858,K562_MPT_10877,ENSG00000216331.1,HIST1H1PS1,pseudogene,11,0.00014,K562,KARR-seq,trans_cross_chromosome
K562_EP_1515,chr18,75695246,75705676,K562_TE_10150,chr6,2993977,3009401,K562_MPT_10769,ENSG00000224846.1,RP1-90J20.8,lncRNA,11,0.000142,K562,KARR-seq,trans_cross_chromosome
K562_EP_1516,chr3,4753839,4814516,K562_SE_448,chr19,792075,809940,K562_MPT_6171,ENSG00000265767.1,MIR4745,miRNA,11,0.000142,K562,KARR-seq,trans_cross_chromosome
K562_EP_1517,chr3,14479781,14500264,K562_TE_14386,chr10,103869703,103885210,K562_MPT_1850,ENSG00000198728.6,LDB1,protein_coding,11,0.000142,K562,KARR-seq,trans_cross_chromosome
K562_EP_1518,chr9,139619943,139624993,K562_TE_22624,chr10,73965495,73985510,K562_MPT_1703,ENSG00000200344.1,Y_RNA,misc_RNA,11,0.000142,K562,KARR-seq,trans_cross_chromosome
K562_EP_1519,chr7,120621793,120694187,K562_SE_662,chr16,58653690,58668790,K562_MPT_4976,ENSG00000125107.12,CNOT1,protein_coding,11,0.000143,K562,KARR-seq,trans_cross_chromosome
K562_EP_1520,chr10,5732296,5749874,K562_TE_2470,chr1,155934520,155953890,K562_MPT_960,ENSG00000273002.1,RP11-336K24.12,lncRNA,11,0.000145,K562,KARR-seq,trans_cross_chromosome
K562_EP_1521,chr8,130452382,130513523,K562_TE_21615,chr9,139755718,139765738,K562_MPT_13235,ENSG00000107223.8,EDF1,protein_coding,11,0.000145,K562,KARR-seq,trans_cross_chromosome
K562_EP_1522,chr11,65235059,65278329,K562_SE_179,chr9,15505287,15516017,K562_MPT_12749,ENSG00000164985.10,PSIP1,protein_coding,16,0.000146,K562,KARR-seq,trans_cross_chromosome
K562_EP_1523,chr11,95944717,96013925,K562_SE_189,chr7,129069274,129079287,K562_MPT_12053,ENSG00000128578.5,STRIP2,protein_coding,11,0.000147,K562,KARR-seq,trans_cross_chromosome
K562_EP_1524,chr11,65167965,65217131,K562_SE_178,chr10,45490923,45501336,K562_MPT_1595,ENSG00000165512.4,ZNF22,protein_coding,13,0.000148,K562,KARR-seq,trans_cross_chromosome
K562_EP_1525,chr16,89505998,89551616,K562_TE_8654,chr4,83289303,83300656,K562_MPT_9876,ENSG00000272677.1,RP11-127B20.3,lncRNA,13,0.000149,K562,KARR-seq,trans_cross_chromosome
K562_EP_1526,chr6,68585750,68609380,K562_SE_605,chr1,161188198,161201976,K562_MPT_1021,ENSG00000158874.7,APOA2,protein_coding,11,0.000149,K562,KARR-seq,trans_cross_chromosome
K562_EP_1527,chrX,11290563,11437956,K562_SE_739,chr9,123625900,123644606,K562_MPT_13064,ENSG00000119403.9,PHF19,protein_coding,13,0.000152,K562,KARR-seq,trans_cross_chromosome
K562_EP_1528,chr12,116553715,116655574,K562_TE_5637,chr3,9428506,9445263,K562_MPT_8872,ENSG00000206573.4,SETD5-AS1,lncRNA,13,0.000154,K562,KARR-seq,trans_cross_chromosome
K562_EP_1529,chr2,145188334,145270092,K562_SE_382,chr7,6741474,6754759,K562_MPT_11554,ENSG00000187953.6,PMS2CL,pseudogene,13,0.000154,K562,KARR-seq,trans_cross_chromosome
K562_EP_1530,chr3,42042833,42103721,K562_TE_14587,chr5,138604441,138619470,K562_MPT_10538,ENSG00000200959.1,SNORA74A,snoRNA,11,0.000164,K562,KARR-seq,trans_cross_chromosome
K562_EP_1531,chr11,65167965,65217131,K562_SE_178,chr10,70086832,70097806,K562_MPT_1668,ENSG00000096746.13,HNRNPH3,protein_coding,14,0.000167,K562,KARR-seq,trans_cross_chromosome
K562_EP_1532,chr4,79684477,79738669,K562_TE_16199,chr6,26211872,26222165,K562_MPT_10878,ENSG00000168274.3,HIST1H2AE,protein_coding,11,0.000174,K562,KARR-seq,trans_cross_chromosome
K562_EP_1533,chr11,65235059,65278329,K562_SE_179,chr8,144358019,144378592,K562_MPT_12667,ENSG00000185730.3,ZNF696,protein_coding,16,0.000185,K562,KARR-seq,trans_cross_chromosome
K562_EP_1534,chr3,126590753,126664377,K562_SE_477,chr1,241794232,241808701,K562_MPT_1392,ENSG00000054277.8,OPN3,protein_coding,12,0.000185,K562,KARR-seq,trans_cross_chromosome
K562_EP_1535,chr1,180521116,180592281,K562_SE_84,chr2,170585356,170603003,K562_MPT_7704,ENSG00000213160.5,KLHL23,protein_coding,12,0.000185,K562,KARR-seq,trans_cross_chromosome
K562_EP_1536,chr8,125928401,125952609,K562_TE_21565,chr15,43472339,43482637,K562_MPT_4224,ENSG00000261687.1,RP11-473C18.3,lncRNA,12,0.000185,K562,KARR-seq,trans_cross_chromosome
K562_EP_1537,chr10,11916377,11968192,K562_SE_121,chr16,25109879,25128253,K562_MPT_4795,ENSG00000260448.1,RP11-449H11.1,lncRNA,12,0.000185,K562,KARR-seq,trans_cross_chromosome
K562_EP_1538,chr20,47900668,47920027,K562_TE_13310,chr5,89762565,89775712,K562_MPT_10380,ENSG00000113356.6,POLR3G,protein_coding,12,0.000185,K562,KARR-seq,trans_cross_chromosome
K562_EP_1539,chr7,44800407,44808434,K562_TE_19800,chrX,118597225,118608061,K562_MPT_13590,ENSG00000005022.5,SLC25A5,protein_coding,12,0.000185,K562,KARR-seq,trans_cross_chromosome
K562_EP_1540,chr17,55609383,55632774,K562_TE_9348,chr5,179100629,179112975,K562_MPT_10727,ENSG00000204659.4,CBY3,protein_coding,12,0.000185,K562,KARR-seq,trans_cross_chromosome
K562_EP_1541,chr12,111831442,111884186,K562_TE_5584,chr5,138624337,138640541,K562_MPT_10539,ENSG00000199545.1,RNA5SP195,rRNA,12,0.000185,K562,KARR-seq,trans_cross_chromosome
K562_EP_1542,chr4,74067565,74079159,K562_TE_16122,chr8,30579527,30595136,K562_MPT_12330,ENSG00000104691.10,UBXN8,lncRNA,12,0.000185,K562,KARR-seq,trans_cross_chromosome
K562_EP_1543,chr6,7235173,7262603,K562_TE_18077,chr20,60937326,60947368,K562_MPT_8331,ENSG00000130702.9,LAMA5,protein_coding,12,0.000185,K562,KARR-seq,trans_cross_chromosome
K562_EP_1544,chr6,16245298,16278427,K562_SE_574,chr1,9289834,9304903,K562_MPT_99,ENSG00000049239.8,H6PD,protein_coding,12,0.000185,K562,KARR-seq,trans_cross_chromosome
K562_EP_1545,chr18,756567,807069,K562_TE_9733,chr13,42841289,42851289,K562_MPT_3517,ENSG00000023516.7,AKAP11,protein_coding,12,0.000185,K562,KARR-seq,trans_cross_chromosome
K562_EP_1546,chr3,46967847,47013803,K562_SE_467,chr6,86294411,86308874,K562_MPT_11207,ENSG00000135317.8,SNX14,protein_coding,12,0.000185,K562,KARR-seq,trans_cross_chromosome
K562_EP_1547,chr1,167342566,167356986,K562_TE_1662,chr12,131349382,131361641,K562_MPT_3395,ENSG00000222438.1,RNU6-1077P,snRNA,12,0.000185,K562,KARR-seq,trans_cross_chromosome
K562_EP_1548,chr9,127450836,127487668,K562_TE_22440,chr12,50556091,50566205,K562_MPT_2955,ENSG00000139624.8,CERS5,protein_coding,12,0.000185,K562,KARR-seq,trans_cross_chromosome
K562_EP_1549,chr13,50760113,50783584,K562_TE_6087,chr19,1008339,1047661,K562_MPT_6178,ENSG00000207357.1,RNU6-2,snRNA,12,0.000185,K562,KARR-seq,trans_cross_chromosome
K562_EP_1550,chr1,67401088,67420708,K562_TE_924,chr3,40513604,40524471,K562_MPT_8997,ENSG00000177873.8,ZNF619,protein_coding,12,0.000185,K562,KARR-seq,trans_cross_chromosome
K562_EP_1551,chr11,46442681,46473142,K562_TE_3902,chr9,140495106,140505155,K562_MPT_13256,ENSG00000197070.9,ARRDC1,protein_coding,12,0.000185,K562,KARR-seq,trans_cross_chromosome
K562_EP_1552,chr21,36270273,36415020,K562_SE_426,chr19,18491968,18502372,K562_MPT_6523,ENSG00000130513.6,GDF15,protein_coding,12,0.000185,K562,KARR-seq,trans_cross_chromosome
K562_EP_1553,chr9,93572288,93580799,K562_TE_22110,chr2,230781074,230792955,K562_MPT_7922,ENSG00000153827.9,TRIP12,protein_coding,12,0.000185,K562,KARR-seq,trans_cross_chromosome
K562_EP_1554,chr12,125023096,125042321,K562_TE_5779,chr8,21941719,21951719,K562_MPT_12277,ENSG00000158863.17,FAM160B2,protein_coding,12,0.000185,K562,KARR-seq,trans_cross_chromosome
K562_EP_1555,chr21,36189417,36198620,K562_TE_13590,chr6,30534153,30544219,K562_MPT_10953,ENSG00000204574.8,ABCF1,protein_coding,12,0.000185,K562,KARR-seq,trans_cross_chromosome
K562_EP_1556,chr22,17066736,17097786,K562_SE_431,chr3,170070503,170082411,K562_MPT_9466,ENSG00000136603.9,SKIL,protein_coding,12,0.000185,K562,KARR-seq,trans_cross_chromosome
K562_EP_1557,chr2,159319996,159321688,K562_TE_12215,chr4,41932137,41946272,K562_MPT_9768,ENSG00000109133.8,TMEM33,protein_coding,12,0.000185,K562,KARR-seq,trans_cross_chromosome
K562_EP_1558,chr8,21867435,21868298,K562_TE_20877,chr1,76246879,76267567,K562_MPT_602,ENSG00000207241.1,SNORD45A,snoRNA,12,0.000185,K562,KARR-seq,trans_cross_chromosome
K562_EP_1559,chr1,227605878,227637888,K562_TE_2228,chr11,108459374,108469465,K562_MPT_2575,ENSG00000110723.7,EXPH5,protein_coding,12,0.000185,K562,KARR-seq,trans_cross_chromosome
K562_EP_1560,chr22,41040639,41079100,K562_TE_14144,chr16,272655,330937,K562_MPT_4599,ENSG00000076344.11,RGS11,protein_coding,12,0.000185,K562,KARR-seq,trans_cross_chromosome
K562_EP_1561,chr17,70774650,70776523,K562_TE_9532,chr8,27690599,27700994,K562_MPT_12313,ENSG00000168078.5,PBK,protein_coding,12,0.000185,K562,KARR-seq,trans_cross_chromosome
K562_EP_1562,chr2,122227093,122245388,K562_TE_12002,chr19,39892453,39910833,K562_MPT_6701,ENSG00000266559.1,MIR4530,miRNA,12,0.000185,K562,KARR-seq,trans_cross_chromosome
K562_EP_1563,chr1,19929760,19940167,K562_TE_263,chr10,103869703,103885210,K562_MPT_1850,ENSG00000198728.6,LDB1,protein_coding,12,0.000185,K562,KARR-seq,trans_cross_chromosome
K562_EP_1564,chr20,45924291,45970176,K562_SE_408,chr1,101486319,101496475,K562_MPT_692,ENSG00000233184.2,RP11-421L21.3,lncRNA,12,0.000185,K562,KARR-seq,trans_cross_chromosome
K562_EP_1565,chr1,8448048,8470262,K562_TE_105,chr13,114995362,115005556,K562_MPT_3658,ENSG00000130177.10,CDC16,protein_coding,12,0.000185,K562,KARR-seq,trans_cross_chromosome
K562_EP_1566,chr8,102193472,102207525,K562_TE_21416,chr1,161118542,161152287,K562_MPT_1019,ENSG00000143258.11,USP21,protein_coding,12,0.000185,K562,KARR-seq,trans_cross_chromosome
K562_EP_1567,chr10,126599465,126614575,K562_TE_3453,chr2,112807800,112818297,K562_MPT_7556,ENSG00000153214.5,TMEM87B,protein_coding,12,0.000185,K562,KARR-seq,trans_cross_chromosome
K562_EP_1568,chr10,22881071,22995526,K562_SE_125,chr19,21198426,21213847,K562_MPT_6560,ENSG00000118620.8,ZNF430,protein_coding,12,0.000185,K562,KARR-seq,trans_cross_chromosome
K562_EP_1569,chr10,101467611,101473533,K562_TE_3253,chr8,42388447,42402069,K562_MPT_12375,ENSG00000168575.5,SLC20A2,protein_coding,12,0.000185,K562,KARR-seq,trans_cross_chromosome
K562_EP_1570,chr14,103092326,103134232,K562_TE_6939,chr19,36223369,36255786,K562_MPT_6634,ENSG00000205155.3,PSENEN,protein_coding,12,0.000185,K562,KARR-seq,trans_cross_chromosome
K562_EP_1571,chr8,117717680,117722661,K562_TE_21516,chr1,52185568,52200706,K562_MPT_512,ENSG00000212624.1,SNORA26,snoRNA,12,0.000185,K562,KARR-seq,trans_cross_chromosome
K562_EP_1572,chr2,15671378,15696593,K562_TE_11091,chr6,15240231,15254143,K562_MPT_10836,ENSG00000008083.9,JARID2,protein_coding,12,0.000185,K562,KARR-seq,trans_cross_chromosome
K562_EP_1573,chr3,152031038,152050542,K562_TE_15326,chr11,742329,752428,K562_MPT_1975,ENSG00000177156.6,TALDO1,protein_coding,12,0.000185,K562,KARR-seq,trans_cross_chromosome
K562_EP_1574,chr7,23462528,23474606,K562_TE_19588,chr5,98257240,98269875,K562_MPT_10404,ENSG00000248489.1,CTD-2007H13.3,lncRNA,12,0.000185,K562,KARR-seq,trans_cross_chromosome
K562_EP_1575,chr1,27823323,27901393,K562_SE_25,chr17,71218839,71234365,K562_MPT_5797,ENSG00000133193.8,FAM104A,protein_coding,12,0.000185,K562,KARR-seq,trans_cross_chromosome
K562_EP_1576,chr16,70429524,70469337,K562_SE_274,chrX,153974332,153984352,K562_MPT_13717,ENSG00000160219.7,GAB3,protein_coding,12,0.000185,K562,KARR-seq,trans_cross_chromosome
K562_EP_1577,chr10,112369819,112441110,K562_TE_3341,chr6,7134478,7144478,K562_MPT_10796,ENSG00000124782.15,RREB1,protein_coding,12,0.000185,K562,KARR-seq,trans_cross_chromosome
K562_EP_1578,chr11,110017845,110030423,K562_TE_4484,chr15,66869528,66879528,K562_MPT_4362,ENSG00000259471.1,RP11-321F6.1,protein_coding,12,0.000185,K562,KARR-seq,trans_cross_chromosome
K562_EP_1579,chr7,98960150,98991050,K562_TE_20141,chr11,66401088,66411406,K562_MPT_2364,ENSG00000173933.15,RBM4,protein_coding,12,0.000185,K562,KARR-seq,trans_cross_chromosome
K562_EP_1580,chr10,52069110,52199776,K562_SE_135,chr16,11885383,11896123,K562_MPT_4714,ENSG00000122299.7,ZC3H7A,protein_coding,12,0.000185,K562,KARR-seq,trans_cross_chromosome
K562_EP_1581,chr19,14253032,14259003,K562_TE_10419,chr11,118987297,118999698,K562_MPT_2631,ENSG00000172273.8,HINFP,protein_coding,12,0.000185,K562,KARR-seq,trans_cross_chromosome
K562_EP_1582,chr15,75614685,75615024,K562_TE_7559,chr9,100740643,100754938,K562_MPT_12982,ENSG00000136938.8,ANP32B,protein_coding,12,0.000185,K562,KARR-seq,trans_cross_chromosome
K562_EP_1583,chr13,47261966,47272891,K562_TE_6049,chr1,154923580,154966017,K562_MPT_940,ENSG00000160688.14,FLAD1,protein_coding,12,0.000185,K562,KARR-seq,trans_cross_chromosome
K562_EP_1584,chr1,36700668,36723932,K562_TE_543,chr22,21916836,21927026,K562_MPT_8588,ENSG00000185651.10,UBE2L3,protein_coding,12,0.000185,K562,KARR-seq,trans_cross_chromosome
K562_EP_1585,chr2,198894123,198928263,K562_TE_12514,chr5,90674176,90684176,K562_MPT_10384,ENSG00000113369.4,ARRDC3,protein_coding,12,0.000185,K562,KARR-seq,trans_cross_chromosome
K562_EP_1586,chr11,3931465,4018538,K562_TE_3561,chr6,28229788,28254349,K562_MPT_10921,ENSG00000137338.4,PGBD1,protein_coding,12,0.000185,K562,KARR-seq,trans_cross_chromosome
K562_EP_1587,chr22,21194469,21240469,K562_SE_436,chr16,31459814,31476282,K562_MPT_4884,ENSG00000260267.1,RP11-452L6.5,lncRNA,12,0.000185,K562,KARR-seq,trans_cross_chromosome
K562_EP_1588,chr17,499940,510886,K562_TE_8670,chr6,43585541,43617783,K562_MPT_11110,ENSG00000172432.14,GTPBP2,protein_coding,12,0.000185,K562,KARR-seq,trans_cross_chromosome
K562_EP_1589,chr1,246226309,246255137,K562_TE_2396,chr16,89878043,89888065,K562_MPT_5159,ENSG00000187741.10,FANCA,protein_coding,12,0.000185,K562,KARR-seq,trans_cross_chromosome
K562_EP_1590,chr5,59968673,59984965,K562_TE_17064,chr12,19587608,19603989,K562_MPT_2818,ENSG00000200247.1,RNU6-254P,snRNA,12,0.000185,K562,KARR-seq,trans_cross_chromosome
K562_EP_1591,chr4,79609058,79671607,K562_SE_516,chr16,20676177,20690930,K562_MPT_4757,ENSG00000005187.7,ACSM3,protein_coding,12,0.000185,K562,KARR-seq,trans_cross_chromosome
K562_EP_1592,chr12,96744828,96786873,K562_TE_5453,chr3,178860761,178872315,K562_MPT_9485,ENSG00000121879.3,PIK3CA,protein_coding,12,0.000185,K562,KARR-seq,trans_cross_chromosome
K562_EP_1593,chr6,160137609,160140470,K562_TE_19280,chr8,146000667,146033273,K562_MPT_12702,ENSG00000161016.11,RPL8,protein_coding,12,0.000185,K562,KARR-seq,trans_cross_chromosome
K562_EP_1594,chr13,51058730,51087610,K562_TE_6097,chr17,17735131,17745325,K562_MPT_5318,ENSG00000072310.12,SREBF1,protein_coding,12,0.000185,K562,KARR-seq,trans_cross_chromosome
K562_EP_1595,chr6,15253980,15391637,K562_SE_569,chr1,114488767,114498767,K562_MPT_759,ENSG00000163349.17,HIPK1,protein_coding,12,0.000185,K562,KARR-seq,trans_cross_chromosome
K562_EP_1596,chr11,85802540,85930107,K562_SE_187,chr1,28581038,28591038,K562_MPT_301,ENSG00000130766.4,SESN2,protein_coding,12,0.000185,K562,KARR-seq,trans_cross_chromosome
K562_EP_1597,chr10,5498805,5530633,K562_SE_118,chr1,93292582,93307846,K562_MPT_660,ENSG00000206680.1,SNORD21,snoRNA,12,0.000185,K562,KARR-seq,trans_cross_chromosome
K562_EP_1598,chr19,50276070,50281630,K562_TE_10835,chr1,12035238,12047049,K562_MPT_130,ENSG00000116688.12,MFN2,protein_coding,12,0.000185,K562,KARR-seq,trans_cross_chromosome
K562_EP_1599,chr22,26964435,26978887,K562_TE_13909,chr7,135189824,135199875,K562_MPT_12087,ENSG00000080802.14,CNOT4,protein_coding,12,0.000185,K562,KARR-seq,trans_cross_chromosome
K562_EP_1600,chr10,7210490,7229130,K562_TE_2494,chr6,119210384,119220384,K562_MPT_11312,ENSG00000111875.7,ASF1A,protein_coding,12,0.000185,K562,KARR-seq,trans_cross_chromosome
K562_EP_1601,chr6,6851120,6893026,K562_TE_18073,chr2,98275570,98297284,K562_MPT_7490,ENSG00000228486.5,AC017099.3,lncRNA,12,0.000185,K562,KARR-seq,trans_cross_chromosome
K562_EP_1602,chr21,46251285,46301783,K562_TE_13714,chr3,9428506,9445263,K562_MPT_8872,ENSG00000206573.4,SETD5-AS1,lncRNA,12,0.000185,K562,KARR-seq,trans_cross_chromosome
K562_EP_1603,chr7,77562668,77574693,K562_TE_20045,chr6,31503313,31521204,K562_MPT_10973,ENSG00000204498.6,NFKBIL1,protein_coding,12,0.000185,K562,KARR-seq,trans_cross_chromosome
K562_EP_1604,chr8,26159682,26188808,K562_TE_20921,chr6,32091017,32103068,K562_MPT_10990,ENSG00000213676.6,ATF6B,protein_coding,12,0.000185,K562,KARR-seq,trans_cross_chromosome
K562_EP_1605,chr10,7330307,7360335,K562_TE_2497,chr17,56397811,56419719,K562_MPT_5701,ENSG00000264399.1,MIR4736,miRNA,12,0.000185,K562,KARR-seq,trans_cross_chromosome
K562_EP_1606,chr18,756567,807069,K562_TE_9733,chr2,203494901,203504911,K562_MPT_7839,ENSG00000138439.10,FAM117B,protein_coding,12,0.000185,K562,KARR-seq,trans_cross_chromosome
K562_EP_1607,chrX,129193959,129238087,K562_TE_23229,chr19,1936188,1947464,K562_MPT_6206,ENSG00000133275.11,CSNK1G2,protein_coding,12,0.000185,K562,KARR-seq,trans_cross_chromosome
K562_EP_1608,chr2,15441457,15454537,K562_TE_11086,chr12,1634057,1644985,K562_MPT_2708,ENSG00000111186.8,WNT5B,protein_coding,12,0.000185,K562,KARR-seq,trans_cross_chromosome
K562_EP_1609,chr1,39577549,39596253,K562_TE_588,chr7,104648471,104659908,K562_MPT_11965,ENSG00000228393.3,LINC01004,lncRNA,12,0.000185,K562,KARR-seq,trans_cross_chromosome
K562_EP_1610,chr14,70083840,70134077,K562_SE_231,chr17,78383918,78398218,K562_MPT_5894,ENSG00000173818.12,ENDOV,protein_coding,12,0.000185,K562,KARR-seq,trans_cross_chromosome
K562_EP_1611,chr13,52163966,52176616,K562_TE_6108,chr9,130824600,130835572,K562_MPT_13123,ENSG00000148339.8,SLC25A25,protein_coding,12,0.000185,K562,KARR-seq,trans_cross_chromosome
K562_EP_1612,chr6,36082729,36108156,K562_SE_595,chr7,115845547,115855603,K562_MPT_12000,ENSG00000135269.13,TES,protein_coding,12,0.000185,K562,KARR-seq,trans_cross_chromosome
K562_EP_1613,chr6,36032920,36044865,K562_TE_18414,chr7,56163352,56179269,K562_MPT_11736,ENSG00000239166.1,snoU13,snoRNA,12,0.000185,K562,KARR-seq,trans_cross_chromosome
K562_EP_1614,chr8,142273911,142307283,K562_TE_21684,chr16,20770024,20786482,K562_MPT_4759,ENSG00000005187.7,ACSM3,protein_coding,12,0.000185,K562,KARR-seq,trans_cross_chromosome
K562_EP_1615,chr10,22881071,22995526,K562_SE_125,chr19,41094072,41124822,K562_MPT_6724,ENSG00000090006.13,LTBP4,protein_coding,11,0.000185,K562,KARR-seq,trans_cross_chromosome
K562_EP_1616,chr11,85732139,85775705,K562_TE_4317,chr21,44294641,44304665,K562_MPT_8471,ENSG00000160193.7,WDR4,protein_coding,12,0.000186,K562,KARR-seq,trans_cross_chromosome
K562_EP_1617,chr17,16331212,16347829,K562_SE_293,chr2,96921333,96936870,K562_MPT_7474,ENSG00000144021.2,CIAO1,protein_coding,12,0.00019,K562,KARR-seq,trans_cross_chromosome
K562_EP_1618,chr1,90329507,90423245,K562_SE_51,chr7,23566595,23576660,K562_MPT_11609,ENSG00000164548.6,TRA2A,protein_coding,12,0.000191,K562,KARR-seq,trans_cross_chromosome
K562_EP_1619,chr16,23853484,23934208,K562_SE_269,chr5,154060336,154070336,K562_MPT_10622,ENSG00000221552.1,MIR1303,miRNA,12,0.000191,K562,KARR-seq,trans_cross_chromosome
K562_EP_1620,chr1,230208360,230327626,K562_SE_104,chr15,91468410,91483515,K562_MPT_4551,ENSG00000224441.1,AC068831.3,lncRNA,12,0.000191,K562,KARR-seq,trans_cross_chromosome
K562_EP_1621,chr10,11916377,11968192,K562_SE_121,chr17,7738222,7753233,K562_MPT_5253,ENSG00000132510.6,KDM6B,protein_coding,12,0.000191,K562,KARR-seq,trans_cross_chromosome
K562_EP_1622,chr3,46967847,47013803,K562_SE_467,chr17,60137643,60147643,K562_MPT_5732,ENSG00000108510.5,MED13,protein_coding,12,0.000206,K562,KARR-seq,trans_cross_chromosome
K562_EP_1623,chr7,120621793,120694187,K562_SE_662,chr1,150596592,150607072,K562_MPT_884,ENSG00000143420.13,ENSA,protein_coding,12,0.000206,K562,KARR-seq,trans_cross_chromosome
K562_EP_1624,chr6,20409590,20477001,K562_SE_576,chr21,33099281,33113045,K562_MPT_8412,ENSG00000273091.1,AP000255.6,lncRNA,12,0.000208,K562,KARR-seq,trans_cross_chromosome
K562_EP_1625,chr19,39126319,39184375,K562_SE_343,chr7,150060278,150085973,K562_MPT_12161,ENSG00000239377.1,RP4-584D14.6,lncRNA,12,0.000208,K562,KARR-seq,trans_cross_chromosome
K562_EP_1626,chr6,15253980,15391637,K562_SE_569,chr8,145110584,145120584,K562_MPT_12685,ENSG00000178814.11,OPLAH,protein_coding,12,0.00021,K562,KARR-seq,trans_cross_chromosome
K562_EP_1627,chr11,3931465,4018538,K562_TE_3561,chr2,145270115,145283621,K562_MPT_7656,ENSG00000238057.4,ZEB2-AS1,lncRNA,12,0.000211,K562,KARR-seq,trans_cross_chromosome
K562_EP_1628,chr16,88938381,88973032,K562_TE_8642,chr12,48201834,48231915,K562_MPT_2914,ENSG00000257488.1,RP5-1057I20.2,lncRNA,12,0.000211,K562,KARR-seq,trans_cross_chromosome
K562_EP_1629,chr10,35630893,35721029,K562_SE_130,chr7,30629297,30639425,K562_MPT_11642,ENSG00000196295.7,AC005154.6,lncRNA,12,0.000223,K562,KARR-seq,trans_cross_chromosome
K562_EP_1630,chr19,28942803,29111036,K562_SE_341,chr8,41650140,41665867,K562_MPT_12367,ENSG00000200344.1,Y_RNA,misc_RNA,13,0.000224,K562,KARR-seq,trans_cross_chromosome
K562_EP_1631,chr1,28897644,28917048,K562_TE_432,chr6,34355451,34365451,K562_MPT_11018,ENSG00000272325.1,NUDT3,protein_coding,12,0.000224,K562,KARR-seq,trans_cross_chromosome
K562_EP_1632,chr18,756567,807069,K562_TE_9733,chr10,73965495,73985510,K562_MPT_1703,ENSG00000200344.1,Y_RNA,misc_RNA,12,0.000224,K562,KARR-seq,trans_cross_chromosome
K562_EP_1633,chr2,198714946,198759771,K562_TE_12512,chr1,38466177,38483451,K562_MPT_399,ENSG00000183386.5,FHL3,protein_coding,12,0.000224,K562,KARR-seq,trans_cross_chromosome
K562_EP_1634,chr3,6548808,6584670,K562_TE_14302,chr16,2054748,2084755,K562_MPT_4627,ENSG00000167962.8,ZNF598,protein_coding,12,0.000224,K562,KARR-seq,trans_cross_chromosome
K562_EP_1635,chr6,28632682,28871154,K562_SE_587,chr21,34846596,34869027,K562_MPT_8426,ENSG00000177692.7,DNAJC28,protein_coding,10,0.000224,K562,KARR-seq,trans_cross_chromosome
K562_EP_1636,chr5,56483155,56506799,K562_TE_17051,chr3,12520931,12536279,K562_MPT_8902,ENSG00000154743.13,TSEN2,protein_coding,10,0.000224,K562,KARR-seq,trans_cross_chromosome
K562_EP_1637,chr8,144821376,144827158,K562_TE_21704,chr1,213021622,213037258,K562_MPT_1266,ENSG00000236317.1,RP11-348H3.5,pseudogene,10,0.000224,K562,KARR-seq,trans_cross_chromosome
K562_EP_1638,chr22,40013962,40031694,K562_TE_14124,chr12,6971283,6987820,K562_MPT_2752,ENSG00000111669.10,TPI1,protein_coding,10,0.000224,K562,KARR-seq,trans_cross_chromosome
K562_EP_1639,chr17,80860961,80871290,K562_TE_9714,chr1,21666997,21676997,K562_MPT_202,ENSG00000117298.10,ECE1,protein_coding,10,0.000224,K562,KARR-seq,trans_cross_chromosome
K562_EP_1640,chr3,122792174,122805268,K562_TE_15049,chr2,27250822,27265743,K562_MPT_7164,ENSG00000119777.14,TMEM214,protein_coding,10,0.000224,K562,KARR-seq,trans_cross_chromosome
K562_EP_1641,chr17,4742401,4759726,K562_TE_8735,chr2,20845838,20855849,K562_MPT_7135,ENSG00000118960.8,HS1BP3,protein_coding,10,0.000224,K562,KARR-seq,trans_cross_chromosome
K562_EP_1642,chr1,117005511,117058249,K562_SE_57,chr19,4177276,4191418,K562_MPT_6261,ENSG00000077463.10,SIRT6,protein_coding,10,0.000224,K562,KARR-seq,trans_cross_chromosome
K562_EP_1643,chr6,113262781,113279055,K562_TE_18906,chr17,7544945,7562427,K562_MPT_5250,ENSG00000129244.4,ATP1B2,protein_coding,10,0.000224,K562,KARR-seq,trans_cross_chromosome
K562_EP_1644,chr17,17286868,17287365,K562_TE_8847,chr16,89622065,89633778,K562_MPT_5154,ENSG00000200084.1,SNORD68,snoRNA,10,0.000224,K562,KARR-seq,trans_cross_chromosome
K562_EP_1645,chr9,74622818,74623024,K562_TE_22028,chr7,45138839,45156646,K562_MPT_11714,ENSG00000136270.9,TBRG4,protein_coding,10,0.000224,K562,KARR-seq,trans_cross_chromosome
K562_EP_1646,chr13,50884289,50895001,K562_TE_6091,chr7,150647994,150662964,K562_MPT_12163,ENSG00000055118.10,KCNH2,protein_coding,10,0.000224,K562,KARR-seq,trans_cross_chromosome
K562_EP_1647,chr1,38462603,38467779,K562_SE_33,chr10,70315413,70325413,K562_MPT_1672,ENSG00000138336.8,TET1,protein_coding,10,0.000224,K562,KARR-seq,trans_cross_chromosome
K562_EP_1648,chr19,1414861,1416590,K562_TE_10200,chr2,192706265,192716981,K562_MPT_7791,ENSG00000233766.3,AC098617.1,lncRNA,10,0.000224,K562,KARR-seq,trans_cross_chromosome
K562_EP_1649,chr17,4244674,4258513,K562_TE_8723,chr11,93857094,93867095,K562_MPT_2532,ENSG00000110218.4,PANX1,protein_coding,10,0.000224,K562,KARR-seq,trans_cross_chromosome
K562_EP_1650,chr4,80118827,80146681,K562_SE_517,chr1,229639073,229649248,K562_MPT_1346,ENSG00000069248.9,NUP133,protein_coding,10,0.000224,K562,KARR-seq,trans_cross_chromosome
K562_EP_1651,chr10,33211111,33213775,K562_TE_2726,chr5,118599387,118609449,K562_MPT_10452,ENSG00000145779.7,TNFAIP8,protein_coding,10,0.000224,K562,KARR-seq,trans_cross_chromosome
K562_EP_1652,chr22,40831339,40834625,K562_TE_14137,chr17,72859754,72883834,K562_MPT_5804,ENSG00000172782.7,FADS6,protein_coding,10,0.000224,K562,KARR-seq,trans_cross_chromosome
K562_EP_1653,chr10,93567005,93567310,K562_TE_3155,chr5,68657648,68672281,K562_MPT_10301,ENSG00000152942.14,RAD17,protein_coding,10,0.000224,K562,KARR-seq,trans_cross_chromosome
K562_EP_1654,chr3,133662625,133663037,K562_TE_15180,chr1,23805671,23816061,K562_MPT_221,ENSG00000088280.14,ASAP3,protein_coding,10,0.000224,K562,KARR-seq,trans_cross_chromosome
K562_EP_1655,chr21,15334427,15352773,K562_TE_13465,chr1,174960661,174974349,K562_MPT_1101,ENSG00000252552.1,RNU6-307P,snRNA,10,0.000224,K562,KARR-seq,trans_cross_chromosome
K562_EP_1656,chr4,6789116,6813339,K562_TE_15806,chr17,80601411,80611411,K562_MPT_5933,ENSG00000141580.11,WDR45B,protein_coding,10,0.000224,K562,KARR-seq,trans_cross_chromosome
K562_EP_1657,chr12,69638441,69641098,K562_TE_5261,chr15,51195870,51205992,K562_MPT_4272,ENSG00000081014.6,AP4E1,protein_coding,10,0.000224,K562,KARR-seq,trans_cross_chromosome
K562_EP_1658,chr5,131636149,131659460,K562_SE_543,chr7,8270556,8281524,K562_MPT_11563,ENSG00000003147.13,ICA1,protein_coding,10,0.000224,K562,KARR-seq,trans_cross_chromosome
K562_EP_1659,chr10,24995424,25006000,K562_TE_2653,chr1,118467206,118477391,K562_MPT_782,ENSG00000196505.6,GDAP2,protein_coding,10,0.000224,K562,KARR-seq,trans_cross_chromosome
K562_EP_1660,chr13,114880574,114893188,K562_TE_6310,chr9,130326367,130336367,K562_MPT_13111,ENSG00000136830.7,FAM129B,protein_coding,10,0.000224,K562,KARR-seq,trans_cross_chromosome
K562_EP_1661,chr5,95000169,95020038,K562_TE_17357,chr8,38029106,38039234,K562_MPT_12351,ENSG00000175324.5,LSM1,protein_coding,10,0.000224,K562,KARR-seq,trans_cross_chromosome
K562_EP_1662,chr12,120977991,120988316,K562_TE_5685,chr2,153568887,153579495,K562_MPT_7668,ENSG00000196504.11,PRPF40A,protein_coding,10,0.000224,K562,KARR-seq,trans_cross_chromosome
K562_EP_1663,chr6,28430275,28474358,K562_TE_18300,chr7,17975091,17985117,K562_MPT_11585,ENSG00000071189.17,SNX13,protein_coding,10,0.000224,K562,KARR-seq,trans_cross_chromosome
K562_EP_1664,chr5,162805772,162807365,K562_TE_17831,chr4,151931419,151941879,K562_MPT_10049,ENSG00000198589.6,LRBA,protein_coding,10,0.000224,K562,KARR-seq,trans_cross_chromosome
K562_EP_1665,chr15,34780752,34781779,K562_TE_7096,chr19,51863798,51880969,K562_MPT_6932,ENSG00000105374.5,NKG7,protein_coding,10,0.000224,K562,KARR-seq,trans_cross_chromosome
K562_EP_1666,chr17,41392069,41411565,K562_SE_306,chr15,67829942,67840669,K562_MPT_4371,ENSG00000137764.15,MAP2K5,protein_coding,10,0.000224,K562,KARR-seq,trans_cross_chromosome
K562_EP_1667,chr1,55644512,55675407,K562_TE_831,chr4,76592865,76604153,K562_MPT_9846,ENSG00000138757.10,G3BP2,protein_coding,10,0.000224,K562,KARR-seq,trans_cross_chromosome
K562_EP_1668,chr1,32370486,32397588,K562_TE_476,chr12,21649485,21659749,K562_MPT_2822,ENSG00000111711.5,GOLT1B,protein_coding,10,0.000224,K562,KARR-seq,trans_cross_chromosome
K562_EP_1669,chr5,140937273,140950796,K562_TE_17655,chr4,56810037,56820147,K562_MPT_9805,ENSG00000174799.6,CEP135,protein_coding,10,0.000224,K562,KARR-seq,trans_cross_chromosome
K562_EP_1670,chr11,33879660,33934760,K562_TE_3804,chr3,128439965,128450036,K562_MPT_9312,ENSG00000075785.8,RAB7A,protein_coding,10,0.000224,K562,KARR-seq,trans_cross_chromosome
K562_EP_1671,chr1,28897644,28917048,K562_TE_432,chr6,31859979,31874769,K562_MPT_10986,ENSG00000204371.7,EHMT2,protein_coding,12,0.000226,K562,KARR-seq,trans_cross_chromosome
K562_EP_1672,chr8,130452382,130513523,K562_TE_21615,chr1,212777012,212787257,K562_MPT_1262,ENSG00000162772.12,ATF3,protein_coding,12,0.000227,K562,KARR-seq,trans_cross_chromosome
K562_EP_1673,chr6,147532768,147547718,K562_TE_19148,chr22,20051685,20078581,K562_MPT_8554,ENSG00000221366.1,MIR1306,miRNA,12,0.000228,K562,KARR-seq,trans_cross_chromosome
K562_EP_1674,chr5,118609801,118678797,K562_SE_538,chr6,37132979,37142979,K562_MPT_11054,ENSG00000137193.9,PIM1,protein_coding,12,0.000236,K562,KARR-seq,trans_cross_chromosome
K562_EP_1675,chr21,36270273,36415020,K562_SE_426,chr19,47283043,47296851,K562_MPT_6840,ENSG00000105281.8,SLC1A5,protein_coding,12,0.00024,K562,KARR-seq,trans_cross_chromosome
K562_EP_1676,chr19,28942803,29111036,K562_SE_341,chr11,66619589,66629973,K562_MPT_2369,ENSG00000173621.8,LRFN4,protein_coding,12,0.000243,K562,KARR-seq,trans_cross_chromosome
K562_EP_1677,chr17,16331212,16347829,K562_SE_293,chr6,27095327,27120405,K562_MPT_10900,ENSG00000198339.3,HIST1H4I,protein_coding,13,0.000248,K562,KARR-seq,trans_cross_chromosome
K562_EP_1678,chr1,29462900,29499182,K562_TE_446,chr7,120711632,120728867,K562_MPT_12018,ENSG00000106034.13,CPED1,protein_coding,12,0.000255,K562,KARR-seq,trans_cross_chromosome
K562_EP_1679,chr11,65235059,65278329,K562_SE_179,chr1,182803504,182813504,K562_MPT_1138,ENSG00000135829.12,DHX9,protein_coding,23,0.000256,K562,KARR-seq,trans_cross_chromosome
K562_EP_1680,chr11,65235059,65278329,K562_SE_179,chr1,178989939,179009787,K562_MPT_1112,ENSG00000232750.2,RP11-177A2.5,pseudogene,20,0.000256,K562,KARR-seq,trans_cross_chromosome
K562_EP_1681,chr15,67364799,67413034,K562_SE_250,chr18,3442607,3460412,K562_MPT_5966,ENSG00000177426.16,TGIF1,protein_coding,10,0.000256,K562,KARR-seq,trans_cross_chromosome
K562_EP_1682,chr20,30129680,30185123,K562_SE_400,chr5,153411870,153423559,K562_MPT_10619,ENSG00000037749.7,MFAP3,protein_coding,10,0.000256,K562,KARR-seq,trans_cross_chromosome
K562_EP_1683,chr20,48278631,48324320,K562_SE_410,chr18,47332901,47345731,K562_MPT_6083,ENSG00000167315.13,ACAA2,protein_coding,10,0.000256,K562,KARR-seq,trans_cross_chromosome
K562_EP_1684,chr6,7195029,7219836,K562_SE_562,chr1,25568945,25579328,K562_MPT_239,ENSG00000117616.13,C1orf63,protein_coding,10,0.000256,K562,KARR-seq,trans_cross_chromosome
K562_EP_1685,chr19,8304900,8334884,K562_TE_10332,chr12,110713561,110724486,K562_MPT_3252,ENSG00000174437.12,ATP2A2,protein_coding,10,0.000256,K562,KARR-seq,trans_cross_chromosome
K562_EP_1686,chr20,31142167,31167232,K562_TE_13095,chr11,47188108,47218093,K562_MPT_2199,ENSG00000243802.2,RP11-390K5.1,pseudogene,10,0.000256,K562,KARR-seq,trans_cross_chromosome
K562_EP_1687,chr19,49600928,49610186,K562_TE_10819,chr17,7447208,7498488,K562_MPT_5247,ENSG00000161960.10,EIF4A1,protein_coding,10,0.000256,K562,KARR-seq,trans_cross_chromosome
K562_EP_1688,chr5,71568395,71579845,K562_TE_17159,chr9,44985314,45009879,K562_MPT_12846,ENSG00000235659.1,RP11-374M1.5,lncRNA,10,0.000256,K562,KARR-seq,trans_cross_chromosome
K562_EP_1689,chr3,142829391,142906413,K562_TE_15269,chr6,32127360,32170355,K562_MPT_10992,ENSG00000204310.6,AGPAT1,protein_coding,10,0.000256,K562,KARR-seq,trans_cross_chromosome
K562_EP_1690,chr1,89996110,90030257,K562_SE_50,chr9,37795499,37805790,K562_MPT_12823,ENSG00000122741.11,DCAF10,protein_coding,10,0.000256,K562,KARR-seq,trans_cross_chromosome
K562_EP_1691,chr22,19958250,19963739,K562_TE_13798,chr12,54684542,54699986,K562_MPT_3014,ENSG00000123405.9,NFE2,protein_coding,10,0.000256,K562,KARR-seq,trans_cross_chromosome
K562_EP_1692,chr17,25772495,25943699,K562_SE_296,chr1,45447259,45459397,K562_MPT_477,ENSG00000232369.1,RP5-882O7.4,pseudogene,10,0.000256,K562,KARR-seq,trans_cross_chromosome
K562_EP_1693,chr14,103092326,103134232,K562_TE_6939,chr16,29685358,29695503,K562_MPT_4834,ENSG00000103485.13,QPRT,protein_coding,10,0.000256,K562,KARR-seq,trans_cross_chromosome
K562_EP_1694,chr2,55225058,55267805,K562_TE_11460,chr3,48465872,48493497,K562_MPT_9052,ENSG00000232112.3,TMA7,protein_coding,10,0.000256,K562,KARR-seq,trans_cross_chromosome
K562_EP_1695,chr7,104643686,104649085,K562_TE_20245,chr8,30579527,30595136,K562_MPT_12330,ENSG00000104691.10,UBXN8,lncRNA,10,0.000256,K562,KARR-seq,trans_cross_chromosome
K562_EP_1696,chr1,65804472,65818434,K562_TE_909,chr6,56946642,56960005,K562_MPT_11152,ENSG00000112200.12,ZNF451,protein_coding,10,0.000256,K562,KARR-seq,trans_cross_chromosome
K562_EP_1697,chr1,22212524,22297321,K562_SE_19,chr10,101185202,101195948,K562_MPT_1825,ENSG00000120053.9,GOT1,protein_coding,10,0.000256,K562,KARR-seq,trans_cross_chromosome
K562_EP_1698,chr8,61597654,61621604,K562_TE_21167,chr16,30361255,30399171,K562_MPT_4852,ENSG00000180035.6,ZNF48,protein_coding,10,0.000256,K562,KARR-seq,trans_cross_chromosome
K562_EP_1699,chr3,127909746,127936441,K562_TE_15103,chr11,33886362,33896362,K562_MPT_2144,ENSG00000135363.7,LMO2,protein_coding,10,0.000256,K562,KARR-seq,trans_cross_chromosome
K562_EP_1700,chr4,40665,63940,K562_TE_15724,chr12,49458620,49468808,K562_MPT_2932,ENSG00000167550.6,RHEBL1,protein_coding,10,0.000256,K562,KARR-seq,trans_cross_chromosome
K562_EP_1701,chrX,73070560,73072220,K562_TE_23033,chr11,61729638,61740453,K562_MPT_2261,ENSG00000167996.11,FTH1,protein_coding,10,0.000256,K562,KARR-seq,trans_cross_chromosome
K562_EP_1702,chr20,30248381,30302816,K562_SE_401,chr19,14597555,14611944,K562_MPT_6453,ENSG00000123159.11,GIPC1,protein_coding,10,0.000256,K562,KARR-seq,trans_cross_chromosome
K562_EP_1703,chr19,15938687,15956027,K562_SE_336,chr3,194202388,194213183,K562_MPT_9565,ENSG00000133657.10,ATP13A3,protein_coding,10,0.000256,K562,KARR-seq,trans_cross_chromosome
K562_EP_1704,chr1,16104375,16163662,K562_SE_9,chr6,32091017,32103068,K562_MPT_10990,ENSG00000213676.6,ATF6B,protein_coding,10,0.000256,K562,KARR-seq,trans_cross_chromosome
K562_EP_1705,chr8,21765506,21829522,K562_SE_680,chr10,126842285,126854630,K562_MPT_1933,ENSG00000175029.12,CTBP2,protein_coding,10,0.000256,K562,KARR-seq,trans_cross_chromosome
K562_EP_1706,chr1,155791235,155820632,K562_TE_1527,chr16,2576409,2593165,K562_MPT_4639,ENSG00000205923.2,CEMP1,protein_coding,10,0.000256,K562,KARR-seq,trans_cross_chromosome
K562_EP_1707,chr22,22055264,22073585,K562_TE_13830,chr19,1008339,1047661,K562_MPT_6178,ENSG00000207357.1,RNU6-2,snRNA,10,0.000256,K562,KARR-seq,trans_cross_chromosome
K562_EP_1708,chr9,114821347,114858734,K562_SE_727,chr1,67891055,67901098,K562_MPT_582,ENSG00000142864.10,SERBP1,protein_coding,10,0.000256,K562,KARR-seq,trans_cross_chromosome
K562_EP_1709,chr20,36701782,36772967,K562_SE_404,chr16,56960960,56975636,K562_MPT_4952,ENSG00000051108.10,HERPUD1,protein_coding,10,0.000256,K562,KARR-seq,trans_cross_chromosome
K562_EP_1710,chr1,8712909,8753750,K562_TE_114,chr21,47873812,47887384,K562_MPT_8516,ENSG00000160305.13,DIP2A,protein_coding,10,0.000256,K562,KARR-seq,trans_cross_chromosome
K562_EP_1711,chr5,10360480,10376856,K562_TE_16849,chr2,26982156,26992157,K562_MPT_7160,ENSG00000213699.4,SLC35F6,protein_coding,10,0.000256,K562,KARR-seq,trans_cross_chromosome
K562_EP_1712,chr11,65167965,65217131,K562_SE_178,chr1,90281427,90292480,K562_MPT_646,ENSG00000171492.10,LRRC8D,protein_coding,13,0.000257,K562,KARR-seq,trans_cross_chromosome
K562_EP_1713,chr20,29518179,29537518,K562_TE_13068,chr9,67781277,67799111,K562_MPT_12859,ENSG00000233172.2,RP11-12A20.6,pseudogene,10,0.000262,K562,KARR-seq,trans_cross_chromosome
K562_EP_1714,chr16,23853484,23934208,K562_SE_269,chr15,66784372,66802638,K562_MPT_4361,ENSG00000174444.10,RPL4,protein_coding,12,0.000266,K562,KARR-seq,trans_cross_chromosome
K562_EP_1715,chr8,128806089,129118955,K562_SE_701,chr9,134140880,134156934,K562_MPT_13183,ENSG00000126882.8,FAM78A,protein_coding,12,0.000266,K562,KARR-seq,trans_cross_chromosome
K562_EP_1716,chr11,65167965,65217131,K562_SE_178,chr19,502299,512813,K562_MPT_6162,ENSG00000141933.8,TPGS1,protein_coding,12,0.000268,K562,KARR-seq,trans_cross_chromosome
K562_EP_1717,chr1,28897644,28917048,K562_TE_432,chr8,109255897,109265994,K562_MPT_12571,ENSG00000104408.5,EIF3E,protein_coding,12,0.000283,K562,KARR-seq,trans_cross_chromosome
K562_EP_1718,chr6,68585750,68609380,K562_SE_605,chr9,132235835,132265618,K562_MPT_13162,ENSG00000264298.1,AL353803.1,miRNA,12,0.000283,K562,KARR-seq,trans_cross_chromosome
K562_EP_1719,chr9,66454703,66457717,K562_TE_21968,chr2,234758120,234768212,K562_MPT_7950,ENSG00000123485.7,HJURP,protein_coding,12,0.000289,K562,RIC-seq,trans_cross_chromosome
K562_EP_1720,chr5,178259363,178259872,K562_TE_17955,chr17,62482640,62511361,K562_MPT_5757,ENSG00000265695.1,MIR3064,miRNA,12,0.000289,K562,RIC-seq,trans_cross_chromosome
K562_EP_1721,chr2,217046035,217054292,K562_TE_12655,chr7,100071855,100089547,K562_MPT_11918,ENSG00000266372.1,AC092849.1,miRNA,12,0.000289,K562,RIC-seq,trans_cross_chromosome
K562_EP_1722,chr2,24555757,24578028,K562_TE_11149,chr4,71699718,71710662,K562_MPT_9825,ENSG00000132463.9,GRSF1,protein_coding,12,0.000289,K562,RIC-seq,trans_cross_chromosome
K562_EP_1723,chr20,31193112,31290878,K562_SE_402,chr7,50512393,50523088,K562_MPT_11721,ENSG00000132436.7,FIGNL1,protein_coding,12,0.000293,K562,RIC-seq,trans_cross_chromosome
K562_EP_1724,chr6,68585750,68609380,K562_SE_605,chr7,140173303,140184369,K562_MPT_12112,ENSG00000133606.6,MKRN1,protein_coding,24,0.000299,K562,RIC-seq,trans_cross_chromosome
K562_EP_1725,chr6,68585750,68609380,K562_SE_605,chr21,38733234,38744883,K562_MPT_8455,ENSG00000273210.1,AP001437.1,lncRNA,17,0.000312,K562,KARR-seq,trans_cross_chromosome
K562_EP_1726,chr16,81535530,81593308,K562_TE_8560,chr1,9927150,9943234,K562_MPT_107,ENSG00000178585.10,CTNNBIP1,protein_coding,10,0.000328,K562,KARR-seq,trans_cross_chromosome
K562_EP_1727,chr6,68585750,68609380,K562_SE_605,chr9,90107143,90118920,K562_MPT_12915,ENSG00000196730.8,DAPK1,protein_coding,12,0.000334,K562,KARR-seq,trans_cross_chromosome
K562_EP_1728,chr16,81462833,81519190,K562_SE_278,chr3,128201759,128217028,K562_MPT_9309,ENSG00000179348.7,GATA2,protein_coding,11,0.000335,K562,KARR-seq,trans_cross_chromosome
K562_EP_1729,chr5,53507910,53524201,K562_TE_17013,chr8,126958394,126968493,K562_MPT_12613,ENSG00000245164.2,LINC00861,lncRNA,10,0.000336,K562,KARR-seq,trans_cross_chromosome
K562_EP_1730,chr1,28897644,28917048,K562_TE_432,chr7,56027274,56037655,K562_MPT_11733,ENSG00000146729.5,GBAS,protein_coding,10,0.000342,K562,KARR-seq,trans_cross_chromosome
K562_EP_1731,chr10,11916377,11968192,K562_SE_121,chr7,148575601,148592306,K562_MPT_12139,ENSG00000106462.6,EZH2,protein_coding,10,0.000358,K562,KARR-seq,trans_cross_chromosome
K562_EP_1732,chr12,104642857,104675179,K562_TE_5503,chr21,44485137,44502053,K562_MPT_8476,ENSG00000160200.13,CBS,protein_coding,10,0.000373,K562,KARR-seq,trans_cross_chromosome
K562_EP_1733,chr17,64326920,64382795,K562_TE_9471,chr16,88700001,88722560,K562_MPT_5138,ENSG00000051523.6,CYBA,protein_coding,10,0.000373,K562,KARR-seq,trans_cross_chromosome
K562_EP_1734,chr6,147171445,147272129,K562_SE_624,chr17,43123978,43144047,K562_MPT_5584,ENSG00000172992.7,DCAKD,protein_coding,10,0.000373,K562,KARR-seq,trans_cross_chromosome
K562_EP_1735,chr19,28942803,29111036,K562_SE_341,chr7,156445387,156455387,K562_MPT_12194,ENSG00000224903.1,AC005534.8,lncRNA,10,0.000374,K562,KARR-seq,trans_cross_chromosome
K562_EP_1736,chr22,21958340,21979130,K562_TE_13828,chr3,9428506,9445263,K562_MPT_8872,ENSG00000206573.4,SETD5-AS1,lncRNA,10,0.000374,K562,KARR-seq,trans_cross_chromosome
K562_EP_1737,chr20,31142167,31167232,K562_TE_13095,chr6,135497453,135522133,K562_MPT_11361,ENSG00000236703.1,MYB-AS1,lncRNA,10,0.000376,K562,KARR-seq,trans_cross_chromosome
K562_EP_1738,chr8,91171169,91256982,K562_SE_690,chr9,123550655,123560829,K562_MPT_13062,ENSG00000119402.12,FBXW2,protein_coding,10,0.000376,K562,KARR-seq,trans_cross_chromosome
K562_EP_1739,chr5,126297433,126361662,K562_SE_542,chr10,5926535,5941349,K562_MPT_1460,ENSG00000134452.15,FBXO18,protein_coding,10,0.00039,K562,KARR-seq,trans_cross_chromosome
K562_EP_1740,chr1,12551402,12665350,K562_SE_5,chr17,27029902,27079670,K562_MPT_5389,ENSG00000264577.1,AC010761.8,lncRNA,10,0.00039,K562,KARR-seq,trans_cross_chromosome
K562_EP_1741,chr6,68585750,68609380,K562_SE_605,chr1,247487547,247500045,K562_MPT_1425,ENSG00000162714.8,ZNF496,protein_coding,16,0.000397,K562,KARR-seq,trans_cross_chromosome
K562_EP_1742,chr6,69421489,69471356,K562_TE_18636,chr3,9428506,9445263,K562_MPT_8872,ENSG00000206573.4,SETD5-AS1,lncRNA,10,0.000397,K562,KARR-seq,trans_cross_chromosome
K562_EP_1743,chr21,33081183,33094029,K562_TE_13541,chr4,44850,58210,K562_MPT_9618,ENSG00000248302.2,Z95704.4,pseudogene,10,0.000397,K562,KARR-seq,trans_cross_chromosome
K562_EP_1744,chr15,66880235,66981717,K562_SE_249,chr2,170422749,170435385,K562_MPT_7700,ENSG00000138399.13,FASTKD1,protein_coding,10,0.000397,K562,KARR-seq,trans_cross_chromosome
K562_EP_1745,chr11,65167965,65217131,K562_SE_178,chr20,61842491,61852586,K562_MPT_8347,ENSG00000149658.13,YTHDF1,protein_coding,10,0.000397,K562,KARR-seq,trans_cross_chromosome
K562_EP_1746,chr10,17697371,17731387,K562_TE_2593,chr1,150516884,150544336,K562_MPT_882,ENSG00000143382.9,ADAMTSL4,protein_coding,10,0.000397,K562,KARR-seq,trans_cross_chromosome
K562_EP_1747,chr6,15253980,15391637,K562_SE_569,chr17,46646385,46697478,K562_MPT_5635,ENSG00000182742.5,HOXB4,protein_coding,10,0.000397,K562,KARR-seq,trans_cross_chromosome
K562_EP_1748,chr15,66880235,66981717,K562_SE_249,chr1,3708068,3718068,K562_MPT_63,ENSG00000130764.5,LRRC47,protein_coding,10,0.000397,K562,KARR-seq,trans_cross_chromosome
K562_EP_1749,chr12,122580754,122606921,K562_TE_5725,chr6,27853570,27870344,K562_MPT_10914,ENSG00000233224.1,HIST1H2AM,protein_coding,10,0.000397,K562,KARR-seq,trans_cross_chromosome
K562_EP_1750,chr10,52286005,52379131,K562_SE_136,chrX,151138143,151148151,K562_MPT_13682,ENSG00000102287.12,GABRE,protein_coding,10,0.000397,K562,KARR-seq,trans_cross_chromosome
K562_EP_1751,chr11,12997187,13020705,K562_TE_3681,chr13,27820446,27834538,K562_MPT_3465,ENSG00000200235.1,SNORA27,snoRNA,10,0.000397,K562,KARR-seq,trans_cross_chromosome
K562_EP_1752,chr3,105541627,105548475,K562_TE_14958,chr16,70467991,70477991,K562_MPT_5041,ENSG00000157350.8,ST3GAL2,protein_coding,9,0.000397,K562,KARR-seq,trans_cross_chromosome
K562_EP_1753,chrX,153311772,153349307,K562_TE_23386,chr2,61756413,61770761,K562_MPT_7305,ENSG00000082898.12,XPO1,protein_coding,9,0.000397,K562,KARR-seq,trans_cross_chromosome
K562_EP_1754,chr3,70042842,70050274,K562_TE_14835,chr2,113926548,113937937,K562_MPT_7568,ENSG00000125637.11,PSD4,protein_coding,9,0.000397,K562,KARR-seq,trans_cross_chromosome
K562_EP_1755,chr11,124060043,124121217,K562_SE_195,chr3,99974844,99991036,K562_MPT_9204,ENSG00000036054.8,TBC1D23,protein_coding,9,0.000397,K562,KARR-seq,trans_cross_chromosome
K562_EP_1756,chr2,122282153,122297039,K562_TE_12003,chr1,6046526,6057771,K562_MPT_67,ENSG00000131697.13,NPHP4,protein_coding,9,0.000397,K562,KARR-seq,trans_cross_chromosome
K562_EP_1757,chr8,55063493,55078771,K562_TE_21125,chr5,95061576,95072999,K562_MPT_10391,ENSG00000164292.8,RHOBTB3,protein_coding,9,0.000397,K562,KARR-seq,trans_cross_chromosome
K562_EP_1758,chr4,79684477,79738669,K562_TE_16199,chr22,25955117,25965816,K562_MPT_8626,ENSG00000100077.10,ADRBK2,protein_coding,9,0.000397,K562,KARR-seq,trans_cross_chromosome
K562_EP_1759,chr9,96220527,96231625,K562_TE_22147,chrX,149100732,149118851,K562_MPT_13674,ENSG00000235703.1,LINC00894,lncRNA,9,0.000397,K562,KARR-seq,trans_cross_chromosome
K562_EP_1760,chr11,47377803,47391590,K562_TE_3920,chr2,57977563,57997089,K562_MPT_7291,ENSG00000271615.1,CTD-2026C7.1,pseudogene,9,0.000397,K562,KARR-seq,trans_cross_chromosome
K562_EP_1761,chr21,17107789,17132101,K562_TE_13488,chr4,998767,1011239,K562_MPT_9633,ENSG00000127418.10,FGFRL1,protein_coding,9,0.000397,K562,KARR-seq,trans_cross_chromosome
K562_EP_1762,chr4,48725436,48754619,K562_TE_16006,chr13,115042059,115052103,K562_MPT_3659,ENSG00000169062.10,UPF3A,protein_coding,9,0.000397,K562,KARR-seq,trans_cross_chromosome
K562_EP_1763,chr17,61117505,61129785,K562_TE_9424,chr2,206944329,206956027,K562_MPT_7848,ENSG00000227946.1,AC007383.3,lncRNA,9,0.000397,K562,KARR-seq,trans_cross_chromosome
K562_EP_1764,chr22,19383512,19412967,K562_SE_433,chr12,122321637,122331692,K562_MPT_3341,ENSG00000110801.9,PSMD9,protein_coding,9,0.000397,K562,KARR-seq,trans_cross_chromosome
K562_EP_1765,chr6,111201641,111206860,K562_TE_18884,chr3,5015801,5026646,K562_MPT_8863,ENSG00000235831.2,BHLHE40-AS1,lncRNA,9,0.000397,K562,KARR-seq,trans_cross_chromosome
K562_EP_1766,chr19,30438289,30459044,K562_TE_10556,chr1,45469223,45483579,K562_MPT_478,ENSG00000126088.8,UROD,protein_coding,9,0.000397,K562,KARR-seq,trans_cross_chromosome
K562_EP_1767,chr8,134545805,134564771,K562_TE_21649,chr11,18338721,18349143,K562_MPT_2101,ENSG00000110756.13,HPS5,protein_coding,9,0.000397,K562,KARR-seq,trans_cross_chromosome
K562_EP_1768,chr19,39126319,39184375,K562_SE_343,chr10,12232821,12243231,K562_MPT_1484,ENSG00000151465.9,CDC123,protein_coding,9,0.000397,K562,KARR-seq,trans_cross_chromosome
K562_EP_1769,chr15,42874001,42914886,K562_TE_7204,chr11,61679997,61692741,K562_MPT_2259,ENSG00000167994.7,RAB3IL1,protein_coding,9,0.000397,K562,KARR-seq,trans_cross_chromosome
K562_EP_1770,chr7,133268431,133269151,K562_TE_20498,chr17,40434565,40445561,K562_MPT_5528,ENSG00000126561.12,STAT5A,protein_coding,9,0.000397,K562,KARR-seq,trans_cross_chromosome
K562_EP_1771,chr17,80860961,80871290,K562_TE_9714,chr2,183898200,183908586,K562_MPT_7766,ENSG00000061676.10,NCKAP1,protein_coding,9,0.000397,K562,KARR-seq,trans_cross_chromosome
K562_EP_1772,chr9,132199009,132259396,K562_SE_732,chr12,54684542,54699986,K562_MPT_3014,ENSG00000123405.9,NFE2,protein_coding,9,0.000397,K562,KARR-seq,trans_cross_chromosome
K562_EP_1773,chr20,54991986,55023801,K562_SE_417,chr11,96069602,96081344,K562_MPT_2548,ENSG00000184384.9,MAML2,protein_coding,9,0.000397,K562,KARR-seq,trans_cross_chromosome
K562_EP_1774,chr13,99693720,99733652,K562_TE_6231,chr19,2264485,2275290,K562_MPT_6215,ENSG00000167476.6,JSRP1,protein_coding,9,0.000397,K562,KARR-seq,trans_cross_chromosome
K562_EP_1775,chr20,34458999,34475679,K562_TE_13152,chr9,116633562,116643630,K562_MPT_13052,ENSG00000157657.10,ZNF618,protein_coding,9,0.000397,K562,KARR-seq,trans_cross_chromosome
K562_EP_1776,chr7,101482129,101596250,K562_SE_657,chr1,246347420,246362029,K562_MPT_1411,ENSG00000202184.1,RNU6-1283P,snRNA,9,0.000397,K562,KARR-seq,trans_cross_chromosome
K562_EP_1777,chr3,169476224,169482869,K562_TE_15428,chr17,38204861,38233344,K562_MPT_5495,ENSG00000126351.8,THRA,protein_coding,9,0.000397,K562,KARR-seq,trans_cross_chromosome
K562_EP_1778,chr7,102608372,102634363,K562_SE_658,chr1,45236109,45251387,K562_MPT_473,ENSG00000207421.1,SNORD38B,snoRNA,9,0.000397,K562,KARR-seq,trans_cross_chromosome
K562_EP_1779,chr16,90231518,90294239,K562_TE_8666,chr7,98736642,98746723,K562_MPT_11895,ENSG00000198742.5,SMURF1,protein_coding,9,0.000397,K562,KARR-seq,trans_cross_chromosome
K562_EP_1780,chr6,53155206,53204126,K562_TE_18591,chr17,17104629,17114629,K562_MPT_5306,ENSG00000179598.5,PLD6,protein_coding,9,0.000397,K562,KARR-seq,trans_cross_chromosome
K562_EP_1781,chr1,40493565,40543607,K562_SE_36,chr3,195794690,195814060,K562_MPT_9585,ENSG00000072274.8,TFRC,protein_coding,9,0.000397,K562,KARR-seq,trans_cross_chromosome
K562_EP_1782,chr3,15082131,15098135,K562_TE_14396,chr17,4731683,4741879,K562_MPT_5217,ENSG00000141503.11,MINK1,protein_coding,9,0.000397,K562,KARR-seq,trans_cross_chromosome
K562_EP_1783,chr2,183806197,183815021,K562_TE_12404,chr20,54962187,54972707,K562_MPT_8301,ENSG00000087586.13,AURKA,protein_coding,9,0.000397,K562,KARR-seq,trans_cross_chromosome
K562_EP_1784,chr19,3371575,3397344,K562_TE_10239,chr1,32682529,32692972,K562_MPT_338,ENSG00000084623.7,EIF3I,protein_coding,9,0.000397,K562,KARR-seq,trans_cross_chromosome
K562_EP_1785,chr4,40665,63940,K562_TE_15724,chr9,139933544,139988633,K562_MPT_13240,ENSG00000231864.2,RP11-229P13.23,lncRNA,9,0.000397,K562,KARR-seq,trans_cross_chromosome
K562_EP_1786,chr13,41568957,41609336,K562_TE_5991,chr14,67995018,68005456,K562_MPT_3887,ENSG00000198133.4,TMEM229B,protein_coding,9,0.000397,K562,KARR-seq,trans_cross_chromosome
K562_EP_1787,chr5,134434411,134609091,K562_SE_545,chr4,170528734,170546988,K562_MPT_10086,ENSG00000109572.9,CLCN3,protein_coding,9,0.000397,K562,KARR-seq,trans_cross_chromosome
K562_EP_1788,chr16,48407446,48413964,K562_TE_8297,chr8,126958394,126968493,K562_MPT_12613,ENSG00000245164.2,LINC00861,lncRNA,9,0.000397,K562,KARR-seq,trans_cross_chromosome
K562_EP_1789,chr6,52402389,52423401,K562_TE_18577,chr20,47889578,47902220,K562_MPT_8258,ENSG00000212304.1,SNORD12,snoRNA,9,0.000397,K562,KARR-seq,trans_cross_chromosome
K562_EP_1790,chr1,32566195,32610476,K562_TE_479,chr2,190301159,190311159,K562_MPT_7776,ENSG00000115368.5,WDR75,protein_coding,9,0.000397,K562,KARR-seq,trans_cross_chromosome
K562_EP_1791,chr19,41319100,41350333,K562_SE_344,chr18,70926689,70936689,K562_MPT_6128,ENSG00000263711.1,RP11-169F17.1,protein_coding,9,0.000397,K562,KARR-seq,trans_cross_chromosome
K562_EP_1792,chr3,72424812,72462986,K562_TE_14860,chr6,44089651,44107770,K562_MPT_11115,ENSG00000180992.5,MRPL14,protein_coding,9,0.000397,K562,KARR-seq,trans_cross_chromosome
K562_EP_1793,chr13,91998935,92021979,K562_SE_218,chr20,61552821,61562855,K562_MPT_8343,ENSG00000101191.12,DIDO1,protein_coding,9,0.000397,K562,KARR-seq,trans_cross_chromosome
K562_EP_1794,chr1,16918531,16931039,K562_TE_229,chr9,101547885,101564247,K562_MPT_12989,ENSG00000165138.12,ANKS6,protein_coding,9,0.000397,K562,KARR-seq,trans_cross_chromosome
K562_EP_1795,chr22,22170419,22216528,K562_SE_440,chr5,178151384,178162703,K562_MPT_10719,ENSG00000169131.6,ZNF354A,protein_coding,9,0.000397,K562,KARR-seq,trans_cross_chromosome
K562_EP_1796,chr20,31060812,31117884,K562_TE_13094,chr19,53440847,53450854,K562_MPT_6969,ENSG00000213801.4,ZNF816-ZNF321P,pseudogene,9,0.000397,K562,KARR-seq,trans_cross_chromosome
K562_EP_1797,chr8,126110440,126123554,K562_TE_21568,chr6,32931437,32949190,K562_MPT_10995,ENSG00000223837.2,BRD2-IT1,lncRNA,9,0.000397,K562,KARR-seq,trans_cross_chromosome
K562_EP_1798,chr3,186654509,186678245,K562_TE_15615,chr20,49540353,49552958,K562_MPT_8282,ENSG00000101126.11,ADNP,protein_coding,9,0.000397,K562,KARR-seq,trans_cross_chromosome
K562_EP_1799,chr5,10689205,10739844,K562_SE_528,chr20,3991036,4009564,K562_MPT_8035,ENSG00000101236.12,RNF24,protein_coding,9,0.000397,K562,KARR-seq,trans_cross_chromosome
K562_EP_1800,chr3,42042833,42103721,K562_TE_14587,chr1,202771427,202785090,K562_MPT_1188,ENSG00000228288.2,PCAT6,lncRNA,9,0.000397,K562,KARR-seq,trans_cross_chromosome
K562_EP_1801,chr15,66049626,66076639,K562_TE_7439,chr6,42842373,42852671,K562_MPT_11093,ENSG00000146223.10,RPL7L1,protein_coding,9,0.000397,K562,KARR-seq,trans_cross_chromosome
K562_EP_1802,chr19,19553596,19601338,K562_SE_339,chr12,51436745,51447861,K562_MPT_2967,ENSG00000050426.11,LETMD1,protein_coding,9,0.000397,K562,KARR-seq,trans_cross_chromosome
K562_EP_1803,chr9,123526850,123550395,K562_TE_22379,chr11,71805304,71828826,K562_MPT_2425,ENSG00000149357.5,LAMTOR1,protein_coding,9,0.000397,K562,KARR-seq,trans_cross_chromosome
K562_EP_1804,chr3,32742256,32751672,K562_TE_14492,chr16,30591818,30604241,K562_MPT_4862,ENSG00000261588.1,AC002310.17,pseudogene,9,0.000397,K562,KARR-seq,trans_cross_chromosome
K562_EP_1805,chrX,48562561,48655638,K562_SE_743,chr10,79784303,79798641,K562_MPT_1735,ENSG00000148606.8,POLR3A,protein_coding,9,0.000397,K562,KARR-seq,trans_cross_chromosome
K562_EP_1806,chr2,12570173,12597592,K562_TE_11068,chr10,43887279,43897794,K562_MPT_1585,ENSG00000169813.12,HNRNPF,protein_coding,9,0.000397,K562,KARR-seq,trans_cross_chromosome
K562_EP_1807,chr1,246148100,246176033,K562_TE_2394,chr3,49165453,49175551,K562_MPT_9068,ENSG00000172037.9,LAMB2,protein_coding,9,0.000397,K562,KARR-seq,trans_cross_chromosome
K562_EP_1808,chr16,68097816,68130888,K562_SE_273,chr9,33812565,33823793,K562_MPT_12779,ENSG00000235481.2,RP11-133O22.6,lncRNA,9,0.000397,K562,KARR-seq,trans_cross_chromosome
K562_EP_1809,chr5,115693740,115705874,K562_TE_17453,chr1,28827455,28850207,K562_MPT_305,ENSG00000200087.1,SNORA73B,snoRNA,9,0.000397,K562,KARR-seq,trans_cross_chromosome
K562_EP_1810,chr18,55721644,55765011,K562_TE_10074,chr3,47861518,47871518,K562_MPT_9047,ENSG00000132153.10,DHX30,protein_coding,9,0.000397,K562,KARR-seq,trans_cross_chromosome
K562_EP_1811,chr7,135922004,135933750,K562_TE_20536,chr11,14516357,14526573,K562_MPT_2085,ENSG00000129083.8,COPB1,protein_coding,9,0.000397,K562,KARR-seq,trans_cross_chromosome
K562_EP_1812,chr19,13936208,13973162,K562_SE_335,chr15,66079462,66089631,K562_MPT_4354,ENSG00000174485.10,DENND4A,protein_coding,9,0.000397,K562,KARR-seq,trans_cross_chromosome
K562_EP_1813,chr12,62681613,62713302,K562_TE_5203,chr17,65357721,65367743,K562_MPT_5772,ENSG00000197170.5,PSMD12,protein_coding,9,0.000397,K562,KARR-seq,trans_cross_chromosome
K562_EP_1814,chr1,246267724,246281298,K562_TE_2397,chr19,19160118,19179808,K562_MPT_6538,ENSG00000105676.9,ARMC6,protein_coding,9,0.000397,K562,KARR-seq,trans_cross_chromosome
K562_EP_1815,chr18,43858620,43861937,K562_TE_9964,chr3,69783586,69793622,K562_MPT_9161,ENSG00000187098.10,MITF,protein_coding,9,0.000397,K562,KARR-seq,trans_cross_chromosome
K562_EP_1816,chr12,122492127,122530639,K562_SE_213,chr22,30225539,30239265,K562_MPT_8654,ENSG00000100325.10,ASCC2,protein_coding,9,0.000397,K562,KARR-seq,trans_cross_chromosome
K562_EP_1817,chr1,43388136,43495314,K562_SE_38,chr6,13675312,13692180,K562_MPT_10829,ENSG00000252966.1,RNU7-91P,snRNA,9,0.000397,K562,KARR-seq,trans_cross_chromosome
K562_EP_1818,chr18,9733561,9966563,K562_SE_328,chr2,97421639,97431639,K562_MPT_7481,ENSG00000158158.7,CNNM4,protein_coding,9,0.000397,K562,KARR-seq,trans_cross_chromosome
K562_EP_1819,chr9,114986168,114999047,K562_TE_22329,chr17,43345969,43356333,K562_MPT_5590,ENSG00000006062.9,MAP3K14,lncRNA,9,0.000397,K562,KARR-seq,trans_cross_chromosome
K562_EP_1820,chr1,12203889,12281299,K562_TE_179,chr11,65724160,65734160,K562_MPT_2344,ENSG00000175467.10,SART1,protein_coding,9,0.000397,K562,KARR-seq,trans_cross_chromosome
K562_EP_1821,chr7,120917246,120927488,K562_TE_20386,chr4,111114809,111125355,K562_MPT_9959,ENSG00000170522.5,ELOVL6,protein_coding,9,0.000397,K562,KARR-seq,trans_cross_chromosome
K562_EP_1822,chr5,153732436,153785239,K562_TE_17791,chr19,2264485,2275290,K562_MPT_6215,ENSG00000167476.6,JSRP1,protein_coding,9,0.000397,K562,KARR-seq,trans_cross_chromosome
K562_EP_1823,chr3,71256641,71315087,K562_TE_14844,chr5,175869629,175883763,K562_MPT_10689,ENSG00000221373.1,AC010297.1,miRNA,9,0.000397,K562,KARR-seq,trans_cross_chromosome
K562_EP_1824,chr2,112074467,112080635,K562_TE_11921,chr21,40711463,40726573,K562_MPT_8460,ENSG00000200344.1,Y_RNA,misc_RNA,9,0.000397,K562,KARR-seq,trans_cross_chromosome
K562_EP_1825,chr8,26159682,26188808,K562_TE_20921,chr4,76907090,76917113,K562_MPT_9849,ENSG00000198301.7,SDAD1,protein_coding,9,0.000397,K562,KARR-seq,trans_cross_chromosome
K562_EP_1826,chr22,19383512,19412967,K562_SE_433,chr1,219342186,219352303,K562_MPT_1279,ENSG00000143353.7,LYPLAL1,protein_coding,9,0.000397,K562,KARR-seq,trans_cross_chromosome
K562_EP_1827,chr1,161498964,161542042,K562_SE_77,chr18,60377672,60387683,K562_MPT_6117,ENSG00000081913.9,PHLPP1,protein_coding,9,0.000397,K562,KARR-seq,trans_cross_chromosome
K562_EP_1828,chr7,75939934,76044649,K562_SE_653,chr3,47818407,47828407,K562_MPT_9045,ENSG00000173473.6,SMARCC1,protein_coding,9,0.000397,K562,KARR-seq,trans_cross_chromosome
K562_EP_1829,chr16,88509252,88598161,K562_SE_287,chr7,107379142,107390026,K562_MPT_11985,ENSG00000105879.7,CBLL1,protein_coding,9,0.000397,K562,KARR-seq,trans_cross_chromosome
K562_EP_1830,chr17,47803189,47835401,K562_TE_9267,chr3,129607394,129617725,K562_MPT_9328,ENSG00000271270.1,TMCC1-AS1,lncRNA,9,0.000397,K562,KARR-seq,trans_cross_chromosome
K562_EP_1831,chr20,33475921,33504052,K562_TE_13130,chr7,142972050,142992708,K562_MPT_12126,ENSG00000231840.1,AC073342.12,lncRNA,9,0.000397,K562,KARR-seq,trans_cross_chromosome
K562_EP_1832,chr17,80157876,80165547,K562_TE_9706,chr11,33886362,33896362,K562_MPT_2144,ENSG00000135363.7,LMO2,protein_coding,9,0.000397,K562,KARR-seq,trans_cross_chromosome
K562_EP_1833,chr9,127872641,127895544,K562_TE_22446,chr1,110569199,110582241,K562_MPT_730,ENSG00000143093.10,STRIP1,protein_coding,9,0.000397,K562,KARR-seq,trans_cross_chromosome
K562_EP_1834,chr11,78057964,78112641,K562_TE_4288,chr3,176909211,176920261,K562_MPT_9479,ENSG00000177565.11,TBL1XR1,protein_coding,9,0.000397,K562,KARR-seq,trans_cross_chromosome
K562_EP_1835,chr1,16274455,16284787,K562_SE_10,chr9,140343944,140358786,K562_MPT_13251,ENSG00000165802.15,NSMF,protein_coding,9,0.000397,K562,KARR-seq,trans_cross_chromosome
K562_EP_1836,chr7,22472082,22492514,K562_TE_19568,chr9,139549873,139570054,K562_MPT_13227,ENSG00000199161.1,MIR126,miRNA,9,0.000397,K562,KARR-seq,trans_cross_chromosome
K562_EP_1837,chr3,45082598,45261279,K562_SE_464,chr11,64895791,64907004,K562_MPT_2319,ENSG00000162298.12,SYVN1,protein_coding,9,0.000397,K562,KARR-seq,trans_cross_chromosome
K562_EP_1838,chr2,10451246,10550475,K562_SE_354,chr11,63575860,63591419,K562_MPT_2285,ENSG00000168005.4,C11orf84,protein_coding,9,0.000397,K562,KARR-seq,trans_cross_chromosome
K562_EP_1839,chrX,64892608,64942250,K562_TE_22977,chr13,38918988,38929252,K562_MPT_3499,ENSG00000120686.7,UFM1,protein_coding,9,0.000397,K562,KARR-seq,trans_cross_chromosome
K562_EP_1840,chr13,50760113,50783584,K562_TE_6087,chr3,12593513,12603589,K562_MPT_8903,ENSG00000075975.11,MKRN2,protein_coding,9,0.000397,K562,KARR-seq,trans_cross_chromosome
K562_EP_1841,chr20,60561986,60562363,K562_TE_13407,chr12,123863320,123879589,K562_MPT_3365,ENSG00000183955.8,SETD8,protein_coding,9,0.000397,K562,KARR-seq,trans_cross_chromosome
K562_EP_1842,chr8,145275186,145288625,K562_TE_21713,chr1,155934520,155953890,K562_MPT_960,ENSG00000273002.1,RP11-336K24.12,lncRNA,9,0.000397,K562,KARR-seq,trans_cross_chromosome
K562_EP_1843,chr1,26989411,27048025,K562_SE_24,chr2,232318068,232334305,K562_MPT_7932,ENSG00000115053.11,NCL,protein_coding,9,0.000397,K562,KARR-seq,trans_cross_chromosome
K562_EP_1844,chr19,59092207,59118088,K562_SE_353,chr6,119665901,119675926,K562_MPT_11317,ENSG00000111885.5,MAN1A1,protein_coding,9,0.000397,K562,KARR-seq,trans_cross_chromosome
K562_EP_1845,chr3,4753839,4814516,K562_SE_448,chr1,41148260,41162962,K562_MPT_433,ENSG00000066136.15,NFYC,protein_coding,9,0.000397,K562,KARR-seq,trans_cross_chromosome
K562_EP_1846,chr16,4332460,4358265,K562_TE_7907,chr11,73877029,73887388,K562_MPT_2447,ENSG00000214517.4,PPME1,protein_coding,9,0.000397,K562,KARR-seq,trans_cross_chromosome
K562_EP_1847,chr2,15496960,15498346,K562_TE_11088,chr5,36871861,36890308,K562_MPT_10217,ENSG00000164190.12,NIPBL,protein_coding,9,0.000397,K562,KARR-seq,trans_cross_chromosome
K562_EP_1848,chr22,24013519,24027990,K562_TE_13861,chr19,55982699,56010258,K562_MPT_7013,ENSG00000090971.4,NAT14,protein_coding,9,0.000397,K562,KARR-seq,trans_cross_chromosome
K562_EP_1849,chr2,202013104,202023457,K562_TE_12550,chr19,48889112,48903132,K562_MPT_6869,ENSG00000105464.3,GRIN2D,protein_coding,9,0.000397,K562,KARR-seq,trans_cross_chromosome
K562_EP_1850,chr5,138306657,138321727,K562_TE_17621,chr15,83310874,83321728,K562_MPT_4485,ENSG00000259462.1,RP11-752G15.3,lncRNA,9,0.000397,K562,KARR-seq,trans_cross_chromosome
K562_EP_1851,chr3,146220655,146240738,K562_TE_15279,chr6,43585541,43617783,K562_MPT_11110,ENSG00000172432.14,GTPBP2,protein_coding,9,0.000397,K562,KARR-seq,trans_cross_chromosome
K562_EP_1852,chr2,242822856,242835592,K562_TE_12876,chr17,41271132,41282661,K562_MPT_5549,ENSG00000012048.15,BRCA1,protein_coding,9,0.000397,K562,KARR-seq,trans_cross_chromosome
K562_EP_1853,chr19,48688788,48710364,K562_TE_10798,chr9,35727332,35737392,K562_MPT_12797,ENSG00000107175.6,CREB3,protein_coding,9,0.000397,K562,KARR-seq,trans_cross_chromosome
K562_EP_1854,chr7,92238266,92271962,K562_TE_20088,chr6,134268308,134279362,K562_MPT_11355,ENSG00000028839.5,TBPL1,protein_coding,9,0.000397,K562,KARR-seq,trans_cross_chromosome
K562_EP_1855,chr10,11540333,11648356,K562_SE_120,chr8,117763023,117773061,K562_MPT_12580,ENSG00000147677.6,EIF3H,protein_coding,9,0.000397,K562,KARR-seq,trans_cross_chromosome
K562_EP_1856,chr8,106987488,106988391,K562_TE_21470,chr14,100836279,100848142,K562_MPT_4034,ENSG00000140105.13,WARS,protein_coding,9,0.000397,K562,KARR-seq,trans_cross_chromosome
K562_EP_1857,chr11,9230335,9237038,K562_TE_3626,chr17,73883230,73910899,K562_MPT_5832,ENSG00000141569.6,TRIM65,protein_coding,9,0.000397,K562,KARR-seq,trans_cross_chromosome
K562_EP_1858,chrX,73070560,73072220,K562_TE_23033,chr1,43819329,43838689,K562_MPT_456,ENSG00000234694.1,RP1-92O14.3,lncRNA,9,0.000397,K562,KARR-seq,trans_cross_chromosome
K562_EP_1859,chr5,139544820,139621746,K562_SE_548,chr1,151113933,151124104,K562_MPT_894,ENSG00000143434.11,SEMA6C,protein_coding,9,0.000397,K562,KARR-seq,trans_cross_chromosome
K562_EP_1860,chr18,75695246,75705676,K562_TE_10150,chr1,205559169,205569169,K562_MPT_1213,ENSG00000206762.1,RNU6-418P,snRNA,9,0.000397,K562,KARR-seq,trans_cross_chromosome
K562_EP_1861,chr5,179943676,179950151,K562_TE_17974,chr7,148390006,148401004,K562_MPT_12138,ENSG00000273314.1,RP5-1136G13.2,lncRNA,9,0.000397,K562,KARR-seq,trans_cross_chromosome
K562_EP_1862,chr5,60272564,60276083,K562_TE_17069,chr19,19491635,19501832,K562_MPT_6544,ENSG00000167491.13,GATAD2A,protein_coding,9,0.000397,K562,KARR-seq,trans_cross_chromosome
K562_EP_1863,chr12,112007239,112025871,K562_TE_5587,chr6,26211872,26222165,K562_MPT_10878,ENSG00000168274.3,HIST1H2AE,protein_coding,9,0.000397,K562,KARR-seq,trans_cross_chromosome
K562_EP_1864,chr5,131079177,131110063,K562_TE_17532,chr17,42457688,42471873,K562_MPT_5575,ENSG00000005961.13,ITGA2B,protein_coding,9,0.000397,K562,KARR-seq,trans_cross_chromosome
K562_EP_1865,chr12,46771502,46800832,K562_SE_202,chr6,158239296,158256605,K562_MPT_11446,ENSG00000130340.10,SNX9,protein_coding,9,0.000397,K562,KARR-seq,trans_cross_chromosome
K562_EP_1866,chr3,138462446,138518985,K562_TE_15213,chr19,11261437,11271484,K562_MPT_6379,ENSG00000161888.7,SPC24,protein_coding,9,0.000397,K562,KARR-seq,trans_cross_chromosome
K562_EP_1867,chr2,192677286,192734357,K562_SE_390,chr12,48201834,48231915,K562_MPT_2914,ENSG00000257488.1,RP5-1057I20.2,lncRNA,9,0.000397,K562,KARR-seq,trans_cross_chromosome
K562_EP_1868,chrX,11290563,11437956,K562_SE_739,chr1,160308038,160319380,K562_MPT_1008,ENSG00000122218.10,COPA,protein_coding,9,0.000397,K562,KARR-seq,trans_cross_chromosome
K562_EP_1869,chrX,135956337,135993609,K562_TE_23292,chr7,100282071,100292071,K562_MPT_11926,ENSG00000146830.9,GIGYF1,protein_coding,9,0.000397,K562,KARR-seq,trans_cross_chromosome
K562_EP_1870,chr7,127622797,127646282,K562_TE_20421,chr2,209114046,209125522,K562_MPT_7859,ENSG00000231908.1,IDH1-AS1,lncRNA,9,0.000397,K562,KARR-seq,trans_cross_chromosome
K562_EP_1871,chr9,6428827,6450047,K562_TE_21771,chr7,45138839,45156646,K562_MPT_11714,ENSG00000136270.9,TBRG4,protein_coding,9,0.000397,K562,KARR-seq,trans_cross_chromosome
K562_EP_1872,chrX,11290563,11437956,K562_SE_739,chr4,110731566,110741709,K562_MPT_9957,ENSG00000272795.1,RP11-602N24.3,lncRNA,9,0.000397,K562,KARR-seq,trans_cross_chromosome
K562_EP_1873,chr2,145188334,145270092,K562_SE_382,chr11,18029445,18039709,K562_MPT_2099,ENSG00000129158.6,SERGEF,protein_coding,9,0.000397,K562,KARR-seq,trans_cross_chromosome
K562_EP_1874,chr2,143687957,143696227,K562_TE_12108,chr1,115295585,115306297,K562_MPT_764,ENSG00000009307.11,CSDE1,protein_coding,9,0.000397,K562,KARR-seq,trans_cross_chromosome
K562_EP_1875,chr2,26972235,26995989,K562_SE_358,chr14,21448225,21463207,K562_MPT_3684,ENSG00000165792.13,METTL17,protein_coding,9,0.000397,K562,KARR-seq,trans_cross_chromosome
K562_EP_1876,chr7,23462528,23474606,K562_TE_19588,chr11,498570,512300,K562_MPT_1968,ENSG00000023191.12,RNH1,protein_coding,9,0.000397,K562,KARR-seq,trans_cross_chromosome
K562_EP_1877,chr1,41692510,41702725,K562_TE_628,chr22,19924130,19944026,K562_MPT_8550,ENSG00000184470.15,TXNRD2,protein_coding,9,0.000397,K562,KARR-seq,trans_cross_chromosome
K562_EP_1878,chr12,122492127,122530639,K562_SE_213,chr6,34211766,34222247,K562_MPT_11015,ENSG00000186577.7,C6orf1,protein_coding,9,0.000397,K562,KARR-seq,trans_cross_chromosome
K562_EP_1879,chr6,41959442,42010899,K562_SE_599,chr19,14242365,14253000,K562_MPT_6444,ENSG00000105011.4,ASF1B,protein_coding,9,0.000397,K562,KARR-seq,trans_cross_chromosome
K562_EP_1880,chr5,150130964,150131246,K562_TE_17760,chr12,62647604,62659209,K562_MPT_3078,ENSG00000135655.9,USP15,protein_coding,9,0.000397,K562,KARR-seq,trans_cross_chromosome
K562_EP_1881,chr2,200296297,200312162,K562_TE_12519,chr19,42358988,42369839,K562_MPT_6748,ENSG00000105372.2,RPS19,protein_coding,9,0.000397,K562,KARR-seq,trans_cross_chromosome
K562_EP_1882,chr6,118938314,118962543,K562_TE_18935,chr12,110929226,110945119,K562_MPT_3257,ENSG00000111237.14,VPS29,protein_coding,9,0.000397,K562,KARR-seq,trans_cross_chromosome
K562_EP_1883,chr1,45973507,45980832,K562_TE_706,chr9,37795499,37805790,K562_MPT_12823,ENSG00000122741.11,DCAF10,protein_coding,9,0.000397,K562,KARR-seq,trans_cross_chromosome
K562_EP_1884,chr11,78057964,78112641,K562_TE_4288,chr8,22293332,22303878,K562_MPT_12284,ENSG00000120910.10,PPP3CC,protein_coding,9,0.000397,K562,KARR-seq,trans_cross_chromosome
K562_EP_1885,chr2,74189295,74311354,K562_SE_371,chr3,63841321,63855236,K562_MPT_9146,ENSG00000240549.2,THOC7-AS1,lncRNA,9,0.000397,K562,KARR-seq,trans_cross_chromosome
K562_EP_1886,chr15,42075475,42086605,K562_TE_7188,chrX,48630385,48649981,K562_MPT_13400,ENSG00000207367.1,RNU6-29P,snRNA,9,0.000397,K562,KARR-seq,trans_cross_chromosome
K562_EP_1887,chr3,6548808,6584670,K562_TE_14302,chr9,123337436,123347437,K562_MPT_13060,ENSG00000136861.13,CDK5RAP2,protein_coding,9,0.000397,K562,KARR-seq,trans_cross_chromosome
K562_EP_1888,chr2,145188334,145270092,K562_SE_382,chr7,106804406,106815218,K562_MPT_11982,ENSG00000105856.9,HBP1,protein_coding,9,0.000397,K562,KARR-seq,trans_cross_chromosome
K562_EP_1889,chr7,12412998,12438693,K562_TE_19497,chr1,113212043,113222367,K562_MPT_747,ENSG00000155363.14,MOV10,protein_coding,9,0.000397,K562,KARR-seq,trans_cross_chromosome
K562_EP_1890,chr6,27710750,27769347,K562_SE_584,chr11,5521834,5536215,K562_MPT_2030,ENSG00000175520.8,UBQLN3,protein_coding,9,0.000397,K562,KARR-seq,trans_cross_chromosome
K562_EP_1891,chr1,25762827,25773041,K562_TE_372,chr11,82877293,82887293,K562_MPT_2502,ENSG00000165494.6,PCF11,protein_coding,9,0.000397,K562,KARR-seq,trans_cross_chromosome
K562_EP_1892,chr17,27963624,28067286,K562_SE_299,chr8,21818749,21828749,K562_MPT_12275,ENSG00000130227.12,XPO7,protein_coding,9,0.000397,K562,KARR-seq,trans_cross_chromosome
K562_EP_1893,chr1,109626153,109650176,K562_TE_1184,chr14,24893492,24917064,K562_MPT_3737,ENSG00000100441.5,KHNYN,protein_coding,9,0.000397,K562,KARR-seq,trans_cross_chromosome
K562_EP_1894,chr3,52406837,52414757,K562_TE_14730,chr14,102223135,102234265,K562_MPT_4043,ENSG00000078304.15,PPP2R5C,protein_coding,9,0.000397,K562,KARR-seq,trans_cross_chromosome
K562_EP_1895,chr3,171781031,171825665,K562_TE_15473,chrX,153048008,153065129,K562_MPT_13705,ENSG00000067829.14,IDH3G,protein_coding,9,0.000397,K562,KARR-seq,trans_cross_chromosome
K562_EP_1896,chr6,29921029,29945749,K562_SE_589,chr12,54773244,54790082,K562_MPT_3019,ENSG00000161642.13,ZNF385A,protein_coding,9,0.000397,K562,KARR-seq,trans_cross_chromosome
K562_EP_1897,chr10,72408913,72460324,K562_SE_139,chr1,153594524,153615818,K562_MPT_920,ENSG00000189171.9,S100A13,protein_coding,9,0.000397,K562,KARR-seq,trans_cross_chromosome
K562_EP_1898,chr7,75939934,76044649,K562_SE_653,chr3,37279668,37290686,K562_MPT_8974,ENSG00000270194.1,RP11-259K5.2,lncRNA,9,0.000397,K562,KARR-seq,trans_cross_chromosome
K562_EP_1899,chr11,78057964,78112641,K562_TE_4288,chr17,6893508,6905301,K562_MPT_5233,ENSG00000108839.7,ALOX12,protein_coding,9,0.000397,K562,KARR-seq,trans_cross_chromosome
K562_EP_1900,chr11,127811500,127811713,K562_TE_4640,chr19,55533990,55554632,K562_MPT_6998,ENSG00000267265.1,CTC-550B14.7,lncRNA,9,0.000397,K562,KARR-seq,trans_cross_chromosome
K562_EP_1901,chrX,109553059,109555855,K562_TE_23117,chr11,282305,304526,K562_MPT_1962,ENSG00000206013.2,IFITM5,protein_coding,9,0.000397,K562,KARR-seq,trans_cross_chromosome
K562_EP_1902,chr13,109412338,109441017,K562_TE_6268,chr22,22002270,22025358,K562_MPT_8590,ENSG00000100023.13,PPIL2,protein_coding,9,0.000397,K562,KARR-seq,trans_cross_chromosome
K562_EP_1903,chr4,31996740,32005742,K562_TE_15921,chr6,27769853,27811440,K562_MPT_10912,ENSG00000197914.2,HIST1H4K,protein_coding,9,0.000397,K562,KARR-seq,trans_cross_chromosome
K562_EP_1904,chr12,51395876,51413330,K562_TE_5082,chr6,43585541,43617783,K562_MPT_11110,ENSG00000172432.14,GTPBP2,protein_coding,9,0.000397,K562,KARR-seq,trans_cross_chromosome
K562_EP_1905,chr9,44875058,44880467,K562_TE_21948,chr1,228286163,228302013,K562_MPT_1334,ENSG00000162910.14,MRPL55,protein_coding,9,0.000397,K562,KARR-seq,trans_cross_chromosome
K562_EP_1906,chr3,85550911,85558196,K562_TE_14903,chr9,138848226,138858226,K562_MPT_13217,ENSG00000130560.4,UBAC1,protein_coding,9,0.000397,K562,KARR-seq,trans_cross_chromosome
K562_EP_1907,chr7,119541305,119549080,K562_TE_20377,chr14,50578275,50588318,K562_MPT_3799,ENSG00000100483.9,VCPKMT,protein_coding,9,0.000397,K562,KARR-seq,trans_cross_chromosome
K562_EP_1908,chr1,100823710,100836316,K562_TE_1140,chr4,44850,58210,K562_MPT_9618,ENSG00000248302.2,Z95704.4,pseudogene,9,0.000397,K562,KARR-seq,trans_cross_chromosome
K562_EP_1909,chr6,15253980,15391637,K562_SE_569,chr18,60185240,60195852,K562_MPT_6116,ENSG00000141664.5,ZCCHC2,protein_coding,9,0.000397,K562,KARR-seq,trans_cross_chromosome
K562_EP_1910,chr21,38880441,38886743,K562_TE_13634,chr17,26893546,26911424,K562_MPT_5385,ENSG00000087111.16,PIGS,protein_coding,9,0.000397,K562,KARR-seq,trans_cross_chromosome
K562_EP_1911,chr10,135056473,135081466,K562_TE_3491,chr16,68872509,68882509,K562_MPT_5022,ENSG00000103047.3,TANGO6,protein_coding,9,0.000397,K562,KARR-seq,trans_cross_chromosome
K562_EP_1912,chr17,26380045,26454449,K562_TE_8935,chr1,78143343,78154104,K562_MPT_607,ENSG00000036549.8,ZZZ3,protein_coding,9,0.000397,K562,KARR-seq,trans_cross_chromosome
K562_EP_1913,chr7,137613403,137699756,K562_SE_668,chr6,13706796,13716796,K562_MPT_10830,ENSG00000010017.9,RANBP9,protein_coding,9,0.000397,K562,KARR-seq,trans_cross_chromosome
K562_EP_1914,chr18,3268125,3351559,K562_TE_9761,chr13,20432648,20442776,K562_MPT_3432,ENSG00000132950.14,ZMYM5,protein_coding,9,0.000397,K562,KARR-seq,trans_cross_chromosome
K562_EP_1915,chr6,28916583,28967980,K562_SE_588,chr1,27148201,27163511,K562_MPT_270,ENSG00000204160.7,ZDHHC18,protein_coding,9,0.000397,K562,KARR-seq,trans_cross_chromosome
K562_EP_1916,chr5,171413768,171414556,K562_TE_17867,chr22,22332147,22342213,K562_MPT_8595,ENSG00000100038.15,TOP3B,protein_coding,9,0.000397,K562,KARR-seq,trans_cross_chromosome
K562_EP_1917,chr2,46655062,46667986,K562_TE_11395,chr19,17387454,17426045,K562_MPT_6489,ENSG00000130307.7,USHBP1,protein_coding,9,0.000397,K562,KARR-seq,trans_cross_chromosome
K562_EP_1918,chr2,219164876,219194505,K562_TE_12684,chr5,1336853,1350214,K562_MPT_10153,ENSG00000049656.9,CLPTM1L,protein_coding,9,0.000397,K562,KARR-seq,trans_cross_chromosome
K562_EP_1919,chr22,19852170,19880732,K562_TE_13796,chr19,58785174,58795318,K562_MPT_7058,ENSG00000268516.1,CTD-3138B18.5,lncRNA,9,0.000397,K562,KARR-seq,trans_cross_chromosome
K562_EP_1920,chr22,46985557,47031110,K562_SE_447,chr19,54599083,54626651,K562_MPT_6987,ENSG00000105619.9,TFPT,protein_coding,9,0.000397,K562,KARR-seq,trans_cross_chromosome
K562_EP_1921,chr14,37542922,37563375,K562_TE_6486,chr11,33886362,33896362,K562_MPT_2144,ENSG00000135363.7,LMO2,protein_coding,9,0.000397,K562,KARR-seq,trans_cross_chromosome
K562_EP_1922,chr11,12147047,12244318,K562_SE_164,chr10,35620329,35630802,K562_MPT_1568,ENSG00000108100.13,CCNY,protein_coding,9,0.000397,K562,KARR-seq,trans_cross_chromosome
K562_EP_1923,chr1,22212524,22297321,K562_SE_19,chr6,3063658,3074128,K562_MPT_10772,ENSG00000137275.9,RIPK1,protein_coding,9,0.000397,K562,KARR-seq,trans_cross_chromosome
K562_EP_1924,chr6,13290126,13322181,K562_TE_18130,chr1,38466177,38483451,K562_MPT_399,ENSG00000183386.5,FHL3,protein_coding,9,0.000397,K562,KARR-seq,trans_cross_chromosome
K562_EP_1925,chr3,47996063,48004756,K562_TE_14672,chr6,49599552,49609552,K562_MPT_11128,ENSG00000112077.11,RHAG,protein_coding,9,0.000397,K562,KARR-seq,trans_cross_chromosome
K562_EP_1926,chr9,96344229,96363089,K562_TE_22152,chr1,223895034,223905034,K562_MPT_1299,ENSG00000162909.13,CAPN2,protein_coding,9,0.000397,K562,KARR-seq,trans_cross_chromosome
K562_EP_1927,chr5,61770439,61770801,K562_TE_17081,chr3,130564439,130574613,K562_MPT_9335,ENSG00000017260.15,ATP2C1,protein_coding,9,0.000397,K562,KARR-seq,trans_cross_chromosome
K562_EP_1928,chr6,111844966,111937208,K562_TE_18894,chr19,50163095,50190328,K562_MPT_6901,ENSG00000126453.5,BCL2L12,protein_coding,9,0.000397,K562,KARR-seq,trans_cross_chromosome
K562_EP_1929,chr2,145188334,145270092,K562_SE_382,chr6,42011424,42023662,K562_MPT_11084,ENSG00000112576.8,CCND3,protein_coding,9,0.000397,K562,KARR-seq,trans_cross_chromosome
K562_EP_1930,chr14,50813820,50815443,K562_TE_6509,chr19,55786058,55800789,K562_MPT_7004,ENSG00000133265.6,HSPBP1,protein_coding,9,0.000397,K562,KARR-seq,trans_cross_chromosome
K562_EP_1931,chr5,130942330,130976532,K562_TE_17529,chr6,43192191,43202222,K562_MPT_11101,ENSG00000112667.8,DNPH1,protein_coding,9,0.000397,K562,KARR-seq,trans_cross_chromosome
K562_EP_1932,chr3,47175438,47198094,K562_TE_14654,chr12,110713561,110724486,K562_MPT_3252,ENSG00000174437.12,ATP2A2,protein_coding,9,0.000397,K562,KARR-seq,trans_cross_chromosome
K562_EP_1933,chr16,88938381,88973032,K562_TE_8642,chr15,43936023,43946321,K562_MPT_4232,ENSG00000224677.1,AC011330.6,pseudogene,9,0.000397,K562,KARR-seq,trans_cross_chromosome
K562_EP_1934,chr10,17697371,17731387,K562_TE_2593,chr16,88864621,88883352,K562_MPT_5143,ENSG00000167513.4,CDT1,protein_coding,9,0.000397,K562,KARR-seq,trans_cross_chromosome
K562_EP_1935,chr20,44711722,44713112,K562_TE_13272,chr16,89038401,89055440,K562_MPT_5146,ENSG00000129993.10,CBFA2T3,protein_coding,9,0.000397,K562,KARR-seq,trans_cross_chromosome
K562_EP_1936,chr1,226076875,226087620,K562_TE_2198,chr5,212333,223433,K562_MPT_10141,ENSG00000073578.12,SDHA,protein_coding,9,0.000397,K562,KARR-seq,trans_cross_chromosome
K562_EP_1937,chr2,62428385,62436410,K562_TE_11516,chr6,44089651,44107770,K562_MPT_11115,ENSG00000180992.5,MRPL14,protein_coding,9,0.000397,K562,KARR-seq,trans_cross_chromosome
K562_EP_1938,chr22,23528183,23591207,K562_SE_441,chr7,99001264,99013680,K562_MPT_11899,ENSG00000106244.8,PDAP1,protein_coding,9,0.000397,K562,KARR-seq,trans_cross_chromosome
K562_EP_1939,chr6,20409590,20477001,K562_SE_576,chr5,56464775,56476773,K562_MPT_10272,ENSG00000062194.11,GPBP1,protein_coding,9,0.000397,K562,KARR-seq,trans_cross_chromosome
K562_EP_1940,chr20,56975923,57009005,K562_TE_13390,chr1,184938682,184948682,K562_MPT_1147,ENSG00000135842.12,FAM129A,protein_coding,9,0.000397,K562,KARR-seq,trans_cross_chromosome
K562_EP_1941,chr11,85802540,85930107,K562_SE_187,chr10,81959247,81972965,K562_MPT_1744,ENSG00000122359.13,ANXA11,protein_coding,9,0.000397,K562,KARR-seq,trans_cross_chromosome
K562_EP_1942,chr3,138392645,138415675,K562_TE_15211,chr17,46980731,46992710,K562_MPT_5641,ENSG00000159202.13,UBE2Z,protein_coding,9,0.000397,K562,KARR-seq,trans_cross_chromosome
K562_EP_1943,chr1,51997530,52049537,K562_TE_763,chr16,85199882,85209882,K562_MPT_5115,ENSG00000262601.1,CTC-786C10.1,protein_coding,9,0.000397,K562,KARR-seq,trans_cross_chromosome
K562_EP_1944,chr7,55602425,55629996,K562_TE_19860,chr20,34352789,34364948,K562_MPT_8164,ENSG00000222152.1,RNU6-1166P,snRNA,9,0.000397,K562,KARR-seq,trans_cross_chromosome
K562_EP_1945,chr10,22881071,22995526,K562_SE_125,chr11,899923,920058,K562_MPT_1978,ENSG00000177830.13,CHID1,protein_coding,9,0.000397,K562,KARR-seq,trans_cross_chromosome
K562_EP_1946,chr6,119572494,119605680,K562_TE_18951,chr3,178964403,178989790,K562_MPT_9487,ENSG00000240429.1,LRRFIP1P1,pseudogene,9,0.000397,K562,KARR-seq,trans_cross_chromosome
K562_EP_1947,chr22,29738779,29739075,K562_TE_13948,chr12,93766484,93777430,K562_MPT_3161,ENSG00000173598.9,NUDT4,protein_coding,9,0.000397,K562,KARR-seq,trans_cross_chromosome
K562_EP_1948,chr14,103464920,103489501,K562_TE_6948,chr8,144618623,144645728,K562_MPT_12672,ENSG00000249352.3,7SK,lncRNA,9,0.000397,K562,KARR-seq,trans_cross_chromosome
K562_EP_1949,chr13,99693720,99733652,K562_TE_6231,chr1,211426719,211438317,K562_MPT_1249,ENSG00000117625.9,RCOR3,protein_coding,9,0.000397,K562,KARR-seq,trans_cross_chromosome
K562_EP_1950,chr7,32540416,32556043,K562_TE_19686,chr19,44280409,44290409,K562_MPT_6769,ENSG00000104783.7,KCNN4,protein_coding,9,0.000397,K562,KARR-seq,trans_cross_chromosome
K562_EP_1951,chr19,13936208,13973162,K562_SE_335,chr5,149104861,149117388,K562_MPT_10590,ENSG00000199047.1,MIR378A,miRNA,9,0.000397,K562,KARR-seq,trans_cross_chromosome
K562_EP_1952,chr19,45600681,45641649,K562_TE_10728,chr8,124079920,124092160,K562_MPT_12591,ENSG00000156787.12,TBC1D31,protein_coding,9,0.000397,K562,KARR-seq,trans_cross_chromosome
K562_EP_1953,chr1,54817343,54863669,K562_SE_43,chr19,3977570,3990467,K562_MPT_6257,ENSG00000212377.1,SNORD37,snoRNA,9,0.000397,K562,KARR-seq,trans_cross_chromosome
K562_EP_1954,chr18,3579714,3675890,K562_SE_325,chr19,40966652,40978126,K562_MPT_6721,ENSG00000160460.11,SPTBN4,protein_coding,9,0.000397,K562,KARR-seq,trans_cross_chromosome
K562_EP_1955,chr14,97268546,97275789,K562_TE_6877,chr4,113061553,113071553,K562_MPT_9963,ENSG00000174749.5,C4orf32,protein_coding,9,0.000397,K562,KARR-seq,trans_cross_chromosome
K562_EP_1956,chr19,15387467,15415672,K562_TE_10441,chr4,6779369,6789467,K562_MPT_9684,ENSG00000170871.7,KIAA0232,protein_coding,9,0.000397,K562,KARR-seq,trans_cross_chromosome
K562_EP_1957,chrX,109251421,109251970,K562_TE_23109,chr18,77705817,77716664,K562_MPT_6147,ENSG00000122490.14,PQLC1,protein_coding,9,0.000397,K562,KARR-seq,trans_cross_chromosome
K562_EP_1958,chr7,98684854,98731718,K562_TE_20136,chr19,42358988,42369839,K562_MPT_6748,ENSG00000105372.2,RPS19,protein_coding,9,0.000397,K562,KARR-seq,trans_cross_chromosome
K562_EP_1959,chr17,63118413,63127718,K562_TE_9462,chr6,44179676,44199876,K562_MPT_11116,ENSG00000262179.2,RP1-302G2.5,lncRNA,9,0.000397,K562,KARR-seq,trans_cross_chromosome
K562_EP_1960,chr8,91291355,91300171,K562_TE_21289,chr6,38665917,38675917,K562_MPT_11063,ENSG00000124767.6,GLO1,protein_coding,9,0.000399,K562,KARR-seq,trans_cross_chromosome
K562_EP_1961,chr17,57905311,57931090,K562_SE_315,chr9,123625900,123644606,K562_MPT_13064,ENSG00000119403.9,PHF19,protein_coding,9,0.000432,K562,KARR-seq,trans_cross_chromosome
K562_EP_1962,chr6,147171445,147272129,K562_SE_624,chr9,37795499,37805790,K562_MPT_12823,ENSG00000122741.11,DCAF10,protein_coding,9,0.000434,K562,KARR-seq,trans_cross_chromosome
K562_EP_1963,chr11,65167965,65217131,K562_SE_178,chr17,40699952,40724092,K562_MPT_5534,ENSG00000108788.7,MLX,protein_coding,10,0.000435,K562,KARR-seq,trans_cross_chromosome
K562_EP_1964,chr11,65235059,65278329,K562_SE_179,chr3,195610455,195628654,K562_MPT_9581,ENSG00000061938.12,TNK2,protein_coding,21,0.000443,K562,KARR-seq,trans_cross_chromosome
K562_EP_1965,chr11,65167965,65217131,K562_SE_178,chrX,7890484,7900780,K562_MPT_13276,ENSG00000006757.7,PNPLA4,protein_coding,12,0.000443,K562,KARR-seq,trans_cross_chromosome
K562_EP_1966,chr11,65167965,65217131,K562_SE_178,chr22,20051685,20078581,K562_MPT_8554,ENSG00000221366.1,MIR1306,miRNA,23,0.000475,K562,KARR-seq,trans_cross_chromosome
K562_EP_1967,chr11,65167965,65217131,K562_SE_178,chr17,8016807,8032410,K562_MPT_5260,ENSG00000179148.5,ALOXE3,protein_coding,10,0.000477,K562,KARR-seq,trans_cross_chromosome
K562_EP_1968,chr11,65235059,65278329,K562_SE_179,chr22,36872387,36883077,K562_MPT_8707,ENSG00000100348.5,TXN2,protein_coding,20,0.000478,K562,KARR-seq,trans_cross_chromosome
K562_EP_1969,chr5,135415815,135424581,K562_TE_17596,chr7,99053152,99075535,K562_MPT_11901,ENSG00000106246.13,PTCD1,protein_coding,9,0.000479,K562,KARR-seq,trans_cross_chromosome
K562_EP_1970,chr14,103092326,103134232,K562_TE_6939,chr8,146000667,146033273,K562_MPT_12702,ENSG00000161016.11,RPL8,protein_coding,9,0.000479,K562,KARR-seq,trans_cross_chromosome
K562_EP_1971,chr1,61569740,61673375,K562_SE_45,chrX,123089062,123102020,K562_MPT_13613,ENSG00000232412.1,RP1-315G1.3,lncRNA,9,0.000479,K562,KARR-seq,trans_cross_chromosome
K562_EP_1972,chr2,145188334,145270092,K562_SE_382,chr5,36871861,36890308,K562_MPT_10217,ENSG00000164190.12,NIPBL,protein_coding,10,0.000502,K562,KARR-seq,trans_cross_chromosome
K562_EP_1973,chrX,11290563,11437956,K562_SE_739,chr7,120711632,120728867,K562_MPT_12018,ENSG00000106034.13,CPED1,protein_coding,12,0.000503,K562,KARR-seq,trans_cross_chromosome
K562_EP_1974,chr2,10451246,10550475,K562_SE_354,chr16,1999727,2052655,K562_MPT_4626,ENSG00000269205.1,AC005606.1,protein_coding,9,0.000505,K562,KARR-seq,trans_cross_chromosome
K562_EP_1975,chr19,28942803,29111036,K562_SE_341,chr11,82863030,82873201,K562_MPT_2501,ENSG00000165494.6,PCF11,protein_coding,10,0.000507,K562,KARR-seq,trans_cross_chromosome
K562_EP_1976,chr9,136112608,136160631,K562_SE_735,chrX,151138143,151148151,K562_MPT_13682,ENSG00000102287.12,GABRE,protein_coding,22,0.000508,K562,RIC-seq,trans_cross_chromosome
K562_EP_1977,chr11,65235059,65278329,K562_SE_179,chr17,28609932,28624060,K562_MPT_5407,ENSG00000108578.10,BLMH,protein_coding,16,0.000508,K562,KARR-seq,trans_cross_chromosome
K562_EP_1978,chr6,68585750,68609380,K562_SE_605,chr17,41271132,41282661,K562_MPT_5549,ENSG00000012048.15,BRCA1,protein_coding,14,0.000508,K562,KARR-seq,trans_cross_chromosome
K562_EP_1979,chr12,116553715,116655574,K562_TE_5637,chr17,38511907,38529204,K562_MPT_5504,ENSG00000266208.1,CTD-2267D19.3,protein_coding,9,0.000511,K562,KARR-seq,trans_cross_chromosome
K562_EP_1980,chr18,75695246,75705676,K562_TE_10150,chr22,41204962,41220386,K562_MPT_8770,ENSG00000266594.1,MIR4766,miRNA,9,0.000511,K562,KARR-seq,trans_cross_chromosome
K562_EP_1981,chr17,80218168,80281360,K562_SE_321,chr8,126958394,126968493,K562_MPT_12613,ENSG00000245164.2,LINC00861,lncRNA,9,0.000511,K562,KARR-seq,trans_cross_chromosome
K562_EP_1982,chr5,10261576,10331898,K562_SE_527,chr1,155934520,155953890,K562_MPT_960,ENSG00000273002.1,RP11-336K24.12,lncRNA,9,0.000515,K562,KARR-seq,trans_cross_chromosome
K562_EP_1983,chr11,65235059,65278329,K562_SE_179,chr7,2680166,2700726,K562_MPT_11519,ENSG00000136295.10,TTYH3,protein_coding,14,0.000518,K562,KARR-seq,trans_cross_chromosome
K562_EP_1984,chr19,28942803,29111036,K562_SE_341,chr14,75889393,75903837,K562_MPT_3948,ENSG00000140044.8,JDP2,protein_coding,9,0.000518,K562,KARR-seq,trans_cross_chromosome
K562_EP_1985,chr11,65235059,65278329,K562_SE_179,chr7,99031270,99046119,K562_MPT_11900,ENSG00000214314.1,AC073063.1,protein_coding,17,0.000519,K562,KARR-seq,trans_cross_chromosome
K562_EP_1986,chr11,12147047,12244318,K562_SE_164,chr1,11858302,11871977,K562_MPT_126,ENSG00000177000.6,MTHFR,protein_coding,9,0.00052,K562,KARR-seq,trans_cross_chromosome
K562_EP_1987,chr2,65568551,65649332,K562_SE_368,chr22,19837339,19847462,K562_MPT_8548,ENSG00000215012.4,C22orf29,protein_coding,9,0.00053,K562,KARR-seq,trans_cross_chromosome
K562_EP_1988,chr7,135711069,135800125,K562_TE_20533,chr1,150516884,150544336,K562_MPT_882,ENSG00000143382.9,ADAMTSL4,protein_coding,9,0.00053,K562,KARR-seq,trans_cross_chromosome
K562_EP_1989,chr10,35630893,35721029,K562_SE_130,chr14,24546137,24574358,K562_MPT_3726,ENSG00000100889.7,PCK2,protein_coding,9,0.000533,K562,KARR-seq,trans_cross_chromosome
K562_EP_1990,chr13,99693720,99733652,K562_TE_6231,chr17,40415605,40433725,K562_MPT_5527,ENSG00000236194.2,AC003104.1,lncRNA,9,0.000533,K562,KARR-seq,trans_cross_chromosome
K562_EP_1991,chrX,153945777,153970715,K562_TE_23398,chr4,79684653,79702532,K562_MPT_9865,ENSG00000260278.1,RP11-109G23.3,lncRNA,9,0.000542,K562,KARR-seq,trans_cross_chromosome
K562_EP_1992,chr22,22170419,22216528,K562_SE_440,chr4,109536551,109546812,K562_MPT_9950,ENSG00000109475.12,RPL34,protein_coding,9,0.000542,K562,KARR-seq,trans_cross_chromosome
K562_EP_1993,chr5,10261576,10331898,K562_SE_527,chr6,27853570,27870344,K562_MPT_10914,ENSG00000233224.1,HIST1H2AM,protein_coding,9,0.000542,K562,KARR-seq,trans_cross_chromosome
K562_EP_1994,chr16,23853484,23934208,K562_SE_269,chr4,140000344,140010650,K562_MPT_10014,ENSG00000109381.15,ELF2,protein_coding,9,0.000546,K562,KARR-seq,trans_cross_chromosome
K562_EP_1995,chr10,52069110,52199776,K562_SE_135,chr6,27853570,27870344,K562_MPT_10914,ENSG00000233224.1,HIST1H2AM,protein_coding,10,0.000551,K562,KARR-seq,trans_cross_chromosome
K562_EP_1996,chr16,89381699,89456073,K562_TE_8652,chr6,30699191,30717331,K562_MPT_10959,ENSG00000272273.1,XXbac-BPG252P9.10,lncRNA,9,0.000551,K562,KARR-seq,trans_cross_chromosome
K562_EP_1997,chr7,135595500,135679681,K562_SE_667,chr20,47889578,47902220,K562_MPT_8258,ENSG00000212304.1,SNORD12,snoRNA,9,0.000556,K562,KARR-seq,trans_cross_chromosome
K562_EP_1998,chr17,40392872,40475968,K562_SE_305,chr22,19924130,19944026,K562_MPT_8550,ENSG00000184470.15,TXNRD2,protein_coding,10,0.000564,K562,KARR-seq,trans_cross_chromosome
K562_EP_1999,chr6,68585750,68609380,K562_SE_605,chr8,145008758,145037967,K562_MPT_12683,ENSG00000178209.10,PLEC,protein_coding,13,0.000605,K562,KARR-seq,trans_cross_chromosome
K562_EP_2000,chr16,23853484,23934208,K562_SE_269,chr1,24962722,24980417,K562_MPT_236,ENSG00000133226.12,SRRM1,protein_coding,10,0.000634,K562,KARR-seq,trans_cross_chromosome
K562_EP_2001,chr10,72497904,72519931,K562_SE_140,chr19,15437717,15448356,K562_MPT_6464,ENSG00000141867.13,BRD4,protein_coding,9,0.000635,K562,KARR-seq,trans_cross_chromosome
K562_EP_2002,chrX,11290563,11437956,K562_SE_739,chr19,58811715,58825396,K562_MPT_7059,ENSG00000142396.6,ERVK3-1,lncRNA,9,0.000647,K562,KARR-seq,trans_cross_chromosome
K562_EP_2003,chr11,78057964,78112641,K562_TE_4288,chr22,31359187,31374398,K562_MPT_8671,ENSG00000133422.8,MORC2,protein_coding,9,0.000651,K562,KARR-seq,trans_cross_chromosome
K562_EP_2004,chr8,128806089,129118955,K562_SE_701,chr1,153926052,153973108,K562_MPT_927,ENSG00000143570.13,SLC39A1,protein_coding,9,0.000651,K562,KARR-seq,trans_cross_chromosome
K562_EP_2005,chr10,35630893,35721029,K562_SE_130,chr22,20840844,20855200,K562_MPT_8565,ENSG00000099917.13,MED15,protein_coding,9,0.000655,K562,KARR-seq,trans_cross_chromosome
K562_EP_2006,chr19,28942803,29111036,K562_SE_341,chr15,68565141,68577297,K562_MPT_4376,ENSG00000169018.5,FEM1B,protein_coding,9,0.00066,K562,KARR-seq,trans_cross_chromosome
K562_EP_2007,chr8,130452382,130513523,K562_TE_21615,chr21,34909420,34920797,K562_MPT_8427,ENSG00000159140.13,SON,protein_coding,9,0.000759,K562,KARR-seq,trans_cross_chromosome
K562_EP_2008,chr11,65235059,65278329,K562_SE_179,chr18,19187228,19197292,K562_MPT_6017,ENSG00000167088.6,SNRPD1,protein_coding,15,0.000818,K562,KARR-seq,trans_cross_chromosome
K562_EP_2009,chr1,28897644,28917048,K562_TE_432,chr19,46263043,46301060,K562_MPT_6823,ENSG00000267395.1,AC074212.6,lncRNA,9,0.000834,K562,KARR-seq,trans_cross_chromosome
K562_EP_2010,chr11,65235059,65278329,K562_SE_179,chr1,1816840,1827910,K562_MPT_44,ENSG00000231050.1,RP1-140A9.1,lncRNA,18,0.000836,K562,KARR-seq,trans_cross_chromosome
K562_EP_2011,chr8,130546590,130605033,K562_SE_702,chr12,57108384,57125981,K562_MPT_3052,ENSG00000196531.6,NACA,protein_coding,9,0.000848,K562,KARR-seq,trans_cross_chromosome
K562_EP_2012,chr11,65235059,65278329,K562_SE_179,chr3,25815164,25837277,K562_MPT_8950,ENSG00000151093.3,OXSM,protein_coding,18,0.000851,K562,KARR-seq,trans_cross_chromosome
K562_EP_2013,chr18,75695246,75705676,K562_TE_10150,chr20,30304001,30316792,K562_MPT_8113,ENSG00000268457.1,AL160175.1,protein_coding,9,0.000858,K562,KARR-seq,trans_cross_chromosome
K562_EP_2014,chr1,230208360,230327626,K562_SE_104,chr19,792075,809940,K562_MPT_6171,ENSG00000265767.1,MIR4745,miRNA,9,0.000885,K562,KARR-seq,trans_cross_chromosome
K562_EP_2015,chr1,28897644,28917048,K562_TE_432,chr19,19491635,19501832,K562_MPT_6544,ENSG00000167491.13,GATAD2A,protein_coding,9,0.000888,K562,KARR-seq,trans_cross_chromosome
K562_EP_2016,chr16,89381699,89456073,K562_TE_8652,chr19,41094072,41124822,K562_MPT_6724,ENSG00000090006.13,LTBP4,protein_coding,9,0.000897,K562,KARR-seq,trans_cross_chromosome
K562_EP_2017,chr16,23853484,23934208,K562_SE_269,chr1,155526821,155541097,K562_MPT_953,ENSG00000235919.3,ASH1L-AS1,lncRNA,9,0.000942,K562,KARR-seq,trans_cross_chromosome
K562_EP_2018,chr11,65235059,65278329,K562_SE_179,chrX,122861904,122871906,K562_MPT_13609,ENSG00000125676.15,THOC2,protein_coding,15,0.000986,K562,KARR-seq,trans_cross_chromosome
K562_EP_2019,chr1,167604829,167657298,K562_TE_1669,chr22,21979325,22001550,K562_MPT_8589,ENSG00000161180.6,CCDC116,protein_coding,9,0.000997,K562,KARR-seq,trans_cross_chromosome
K562_EP_2020,chr16,23953392,23990968,K562_TE_8141,chr6,31614697,31642944,K562_MPT_10976,ENSG00000200344.1,Y_RNA,misc_RNA,9,0.001,K562,KARR-seq,trans_cross_chromosome
K562_EP_2021,chr22,23528183,23591207,K562_SE_441,chr21,40711463,40726573,K562_MPT_8460,ENSG00000200344.1,Y_RNA,misc_RNA,9,0.00102,K562,KARR-seq,trans_cross_chromosome
K562_EP_2022,chr6,68585750,68609380,K562_SE_605,chr16,89038401,89055440,K562_MPT_5146,ENSG00000129993.10,CBFA2T3,protein_coding,22,0.00105,K562,KARR-seq,trans_cross_chromosome
K562_EP_2023,chr20,30129680,30185123,K562_SE_400,chr17,40415605,40433725,K562_MPT_5527,ENSG00000236194.2,AC003104.1,lncRNA,9,0.00107,K562,KARR-seq,trans_cross_chromosome
K562_EP_2024,chr1,184913105,184924063,K562_TE_1835,chr11,5521834,5536215,K562_MPT_2030,ENSG00000175520.8,UBQLN3,protein_coding,9,0.00107,K562,KARR-seq,trans_cross_chromosome
K562_EP_2025,chr22,22170419,22216528,K562_SE_440,chr5,36871861,36890308,K562_MPT_10217,ENSG00000164190.12,NIPBL,protein_coding,9,0.00107,K562,KARR-seq,trans_cross_chromosome
K562_EP_2026,chr6,68585750,68609380,K562_SE_605,chr19,47546888,47556888,K562_MPT_6845,ENSG00000130748.6,TMEM160,protein_coding,9,0.00108,K562,KARR-seq,trans_cross_chromosome
K562_EP_2027,chr1,28897644,28917048,K562_TE_432,chr19,10191806,10235578,K562_MPT_6352,ENSG00000267387.1,CTD-2240E14.4,lncRNA,9,0.00108,K562,KARR-seq,trans_cross_chromosome
K562_EP_2028,chr19,28942803,29111036,K562_SE_341,chr15,85518671,85530212,K562_MPT_4512,ENSG00000073417.10,PDE8A,protein_coding,9,0.00108,K562,KARR-seq,trans_cross_chromosome
K562_EP_2029,chr8,126937450,126959759,K562_TE_21586,chr7,120711632,120728867,K562_MPT_12018,ENSG00000106034.13,CPED1,protein_coding,9,0.00108,K562,KARR-seq,trans_cross_chromosome
K562_EP_2030,chr21,22524398,22583160,K562_SE_424,chr22,19924130,19944026,K562_MPT_8550,ENSG00000184470.15,TXNRD2,protein_coding,9,0.00109,K562,KARR-seq,trans_cross_chromosome
K562_EP_2031,chr16,23853484,23934208,K562_SE_269,chr10,6617201,6633186,K562_MPT_1468,ENSG00000065675.10,PRKCQ,protein_coding,9,0.0011,K562,KARR-seq,trans_cross_chromosome
K562_EP_2032,chr1,65349691,65427295,K562_TE_899,chr11,5521834,5536215,K562_MPT_2030,ENSG00000175520.8,UBQLN3,protein_coding,9,0.00113,K562,KARR-seq,trans_cross_chromosome
K562_EP_2033,chr7,84439385,84477729,K562_TE_20055,chr9,138995927,139015731,K562_MPT_13219,ENSG00000260193.1,RP11-83N9.5,lncRNA,11,0.00115,K562,RIC-seq,trans_cross_chromosome
K562_EP_2034,chr5,139486451,139489097,K562_TE_17643,chrX,17750588,17760845,K562_MPT_13304,ENSG00000047634.10,SCML1,protein_coding,11,0.00115,K562,RIC-seq,trans_cross_chromosome
K562_EP_2035,chr15,63487249,63539151,K562_TE_7392,chr8,57900919,57911403,K562_MPT_12407,ENSG00000104331.4,IMPAD1,protein_coding,11,0.00115,K562,RIC-seq,trans_cross_chromosome
K562_EP_2036,chr20,25825361,25835169,K562_TE_13063,chr7,57696660,57719528,K562_MPT_11738,ENSG00000237639.2,RP11-368M16.5,pseudogene,11,0.00115,K562,RIC-seq,trans_cross_chromosome
K562_EP_2037,chr3,50563307,50579180,K562_TE_14712,chr16,4388762,4410608,K562_MPT_4673,ENSG00000217930.3,PAM16,protein_coding,11,0.00115,K562,RIC-seq,trans_cross_chromosome
K562_EP_2038,chr2,32035383,32048882,K562_TE_11242,chr15,65800169,65815042,K562_MPT_4349,ENSG00000074603.14,DPP8,protein_coding,11,0.00115,K562,RIC-seq,trans_cross_chromosome
K562_EP_2039,chr11,65235059,65278329,K562_SE_179,chr15,102024640,102035187,K562_MPT_4585,ENSG00000140479.12,PCSK6,protein_coding,27,0.00116,K562,RIC-seq,trans_cross_chromosome
K562_EP_2040,chr11,65235059,65278329,K562_SE_179,chr20,62675113,62685994,K562_MPT_8364,ENSG00000203883.5,SOX18,protein_coding,14,0.00119,K562,KARR-seq,trans_cross_chromosome
K562_EP_2041,chr8,128806089,129118955,K562_SE_701,chr13,27820446,27834538,K562_MPT_3465,ENSG00000200235.1,SNORA27,snoRNA,9,0.00127,K562,KARR-seq,trans_cross_chromosome
K562_EP_2042,chr15,66880235,66981717,K562_SE_249,chr16,58653690,58668790,K562_MPT_4976,ENSG00000125107.12,CNOT1,protein_coding,9,0.00127,K562,KARR-seq,trans_cross_chromosome
K562_EP_2043,chr11,65235059,65278329,K562_SE_179,chr12,22194108,22213053,K562_MPT_2826,ENSG00000111726.8,CMAS,protein_coding,20,0.00128,K562,KARR-seq,trans_cross_chromosome
K562_EP_2044,chr11,65167965,65217131,K562_SE_178,chr19,19634670,19654074,K562_MPT_6547,ENSG00000160161.5,CILP2,protein_coding,12,0.00129,K562,KARR-seq,trans_cross_chromosome
K562_EP_2045,chr11,65235059,65278329,K562_SE_179,chr19,1008339,1047661,K562_MPT_6178,ENSG00000207357.1,RNU6-2,snRNA,39,0.00132,K562,KARR-seq,trans_cross_chromosome
K562_EP_2046,chr5,118609801,118678797,K562_SE_538,chr7,100071855,100089547,K562_MPT_11918,ENSG00000266372.1,AC092849.1,miRNA,11,0.00137,K562,RIC-seq,trans_cross_chromosome
K562_EP_2047,chr11,65235059,65278329,K562_SE_179,chr5,87559639,87575193,K562_MPT_10373,ENSG00000247828.3,TMEM161B-AS1,lncRNA,16,0.00142,K562,KARR-seq,trans_cross_chromosome
K562_EP_2048,chr6,68585750,68609380,K562_SE_605,chr9,130684770,130707015,K562_MPT_13121,ENSG00000136908.13,DPM2,protein_coding,12,0.00148,K562,KARR-seq,trans_cross_chromosome
K562_EP_2049,chr19,28942803,29111036,K562_SE_341,chr6,33234653,33249917,K562_MPT_10999,ENSG00000223501.4,VPS52,protein_coding,11,0.00148,K562,KARR-seq,trans_cross_chromosome
K562_EP_2050,chr8,130546590,130605033,K562_SE_702,chr6,2956561,2977090,K562_MPT_10767,ENSG00000124570.13,SERPINB6,protein_coding,10,0.00148,K562,KARR-seq,trans_cross_chromosome
K562_EP_2051,chr16,23853484,23934208,K562_SE_269,chr20,34323759,34335234,K562_MPT_8163,ENSG00000131051.16,RBM39,protein_coding,9,0.00148,K562,KARR-seq,trans_cross_chromosome
K562_EP_2052,chr11,65167965,65217131,K562_SE_178,chr4,2789750,2805291,K562_MPT_9658,ENSG00000087266.11,SH3BP2,protein_coding,9,0.00148,K562,KARR-seq,trans_cross_chromosome
K562_EP_2053,chr19,28942803,29111036,K562_SE_341,chr22,19999331,20013678,K562_MPT_8553,ENSG00000099889.9,ARVCF,protein_coding,9,0.00148,K562,KARR-seq,trans_cross_chromosome
K562_EP_2054,chr1,167604829,167657298,K562_TE_1669,chr9,139549873,139570054,K562_MPT_13227,ENSG00000199161.1,MIR126,miRNA,9,0.00148,K562,KARR-seq,trans_cross_chromosome
K562_EP_2055,chr6,68585750,68609380,K562_SE_605,chr10,972564,983966,K562_MPT_1438,ENSG00000107929.10,LARP4B,protein_coding,9,0.00148,K562,KARR-seq,trans_cross_chromosome
K562_EP_2056,chr18,756567,807069,K562_TE_9733,chr1,76246879,76267567,K562_MPT_602,ENSG00000207241.1,SNORD45A,snoRNA,9,0.00148,K562,KARR-seq,trans_cross_chromosome
K562_EP_2057,chr17,47803189,47835401,K562_TE_9267,chr8,126958394,126968493,K562_MPT_12613,ENSG00000245164.2,LINC00861,lncRNA,9,0.00148,K562,KARR-seq,trans_cross_chromosome
K562_EP_2058,chr12,54700011,54727624,K562_TE_5138,chr1,234737754,234750271,K562_MPT_1369,ENSG00000168264.6,IRF2BP2,protein_coding,8,0.00148,K562,KARR-seq,trans_cross_chromosome
K562_EP_2059,chr1,156922120,156943848,K562_TE_1552,chr5,151128456,151157093,K562_MPT_10618,ENSG00000177556.7,ATOX1,protein_coding,8,0.00148,K562,KARR-seq,trans_cross_chromosome
K562_EP_2060,chr15,68512665,68527671,K562_TE_7481,chr16,30361255,30399171,K562_MPT_4852,ENSG00000180035.6,ZNF48,protein_coding,8,0.00148,K562,KARR-seq,trans_cross_chromosome
K562_EP_2061,chr15,52327053,52335113,K562_TE_7318,chr10,75752872,75769895,K562_MPT_1723,ENSG00000225761.1,RP11-417O11.5,lncRNA,8,0.00148,K562,KARR-seq,trans_cross_chromosome
K562_EP_2062,chr5,118692767,118775476,K562_TE_17462,chr12,6870541,6886686,K562_MPT_2749,ENSG00000089692.4,LAG3,protein_coding,8,0.00148,K562,KARR-seq,trans_cross_chromosome
K562_EP_2063,chr10,50340120,50390405,K562_SE_134,chr20,32695138,32705138,K562_MPT_8139,ENSG00000125977.6,EIF2S2,protein_coding,8,0.00148,K562,KARR-seq,trans_cross_chromosome
K562_EP_2064,chr7,77130224,77193261,K562_TE_20037,chr5,16460901,16470901,K562_MPT_10184,ENSG00000173545.4,ZNF622,protein_coding,8,0.00148,K562,KARR-seq,trans_cross_chromosome
K562_EP_2065,chr9,139097667,139130839,K562_TE_22614,chr16,88846619,88856619,K562_MPT_5142,ENSG00000103335.15,PIEZO1,protein_coding,8,0.00148,K562,KARR-seq,trans_cross_chromosome
K562_EP_2066,chr4,186255469,186281521,K562_TE_16770,chr12,56722527,56737663,K562_MPT_3044,ENSG00000135473.10,PAN2,protein_coding,8,0.00148,K562,KARR-seq,trans_cross_chromosome
K562_EP_2067,chr15,64982530,64988967,K562_TE_7420,chr19,51838949,51853423,K562_MPT_6931,ENSG00000186806.5,VSIG10L,protein_coding,8,0.00148,K562,KARR-seq,trans_cross_chromosome
K562_EP_2068,chr12,102769897,102836184,K562_TE_5487,chr3,196225639,196235639,K562_MPT_9593,ENSG00000163961.4,RNF168,protein_coding,8,0.00148,K562,KARR-seq,trans_cross_chromosome
K562_EP_2069,chr14,55140833,55211802,K562_SE_228,chr3,143685640,143697450,K562_MPT_9397,ENSG00000181744.4,C3orf58,protein_coding,8,0.00148,K562,KARR-seq,trans_cross_chromosome
K562_EP_2070,chr20,56975923,57009005,K562_TE_13390,chr2,48536776,48546849,K562_MPT_7267,ENSG00000170802.11,FOXN2,protein_coding,8,0.00148,K562,KARR-seq,trans_cross_chromosome
K562_EP_2071,chr7,97803980,97816438,K562_TE_20126,chr10,11779365,11794274,K562_MPT_1477,ENSG00000134463.10,ECHDC3,protein_coding,8,0.00148,K562,KARR-seq,trans_cross_chromosome
K562_EP_2072,chr7,101482129,101596250,K562_SE_657,chrX,118916447,118930606,K562_MPT_13595,ENSG00000212206.1,SNORA69,snoRNA,8,0.00148,K562,KARR-seq,trans_cross_chromosome
K562_EP_2073,chr8,91171169,91256982,K562_SE_690,chr12,14951420,14961506,K562_MPT_2809,ENSG00000182993.3,C12orf60,protein_coding,8,0.00148,K562,KARR-seq,trans_cross_chromosome
K562_EP_2074,chrX,13292451,13322252,K562_TE_22728,chr11,689438,714368,K562_MPT_1973,ENSG00000177030.12,DEAF1,protein_coding,8,0.00148,K562,KARR-seq,trans_cross_chromosome
K562_EP_2075,chr1,54676619,54697327,K562_TE_817,chr4,68561871,68572113,K562_MPT_9816,ENSG00000248049.2,UBA6-AS1,lncRNA,8,0.00148,K562,KARR-seq,trans_cross_chromosome
K562_EP_2076,chr19,3371575,3397344,K562_TE_10239,chr11,75105530,75120465,K562_MPT_2461,ENSG00000149273.10,RPS3,protein_coding,8,0.00148,K562,KARR-seq,trans_cross_chromosome
K562_EP_2077,chr14,34401387,34438907,K562_TE_6452,chr4,140581922,140591989,K562_MPT_10021,ENSG00000085871.4,MGST2,protein_coding,8,0.00148,K562,KARR-seq,trans_cross_chromosome
K562_EP_2078,chr6,20409590,20477001,K562_SE_576,chr13,77559795,77569795,K562_MPT_3591,ENSG00000102805.9,CLN5,protein_coding,8,0.00148,K562,KARR-seq,trans_cross_chromosome
K562_EP_2079,chr6,80252310,80256470,K562_TE_18678,chr5,36871861,36890308,K562_MPT_10217,ENSG00000164190.12,NIPBL,protein_coding,8,0.00148,K562,KARR-seq,trans_cross_chromosome
K562_EP_2080,chr16,69623704,69633808,K562_TE_8461,chr2,27003865,27013936,K562_MPT_7161,ENSG00000115163.10,CENPA,protein_coding,8,0.00148,K562,KARR-seq,trans_cross_chromosome
K562_EP_2081,chr16,85069961,85096798,K562_SE_281,chr9,126025843,126035855,K562_MPT_13081,ENSG00000165209.14,STRBP,protein_coding,8,0.00148,K562,KARR-seq,trans_cross_chromosome
K562_EP_2082,chr16,24747738,24764635,K562_TE_8154,chr19,16171547,16197533,K562_MPT_6470,ENSG00000167460.10,TPM4,protein_coding,8,0.00148,K562,KARR-seq,trans_cross_chromosome
K562_EP_2083,chr1,92257689,92271194,K562_TE_1069,chr19,58887389,58925144,K562_MPT_7062,ENSG00000269855.1,AC012313.1,protein_coding,8,0.00148,K562,KARR-seq,trans_cross_chromosome
K562_EP_2084,chr19,15429265,15436357,K562_TE_10442,chr7,150015252,150025814,K562_MPT_12160,ENSG00000127399.10,LRRC61,protein_coding,8,0.00148,K562,KARR-seq,trans_cross_chromosome
K562_EP_2085,chr6,158311058,158314011,K562_TE_19254,chr2,26982156,26992157,K562_MPT_7160,ENSG00000213699.4,SLC35F6,protein_coding,8,0.00148,K562,KARR-seq,trans_cross_chromosome
K562_EP_2086,chr7,123349629,123383230,K562_TE_20396,chr4,109536551,109546812,K562_MPT_9950,ENSG00000109475.12,RPL34,protein_coding,8,0.00148,K562,KARR-seq,trans_cross_chromosome
K562_EP_2087,chr17,44155283,44237935,K562_SE_309,chr2,42790185,42801524,K562_MPT_7236,ENSG00000057935.9,MTA3,protein_coding,8,0.00148,K562,KARR-seq,trans_cross_chromosome
K562_EP_2088,chr20,45882321,45888040,K562_TE_13286,chr9,4980086,4990245,K562_MPT_12727,ENSG00000096968.8,JAK2,protein_coding,8,0.00148,K562,KARR-seq,trans_cross_chromosome
K562_EP_2089,chr1,143928750,144054981,K562_TE_1340,chr16,31459814,31476282,K562_MPT_4884,ENSG00000260267.1,RP11-452L6.5,lncRNA,8,0.00148,K562,KARR-seq,trans_cross_chromosome
K562_EP_2090,chr9,95066402,95076261,K562_TE_22131,chr4,1278639,1288683,K562_MPT_9637,ENSG00000090316.11,MAEA,protein_coding,8,0.00148,K562,KARR-seq,trans_cross_chromosome
K562_EP_2091,chr9,131067114,131074084,K562_TE_22496,chr5,177654572,177664786,K562_MPT_10716,ENSG00000175309.10,PHYKPL,protein_coding,8,0.00148,K562,KARR-seq,trans_cross_chromosome
K562_EP_2092,chr6,158973180,158999000,K562_TE_19268,chr7,98736642,98746723,K562_MPT_11895,ENSG00000198742.5,SMURF1,protein_coding,8,0.00148,K562,KARR-seq,trans_cross_chromosome
K562_EP_2093,chr19,32908668,32926189,K562_TE_10564,chr5,137872400,137887992,K562_MPT_10533,ENSG00000120705.8,ETF1,protein_coding,8,0.00148,K562,KARR-seq,trans_cross_chromosome
K562_EP_2094,chr17,55497606,55537159,K562_TE_9345,chr12,54064899,54076182,K562_MPT_3005,ENSG00000135390.13,ATP5G2,protein_coding,8,0.00148,K562,KARR-seq,trans_cross_chromosome
K562_EP_2095,chr19,21640379,21646749,K562_TE_10531,chr16,50180488,50192779,K562_MPT_4925,ENSG00000260031.1,RPL10P14,pseudogene,8,0.00148,K562,KARR-seq,trans_cross_chromosome
K562_EP_2096,chr19,39126319,39184375,K562_SE_343,chr16,2309332,2326748,K562_MPT_4633,ENSG00000266643.1,MIR3677,miRNA,8,0.00148,K562,KARR-seq,trans_cross_chromosome
K562_EP_2097,chr1,25078910,25092861,K562_TE_356,chr12,133258914,133271900,K562_MPT_3413,ENSG00000176894.5,PXMP2,protein_coding,8,0.00148,K562,KARR-seq,trans_cross_chromosome
K562_EP_2098,chr5,88029075,88034582,K562_TE_17313,chr16,85640015,85651958,K562_MPT_5120,ENSG00000131149.13,GSE1,protein_coding,8,0.00148,K562,KARR-seq,trans_cross_chromosome
K562_EP_2099,chr4,74096422,74112627,K562_TE_16123,chr12,110901069,110911526,K562_MPT_3256,ENSG00000204856.7,FAM216A,protein_coding,8,0.00148,K562,KARR-seq,trans_cross_chromosome
K562_EP_2100,chr1,226270364,226320028,K562_TE_2204,chrX,24067833,24078088,K562_MPT_13324,ENSG00000130741.6,EIF2S3,protein_coding,8,0.00148,K562,KARR-seq,trans_cross_chromosome
K562_EP_2101,chr16,23853484,23934208,K562_SE_269,chr3,128364692,128374692,K562_MPT_9310,ENSG00000163902.7,RPN1,protein_coding,8,0.00148,K562,KARR-seq,trans_cross_chromosome
K562_EP_2102,chr14,73919276,73959892,K562_TE_6700,chr16,183334,193669,K562_MPT_4596,ENSG00000103148.11,NPRL3,protein_coding,8,0.00148,K562,KARR-seq,trans_cross_chromosome
K562_EP_2103,chr20,47296070,47342449,K562_TE_13298,chr19,15437717,15448356,K562_MPT_6464,ENSG00000141867.13,BRD4,protein_coding,8,0.00148,K562,KARR-seq,trans_cross_chromosome
K562_EP_2104,chr10,52286005,52379131,K562_SE_136,chr2,64365373,64376588,K562_MPT_7319,ENSG00000225889.3,AC074289.1,lncRNA,8,0.00148,K562,KARR-seq,trans_cross_chromosome
K562_EP_2105,chr7,148543453,148572852,K562_TE_20642,chr6,43016437,43033800,K562_MPT_11097,ENSG00000112651.7,MRPL2,protein_coding,8,0.00148,K562,KARR-seq,trans_cross_chromosome
K562_EP_2106,chr1,109900408,109930177,K562_TE_1189,chr19,1008339,1047661,K562_MPT_6178,ENSG00000207357.1,RNU6-2,snRNA,8,0.00148,K562,KARR-seq,trans_cross_chromosome
K562_EP_2107,chr6,31717281,31718556,K562_TE_18341,chr7,107199379,107209959,K562_MPT_11983,ENSG00000105865.6,DUS4L,protein_coding,8,0.00148,K562,KARR-seq,trans_cross_chromosome
K562_EP_2108,chr7,55754735,55776037,K562_TE_19862,chr9,125013212,125032183,K562_MPT_13075,ENSG00000119446.9,RBM18,protein_coding,8,0.00148,K562,KARR-seq,trans_cross_chromosome
K562_EP_2109,chr11,77962511,78043618,K562_SE_186,chr1,154187655,154202558,K562_MPT_930,ENSG00000143612.14,C1orf43,protein_coding,8,0.00148,K562,KARR-seq,trans_cross_chromosome
K562_EP_2110,chr20,47900668,47920027,K562_TE_13310,chr9,103104586,103120221,K562_MPT_12999,ENSG00000136891.9,TEX10,protein_coding,8,0.00148,K562,KARR-seq,trans_cross_chromosome
K562_EP_2111,chr5,53545021,53626040,K562_SE_532,chr17,78188498,78200145,K562_MPT_5892,ENSG00000181045.10,SLC26A11,protein_coding,8,0.00148,K562,KARR-seq,trans_cross_chromosome
K562_EP_2112,chr16,88938381,88973032,K562_TE_8642,chr10,75380408,75395314,K562_MPT_1716,ENSG00000272791.1,RP11-464F9.22,lncRNA,8,0.00148,K562,KARR-seq,trans_cross_chromosome
K562_EP_2113,chr9,140563716,140583685,K562_TE_22645,chr17,26639809,26651481,K562_MPT_5378,ENSG00000109084.9,TMEM97,protein_coding,8,0.00148,K562,KARR-seq,trans_cross_chromosome
K562_EP_2114,chr15,64084850,64162339,K562_TE_7404,chr8,145723356,145759516,K562_MPT_12699,ENSG00000160959.3,LRRC14,protein_coding,8,0.00148,K562,KARR-seq,trans_cross_chromosome
K562_EP_2115,chr15,51358682,51378733,K562_TE_7298,chr3,61719903,61733780,K562_MPT_9145,ENSG00000200344.1,Y_RNA,misc_RNA,8,0.00148,K562,KARR-seq,trans_cross_chromosome
K562_EP_2116,chr12,105105674,105123099,K562_TE_5508,chrX,154246028,154260215,K562_MPT_13722,ENSG00000185010.9,F8,protein_coding,8,0.00148,K562,KARR-seq,trans_cross_chromosome
K562_EP_2117,chr3,136335245,136446485,K562_TE_15197,chr16,29812427,29837646,K562_MPT_4836,ENSG00000261962.1,AC009133.20,lncRNA,8,0.00148,K562,KARR-seq,trans_cross_chromosome
K562_EP_2118,chr3,72476234,72511224,K562_TE_14861,chr1,193021545,193043362,K562_MPT_1158,ENSG00000238754.1,snoU109,snoRNA,8,0.00148,K562,KARR-seq,trans_cross_chromosome
K562_EP_2119,chr19,39837588,39839949,K562_TE_10657,chr3,194202388,194213183,K562_MPT_9565,ENSG00000133657.10,ATP13A3,protein_coding,8,0.00148,K562,KARR-seq,trans_cross_chromosome
K562_EP_2120,chr8,106577198,106588840,K562_TE_21464,chr2,159308214,159318624,K562_MPT_7676,ENSG00000153237.13,CCDC148,protein_coding,8,0.00148,K562,KARR-seq,trans_cross_chromosome
K562_EP_2121,chr6,10759357,10772469,K562_TE_18104,chr10,103869703,103885210,K562_MPT_1850,ENSG00000198728.6,LDB1,protein_coding,8,0.00148,K562,KARR-seq,trans_cross_chromosome
K562_EP_2122,chr10,52413182,52441520,K562_TE_2863,chr1,1328684,1349476,K562_MPT_31,ENSG00000224870.3,RP4-758J18.2,protein_coding,8,0.00148,K562,KARR-seq,trans_cross_chromosome
K562_EP_2123,chr2,68410068,68424683,K562_TE_11582,chr5,6628155,6638581,K562_MPT_10163,ENSG00000037474.10,NSUN2,protein_coding,8,0.00148,K562,KARR-seq,trans_cross_chromosome
K562_EP_2124,chr15,41388350,41389350,K562_TE_7173,chr8,146000667,146033273,K562_MPT_12702,ENSG00000161016.11,RPL8,protein_coding,8,0.00148,K562,KARR-seq,trans_cross_chromosome
K562_EP_2125,chr9,134278293,134294871,K562_TE_22563,chr1,26753807,26764382,K562_MPT_261,ENSG00000117682.12,DHDDS,protein_coding,8,0.00148,K562,KARR-seq,trans_cross_chromosome
K562_EP_2126,chr11,86977653,86978106,K562_TE_4335,chr9,140185173,140201703,K562_MPT_13248,ENSG00000198435.2,NRARP,protein_coding,8,0.00148,K562,KARR-seq,trans_cross_chromosome
K562_EP_2127,chr20,32587038,32676878,K562_TE_13113,chr7,148633580,148643580,K562_MPT_12140,ENSG00000252310.1,RNY5,misc_RNA,8,0.00148,K562,KARR-seq,trans_cross_chromosome
K562_EP_2128,chr16,75042810,75164503,K562_SE_275,chrX,154028672,154038802,K562_MPT_13719,ENSG00000130830.10,MPP1,protein_coding,8,0.00148,K562,KARR-seq,trans_cross_chromosome
K562_EP_2129,chr3,15082131,15098135,K562_TE_14396,chr14,50039512,50071712,K562_MPT_3792,ENSG00000200344.1,Y_RNA,misc_RNA,8,0.00148,K562,KARR-seq,trans_cross_chromosome
K562_EP_2130,chr10,73596173,73654646,K562_SE_142,chr19,46137131,46153887,K562_MPT_6818,ENSG00000125746.10,EML2,protein_coding,8,0.00148,K562,KARR-seq,trans_cross_chromosome
K562_EP_2131,chr1,156791541,156898075,K562_TE_1551,chr22,17556591,17570849,K562_MPT_8524,ENSG00000177663.9,IL17RA,protein_coding,8,0.00148,K562,KARR-seq,trans_cross_chromosome
K562_EP_2132,chr6,8083289,8085925,K562_TE_18090,chr5,81041841,81052072,K562_MPT_10360,ENSG00000145687.11,SSBP2,protein_coding,8,0.00148,K562,KARR-seq,trans_cross_chromosome
K562_EP_2133,chr3,48963348,48973671,K562_TE_14687,chr8,19669651,19679651,K562_MPT_12270,ENSG00000104613.7,INTS10,protein_coding,8,0.00148,K562,KARR-seq,trans_cross_chromosome
K562_EP_2134,chr20,29518179,29537518,K562_TE_13068,chr3,186643274,186655337,K562_MPT_9547,ENSG00000073849.10,ST6GAL1,protein_coding,8,0.00148,K562,KARR-seq,trans_cross_chromosome
K562_EP_2135,chr8,128806089,129118955,K562_SE_701,chr7,65531305,65545871,K562_MPT_11765,ENSG00000205596.4,RP5-1132H15.2,pseudogene,8,0.00148,K562,KARR-seq,trans_cross_chromosome
K562_EP_2136,chr8,37985617,37997456,K562_TE_21011,chr2,86415231,86431586,K562_MPT_7439,ENSG00000132313.10,MRPL35,protein_coding,8,0.00148,K562,KARR-seq,trans_cross_chromosome
K562_EP_2137,chr9,99337147,99344380,K562_TE_22200,chr22,20094398,20124471,K562_MPT_8555,ENSG00000099904.11,ZDHHC8,protein_coding,8,0.00148,K562,KARR-seq,trans_cross_chromosome
K562_EP_2138,chr10,35630893,35721029,K562_SE_130,chr8,95897686,95913906,K562_MPT_12512,ENSG00000156170.8,NDUFAF6,protein_coding,8,0.00148,K562,KARR-seq,trans_cross_chromosome
K562_EP_2139,chr20,35898883,35966354,K562_TE_13176,chr2,97529325,97541494,K562_MPT_7484,ENSG00000168758.6,SEMA4C,protein_coding,8,0.00148,K562,KARR-seq,trans_cross_chromosome
K562_EP_2140,chrX,153311772,153349307,K562_TE_23386,chr12,1698331,1708331,K562_MPT_2710,ENSG00000171823.6,FBXL14,protein_coding,8,0.00148,K562,KARR-seq,trans_cross_chromosome
K562_EP_2141,chr7,71676143,71676561,K562_TE_19938,chr10,124763333,124773532,K562_MPT_1925,ENSG00000196177.8,ACADSB,protein_coding,8,0.00148,K562,KARR-seq,trans_cross_chromosome
K562_EP_2142,chr9,134222817,134249278,K562_TE_22562,chr11,62409081,62425774,K562_MPT_2269,ENSG00000185085.2,INTS5,protein_coding,8,0.00148,K562,KARR-seq,trans_cross_chromosome
K562_EP_2143,chr3,152031038,152050542,K562_TE_15326,chr14,102425865,102440938,K562_MPT_4047,ENSG00000259013.2,RP11-1017G21.3,pseudogene,8,0.00148,K562,KARR-seq,trans_cross_chromosome
K562_EP_2144,chr18,43577851,43590733,K562_TE_9959,chr19,792075,809940,K562_MPT_6171,ENSG00000265767.1,MIR4745,miRNA,8,0.00148,K562,KARR-seq,trans_cross_chromosome
K562_EP_2145,chr7,139365263,139373529,K562_TE_20579,chr12,133333399,133343474,K562_MPT_3415,ENSG00000176915.10,ANKLE2,protein_coding,8,0.00148,K562,KARR-seq,trans_cross_chromosome
K562_EP_2146,chr4,166230016,166255890,K562_TE_16658,chr1,54656266,54670892,K562_MPT_536,ENSG00000116221.11,MRPL37,protein_coding,8,0.00148,K562,KARR-seq,trans_cross_chromosome
K562_EP_2147,chr1,65932715,66006608,K562_SE_48,chr11,62336445,62347401,K562_MPT_2267,ENSG00000254772.5,EEF1G,protein_coding,8,0.00148,K562,KARR-seq,trans_cross_chromosome
K562_EP_2148,chr19,4908165,4938756,K562_TE_10272,chr12,7008897,7042476,K562_MPT_2753,ENSG00000111676.10,ATN1,protein_coding,8,0.00148,K562,KARR-seq,trans_cross_chromosome
K562_EP_2149,chr1,246267724,246281298,K562_TE_2397,chr12,9093964,9107640,K562_MPT_2775,ENSG00000003056.3,M6PR,protein_coding,8,0.00148,K562,KARR-seq,trans_cross_chromosome
K562_EP_2150,chr15,64278840,64324868,K562_TE_7407,chr19,14514535,14535179,K562_MPT_6450,ENSG00000267379.1,CTC-548K16.5,lncRNA,8,0.00148,K562,KARR-seq,trans_cross_chromosome
K562_EP_2151,chr10,72408913,72460324,K562_SE_139,chr19,3964826,3976121,K562_MPT_6256,ENSG00000167657.7,DAPK3,protein_coding,8,0.00148,K562,KARR-seq,trans_cross_chromosome
K562_EP_2152,chr22,21958340,21979130,K562_TE_13828,chr1,11709432,11733753,K562_MPT_121,ENSG00000116663.6,FBXO6,protein_coding,8,0.00148,K562,KARR-seq,trans_cross_chromosome
K562_EP_2153,chr4,79684477,79738669,K562_TE_16199,chrX,40031573,40041582,K562_MPT_13349,ENSG00000183337.12,BCOR,protein_coding,8,0.00148,K562,KARR-seq,trans_cross_chromosome
K562_EP_2154,chr8,67830082,67847272,K562_SE_688,chr3,65578410,65588561,K562_MPT_9151,ENSG00000151276.19,MAGI1,protein_coding,8,0.00148,K562,KARR-seq,trans_cross_chromosome
K562_EP_2155,chr8,91291355,91300171,K562_TE_21289,chr12,22194108,22213053,K562_MPT_2826,ENSG00000111726.8,CMAS,protein_coding,8,0.00148,K562,KARR-seq,trans_cross_chromosome
K562_EP_2156,chr15,84125706,84148252,K562_TE_7677,chr1,1238269,1265621,K562_MPT_28,ENSG00000240731.1,RP5-890O3.9,lncRNA,8,0.00148,K562,KARR-seq,trans_cross_chromosome
K562_EP_2157,chr10,35734370,35760083,K562_TE_2746,chr12,53830389,53853644,K562_MPT_3002,ENSG00000197111.11,PCBP2,protein_coding,8,0.00148,K562,KARR-seq,trans_cross_chromosome
K562_EP_2158,chr1,40845043,40870321,K562_SE_37,chr3,197015819,197031171,K562_MPT_9606,ENSG00000265850.1,MIR4797,miRNA,8,0.00148,K562,KARR-seq,trans_cross_chromosome
K562_EP_2159,chr17,78595696,78639167,K562_TE_9674,chr9,131097925,131109432,K562_MPT_13133,ENSG00000167114.8,SLC27A4,protein_coding,8,0.00148,K562,KARR-seq,trans_cross_chromosome
K562_EP_2160,chr1,157116876,157126500,K562_TE_1558,chr9,140343944,140358786,K562_MPT_13251,ENSG00000165802.15,NSMF,protein_coding,8,0.00148,K562,KARR-seq,trans_cross_chromosome
K562_EP_2161,chr1,113167276,113187862,K562_TE_1232,chr3,40489671,40503845,K562_MPT_8996,ENSG00000223797.1,ENTPD3-AS1,lncRNA,8,0.00148,K562,KARR-seq,trans_cross_chromosome
K562_EP_2162,chr6,148017072,148034957,K562_TE_19152,chr17,40301618,40312035,K562_MPT_5525,ENSG00000267261.1,CTD-2132N18.3,protein_coding,8,0.00148,K562,KARR-seq,trans_cross_chromosome
K562_EP_2163,chr1,19732221,19805013,K562_TE_260,chrX,153620495,153645449,K562_MPT_13711,ENSG00000013563.9,DNASE1L1,protein_coding,8,0.00148,K562,KARR-seq,trans_cross_chromosome
K562_EP_2164,chr1,226270364,226320028,K562_TE_2204,chr12,50789592,50799976,K562_MPT_2961,ENSG00000161813.16,LARP4,protein_coding,8,0.00148,K562,KARR-seq,trans_cross_chromosome
K562_EP_2165,chr15,64084850,64162339,K562_TE_7404,chr5,140039261,140049261,K562_MPT_10558,ENSG00000120314.14,WDR55,protein_coding,8,0.00148,K562,KARR-seq,trans_cross_chromosome
K562_EP_2166,chr1,39577549,39596253,K562_TE_588,chr7,123192509,123203309,K562_MPT_12024,ENSG00000128609.10,NDUFA5,protein_coding,8,0.00148,K562,KARR-seq,trans_cross_chromosome
K562_EP_2167,chr19,15938687,15956027,K562_SE_336,chr20,62882094,62896184,K562_MPT_8368,ENSG00000203880.7,PCMTD2,protein_coding,8,0.00148,K562,KARR-seq,trans_cross_chromosome
K562_EP_2168,chr9,71399923,71448449,K562_TE_22000,chr19,41851816,41875078,K562_MPT_6740,ENSG00000105329.5,TGFB1,protein_coding,8,0.00148,K562,KARR-seq,trans_cross_chromosome
K562_EP_2169,chr20,37055003,37089235,K562_SE_405,chr22,29191121,29202880,K562_MPT_8640,ENSG00000100219.12,XBP1,protein_coding,8,0.00148,K562,KARR-seq,trans_cross_chromosome
K562_EP_2170,chr16,3098511,3143239,K562_TE_7885,chr17,36868677,36896849,K562_MPT_5472,ENSG00000056661.9,PCGF2,protein_coding,8,0.00148,K562,KARR-seq,trans_cross_chromosome
K562_EP_2171,chr20,35450195,35483264,K562_TE_13168,chr7,140391471,140406645,K562_MPT_12114,ENSG00000240889.1,NDUFB2-AS1,lncRNA,8,0.00148,K562,KARR-seq,trans_cross_chromosome
K562_EP_2172,chr5,118692767,118775476,K562_TE_17462,chr12,123629562,123639562,K562_MPT_3360,ENSG00000090975.8,PITPNM2,protein_coding,8,0.00148,K562,KARR-seq,trans_cross_chromosome
K562_EP_2173,chr1,100851151,100866508,K562_TE_1141,chr9,115813968,115824039,K562_MPT_13041,ENSG00000136866.9,ZFP37,protein_coding,8,0.00148,K562,KARR-seq,trans_cross_chromosome
K562_EP_2174,chr15,41066794,41086162,K562_TE_7165,chr12,124111994,124123392,K562_MPT_3371,ENSG00000111361.8,EIF2B1,protein_coding,8,0.00148,K562,KARR-seq,trans_cross_chromosome
K562_EP_2175,chr16,81462833,81519190,K562_SE_278,chr2,242442747,242454145,K562_MPT_7981,ENSG00000115694.10,STK25,protein_coding,8,0.00148,K562,KARR-seq,trans_cross_chromosome
K562_EP_2176,chr12,25007836,25016461,K562_TE_4876,chr16,30361255,30399171,K562_MPT_4852,ENSG00000180035.6,ZNF48,protein_coding,8,0.00148,K562,KARR-seq,trans_cross_chromosome
K562_EP_2177,chr7,116612713,116618568,K562_TE_20363,chr5,64772704,64782747,K562_MPT_10281,ENSG00000049192.10,ADAMTS6,protein_coding,8,0.00148,K562,KARR-seq,trans_cross_chromosome
K562_EP_2178,chr3,105561384,105561760,K562_TE_14959,chr12,54684542,54699986,K562_MPT_3014,ENSG00000123405.9,NFE2,protein_coding,8,0.00148,K562,KARR-seq,trans_cross_chromosome
K562_EP_2179,chr9,71399923,71448449,K562_TE_22000,chr12,122607427,122617427,K562_MPT_3345,ENSG00000175727.9,MLXIP,protein_coding,8,0.00148,K562,KARR-seq,trans_cross_chromosome
K562_EP_2180,chr1,230208360,230327626,K562_SE_104,chr17,80669131,80679663,K562_MPT_5935,ENSG00000141560.10,FN3KRP,protein_coding,8,0.00148,K562,KARR-seq,trans_cross_chromosome
K562_EP_2181,chr10,63508139,63605892,K562_SE_137,chr6,149862174,149872174,K562_MPT_11412,ENSG00000131013.3,PPIL4,protein_coding,8,0.00148,K562,KARR-seq,trans_cross_chromosome
K562_EP_2182,chr15,89600545,89659128,K562_SE_255,chr7,156732415,156747417,K562_MPT_12196,ENSG00000146909.3,NOM1,protein_coding,8,0.00148,K562,KARR-seq,trans_cross_chromosome
K562_EP_2183,chr9,131622233,131637509,K562_TE_22511,chr1,155934520,155953890,K562_MPT_960,ENSG00000273002.1,RP11-336K24.12,lncRNA,8,0.00148,K562,KARR-seq,trans_cross_chromosome
K562_EP_2184,chr13,45810192,45810555,K562_TE_6033,chr10,94328833,94338833,K562_MPT_1781,ENSG00000119912.11,IDE,protein_coding,8,0.00148,K562,KARR-seq,trans_cross_chromosome
K562_EP_2185,chr11,68025093,68034087,K562_TE_4124,chr3,14439076,14449120,K562_MPT_8917,ENSG00000131389.12,SLC6A6,protein_coding,8,0.00148,K562,KARR-seq,trans_cross_chromosome
K562_EP_2186,chr20,5130781,5153008,K562_TE_12962,chr16,87892245,87908094,K562_MPT_5131,ENSG00000103257.4,SLC7A5,protein_coding,8,0.00148,K562,KARR-seq,trans_cross_chromosome
K562_EP_2187,chrX,44165452,44179997,K562_TE_22884,chr19,39133310,39143378,K562_MPT_6682,ENSG00000130402.7,ACTN4,protein_coding,8,0.00148,K562,KARR-seq,trans_cross_chromosome
K562_EP_2188,chr17,47068012,47082328,K562_TE_9247,chr5,177575580,177585968,K562_MPT_10713,ENSG00000145912.4,NHP2,protein_coding,8,0.00148,K562,KARR-seq,trans_cross_chromosome
K562_EP_2189,chr7,66628159,66656590,K562_TE_19924,chr5,76006868,76017040,K562_MPT_10338,ENSG00000225407.3,CTD-2384B11.2,lncRNA,8,0.00148,K562,KARR-seq,trans_cross_chromosome
K562_EP_2190,chr6,151215904,151223659,K562_TE_19185,chr8,109255897,109265994,K562_MPT_12571,ENSG00000104408.5,EIF3E,protein_coding,8,0.00148,K562,KARR-seq,trans_cross_chromosome
K562_EP_2191,chr6,5269861,5303678,K562_TE_18059,chr1,15845712,15858308,K562_MPT_146,ENSG00000116138.8,DNAJC16,protein_coding,8,0.00148,K562,KARR-seq,trans_cross_chromosome
K562_EP_2192,chr7,103519896,103563109,K562_TE_20234,chr2,74748318,74762173,K562_MPT_7411,ENSG00000115317.7,HTRA2,protein_coding,8,0.00148,K562,KARR-seq,trans_cross_chromosome
K562_EP_2193,chr2,170689398,170752130,K562_TE_12278,chr3,185650801,185660924,K562_MPT_9537,ENSG00000136527.13,TRA2B,protein_coding,8,0.00148,K562,KARR-seq,trans_cross_chromosome
K562_EP_2194,chr7,137613403,137699756,K562_SE_668,chr8,6560700,6571214,K562_MPT_12220,ENSG00000155189.7,AGPAT5,protein_coding,8,0.00148,K562,KARR-seq,trans_cross_chromosome
K562_EP_2195,chr12,51709078,51739942,K562_TE_5089,chr5,149787295,149797492,K562_MPT_10597,ENSG00000019582.10,CD74,protein_coding,8,0.00148,K562,KARR-seq,trans_cross_chromosome
K562_EP_2196,chr17,80218168,80281360,K562_SE_321,chr5,36871861,36890308,K562_MPT_10217,ENSG00000164190.12,NIPBL,protein_coding,8,0.00148,K562,KARR-seq,trans_cross_chromosome
K562_EP_2197,chr13,111593638,111638847,K562_SE_223,chr5,180613852,180638120,K562_MPT_10747,ENSG00000248514.1,CTC-338M12.1,lncRNA,8,0.00148,K562,KARR-seq,trans_cross_chromosome
K562_EP_2198,chr6,44888386,44893481,K562_TE_18530,chr8,41650140,41665867,K562_MPT_12367,ENSG00000200344.1,Y_RNA,misc_RNA,8,0.00148,K562,KARR-seq,trans_cross_chromosome
K562_EP_2199,chr14,73919276,73959892,K562_TE_6700,chr12,122843564,122854327,K562_MPT_3350,ENSG00000130779.15,CLIP1,protein_coding,8,0.00148,K562,KARR-seq,trans_cross_chromosome
K562_EP_2200,chr17,25772495,25943699,K562_SE_296,chr7,96740902,96752035,K562_MPT_11885,ENSG00000196636.7,ACN9,protein_coding,8,0.00148,K562,KARR-seq,trans_cross_chromosome
K562_EP_2201,chr11,96027561,96070888,K562_SE_190,chr5,177654572,177664786,K562_MPT_10716,ENSG00000175309.10,PHYKPL,protein_coding,8,0.00148,K562,KARR-seq,trans_cross_chromosome
K562_EP_2202,chr1,111704362,111716002,K562_TE_1217,chr11,65217728,65227728,K562_MPT_2329,ENSG00000173727.7,AP000769.1,protein_coding,8,0.00148,K562,KARR-seq,trans_cross_chromosome
K562_EP_2203,chr7,123349629,123383230,K562_TE_20396,chr19,18524674,18535913,K562_MPT_6525,ENSG00000130511.11,SSBP4,protein_coding,8,0.00148,K562,KARR-seq,trans_cross_chromosome
K562_EP_2204,chr7,133877558,133898475,K562_TE_20507,chr6,34634733,34644733,K562_MPT_11023,ENSG00000196821.5,C6orf106,protein_coding,8,0.00148,K562,KARR-seq,trans_cross_chromosome
K562_EP_2205,chr12,96744828,96786873,K562_TE_5453,chr3,33476502,33487079,K562_MPT_8965,ENSG00000153560.7,UBP1,protein_coding,8,0.00148,K562,KARR-seq,trans_cross_chromosome
K562_EP_2206,chr2,70954247,70983965,K562_TE_11627,chr10,101414263,101424263,K562_MPT_1827,ENSG00000198018.6,ENTPD7,protein_coding,8,0.00148,K562,KARR-seq,trans_cross_chromosome
K562_EP_2207,chr7,42928316,42933113,K562_TE_19763,chr12,57108384,57125981,K562_MPT_3052,ENSG00000196531.6,NACA,protein_coding,8,0.00148,K562,KARR-seq,trans_cross_chromosome
K562_EP_2208,chr1,246226309,246255137,K562_TE_2396,chr19,19634670,19654074,K562_MPT_6547,ENSG00000160161.5,CILP2,protein_coding,8,0.00148,K562,KARR-seq,trans_cross_chromosome
K562_EP_2209,chr8,48420518,48472268,K562_TE_21089,chr10,121405882,121421122,K562_MPT_1914,ENSG00000151929.5,BAG3,protein_coding,8,0.00148,K562,KARR-seq,trans_cross_chromosome
K562_EP_2210,chr21,35454587,35460327,K562_TE_13577,chr3,15101767,15111842,K562_MPT_8921,ENSG00000131368.3,MRPS25,protein_coding,8,0.00148,K562,KARR-seq,trans_cross_chromosome
K562_EP_2211,chr22,17066736,17097786,K562_SE_431,chr14,24893492,24917064,K562_MPT_3737,ENSG00000100441.5,KHNYN,protein_coding,8,0.00148,K562,KARR-seq,trans_cross_chromosome
K562_EP_2212,chr17,57759908,57773182,K562_TE_9388,chr20,45971816,45990567,K562_MPT_8250,ENSG00000273451.1,RP4-569M23.4,lncRNA,8,0.00148,K562,KARR-seq,trans_cross_chromosome
K562_EP_2213,chr4,78789807,78803020,K562_TE_16189,chr11,766427,786645,K562_MPT_1976,ENSG00000255284.1,AP006621.5,protein_coding,8,0.00148,K562,KARR-seq,trans_cross_chromosome
K562_EP_2214,chr14,55140833,55211802,K562_SE_228,chr3,196060259,196073586,K562_MPT_9591,ENSG00000212146.1,RNU6-910P,snRNA,8,0.00148,K562,KARR-seq,trans_cross_chromosome
K562_EP_2215,chr2,159457968,159458999,K562_TE_12217,chr16,68044814,68062770,K562_MPT_5014,ENSG00000202336.1,RNU6-359P,snRNA,8,0.00148,K562,KARR-seq,trans_cross_chromosome
K562_EP_2216,chr7,73189316,73248215,K562_TE_19965,chr11,88065901,88075955,K562_MPT_2521,ENSG00000109861.11,CTSC,protein_coding,8,0.00148,K562,KARR-seq,trans_cross_chromosome
K562_EP_2217,chr4,2569385,2620033,K562_TE_15760,chr3,97685721,97696301,K562_MPT_9198,ENSG00000170854.13,MINA,protein_coding,8,0.00148,K562,KARR-seq,trans_cross_chromosome
K562_EP_2218,chr12,92004263,92037976,K562_TE_5380,chr16,67992968,68008504,K562_MPT_5012,ENSG00000124067.12,SLC12A4,protein_coding,8,0.00148,K562,KARR-seq,trans_cross_chromosome
K562_EP_2219,chr21,16108528,16144942,K562_SE_423,chr8,124049208,124061957,K562_MPT_12590,ENSG00000199678.1,RNY4P5,misc_RNA,8,0.00148,K562,KARR-seq,trans_cross_chromosome
K562_EP_2220,chr5,657228,658667,K562_TE_16801,chr3,132373310,132384567,K562_MPT_9344,ENSG00000081307.8,UBA5,protein_coding,8,0.00148,K562,KARR-seq,trans_cross_chromosome
K562_EP_2221,chr1,113228698,113240045,K562_TE_1234,chr8,6560700,6571214,K562_MPT_12220,ENSG00000155189.7,AGPAT5,protein_coding,8,0.00148,K562,KARR-seq,trans_cross_chromosome
K562_EP_2222,chrX,39926369,40029585,K562_SE_742,chr8,144344607,144356636,K562_MPT_12666,ENSG00000250571.2,GLI4,protein_coding,8,0.00148,K562,KARR-seq,trans_cross_chromosome
K562_EP_2223,chr9,80494644,80638505,K562_SE_716,chr19,3552401,3563013,K562_MPT_6247,ENSG00000161091.8,MFSD12,protein_coding,8,0.00148,K562,KARR-seq,trans_cross_chromosome
K562_EP_2224,chr19,8045976,8060558,K562_TE_10327,chr6,43732950,43747090,K562_MPT_11113,ENSG00000272114.1,RP1-261G23.7,lncRNA,8,0.00148,K562,KARR-seq,trans_cross_chromosome
K562_EP_2225,chr17,62594885,62650305,K562_TE_9449,chr5,133555084,133567101,K562_MPT_10505,ENSG00000113575.5,PPP2CA,protein_coding,8,0.00148,K562,KARR-seq,trans_cross_chromosome
K562_EP_2226,chr8,66698901,66719149,K562_TE_21188,chr1,28410075,28420207,K562_MPT_296,ENSG00000158161.11,EYA3,protein_coding,8,0.00148,K562,KARR-seq,trans_cross_chromosome
K562_EP_2227,chr10,52286005,52379131,K562_SE_136,chr1,110876128,110886945,K562_MPT_732,ENSG00000227963.1,RP5-1074L1.1,lncRNA,8,0.00148,K562,KARR-seq,trans_cross_chromosome
K562_EP_2228,chr5,158602579,158626933,K562_TE_17816,chr3,48714017,48728797,K562_MPT_9059,ENSG00000213672.3,NCKIPSD,protein_coding,8,0.00148,K562,KARR-seq,trans_cross_chromosome
K562_EP_2229,chr2,112074467,112080635,K562_TE_11921,chr13,37568473,37579678,K562_MPT_3496,ENSG00000120697.4,ALG5,protein_coding,8,0.00148,K562,KARR-seq,trans_cross_chromosome
K562_EP_2230,chr15,40592914,40635300,K562_TE_7155,chr11,66440219,66450392,K562_MPT_2365,ENSG00000173914.7,RBM4B,protein_coding,8,0.00148,K562,KARR-seq,trans_cross_chromosome
K562_EP_2231,chr2,122333861,122356120,K562_TE_12005,chr14,53611804,53625072,K562_MPT_3819,ENSG00000266552.1,AL356020.1,miRNA,8,0.00148,K562,KARR-seq,trans_cross_chromosome
K562_EP_2232,chr19,13128110,13144882,K562_TE_10403,chr17,17718265,17731932,K562_MPT_5317,ENSG00000072310.12,SREBF1,protein_coding,8,0.00148,K562,KARR-seq,trans_cross_chromosome
K562_EP_2233,chr11,66634983,66718174,K562_SE_180,chr5,139772029,139786506,K562_MPT_10555,ENSG00000131503.16,ANKHD1,protein_coding,8,0.00148,K562,KARR-seq,trans_cross_chromosome
K562_EP_2234,chr10,94769176,94770261,K562_TE_3174,chr1,169450169,169460380,K562_MPT_1077,ENSG00000117479.8,SLC19A2,protein_coding,8,0.00148,K562,KARR-seq,trans_cross_chromosome
K562_EP_2235,chr3,61728408,61728756,K562_TE_14804,chr6,35431185,35441185,K562_MPT_11033,ENSG00000198755.6,RPL10A,protein_coding,8,0.00148,K562,KARR-seq,trans_cross_chromosome
K562_EP_2236,chr4,151454895,151496235,K562_TE_16584,chr1,249145142,249158363,K562_MPT_1434,ENSG00000227237.1,AL672294.1,lncRNA,8,0.00148,K562,KARR-seq,trans_cross_chromosome
K562_EP_2237,chr17,62594885,62650305,K562_TE_9449,chr6,7134478,7144478,K562_MPT_10796,ENSG00000124782.15,RREB1,protein_coding,8,0.00148,K562,KARR-seq,trans_cross_chromosome
K562_EP_2238,chr19,51852720,51858440,K562_TE_10866,chr16,2241526,2278717,K562_MPT_4631,ENSG00000167965.13,MLST8,protein_coding,8,0.00148,K562,KARR-seq,trans_cross_chromosome
K562_EP_2239,chr21,45426307,45450113,K562_SE_430,chr7,129069274,129079287,K562_MPT_12053,ENSG00000128578.5,STRIP2,protein_coding,8,0.00148,K562,KARR-seq,trans_cross_chromosome
K562_EP_2240,chr22,20045072,20060430,K562_SE_434,chr19,41183829,41201877,K562_MPT_6725,ENSG00000105245.5,NUMBL,protein_coding,8,0.00148,K562,KARR-seq,trans_cross_chromosome
K562_EP_2241,chr9,132199009,132259396,K562_SE_732,chr16,1816496,1839011,K562_MPT_4622,ENSG00000162032.11,SPSB3,protein_coding,8,0.00148,K562,KARR-seq,trans_cross_chromosome
K562_EP_2242,chr12,94078489,94108311,K562_TE_5419,chr20,32695138,32705138,K562_MPT_8139,ENSG00000125977.6,EIF2S2,protein_coding,8,0.00148,K562,KARR-seq,trans_cross_chromosome
K562_EP_2243,chr3,136335245,136446485,K562_TE_15197,chr4,83289303,83300656,K562_MPT_9876,ENSG00000272677.1,RP11-127B20.3,lncRNA,8,0.00148,K562,KARR-seq,trans_cross_chromosome
K562_EP_2244,chr1,29462900,29499182,K562_TE_446,chr11,65398781,65421663,K562_MPT_2335,ENSG00000266041.1,MIR4690,miRNA,8,0.00148,K562,KARR-seq,trans_cross_chromosome
K562_EP_2245,chr10,89305410,89309521,K562_TE_3124,chr9,37795499,37805790,K562_MPT_12823,ENSG00000122741.11,DCAF10,protein_coding,8,0.00148,K562,KARR-seq,trans_cross_chromosome
K562_EP_2246,chr9,94618470,94683542,K562_SE_719,chr1,115295585,115306297,K562_MPT_764,ENSG00000009307.11,CSDE1,protein_coding,8,0.00148,K562,KARR-seq,trans_cross_chromosome
K562_EP_2247,chrX,11257371,11276677,K562_TE_22710,chr2,197030724,197046227,K562_MPT_7796,ENSG00000081320.6,STK17B,protein_coding,8,0.00148,K562,KARR-seq,trans_cross_chromosome
K562_EP_2248,chr10,126733678,126746558,K562_TE_3455,chr6,33749778,33761913,K562_MPT_11010,ENSG00000161904.7,LEMD2,protein_coding,8,0.00148,K562,KARR-seq,trans_cross_chromosome
K562_EP_2249,chr20,39651973,39716249,K562_SE_406,chr19,41851816,41875078,K562_MPT_6740,ENSG00000105329.5,TGFB1,protein_coding,8,0.00148,K562,KARR-seq,trans_cross_chromosome
K562_EP_2250,chr20,47900668,47920027,K562_TE_13310,chr9,134264480,134274480,K562_MPT_13184,ENSG00000130723.13,PRRC2B,protein_coding,8,0.00148,K562,KARR-seq,trans_cross_chromosome
K562_EP_2251,chr3,101343943,101363344,K562_SE_476,chrX,152948017,152963917,K562_MPT_13702,ENSG00000130822.11,PNCK,protein_coding,8,0.00148,K562,KARR-seq,trans_cross_chromosome
K562_EP_2252,chr7,123349629,123383230,K562_TE_20396,chr5,139922251,139949476,K562_MPT_10556,ENSG00000113108.13,APBB3,protein_coding,8,0.00148,K562,KARR-seq,trans_cross_chromosome
K562_EP_2253,chr4,87933401,87964832,K562_TE_16271,chr7,123384121,123394122,K562_MPT_12026,ENSG00000106299.7,WASL,protein_coding,8,0.00148,K562,KARR-seq,trans_cross_chromosome
K562_EP_2254,chr22,47194730,47212915,K562_TE_14237,chr16,48639120,48649120,K562_MPT_4919,ENSG00000102921.3,N4BP1,protein_coding,8,0.00148,K562,KARR-seq,trans_cross_chromosome
K562_EP_2255,chr21,39448039,39468667,K562_TE_13641,chr7,99053152,99075535,K562_MPT_11901,ENSG00000106246.13,PTCD1,protein_coding,8,0.00148,K562,KARR-seq,trans_cross_chromosome
K562_EP_2256,chr5,173326547,173353004,K562_TE_17892,chr2,85193216,85204324,K562_MPT_7425,ENSG00000176407.13,KCMF1,protein_coding,8,0.00148,K562,KARR-seq,trans_cross_chromosome
K562_EP_2257,chr7,76177805,76239287,K562_TE_20032,chr16,75595249,75605496,K562_MPT_5079,ENSG00000034713.3,GABARAPL2,protein_coding,8,0.00148,K562,KARR-seq,trans_cross_chromosome
K562_EP_2258,chrX,11290563,11437956,K562_SE_739,chr16,11830766,11841734,K562_MPT_4712,ENSG00000262420.2,RP11-490O6.2,lncRNA,8,0.00148,K562,KARR-seq,trans_cross_chromosome
K562_EP_2259,chr11,86700358,86717017,K562_TE_4329,chr6,30609816,30624161,K562_MPT_10955,ENSG00000204564.7,C6orf136,protein_coding,8,0.00148,K562,KARR-seq,trans_cross_chromosome
K562_EP_2260,chr10,75916327,75926030,K562_TE_3021,chr19,46166502,46183186,K562_MPT_6819,ENSG00000207773.1,MIR642A,miRNA,8,0.00148,K562,KARR-seq,trans_cross_chromosome
K562_EP_2261,chr3,33896874,33902102,K562_TE_14513,chr4,128797016,128807387,K562_MPT_9999,ENSG00000142731.6,PLK4,protein_coding,8,0.00148,K562,KARR-seq,trans_cross_chromosome
K562_EP_2262,chr1,150345242,150359945,K562_TE_1433,chr19,48818332,48833865,K562_MPT_6867,ENSG00000142227.6,EMP3,protein_coding,8,0.00148,K562,KARR-seq,trans_cross_chromosome
K562_EP_2263,chr17,76155780,76158769,K562_TE_9637,chr3,14984012,14994931,K562_MPT_8920,ENSG00000225733.1,FGD5-AS1,lncRNA,8,0.00148,K562,KARR-seq,trans_cross_chromosome
K562_EP_2264,chr15,67953616,67973295,K562_TE_7471,chr3,37279668,37290686,K562_MPT_8974,ENSG00000270194.1,RP11-259K5.2,lncRNA,8,0.00148,K562,KARR-seq,trans_cross_chromosome
K562_EP_2265,chr2,15671378,15696593,K562_TE_11091,chr15,75193954,75204462,K562_MPT_4410,ENSG00000178761.10,FAM219B,protein_coding,8,0.00148,K562,KARR-seq,trans_cross_chromosome
K562_EP_2266,chr10,49591190,49646181,K562_TE_2841,chr16,24544014,24556904,K562_MPT_4790,ENSG00000122257.14,RBBP6,protein_coding,8,0.00148,K562,KARR-seq,trans_cross_chromosome
K562_EP_2267,chr7,107135233,107136200,K562_TE_20288,chr2,122488381,122499679,K562_MPT_7601,ENSG00000155438.7,MKI67IP,protein_coding,8,0.00148,K562,KARR-seq,trans_cross_chromosome
K562_EP_2268,chr11,217975,223375,K562_TE_3503,chr16,701194,782739,K562_MPT_4607,ENSG00000103269.9,RHBDL1,protein_coding,8,0.00148,K562,KARR-seq,trans_cross_chromosome
K562_EP_2269,chr12,122028434,122102630,K562_TE_5713,chr2,127408509,127418760,K562_MPT_7604,ENSG00000136732.10,GYPC,protein_coding,8,0.00148,K562,KARR-seq,trans_cross_chromosome
K562_EP_2270,chr22,39108113,39113221,K562_TE_14099,chr1,167594330,167604911,K562_MPT_1060,ENSG00000198771.6,RCSD1,protein_coding,8,0.00148,K562,KARR-seq,trans_cross_chromosome
K562_EP_2271,chr2,15441457,15454537,K562_TE_11086,chr1,186141434,186151434,K562_MPT_1155,ENSG00000224691.1,GS1-174L6.4,lncRNA,8,0.00148,K562,KARR-seq,trans_cross_chromosome
K562_EP_2272,chr19,55509612,55538287,K562_TE_10910,chr2,97558870,97568870,K562_MPT_7485,ENSG00000168754.9,FAM178B,protein_coding,8,0.00148,K562,KARR-seq,trans_cross_chromosome
K562_EP_2273,chr7,110889729,110895933,K562_TE_20319,chr19,50306896,50326599,K562_MPT_6905,ENSG00000010361.9,FUZ,protein_coding,8,0.00148,K562,KARR-seq,trans_cross_chromosome
K562_EP_2274,chr10,126733678,126746558,K562_TE_3455,chr20,3991036,4009564,K562_MPT_8035,ENSG00000101236.12,RNF24,protein_coding,8,0.00148,K562,KARR-seq,trans_cross_chromosome
K562_EP_2275,chr3,186701451,186735054,K562_TE_15616,chr6,30609816,30624161,K562_MPT_10955,ENSG00000204564.7,C6orf136,protein_coding,8,0.00148,K562,KARR-seq,trans_cross_chromosome
K562_EP_2276,chr6,125490079,125496092,K562_TE_18980,chr7,149406872,149423041,K562_MPT_12156,ENSG00000133619.13,KRBA1,protein_coding,8,0.00148,K562,KARR-seq,trans_cross_chromosome
K562_EP_2277,chr7,95862115,95883765,K562_SE_654,chr14,23466978,23491590,K562_MPT_3707,ENSG00000252531.1,SNORA73,snoRNA,8,0.00148,K562,KARR-seq,trans_cross_chromosome
K562_EP_2278,chr7,95916818,95945902,K562_TE_20114,chr2,120975984,120985984,K562_MPT_7594,ENSG00000226479.3,TMEM185B,protein_coding,8,0.00148,K562,KARR-seq,trans_cross_chromosome
K562_EP_2279,chr7,30328483,30370643,K562_TE_19671,chr19,13255653,13274602,K562_MPT_6428,ENSG00000213253.5,CTC-250I14.1,pseudogene,8,0.00148,K562,KARR-seq,trans_cross_chromosome
K562_EP_2280,chr11,6559321,6560653,K562_TE_3599,chr16,850443,860443,K562_MPT_4610,ENSG00000167945.1,PRR25,protein_coding,8,0.00148,K562,KARR-seq,trans_cross_chromosome
K562_EP_2281,chr12,123979135,123979915,K562_TE_5758,chr6,69339216,69350259,K562_MPT_11164,ENSG00000135298.9,BAI3,protein_coding,8,0.00148,K562,KARR-seq,trans_cross_chromosome
K562_EP_2282,chr1,144593385,144604459,K562_TE_1347,chr15,42859125,42878686,K562_MPT_4219,ENSG00000159433.7,STARD9,protein_coding,8,0.00148,K562,KARR-seq,trans_cross_chromosome
K562_EP_2283,chr8,37985617,37997456,K562_TE_21011,chr19,11660609,11675263,K562_MPT_6390,ENSG00000130165.6,ELOF1,protein_coding,8,0.00148,K562,KARR-seq,trans_cross_chromosome
K562_EP_2284,chr6,4837078,4880558,K562_TE_18048,chr17,33441565,33453598,K562_MPT_5440,ENSG00000073598.5,FNDC8,protein_coding,8,0.00148,K562,KARR-seq,trans_cross_chromosome
K562_EP_2285,chr1,16965641,17015108,K562_SE_13,chr10,105721959,105739572,K562_MPT_1872,ENSG00000266754.1,RN7SL524P,misc_RNA,8,0.00148,K562,KARR-seq,trans_cross_chromosome
K562_EP_2286,chr6,5206011,5216543,K562_TE_18056,chr19,33177656,33187867,K562_MPT_6600,ENSG00000213965.3,NUDT19,protein_coding,8,0.00148,K562,KARR-seq,trans_cross_chromosome
K562_EP_2287,chr4,79684477,79738669,K562_TE_16199,chrX,154436916,154449643,K562_MPT_13725,ENSG00000224978.1,RP13-228J13.9,pseudogene,8,0.00148,K562,KARR-seq,trans_cross_chromosome
K562_EP_2288,chr5,134434411,134609091,K562_SE_545,chr3,13023536,13033536,K562_MPT_8909,ENSG00000144711.9,IQSEC1,protein_coding,8,0.00148,K562,KARR-seq,trans_cross_chromosome
K562_EP_2289,chr8,61636482,61681180,K562_TE_21168,chr2,242249515,242261476,K562_MPT_7978,ENSG00000168385.13,SEPT2,protein_coding,8,0.00148,K562,KARR-seq,trans_cross_chromosome
K562_EP_2290,chr8,56872962,56886802,K562_TE_21136,chr22,22891603,22906750,K562_MPT_8599,ENSG00000220891.1,LL22NC03-63E9.3,protein_coding,8,0.00148,K562,KARR-seq,trans_cross_chromosome
K562_EP_2291,chr6,125490079,125496092,K562_TE_18980,chr11,76086986,76097849,K562_MPT_2470,ENSG00000179240.4,RP11-111M22.2,protein_coding,8,0.00148,K562,KARR-seq,trans_cross_chromosome
K562_EP_2292,chr3,38040839,38062790,K562_SE_460,chr1,26600667,26611613,K562_MPT_256,ENSG00000142669.9,SH3BGRL3,protein_coding,8,0.00148,K562,KARR-seq,trans_cross_chromosome
K562_EP_2293,chr5,19097693,19100168,K562_TE_16886,chr7,45138839,45156646,K562_MPT_11714,ENSG00000136270.9,TBRG4,protein_coding,8,0.00148,K562,KARR-seq,trans_cross_chromosome
K562_EP_2294,chr8,105587159,105595428,K562_TE_21451,chr4,44723540,44733612,K562_MPT_9772,ENSG00000163281.7,GNPDA2,protein_coding,8,0.00148,K562,KARR-seq,trans_cross_chromosome
K562_EP_2295,chr9,136112608,136160631,K562_SE_735,chr10,120933345,120943345,K562_MPT_1909,ENSG00000165672.5,PRDX3,protein_coding,8,0.00148,K562,KARR-seq,trans_cross_chromosome
K562_EP_2296,chr8,27177323,27234062,K562_SE_682,chr4,6687246,6699796,K562_MPT_9682,ENSG00000246526.2,RP11-539L10.2,lncRNA,8,0.00148,K562,KARR-seq,trans_cross_chromosome
K562_EP_2297,chr2,168701147,168710637,K562_TE_12247,chr8,144669339,144705218,K562_MPT_12674,ENSG00000179886.4,TIGD5,protein_coding,8,0.00148,K562,KARR-seq,trans_cross_chromosome
K562_EP_2298,chr1,206822526,206911221,K562_SE_91,chr2,75933018,75943115,K562_MPT_7418,ENSG00000005436.9,GCFC2,protein_coding,8,0.00148,K562,KARR-seq,trans_cross_chromosome
K562_EP_2299,chr7,23384994,23417440,K562_TE_19587,chr11,77845304,77855861,K562_MPT_2489,ENSG00000246174.3,KCTD21-AS1,lncRNA,8,0.00148,K562,KARR-seq,trans_cross_chromosome
K562_EP_2300,chr7,16758533,16785083,K562_TE_19532,chr11,46129769,46147985,K562_MPT_2181,ENSG00000263539.1,AC024475.1,miRNA,8,0.00148,K562,KARR-seq,trans_cross_chromosome
K562_EP_2301,chr17,62278398,62281320,K562_TE_9442,chr5,137872400,137887992,K562_MPT_10533,ENSG00000120705.8,ETF1,protein_coding,8,0.00148,K562,KARR-seq,trans_cross_chromosome
K562_EP_2302,chr8,144821376,144827158,K562_TE_21704,chr1,24962722,24980417,K562_MPT_236,ENSG00000133226.12,SRRM1,protein_coding,8,0.00148,K562,KARR-seq,trans_cross_chromosome
K562_EP_2303,chr1,16965641,17015108,K562_SE_13,chr3,49717416,49731990,K562_MPT_9077,ENSG00000259970.1,AC099668.5,lncRNA,8,0.00148,K562,KARR-seq,trans_cross_chromosome
K562_EP_2304,chr12,25043466,25109549,K562_TE_4877,chr1,26319112,26337707,K562_MPT_250,ENSG00000158006.9,PAFAH2,protein_coding,8,0.00148,K562,KARR-seq,trans_cross_chromosome
K562_EP_2305,chr15,63583782,63592805,K562_TE_7393,chr1,38466177,38483451,K562_MPT_399,ENSG00000183386.5,FHL3,protein_coding,8,0.00148,K562,KARR-seq,trans_cross_chromosome
K562_EP_2306,chr10,7330307,7360335,K562_TE_2497,chr6,33583142,33594161,K562_MPT_11008,ENSG00000096433.6,ITPR3,protein_coding,8,0.00148,K562,KARR-seq,trans_cross_chromosome
K562_EP_2307,chr16,48407446,48413964,K562_TE_8297,chr9,114418615,114428615,K562_MPT_13032,ENSG00000242616.3,GNG10,protein_coding,8,0.00148,K562,KARR-seq,trans_cross_chromosome
K562_EP_2308,chr6,119018978,119019867,K562_TE_18937,chr16,4388762,4410608,K562_MPT_4673,ENSG00000217930.3,PAM16,protein_coding,8,0.00148,K562,KARR-seq,trans_cross_chromosome
K562_EP_2309,chr7,103519896,103563109,K562_TE_20234,chr22,39704916,39720776,K562_MPT_8751,ENSG00000209480.1,SNORD83B,snoRNA,8,0.00148,K562,KARR-seq,trans_cross_chromosome
K562_EP_2310,chr17,26793005,26803095,K562_TE_8941,chr1,29503410,29513499,K562_MPT_315,ENSG00000116350.11,SRSF4,protein_coding,8,0.00148,K562,KARR-seq,trans_cross_chromosome
K562_EP_2311,chrX,109356851,109363215,K562_TE_23113,chr14,93793692,93804565,K562_MPT_4005,ENSG00000011114.10,BTBD7,protein_coding,8,0.00148,K562,KARR-seq,trans_cross_chromosome
K562_EP_2312,chr17,55497606,55537159,K562_TE_9345,chr1,155154748,155219490,K562_MPT_948,ENSG00000185499.12,MUC1,protein_coding,8,0.00148,K562,KARR-seq,trans_cross_chromosome
K562_EP_2313,chr22,22170419,22216528,K562_SE_440,chr12,53684075,53699098,K562_MPT_2997,ENSG00000257605.1,RP11-680A11.5,lncRNA,8,0.00148,K562,KARR-seq,trans_cross_chromosome
K562_EP_2314,chr5,180693294,180710269,K562_TE_17987,chr3,51529010,51539010,K562_MPT_9096,ENSG00000145041.11,VPRBP,protein_coding,8,0.00148,K562,KARR-seq,trans_cross_chromosome
K562_EP_2315,chrX,109329982,109333488,K562_TE_23112,chr5,10303138,10313138,K562_MPT_10172,ENSG00000164237.4,CMBL,protein_coding,8,0.00148,K562,KARR-seq,trans_cross_chromosome
K562_EP_2316,chr17,77782423,77825051,K562_SE_320,chr1,23484197,23509301,K562_MPT_216,ENSG00000252578.1,RNU6-135P,snRNA,8,0.00148,K562,KARR-seq,trans_cross_chromosome
K562_EP_2317,chr2,183874247,183898303,K562_TE_12406,chr19,4375289,4385289,K562_MPT_6267,ENSG00000141985.5,SH3GL1,protein_coding,8,0.00148,K562,KARR-seq,trans_cross_chromosome
K562_EP_2318,chr1,65724685,65762997,K562_SE_47,chr5,61694725,61719711,K562_MPT_10279,ENSG00000086200.12,IPO11,protein_coding,8,0.00148,K562,KARR-seq,trans_cross_chromosome
K562_EP_2319,chr16,22364460,22381026,K562_TE_8124,chr22,19837339,19847462,K562_MPT_8548,ENSG00000215012.4,C22orf29,protein_coding,8,0.00148,K562,KARR-seq,trans_cross_chromosome
K562_EP_2320,chr15,57311882,57328486,K562_TE_7343,chr1,31186351,31201434,K562_MPT_318,ENSG00000186056.5,MATN1-AS1,lncRNA,8,0.00148,K562,KARR-seq,trans_cross_chromosome
K562_EP_2321,chr3,38214395,38224287,K562_TE_14543,chr5,16460901,16470901,K562_MPT_10184,ENSG00000173545.4,ZNF622,protein_coding,8,0.00148,K562,KARR-seq,trans_cross_chromosome
K562_EP_2322,chr9,134053898,134056973,K562_TE_22556,chr7,65950046,65963773,K562_MPT_11768,ENSG00000244510.1,GS1-124K5.7,pseudogene,8,0.00148,K562,KARR-seq,trans_cross_chromosome
K562_EP_2323,chr17,29471403,29475550,K562_TE_8985,chr3,135908396,135921083,K562_MPT_9356,ENSG00000174579.3,MSL2,protein_coding,8,0.00148,K562,KARR-seq,trans_cross_chromosome
K562_EP_2324,chr2,170623588,170633148,K562_TE_12277,chr21,46216689,46227492,K562_MPT_8496,ENSG00000184787.14,UBE2G2,protein_coding,8,0.00148,K562,KARR-seq,trans_cross_chromosome
K562_EP_2325,chr4,87862867,87899182,K562_TE_16269,chr14,74546150,74556659,K562_MPT_3930,ENSG00000205659.6,LIN52,protein_coding,8,0.00148,K562,KARR-seq,trans_cross_chromosome
K562_EP_2326,chr3,65509767,65522342,K562_TE_14816,chr12,7120814,7130814,K562_MPT_2756,ENSG00000111684.6,LPCAT3,protein_coding,8,0.00148,K562,KARR-seq,trans_cross_chromosome
K562_EP_2327,chr1,78071084,78080106,K562_TE_988,chr19,10759520,10771172,K562_MPT_6370,ENSG00000129351.13,ILF3,protein_coding,8,0.00148,K562,KARR-seq,trans_cross_chromosome
K562_EP_2328,chr13,99612681,99675593,K562_TE_6230,chr9,124127483,124142519,K562_MPT_13070,ENSG00000148175.8,STOM,protein_coding,8,0.00148,K562,KARR-seq,trans_cross_chromosome
K562_EP_2329,chr16,89470522,89481522,K562_TE_8653,chr3,196060259,196073586,K562_MPT_9591,ENSG00000212146.1,RNU6-910P,snRNA,8,0.00148,K562,KARR-seq,trans_cross_chromosome
K562_EP_2330,chr15,66880235,66981717,K562_SE_249,chr12,122452328,122464792,K562_MPT_3342,ENSG00000110987.4,BCL7A,protein_coding,8,0.00148,K562,KARR-seq,trans_cross_chromosome
K562_EP_2331,chr1,26157941,26175434,K562_TE_379,chr9,123625900,123644606,K562_MPT_13064,ENSG00000119403.9,PHF19,protein_coding,8,0.00148,K562,KARR-seq,trans_cross_chromosome
K562_EP_2332,chr13,97864398,97921839,K562_SE_220,chr7,116602526,116617965,K562_MPT_12007,ENSG00000213050.4,TPM3P1,pseudogene,8,0.00148,K562,KARR-seq,trans_cross_chromosome
K562_EP_2333,chr12,122207673,122220771,K562_TE_5716,chr3,99589948,99600046,K562_MPT_9203,ENSG00000168386.14,FILIP1L,protein_coding,8,0.00148,K562,KARR-seq,trans_cross_chromosome
K562_EP_2334,chr4,154407536,154456705,K562_TE_16621,chr11,61555033,61568412,K562_MPT_2255,ENSG00000134824.9,FADS2,protein_coding,8,0.00148,K562,KARR-seq,trans_cross_chromosome
K562_EP_2335,chr5,53821250,53827784,K562_TE_17019,chrX,63420624,63435570,K562_MPT_13469,ENSG00000184675.5,AMER1,protein_coding,8,0.00148,K562,KARR-seq,trans_cross_chromosome
K562_EP_2336,chr7,152056471,152081507,K562_TE_20689,chr16,87892245,87908094,K562_MPT_5131,ENSG00000103257.4,SLC7A5,protein_coding,8,0.00148,K562,KARR-seq,trans_cross_chromosome
K562_EP_2337,chr1,12203889,12281299,K562_TE_179,chr17,4602335,4623884,K562_MPT_5213,ENSG00000141480.13,ARRB2,protein_coding,8,0.00148,K562,KARR-seq,trans_cross_chromosome
K562_EP_2338,chr6,147171445,147272129,K562_SE_624,chr1,207489853,207500136,K562_MPT_1233,ENSG00000196352.9,CD55,protein_coding,8,0.00148,K562,KARR-seq,trans_cross_chromosome
K562_EP_2339,chr22,41006346,41026064,K562_TE_14143,chr9,75761673,75777570,K562_MPT_12888,ENSG00000135046.9,ANXA1,protein_coding,8,0.00148,K562,KARR-seq,trans_cross_chromosome
K562_EP_2340,chr12,45653915,45693796,K562_TE_4987,chr9,114926566,114942688,K562_MPT_13034,ENSG00000200344.1,Y_RNA,misc_RNA,8,0.00148,K562,KARR-seq,trans_cross_chromosome
K562_EP_2341,chr17,74175055,74194783,K562_TE_9591,chr11,57524234,57536325,K562_MPT_2227,ENSG00000198561.8,CTNND1,protein_coding,8,0.00148,K562,KARR-seq,trans_cross_chromosome
K562_EP_2342,chr20,34622264,34653018,K562_SE_403,chr5,25185765,25195791,K562_MPT_10191,ENSG00000245662.2,RP11-184E9.1,lncRNA,8,0.00148,K562,KARR-seq,trans_cross_chromosome
K562_EP_2343,chr16,12623444,12633491,K562_TE_7985,chr15,85518671,85530212,K562_MPT_4512,ENSG00000073417.10,PDE8A,protein_coding,8,0.00148,K562,KARR-seq,trans_cross_chromosome
K562_EP_2344,chr16,24013149,24021828,K562_TE_8142,chr10,121342722,121361541,K562_MPT_1912,ENSG00000151923.13,TIAL1,protein_coding,8,0.00148,K562,KARR-seq,trans_cross_chromosome
K562_EP_2345,chr2,158753157,158801486,K562_TE_12207,chr6,111799414,111810855,K562_MPT_11284,ENSG00000231889.3,TRAF3IP2-AS1,lncRNA,8,0.00148,K562,KARR-seq,trans_cross_chromosome
K562_EP_2346,chrX,153311772,153349307,K562_TE_23386,chr1,167518004,167528004,K562_MPT_1059,ENSG00000143162.7,CREG1,protein_coding,8,0.00148,K562,KARR-seq,trans_cross_chromosome
K562_EP_2347,chr21,22524398,22583160,K562_SE_424,chr9,114926566,114942688,K562_MPT_13034,ENSG00000200344.1,Y_RNA,misc_RNA,8,0.00148,K562,KARR-seq,trans_cross_chromosome
K562_EP_2348,chr2,169664581,169681985,K562_TE_12259,chr21,44485137,44502053,K562_MPT_8476,ENSG00000160200.13,CBS,protein_coding,8,0.00148,K562,KARR-seq,trans_cross_chromosome
K562_EP_2349,chr21,34878137,34884188,K562_TE_13565,chr8,145647366,145658931,K562_MPT_12696,ENSG00000160948.9,VPS28,protein_coding,8,0.00148,K562,KARR-seq,trans_cross_chromosome
K562_EP_2350,chr7,123349629,123383230,K562_TE_20396,chr20,62596218,62617488,K562_MPT_8362,ENSG00000130590.9,SAMD10,protein_coding,8,0.00148,K562,KARR-seq,trans_cross_chromosome
K562_EP_2351,chr8,54636732,54655351,K562_TE_21116,chr6,26011607,26038796,K562_MPT_10871,ENSG00000137259.2,HIST1H2AB,protein_coding,8,0.00148,K562,KARR-seq,trans_cross_chromosome
K562_EP_2352,chr14,59648029,59667701,K562_TE_6566,chr2,47625108,47635269,K562_MPT_7263,ENSG00000095002.8,MSH2,protein_coding,8,0.00148,K562,KARR-seq,trans_cross_chromosome
K562_EP_2353,chr7,76109287,76118427,K562_TE_20030,chr16,81035103,81045862,K562_MPT_5089,ENSG00000166451.9,CENPN,protein_coding,8,0.00148,K562,KARR-seq,trans_cross_chromosome
K562_EP_2354,chr11,65167965,65217131,K562_SE_178,chr8,91008633,91018745,K562_MPT_12492,ENSG00000104325.2,DECR1,protein_coding,10,0.00149,K562,KARR-seq,trans_cross_chromosome
K562_EP_2355,chr1,44215053,44249975,K562_TE_670,chrX,48630385,48649981,K562_MPT_13400,ENSG00000207367.1,RNU6-29P,snRNA,8,0.00149,K562,KARR-seq,trans_cross_chromosome
K562_EP_2356,chr6,68585750,68609380,K562_SE_605,chrX,48630385,48649981,K562_MPT_13400,ENSG00000207367.1,RNU6-29P,snRNA,16,0.00151,K562,KARR-seq,trans_cross_chromosome
K562_EP_2357,chr11,65235059,65278329,K562_SE_179,chr6,149634063,149647188,K562_MPT_11411,ENSG00000055208.13,TAB2,protein_coding,13,0.00154,K562,KARR-seq,trans_cross_chromosome
K562_EP_2358,chr6,68585750,68609380,K562_SE_605,chr1,93801029,93816582,K562_MPT_664,ENSG00000117505.8,DR1,protein_coding,11,0.00154,K562,KARR-seq,trans_cross_chromosome
K562_EP_2359,chr11,65235059,65278329,K562_SE_179,chr6,166743056,166761079,K562_MPT_11471,ENSG00000233231.1,HNRNPA1P49,pseudogene,22,0.00156,K562,KARR-seq,trans_cross_chromosome
K562_EP_2360,chr16,85548387,85639758,K562_SE_284,chr4,79684653,79702532,K562_MPT_9865,ENSG00000260278.1,RP11-109G23.3,lncRNA,10,0.00156,K562,KARR-seq,trans_cross_chromosome
K562_EP_2361,chr17,44155283,44237935,K562_SE_309,chr7,135189824,135199875,K562_MPT_12087,ENSG00000080802.14,CNOT4,protein_coding,8,0.00156,K562,KARR-seq,trans_cross_chromosome
K562_EP_2362,chr1,109626153,109650176,K562_TE_1184,chrX,41187651,41198844,K562_MPT_13357,ENSG00000215301.5,DDX3X,protein_coding,8,0.00156,K562,KARR-seq,trans_cross_chromosome
K562_EP_2363,chr8,130452382,130513523,K562_TE_21615,chr7,138140079,138150180,K562_MPT_12098,ENSG00000122779.12,TRIM24,protein_coding,8,0.00156,K562,KARR-seq,trans_cross_chromosome
K562_EP_2364,chr8,128806089,129118955,K562_SE_701,chr12,57616757,57639475,K562_MPT_3063,ENSG00000200344.1,Y_RNA,misc_RNA,8,0.00157,K562,KARR-seq,trans_cross_chromosome
K562_EP_2365,chr11,65235059,65278329,K562_SE_179,chr5,158629642,158642061,K562_MPT_10636,ENSG00000253256.1,CTB-11I22.1,lncRNA,16,0.00158,K562,KARR-seq,trans_cross_chromosome
K562_EP_2366,chr10,126801223,126839727,K562_TE_3457,chr1,33277368,33288754,K562_MPT_350,ENSG00000134684.6,YARS,protein_coding,8,0.00158,K562,KARR-seq,trans_cross_chromosome
K562_EP_2367,chr6,34237593,34354985,K562_SE_593,chr3,101287939,101300791,K562_MPT_9212,ENSG00000081154.7,PCNP,protein_coding,8,0.00158,K562,KARR-seq,trans_cross_chromosome
K562_EP_2368,chr6,68585750,68609380,K562_SE_605,chr19,1587652,1597882,K562_MPT_6196,ENSG00000071655.13,MBD3,protein_coding,13,0.00159,K562,KARR-seq,trans_cross_chromosome
K562_EP_2369,chr3,69794311,69861205,K562_TE_14832,chr19,39133310,39143378,K562_MPT_6682,ENSG00000130402.7,ACTN4,protein_coding,8,0.0016,K562,KARR-seq,trans_cross_chromosome
K562_EP_2370,chr4,79505800,79594388,K562_SE_515,chr1,76246879,76267567,K562_MPT_602,ENSG00000207241.1,SNORD45A,snoRNA,8,0.0016,K562,KARR-seq,trans_cross_chromosome
K562_EP_2371,chr1,29297986,29324965,K562_TE_441,chr12,46754090,46771650,K562_MPT_2904,ENSG00000134294.9,SLC38A2,protein_coding,8,0.0016,K562,KARR-seq,trans_cross_chromosome
K562_EP_2372,chr20,30248381,30302816,K562_SE_401,chr13,79974923,79985499,K562_MPT_3597,ENSG00000227354.2,RBM26-AS1,lncRNA,8,0.0016,K562,KARR-seq,trans_cross_chromosome
K562_EP_2373,chr9,140563716,140583685,K562_TE_22645,chr7,120711632,120728867,K562_MPT_12018,ENSG00000106034.13,CPED1,protein_coding,8,0.0016,K562,KARR-seq,trans_cross_chromosome
K562_EP_2374,chr8,130546590,130605033,K562_SE_702,chr13,28019326,28029739,K562_MPT_3468,ENSG00000122033.10,MTIF3,protein_coding,8,0.0016,K562,KARR-seq,trans_cross_chromosome
K562_EP_2375,chr20,31193112,31290878,K562_SE_402,chrX,48630385,48649981,K562_MPT_13400,ENSG00000207367.1,RNU6-29P,snRNA,8,0.0016,K562,KARR-seq,trans_cross_chromosome
K562_EP_2376,chr20,54991986,55023801,K562_SE_417,chr18,12986172,12996361,K562_MPT_6008,ENSG00000101639.14,CEP192,protein_coding,8,0.0016,K562,KARR-seq,trans_cross_chromosome
K562_EP_2377,chr5,10689205,10739844,K562_SE_528,chr19,19160118,19179808,K562_MPT_6538,ENSG00000105676.9,ARMC6,protein_coding,8,0.0016,K562,KARR-seq,trans_cross_chromosome
K562_EP_2378,chr4,40665,63940,K562_TE_15724,chr10,94442945,94456612,K562_MPT_1783,ENSG00000152804.6,HHEX,protein_coding,8,0.0016,K562,KARR-seq,trans_cross_chromosome
K562_EP_2379,chr19,50803261,50820078,K562_TE_10848,chr6,27095327,27120405,K562_MPT_10900,ENSG00000198339.3,HIST1H4I,protein_coding,8,0.0016,K562,KARR-seq,trans_cross_chromosome
K562_EP_2380,chr17,16331212,16347829,K562_SE_293,chr1,185271794,185291911,K562_MPT_1153,ENSG00000273004.1,GS1-279B7.2,lncRNA,8,0.00162,K562,KARR-seq,trans_cross_chromosome
K562_EP_2381,chr16,85210066,85383708,K562_SE_282,chr12,112425800,112461608,K562_MPT_3271,ENSG00000089248.6,ERP29,protein_coding,8,0.00162,K562,KARR-seq,trans_cross_chromosome
K562_EP_2382,chr22,19383512,19412967,K562_SE_433,chr1,27015622,27027895,K562_MPT_266,ENSG00000260063.1,RP5-968P14.2,lncRNA,8,0.00162,K562,KARR-seq,trans_cross_chromosome
K562_EP_2383,chrX,11290563,11437956,K562_SE_739,chr11,64871816,64894945,K562_MPT_2318,ENSG00000149809.10,TM7SF2,protein_coding,8,0.00162,K562,KARR-seq,trans_cross_chromosome
K562_EP_2384,chr14,31441435,31465693,K562_TE_6424,chr12,57903933,57948827,K562_MPT_3069,ENSG00000175203.11,DCTN2,protein_coding,8,0.00162,K562,KARR-seq,trans_cross_chromosome
K562_EP_2385,chr15,66880235,66981717,K562_SE_249,chr19,38860176,38870697,K562_MPT_6676,ENSG00000099341.7,PSMD8,protein_coding,8,0.00162,K562,KARR-seq,trans_cross_chromosome
K562_EP_2386,chr16,81462833,81519190,K562_SE_278,chr5,88168794,88185385,K562_MPT_10378,ENSG00000081189.9,MEF2C,protein_coding,8,0.00162,K562,KARR-seq,trans_cross_chromosome
K562_EP_2387,chr18,9733561,9966563,K562_SE_328,chr11,57524234,57536325,K562_MPT_2227,ENSG00000198561.8,CTNND1,protein_coding,8,0.00162,K562,KARR-seq,trans_cross_chromosome
K562_EP_2388,chr1,109626153,109650176,K562_TE_1184,chr7,30629297,30639425,K562_MPT_11642,ENSG00000196295.7,AC005154.6,lncRNA,8,0.00162,K562,KARR-seq,trans_cross_chromosome
K562_EP_2389,chr8,130546590,130605033,K562_SE_702,chr2,172944468,172955264,K562_MPT_7719,ENSG00000144355.10,DLX1,protein_coding,8,0.00162,K562,KARR-seq,trans_cross_chromosome
K562_EP_2390,chr20,31060812,31117884,K562_TE_13094,chr22,20051685,20078581,K562_MPT_8554,ENSG00000221366.1,MIR1306,miRNA,8,0.00162,K562,KARR-seq,trans_cross_chromosome
K562_EP_2391,chr1,65724685,65762997,K562_SE_47,chr16,701194,782739,K562_MPT_4607,ENSG00000103269.9,RHBDL1,protein_coding,8,0.00162,K562,KARR-seq,trans_cross_chromosome
K562_EP_2392,chr8,130452382,130513523,K562_TE_21615,chr15,35251654,35267040,K562_MPT_4158,ENSG00000021776.6,AQR,protein_coding,8,0.00163,K562,KARR-seq,trans_cross_chromosome
K562_EP_2393,chr11,65235059,65278329,K562_SE_179,chr20,31984323,31994367,K562_MPT_8130,ENSG00000101391.16,CDK5RAP1,protein_coding,12,0.00164,K562,KARR-seq,trans_cross_chromosome
K562_EP_2394,chr11,65167965,65217131,K562_SE_178,chr9,139253171,139273133,K562_MPT_13222,ENSG00000187796.9,CARD9,protein_coding,9,0.00164,K562,KARR-seq,trans_cross_chromosome
K562_EP_2395,chr11,65167965,65217131,K562_SE_178,chr14,37636093,37647071,K562_MPT_3779,ENSG00000258708.1,SLC25A21-AS1,protein_coding,9,0.00164,K562,KARR-seq,trans_cross_chromosome
K562_EP_2396,chr20,45903009,45909933,K562_TE_13287,chr1,150516884,150544336,K562_MPT_882,ENSG00000143382.9,ADAMTSL4,protein_coding,8,0.00164,K562,KARR-seq,trans_cross_chromosome
K562_EP_2397,chr1,230208360,230327626,K562_SE_104,chr8,145723356,145759516,K562_MPT_12699,ENSG00000160959.3,LRRC14,protein_coding,8,0.00164,K562,KARR-seq,trans_cross_chromosome
K562_EP_2398,chr1,109626153,109650176,K562_TE_1184,chr20,61552821,61562855,K562_MPT_8343,ENSG00000101191.12,DIDO1,protein_coding,8,0.00164,K562,KARR-seq,trans_cross_chromosome
K562_EP_2399,chr6,15253980,15391637,K562_SE_569,chr7,139039312,139049654,K562_MPT_12104,ENSG00000273391.1,RP11-634H22.1,lncRNA,8,0.00164,K562,KARR-seq,trans_cross_chromosome
K562_EP_2400,chr10,75715341,75838968,K562_SE_145,chr3,151980829,151992344,K562_MPT_9417,ENSG00000152601.13,MBNL1,protein_coding,8,0.00164,K562,KARR-seq,trans_cross_chromosome
K562_EP_2401,chr6,15253980,15391637,K562_SE_569,chr5,176931827,176949470,K562_MPT_10705,ENSG00000146094.9,DOK3,protein_coding,8,0.00164,K562,KARR-seq,trans_cross_chromosome
K562_EP_2402,chr6,35329444,35376964,K562_TE_18403,chr10,5926535,5941349,K562_MPT_1460,ENSG00000134452.15,FBXO18,protein_coding,8,0.00164,K562,KARR-seq,trans_cross_chromosome
K562_EP_2403,chr20,29518179,29537518,K562_TE_13068,chr9,44985314,45009879,K562_MPT_12846,ENSG00000235659.1,RP11-374M1.5,lncRNA,8,0.00164,K562,KARR-seq,trans_cross_chromosome
K562_EP_2404,chr11,77962511,78043618,K562_SE_186,chr20,44986813,44998043,K562_MPT_8242,ENSG00000080189.10,SLC35C2,protein_coding,8,0.00165,K562,KARR-seq,trans_cross_chromosome
K562_EP_2405,chr1,61569740,61673375,K562_SE_45,chr11,74806636,74816636,K562_MPT_2457,ENSG00000137491.10,SLCO2B1,protein_coding,8,0.00166,K562,KARR-seq,trans_cross_chromosome
K562_EP_2406,chr15,88125985,88248068,K562_SE_253,chr2,113398267,113410279,K562_MPT_7563,ENSG00000237753.1,AC079922.3,lncRNA,8,0.00167,K562,KARR-seq,trans_cross_chromosome
K562_EP_2407,chr2,198714946,198759771,K562_TE_12512,chr1,247487547,247500045,K562_MPT_1425,ENSG00000162714.8,ZNF496,protein_coding,8,0.00169,K562,KARR-seq,trans_cross_chromosome
K562_EP_2408,chr2,12415631,12466782,K562_SE_355,chr1,12672737,12684250,K562_MPT_139,ENSG00000272482.1,RP11-474O21.5,lncRNA,8,0.00169,K562,KARR-seq,trans_cross_chromosome
K562_EP_2409,chr2,145188334,145270092,K562_SE_382,chr12,69134886,69144886,K562_MPT_3106,ENSG00000175782.8,SLC35E3,protein_coding,8,0.0017,K562,KARR-seq,trans_cross_chromosome
K562_EP_2410,chr8,130546590,130605033,K562_SE_702,chr7,91565181,91575240,K562_MPT_11862,ENSG00000127914.12,AKAP9,protein_coding,8,0.00171,K562,KARR-seq,trans_cross_chromosome
K562_EP_2411,chr6,68585750,68609380,K562_SE_605,chr11,74452159,74469629,K562_MPT_2454,ENSG00000166439.5,RNF169,protein_coding,11,0.00172,K562,KARR-seq,trans_cross_chromosome
K562_EP_2412,chr8,130546590,130605033,K562_SE_702,chr6,13481415,13492894,K562_MPT_10826,ENSG00000145990.6,GFOD1,protein_coding,8,0.00173,K562,KARR-seq,trans_cross_chromosome
K562_EP_2413,chr8,130546590,130605033,K562_SE_702,chr1,53681289,53691335,K562_MPT_528,ENSG00000259818.1,RP5-1024G6.7,lncRNA,8,0.00173,K562,KARR-seq,trans_cross_chromosome
K562_EP_2414,chr5,53545021,53626040,K562_SE_532,chr9,2010342,2034019,K562_MPT_12718,ENSG00000080503.15,SMARCA2,protein_coding,8,0.00174,K562,KARR-seq,trans_cross_chromosome
K562_EP_2415,chr10,11540333,11648356,K562_SE_120,chr9,101547885,101564247,K562_MPT_12989,ENSG00000165138.12,ANKS6,protein_coding,8,0.00174,K562,KARR-seq,trans_cross_chromosome
K562_EP_2416,chr15,66880235,66981717,K562_SE_249,chr22,50673789,50719103,K562_MPT_8844,ENSG00000188130.9,MAPK12,protein_coding,8,0.00174,K562,KARR-seq,trans_cross_chromosome
K562_EP_2417,chr11,12257574,12312466,K562_TE_3668,chrX,151138143,151148151,K562_MPT_13682,ENSG00000102287.12,GABRE,protein_coding,8,0.00175,K562,KARR-seq,trans_cross_chromosome
K562_EP_2418,chr6,68585750,68609380,K562_SE_605,chr19,35640633,35659938,K562_MPT_6623,ENSG00000089327.10,FXYD5,protein_coding,10,0.00179,K562,KARR-seq,trans_cross_chromosome
K562_EP_2419,chr11,65167965,65217131,K562_SE_178,chr22,38897317,38907345,K562_MPT_8735,ENSG00000100201.14,DDX17,protein_coding,9,0.00179,K562,KARR-seq,trans_cross_chromosome
K562_EP_2420,chr11,65235059,65278329,K562_SE_179,chr16,23597474,23612677,K562_MPT_4784,ENSG00000004779.5,NDUFAB1,protein_coding,18,0.0018,K562,KARR-seq,trans_cross_chromosome
K562_EP_2421,chr12,116553715,116655574,K562_TE_5637,chr9,127610755,127636484,K562_MPT_13093,ENSG00000136918.3,WDR38,protein_coding,8,0.0018,K562,KARR-seq,trans_cross_chromosome
K562_EP_2422,chr11,65167965,65217131,K562_SE_178,chr21,45297425,45307425,K562_MPT_8486,ENSG00000160216.14,AGPAT3,protein_coding,10,0.00183,K562,KARR-seq,trans_cross_chromosome
K562_EP_2423,chr6,68585750,68609380,K562_SE_605,chr16,2193145,2210766,K562_MPT_4630,ENSG00000167964.8,RAB26,protein_coding,10,0.00191,K562,KARR-seq,trans_cross_chromosome
K562_EP_2424,chr19,28942803,29111036,K562_SE_341,chr17,73883230,73910899,K562_MPT_5832,ENSG00000141569.6,TRIM65,protein_coding,11,0.00194,K562,KARR-seq,trans_cross_chromosome
K562_EP_2425,chr8,130546590,130605033,K562_SE_702,chr3,12593513,12603589,K562_MPT_8903,ENSG00000075975.11,MKRN2,protein_coding,8,0.00194,K562,KARR-seq,trans_cross_chromosome
K562_EP_2426,chr5,180693294,180710269,K562_TE_17987,chr21,11093925,11103980,K562_MPT_8370,ENSG00000187172.11,BAGE2,pseudogene,10,0.00196,K562,RIC-seq,trans_cross_chromosome
K562_EP_2427,chr11,5505203,5522246,K562_TE_3585,chr2,38822168,38835178,K562_MPT_7223,ENSG00000235586.1,AC011247.3,lncRNA,10,0.00196,K562,RIC-seq,trans_cross_chromosome
K562_EP_2428,chr11,65235059,65278329,K562_SE_179,chr12,12498165,12515352,K562_MPT_2792,ENSG00000205791.2,LOH12CR2,protein_coding,12,0.00203,K562,KARR-seq,trans_cross_chromosome
K562_EP_2429,chr6,68585750,68609380,K562_SE_605,chr11,12127138,12148022,K562_MPT_2072,ENSG00000133816.9,MICAL2,protein_coding,9,0.00203,K562,KARR-seq,trans_cross_chromosome
K562_EP_2430,chr17,40392872,40475968,K562_SE_305,chr15,55685466,55705746,K562_MPT_4291,ENSG00000260916.1,CCPG1,protein_coding,8,0.00203,K562,KARR-seq,trans_cross_chromosome
K562_EP_2431,chr12,25043466,25109549,K562_TE_4877,chr1,173827386,173843094,K562_MPT_1095,ENSG00000270084.1,GAS5-AS1,lncRNA,8,0.00203,K562,KARR-seq,trans_cross_chromosome
K562_EP_2432,chr10,72497904,72519931,K562_SE_140,chrX,48763913,48781301,K562_MPT_13403,ENSG00000102096.9,PIM2,protein_coding,8,0.00204,K562,KARR-seq,trans_cross_chromosome
K562_EP_2433,chr11,85802540,85930107,K562_SE_187,chr22,50349161,50359161,K562_MPT_8840,ENSG00000198355.4,PIM3,protein_coding,10,0.0021,K562,RIC-seq,trans_cross_chromosome
K562_EP_2434,chr16,23853484,23934208,K562_SE_269,chr6,157090796,157106589,K562_MPT_11443,ENSG00000049618.17,ARID1B,protein_coding,8,0.00212,K562,KARR-seq,trans_cross_chromosome
K562_EP_2435,chr2,145188334,145270092,K562_SE_382,chr11,306141,338192,K562_MPT_1963,ENSG00000255328.1,RP11-326C3.12,lncRNA,8,0.00216,K562,KARR-seq,trans_cross_chromosome
K562_EP_2436,chr11,65235059,65278329,K562_SE_179,chr18,9875883,9890973,K562_MPT_5988,ENSG00000168454.10,TXNDC2,protein_coding,11,0.00218,K562,KARR-seq,trans_cross_chromosome
K562_EP_2437,chr11,65235059,65278329,K562_SE_179,chr17,17375300,17385308,K562_MPT_5311,ENSG00000141026.4,MED9,protein_coding,11,0.00219,K562,KARR-seq,trans_cross_chromosome
K562_EP_2438,chr3,15082131,15098135,K562_TE_14396,chr16,89038401,89055440,K562_MPT_5146,ENSG00000129993.10,CBFA2T3,protein_coding,8,0.00219,K562,KARR-seq,trans_cross_chromosome
K562_EP_2439,chr11,65235059,65278329,K562_SE_179,chr1,59274014,59284014,K562_MPT_551,ENSG00000272226.1,RP11-63G10.3,lncRNA,11,0.0022,K562,KARR-seq,trans_cross_chromosome
K562_EP_2440,chr11,65167965,65217131,K562_SE_178,chr6,20397398,20409034,K562_MPT_10855,ENSG00000112242.10,E2F3,protein_coding,15,0.00222,K562,KARR-seq,trans_cross_chromosome
K562_EP_2441,chr11,65235059,65278329,K562_SE_179,chr17,40535432,40545586,K562_MPT_5530,ENSG00000168610.10,STAT3,protein_coding,12,0.00222,K562,KARR-seq,trans_cross_chromosome
K562_EP_2442,chr20,45924291,45970176,K562_SE_408,chr19,55533990,55554632,K562_MPT_6998,ENSG00000267265.1,CTC-550B14.7,lncRNA,8,0.00222,K562,KARR-seq,trans_cross_chromosome
K562_EP_2443,chr11,65235059,65278329,K562_SE_179,chr2,97774233,97784233,K562_MPT_7487,ENSG00000135976.12,ANKRD36,protein_coding,12,0.00224,K562,KARR-seq,trans_cross_chromosome
K562_EP_2444,chr6,134280819,134315206,K562_TE_19034,chrX,151138143,151148151,K562_MPT_13682,ENSG00000102287.12,GABRE,protein_coding,8,0.00225,K562,KARR-seq,trans_cross_chromosome
K562_EP_2445,chr1,61569740,61673375,K562_SE_45,chr3,9428506,9445263,K562_MPT_8872,ENSG00000206573.4,SETD5-AS1,lncRNA,8,0.0023,K562,KARR-seq,trans_cross_chromosome
K562_EP_2446,chr8,130546590,130605033,K562_SE_702,chr6,27769853,27811440,K562_MPT_10912,ENSG00000197914.2,HIST1H4K,protein_coding,12,0.00234,K562,KARR-seq,trans_cross_chromosome
K562_EP_2447,chr16,88509252,88598161,K562_SE_287,chr22,19945070,19956276,K562_MPT_8551,ENSG00000093010.7,COMT,protein_coding,8,0.00239,K562,KARR-seq,trans_cross_chromosome
K562_EP_2448,chr6,68585750,68609380,K562_SE_605,chr19,17181010,17191596,K562_MPT_6483,ENSG00000099331.9,MYO9B,protein_coding,8,0.0024,K562,KARR-seq,trans_cross_chromosome
K562_EP_2449,chr6,68585750,68609380,K562_SE_605,chr2,203235327,203247157,K562_MPT_7838,ENSG00000273456.1,RP11-686O6.2,lncRNA,8,0.00241,K562,KARR-seq,trans_cross_chromosome
K562_EP_2450,chr1,246294272,246388032,K562_SE_112,chr16,30361255,30399171,K562_MPT_4852,ENSG00000180035.6,ZNF48,protein_coding,8,0.00241,K562,KARR-seq,trans_cross_chromosome
K562_EP_2451,chr11,65167965,65217131,K562_SE_178,chr2,71553858,71563912,K562_MPT_7380,ENSG00000075292.14,ZNF638,protein_coding,9,0.00242,K562,KARR-seq,trans_cross_chromosome
K562_EP_2452,chr11,65235059,65278329,K562_SE_179,chr2,166805353,166818940,K562_MPT_7689,ENSG00000236107.3,AC010127.3,lncRNA,9,0.00242,K562,KARR-seq,trans_cross_chromosome
K562_EP_2453,chr11,65235059,65278329,K562_SE_179,chr10,122605687,122615999,K562_MPT_1918,ENSG00000120008.11,WDR11,protein_coding,9,0.00242,K562,KARR-seq,trans_cross_chromosome
K562_EP_2454,chr16,23953392,23990968,K562_TE_8141,chr2,192706265,192716981,K562_MPT_7791,ENSG00000233766.3,AC098617.1,lncRNA,8,0.00242,K562,KARR-seq,trans_cross_chromosome
K562_EP_2455,chr2,74189295,74311354,K562_SE_371,chr6,27853570,27870344,K562_MPT_10914,ENSG00000233224.1,HIST1H2AM,protein_coding,8,0.00242,K562,KARR-seq,trans_cross_chromosome
K562_EP_2456,chr11,65235059,65278329,K562_SE_179,chr1,203759782,203773463,K562_MPT_1198,ENSG00000058673.11,ZC3H11A,protein_coding,14,0.00244,K562,KARR-seq,trans_cross_chromosome
K562_EP_2457,chr12,116553715,116655574,K562_TE_5637,chr19,1391466,1418900,K562_MPT_6189,ENSG00000248015.2,AC005329.7,lncRNA,8,0.00244,K562,KARR-seq,trans_cross_chromosome
K562_EP_2458,chr16,85548387,85639758,K562_SE_284,chr1,235286252,235297251,K562_MPT_1375,ENSG00000207181.1,SNORA14B,snoRNA,8,0.00245,K562,KARR-seq,trans_cross_chromosome
K562_EP_2459,chr7,153105705,153129442,K562_SE_673,chr6,27853570,27870344,K562_MPT_10914,ENSG00000233224.1,HIST1H2AM,protein_coding,8,0.00247,K562,KARR-seq,trans_cross_chromosome
K562_EP_2460,chr16,81462833,81519190,K562_SE_278,chr15,66869528,66879528,K562_MPT_4362,ENSG00000259471.1,RP11-321F6.1,protein_coding,8,0.0025,K562,KARR-seq,trans_cross_chromosome
K562_EP_2461,chr6,68585750,68609380,K562_SE_605,chr1,229756717,229766981,K562_MPT_1348,ENSG00000135801.5,TAF5L,protein_coding,8,0.0025,K562,KARR-seq,trans_cross_chromosome
K562_EP_2462,chr16,85548387,85639758,K562_SE_284,chr10,104187418,104201269,K562_MPT_1856,ENSG00000202569.2,MIR146B,miRNA,8,0.00251,K562,KARR-seq,trans_cross_chromosome
K562_EP_2463,chr16,89505998,89551616,K562_TE_8654,chr7,86776598,86786947,K562_MPT_11847,ENSG00000135164.14,DMTF1,protein_coding,8,0.00251,K562,KARR-seq,trans_cross_chromosome
K562_EP_2464,chr15,64844669,64944047,K562_TE_7419,chr1,173827386,173843094,K562_MPT_1095,ENSG00000270084.1,GAS5-AS1,lncRNA,8,0.00251,K562,KARR-seq,trans_cross_chromosome
K562_EP_2465,chr5,10689205,10739844,K562_SE_528,chr19,56141382,56171431,K562_MPT_7018,ENSG00000171425.5,ZNF581,protein_coding,8,0.00252,K562,KARR-seq,trans_cross_chromosome
K562_EP_2466,chr11,65235059,65278329,K562_SE_179,chr12,19277648,19287730,K562_MPT_2816,ENSG00000052126.10,PLEKHA5,protein_coding,12,0.00254,K562,KARR-seq,trans_cross_chromosome
K562_EP_2467,chr19,28942803,29111036,K562_SE_341,chr8,28742426,28753833,K562_MPT_12320,ENSG00000147421.13,HMBOX1,protein_coding,8,0.00254,K562,KARR-seq,trans_cross_chromosome
K562_EP_2468,chr6,68585750,68609380,K562_SE_605,chr17,46172944,46194311,K562_MPT_5629,ENSG00000108468.10,CBX1,protein_coding,8,0.00254,K562,KARR-seq,trans_cross_chromosome
K562_EP_2469,chr17,16331212,16347829,K562_SE_293,chr7,26235366,26250988,K562_MPT_11622,ENSG00000122565.14,CBX3,protein_coding,8,0.00254,K562,KARR-seq,trans_cross_chromosome
K562_EP_2470,chr11,65167965,65217131,K562_SE_178,chr8,80910383,80920383,K562_MPT_12465,ENSG00000147586.5,MRPS28,protein_coding,8,0.00256,K562,KARR-seq,trans_cross_chromosome
K562_EP_2471,chr17,43370716,43430786,K562_SE_308,chr4,44850,58210,K562_MPT_9618,ENSG00000248302.2,Z95704.4,pseudogene,8,0.00259,K562,KARR-seq,trans_cross_chromosome
K562_EP_2472,chr16,23953392,23990968,K562_TE_8141,chr21,46288606,46298752,K562_MPT_8498,ENSG00000183255.7,PTTG1IP,protein_coding,8,0.00259,K562,KARR-seq,trans_cross_chromosome
K562_EP_2473,chr19,28942803,29111036,K562_SE_341,chr6,30288911,30302359,K562_MPT_10946,ENSG00000248167.3,TRIM39-RPP21,protein_coding,8,0.00266,K562,KARR-seq,trans_cross_chromosome
K562_EP_2474,chr19,39126319,39184375,K562_SE_343,chrX,48630385,48649981,K562_MPT_13400,ENSG00000207367.1,RNU6-29P,snRNA,8,0.00267,K562,KARR-seq,trans_cross_chromosome
K562_EP_2475,chr1,28897644,28917048,K562_TE_432,chr2,47398650,47408740,K562_MPT_7259,ENSG00000143933.12,CALM2,protein_coding,8,0.00272,K562,KARR-seq,trans_cross_chromosome
K562_EP_2476,chr11,65167965,65217131,K562_SE_178,chr4,174084904,174095803,K562_MPT_10090,ENSG00000245213.2,RP11-10K16.1,lncRNA,11,0.00293,K562,KARR-seq,trans_cross_chromosome
K562_EP_2477,chr11,65167965,65217131,K562_SE_178,chr22,50211853,50226160,K562_MPT_8837,ENSG00000100425.14,BRD1,protein_coding,8,0.00293,K562,KARR-seq,trans_cross_chromosome
K562_EP_2478,chr17,40392872,40475968,K562_SE_305,chr6,27853570,27870344,K562_MPT_10914,ENSG00000233224.1,HIST1H2AM,protein_coding,8,0.00294,K562,KARR-seq,trans_cross_chromosome
K562_EP_2479,chr9,4799120,4902541,K562_SE_709,chr4,44850,58210,K562_MPT_9618,ENSG00000248302.2,Z95704.4,pseudogene,8,0.00305,K562,KARR-seq,trans_cross_chromosome
K562_EP_2480,chr6,15253980,15391637,K562_SE_569,chr11,93447769,93484651,K562_MPT_2530,ENSG00000200344.1,Y_RNA,misc_RNA,8,0.00312,K562,KARR-seq,trans_cross_chromosome
K562_EP_2481,chr11,65235059,65278329,K562_SE_179,chr5,37365887,37384387,K562_MPT_10218,ENSG00000113569.11,NUP155,protein_coding,13,0.00319,K562,KARR-seq,trans_cross_chromosome
K562_EP_2482,chr11,65235059,65278329,K562_SE_179,chr6,7134478,7144478,K562_MPT_10796,ENSG00000124782.15,RREB1,protein_coding,30,0.00321,K562,KARR-seq,trans_cross_chromosome
K562_EP_2483,chr6,68585750,68609380,K562_SE_605,chr9,126025843,126035855,K562_MPT_13081,ENSG00000165209.14,STRBP,protein_coding,12,0.00322,K562,KARR-seq,trans_cross_chromosome
K562_EP_2484,chr3,176855948,176909086,K562_TE_15500,chr5,179038925,179066785,K562_MPT_10725,ENSG00000169045.13,HNRNPH1,protein_coding,8,0.00339,K562,KARR-seq,trans_cross_chromosome
K562_EP_2485,chr8,130546590,130605033,K562_SE_702,chr2,158109110,158119110,K562_MPT_7672,ENSG00000136542.4,GALNT5,protein_coding,8,0.00341,K562,KARR-seq,trans_cross_chromosome
K562_EP_2486,chr8,130452382,130513523,K562_TE_21615,chr7,150060278,150085973,K562_MPT_12161,ENSG00000239377.1,RP4-584D14.6,lncRNA,8,0.00341,K562,KARR-seq,trans_cross_chromosome
K562_EP_2487,chr11,65235059,65278329,K562_SE_179,chr12,97291476,97311354,K562_MPT_3181,ENSG00000139350.7,NEDD1,protein_coding,12,0.00343,K562,KARR-seq,trans_cross_chromosome
K562_EP_2488,chr19,28942803,29111036,K562_SE_341,chr1,228265361,228275851,K562_MPT_1333,ENSG00000143761.9,ARF1,protein_coding,8,0.00352,K562,KARR-seq,trans_cross_chromosome
K562_EP_2489,chr6,68585750,68609380,K562_SE_605,chr7,129586167,129606916,K562_MPT_12058,ENSG00000200344.1,Y_RNA,misc_RNA,8,0.00356,K562,KARR-seq,trans_cross_chromosome
K562_EP_2490,chr6,68585750,68609380,K562_SE_605,chr19,47344405,47359249,K562_MPT_6841,ENSG00000042753.7,AP2S1,protein_coding,8,0.00356,K562,KARR-seq,trans_cross_chromosome
K562_EP_2491,chr11,65235059,65278329,K562_SE_179,chr20,30097231,30107324,K562_MPT_8108,ENSG00000101294.12,HM13,protein_coding,9,0.00361,K562,KARR-seq,trans_cross_chromosome
K562_EP_2492,chrX,15692043,15701551,K562_SE_741,chr22,20051685,20078581,K562_MPT_8554,ENSG00000221366.1,MIR1306,miRNA,7,0.00366,K562,KARR-seq,trans_cross_chromosome
K562_EP_2493,chr5,53545021,53626040,K562_SE_532,chr11,61191776,61202616,K562_MPT_2250,ENSG00000149532.11,CPSF7,protein_coding,7,0.00366,K562,KARR-seq,trans_cross_chromosome
K562_EP_2494,chr16,23953392,23990968,K562_TE_8141,chr10,60022694,60033818,K562_MPT_1640,ENSG00000151151.5,IPMK,protein_coding,7,0.00366,K562,KARR-seq,trans_cross_chromosome
K562_EP_2495,chr19,19553596,19601338,K562_SE_339,chr1,35725083,35739634,K562_MPT_368,ENSG00000146463.7,ZMYM4,protein_coding,7,0.00372,K562,KARR-seq,trans_cross_chromosome
K562_EP_2496,chr1,207977786,208061237,K562_SE_95,chr16,23507226,23526815,K562_MPT_4782,ENSG00000103365.11,GGA2,protein_coding,7,0.00372,K562,KARR-seq,trans_cross_chromosome
K562_EP_2497,chr1,230208360,230327626,K562_SE_104,chr20,61422805,61443625,K562_MPT_8340,ENSG00000229873.1,OGFR-AS1,lncRNA,7,0.00372,K562,KARR-seq,trans_cross_chromosome
K562_EP_2498,chr15,69089651,69107634,K562_TE_7489,chr1,151877113,151887284,K562_MPT_910,ENSG00000159445.8,THEM4,protein_coding,7,0.00372,K562,KARR-seq,trans_cross_chromosome
K562_EP_2499,chr1,39677799,39699453,K562_TE_589,chr22,31359187,31374398,K562_MPT_8671,ENSG00000133422.8,MORC2,protein_coding,7,0.00372,K562,KARR-seq,trans_cross_chromosome
K562_EP_2500,chr3,42042833,42103721,K562_TE_14587,chr20,34247480,34257878,K562_MPT_8161,ENSG00000214078.7,CPNE1,protein_coding,7,0.00372,K562,KARR-seq,trans_cross_chromosome
K562_EP_2501,chr1,65349691,65427295,K562_TE_899,chr3,128574369,128603472,K562_MPT_9314,ENSG00000250796.1,RP11-723O4.3,pseudogene,7,0.00372,K562,KARR-seq,trans_cross_chromosome
K562_EP_2502,chr3,15082131,15098135,K562_TE_14396,chr10,22998037,23008484,K562_MPT_1522,ENSG00000150867.9,PIP4K2A,protein_coding,7,0.00373,K562,KARR-seq,trans_cross_chromosome
K562_EP_2503,chr12,50925657,51019968,K562_SE_203,chr2,201922812,201941753,K562_MPT_7824,ENSG00000225695.1,HNRNPA1P35,pseudogene,7,0.00376,K562,KARR-seq,trans_cross_chromosome
K562_EP_2504,chr2,65568551,65649332,K562_SE_368,chr20,48724676,48737491,K562_MPT_8265,ENSG00000244687.7,UBE2V1,protein_coding,7,0.00376,K562,KARR-seq,trans_cross_chromosome
K562_EP_2505,chr12,104856215,104889173,K562_SE_207,chr14,104172607,104187145,K562_MPT_4068,ENSG00000269963.1,RP11-73M18.9,lncRNA,7,0.00376,K562,KARR-seq,trans_cross_chromosome
K562_EP_2506,chr20,30248381,30302816,K562_SE_401,chr17,42417630,42427673,K562_MPT_5573,ENSG00000030582.12,GRN,protein_coding,7,0.00376,K562,KARR-seq,trans_cross_chromosome
K562_EP_2507,chr1,143928750,144054981,K562_TE_1340,chr17,65357721,65367743,K562_MPT_5772,ENSG00000197170.5,PSMD12,protein_coding,7,0.00376,K562,KARR-seq,trans_cross_chromosome
K562_EP_2508,chr1,172550442,172577557,K562_TE_1715,chr15,66869528,66879528,K562_MPT_4362,ENSG00000259471.1,RP11-321F6.1,protein_coding,7,0.00376,K562,KARR-seq,trans_cross_chromosome
K562_EP_2509,chr6,53155206,53204126,K562_TE_18591,chr15,90803937,90813937,K562_MPT_4541,ENSG00000182768.7,NGRN,protein_coding,7,0.00376,K562,KARR-seq,trans_cross_chromosome
K562_EP_2510,chr6,135551782,135648636,K562_SE_616,chr19,52592358,52604018,K562_MPT_6948,ENSG00000197608.7,ZNF841,protein_coding,7,0.00376,K562,KARR-seq,trans_cross_chromosome
K562_EP_2511,chr20,29518179,29537518,K562_TE_13068,chr9,45722107,45743490,K562_MPT_12848,ENSG00000231517.2,RP11-7G23.5,pseudogene,7,0.00377,K562,KARR-seq,trans_cross_chromosome
K562_EP_2512,chr5,39137050,39197955,K562_SE_529,chr2,158109110,158119110,K562_MPT_7672,ENSG00000136542.4,GALNT5,protein_coding,7,0.00377,K562,KARR-seq,trans_cross_chromosome
K562_EP_2513,chr4,119199114,119205501,K562_TE_16423,chr6,117991665,118001665,K562_MPT_11309,ENSG00000153989.7,NUS1,protein_coding,7,0.00377,K562,KARR-seq,trans_cross_chromosome
K562_EP_2514,chr2,127391719,127435182,K562_SE_381,chr16,23507226,23526815,K562_MPT_4782,ENSG00000103365.11,GGA2,protein_coding,7,0.00377,K562,KARR-seq,trans_cross_chromosome
K562_EP_2515,chr6,147171445,147272129,K562_SE_624,chr3,52268158,52287977,K562_MPT_9105,ENSG00000164088.13,PPM1M,protein_coding,7,0.00385,K562,KARR-seq,trans_cross_chromosome
K562_EP_2516,chr12,46649266,46656000,K562_TE_4997,chr7,12438531,12448531,K562_MPT_11571,ENSG00000146530.7,VWDE,protein_coding,7,0.00385,K562,KARR-seq,trans_cross_chromosome
K562_EP_2517,chr10,6193264,6238100,K562_TE_2481,chr17,4838208,4860053,K562_MPT_5218,ENSG00000108518.7,PFN1,protein_coding,7,0.00385,K562,KARR-seq,trans_cross_chromosome
K562_EP_2518,chr11,65235059,65278329,K562_SE_179,chr1,51978981,51990000,K562_MPT_510,ENSG00000227070.1,RP11-191G24.1,lncRNA,20,0.00397,K562,KARR-seq,trans_cross_chromosome
K562_EP_2519,chr11,65167965,65217131,K562_SE_178,chr12,6710846,6721642,K562_MPT_2742,ENSG00000111642.10,CHD4,protein_coding,9,0.00397,K562,KARR-seq,trans_cross_chromosome
K562_EP_2520,chr15,66880235,66981717,K562_SE_249,chr12,57018995,57044798,K562_MPT_3050,ENSG00000076108.7,BAZ2A,protein_coding,8,0.00397,K562,KARR-seq,trans_cross_chromosome
K562_EP_2521,chr7,127422022,127463787,K562_TE_20416,chr19,11703235,11713298,K562_MPT_6392,ENSG00000198551.5,ZNF627,protein_coding,7,0.00397,K562,KARR-seq,trans_cross_chromosome
K562_EP_2522,chr1,205110450,205174350,K562_TE_2005,chr7,123192509,123203309,K562_MPT_12024,ENSG00000128609.10,NDUFA5,protein_coding,7,0.00397,K562,KARR-seq,trans_cross_chromosome
K562_EP_2523,chr15,91078426,91120643,K562_TE_7741,chr3,73040936,73051509,K562_MPT_9176,ENSG00000163605.10,PPP4R2,protein_coding,7,0.00397,K562,KARR-seq,trans_cross_chromosome
K562_EP_2524,chr7,139661169,139680740,K562_TE_20587,chr15,59274854,59285337,K562_MPT_4316,ENSG00000157450.11,RNF111,protein_coding,7,0.00397,K562,KARR-seq,trans_cross_chromosome
K562_EP_2525,chr2,158119474,158127985,K562_SE_385,chr3,101287939,101300791,K562_MPT_9212,ENSG00000081154.7,PCNP,protein_coding,7,0.00397,K562,KARR-seq,trans_cross_chromosome
K562_EP_2526,chr16,85548387,85639758,K562_SE_284,chr17,65368575,65380082,K562_MPT_5773,ENSG00000154217.10,PITPNC1,protein_coding,7,0.00397,K562,KARR-seq,trans_cross_chromosome
